Godot Engine v4.7.2.stable.official.ed1daf0bf - https://godotengine.org
OpenGL API 3.3.0 NVIDIA 610.88 - Compatibility - Using Device: NVIDIA - NVIDIA GeForce RTX 5060

Godot_v4.7.2-stable_win64_console.exe : Unicode parsing error, some characters were replaced with ´┐¢ (U+FFFD): 
Unexpected NUL character
In C:\Users\manue\AppData\Local\Temp\ps-script-ccdaa5d2-ca9c-4bd1-bd58-976b62387d8d.ps1:103 Zeichen:255
+ ... L_PRE_APK"; & "tools\godot\Godot_v4.7.2-stable_win64_console.exe" --p ...
+                 ~~~~~~~~~~~~~~~~~~~~~~~~~~~~~~~~~~~~~~~~~~~~~~~~~~~~~~~~~
    + CategoryInfo          : NotSpecified: (Unicode parsing...d NUL character:String) [], RemoteException
    + FullyQualifiedErrorId : NativeCommandError
 
Unicode parsing error, some characters were replaced with ´┐¢ (U+FFFD): Unexpected NUL character
Unicode parsing error, some characters were replaced with ´┐¢ (U+FFFD): Unexpected NUL character
Unicode parsing error, some characters were replaced with ´┐¢ (U+FFFD): Unexpected NUL character
[VisualRuntimeQa] start acceptance
[VisualRuntimeQa] profile full flow 1080x2340
[CORE_ANALYTICS] {"event":"test_profile_applied","payload":{"profile":"fresh"},"time_unix":1789103594.147}
SCRIPT ERROR: Trying to assign an array of type "Array" to a variable of type "Array[int]".
   at: apply_save_data (res://PuzzleSystem.gd:162)
   GDScript backtrace (most recent call first):
       [0] apply_save_data (res://PuzzleSystem.gd:162)
       [1] load_game (res://SaveGame.gd:164)
       [2] _run_profile (res://V2021VisualRuntimeQa.gd:71)
       [3] run_acceptance (res://V2021VisualRuntimeQa.gd:56)
       [4] _ready (res://V2021VisualRuntimeQaHost.gd:5)
SCRIPT ERROR: Parse Error: The variable type is being inferred from a Variant value, so it will be typed as Variant. 
(Warning treated as error.)
   at: GDScript::reload (res://ModeGameplayPolishV196.gd:164)
   GDScript backtrace (most recent call first):
       [0] _start_game (res://BootFlow.gd:38)
       [1] _guest_game (res://BootFlow.gd:42)
       [2] _boot_to_main_game (res://V2021VisualRuntimeQa.gd:150)
       [3] _wait_render (res://V2021VisualRuntimeQa.gd:174)
SCRIPT ERROR: Parse Error: The variable type is being inferred from a Variant value, so it will be typed as Variant. 
(Warning treated as error.)
   at: GDScript::reload (res://ModeGameplayPolishV196.gd:165)
   GDScript backtrace (most recent call first):
       [0] _start_game (res://BootFlow.gd:38)
       [1] _guest_game (res://BootFlow.gd:42)
       [2] _boot_to_main_game (res://V2021VisualRuntimeQa.gd:150)
       [3] _wait_render (res://V2021VisualRuntimeQa.gd:174)
SCRIPT ERROR: Parse Error: Cannot infer the type of "active" variable because the value doesn't have a set type.
   at: GDScript::reload (res://ScreenUiAssemblyService.gd:226)
   GDScript backtrace (most recent call first):
       [0] _start_game (res://BootFlow.gd:38)
       [1] _guest_game (res://BootFlow.gd:42)
       [2] _boot_to_main_game (res://V2021VisualRuntimeQa.gd:150)
       [3] _wait_render (res://V2021VisualRuntimeQa.gd:174)
SCRIPT ERROR: Parse Error: The variable type is being inferred from a Variant value, so it will be typed as Variant. 
(Warning treated as error.)
   at: GDScript::reload (res://ScreenUiAssemblyService.gd:221)
   GDScript backtrace (most recent call first):
       [0] _start_game (res://BootFlow.gd:38)
       [1] _guest_game (res://BootFlow.gd:42)
       [2] _boot_to_main_game (res://V2021VisualRuntimeQa.gd:150)
       [3] _wait_render (res://V2021VisualRuntimeQa.gd:174)
SCRIPT ERROR: Parse Error: Cannot infer the type of "group_w" variable because the value doesn't have a set type.
   at: GDScript::reload (res://FinalAlphaConvergenceV200.gd:19)
   GDScript backtrace (most recent call first):
       [0] _start_game (res://BootFlow.gd:38)
       [1] _guest_game (res://BootFlow.gd:42)
       [2] _boot_to_main_game (res://V2021VisualRuntimeQa.gd:150)
       [3] _wait_render (res://V2021VisualRuntimeQa.gd:174)
SCRIPT ERROR: Parse Error: Cannot infer the type of "left" variable because the value doesn't have a set type.
   at: GDScript::reload (res://FinalAlphaConvergenceV200.gd:20)
   GDScript backtrace (most recent call first):
       [0] _start_game (res://BootFlow.gd:38)
       [1] _guest_game (res://BootFlow.gd:42)
       [2] _boot_to_main_game (res://V2021VisualRuntimeQa.gd:150)
       [3] _wait_render (res://V2021VisualRuntimeQa.gd:174)
SCRIPT ERROR: Parse Error: Cannot infer the type of "h" variable because the value doesn't have a set type.
   at: GDScript::reload (res://FinalAlphaConvergenceV200.gd:53)
   GDScript backtrace (most recent call first):
       [0] _start_game (res://BootFlow.gd:38)
       [1] _guest_game (res://BootFlow.gd:42)
       [2] _boot_to_main_game (res://V2021VisualRuntimeQa.gd:150)
       [3] _wait_render (res://V2021VisualRuntimeQa.gd:174)
SCRIPT ERROR: Parse Error: The variable type is being inferred from a Variant value, so it will be typed as Variant. 
(Warning treated as error.)
   at: GDScript::reload (res://FinalAlphaConvergenceV200.gd:16)
   GDScript backtrace (most recent call first):
       [0] _start_game (res://BootFlow.gd:38)
       [1] _guest_game (res://BootFlow.gd:42)
       [2] _boot_to_main_game (res://V2021VisualRuntimeQa.gd:150)
       [3] _wait_render (res://V2021VisualRuntimeQa.gd:174)
SCRIPT ERROR: Parse Error: The variable type is being inferred from a Variant value, so it will be typed as Variant. 
(Warning treated as error.)
   at: GDScript::reload (res://FinalAlphaConvergenceV200.gd:17)
   GDScript backtrace (most recent call first):
       [0] _start_game (res://BootFlow.gd:38)
       [1] _guest_game (res://BootFlow.gd:42)
       [2] _boot_to_main_game (res://V2021VisualRuntimeQa.gd:150)
       [3] _wait_render (res://V2021VisualRuntimeQa.gd:174)
SCRIPT ERROR: Parse Error: The variable type is being inferred from a Variant value, so it will be typed as Variant. 
(Warning treated as error.)
   at: GDScript::reload (res://FinalAlphaConvergenceV200.gd:18)
   GDScript backtrace (most recent call first):
       [0] _start_game (res://BootFlow.gd:38)
       [1] _guest_game (res://BootFlow.gd:42)
       [2] _boot_to_main_game (res://V2021VisualRuntimeQa.gd:150)
       [3] _wait_render (res://V2021VisualRuntimeQa.gd:174)
SCRIPT ERROR: Parse Error: The variable type is being inferred from a Variant value, so it will be typed as Variant. 
(Warning treated as error.)
   at: GDScript::reload (res://FinalAlphaConvergenceV200.gd:21)
   GDScript backtrace (most recent call first):
       [0] _start_game (res://BootFlow.gd:38)
       [1] _guest_game (res://BootFlow.gd:42)
       [2] _boot_to_main_game (res://V2021VisualRuntimeQa.gd:150)
       [3] _wait_render (res://V2021VisualRuntimeQa.gd:174)
SCRIPT ERROR: Parse Error: The variable type is being inferred from a Variant value, so it will be typed as Variant. 
(Warning treated as error.)
   at: GDScript::reload (res://FinalAlphaConvergenceV200.gd:52)
   GDScript backtrace (most recent call first):
       [0] _start_game (res://BootFlow.gd:38)
       [1] _guest_game (res://BootFlow.gd:42)
       [2] _boot_to_main_game (res://V2021VisualRuntimeQa.gd:150)
       [3] _wait_render (res://V2021VisualRuntimeQa.gd:174)
SCRIPT ERROR: Compile Error: Failed to compile depended scripts.
   at: GDScript::reload (res://MainGame.gd:0)
   GDScript backtrace (most recent call first):
       [0] _start_game (res://BootFlow.gd:38)
       [1] _guest_game (res://BootFlow.gd:42)
       [2] _boot_to_main_game (res://V2021VisualRuntimeQa.gd:150)
       [3] _wait_render (res://V2021VisualRuntimeQa.gd:174)
ERROR: Failed to load script "res://MainGame.gd" with error "Compilation failed".
   at: load (modules/gdscript/gdscript_resource_format.cpp:46)
   GDScript backtrace (most recent call first):
       [0] _start_game (res://BootFlow.gd:38)
       [1] _guest_game (res://BootFlow.gd:42)
       [2] _boot_to_main_game (res://V2021VisualRuntimeQa.gd:150)
       [3] _wait_render (res://V2021VisualRuntimeQa.gd:174)
[CORE_ANALYTICS] {"event":"game_start","payload":{},"time_unix":1789103595.242}
SCRIPT ERROR: Invalid call. Nonexistent function 'refresh_home_loop_state' in base 'GDScript'.
   at: _update_monster_ui (res://MainGame.gd:1219)
   GDScript backtrace (most recent call first):
       [0] _update_monster_ui (res://MainGame.gd:1219)
       [1] _refresh_all (res://MainGame.gd:675)
       [2] @shields_setter (res://PlayerData.gd:14)
       [3] apply_save_data (res://PlayerData.gd:150)
       [4] load_game (res://SaveGame.gd:150)
       [5] _ready (res://MainGame.gd:515)
SCRIPT ERROR: Invalid call. Nonexistent function 'refresh_village_loop_state' in base 'GDScript'.
   at: _refresh_p0_village (res://MainGame.gd:2410)
   GDScript backtrace (most recent call first):
       [0] _refresh_p0_village (res://MainGame.gd:2410)
       [1] _refresh_all (res://MainGame.gd:680)
       [2] @shields_setter (res://PlayerData.gd:14)
       [3] apply_save_data (res://PlayerData.gd:150)
       [4] load_game (res://SaveGame.gd:150)
       [5] _ready (res://MainGame.gd:515)
SCRIPT ERROR: Invalid call. Nonexistent function 'refresh_reward_session_state' in base 'GDScript'.
   at: _refresh_meta_ui (res://MainGame.gd:1004)
   GDScript backtrace (most recent call first):
       [0] _refresh_meta_ui (res://MainGame.gd:1004)
       [1] _refresh_all (res://MainGame.gd:683)
       [2] @shields_setter (res://PlayerData.gd:14)
       [3] apply_save_data (res://PlayerData.gd:150)
       [4] load_game (res://SaveGame.gd:150)
       [5] _ready (res://MainGame.gd:515)
SCRIPT ERROR: Invalid call. Nonexistent function 'style_objective_header' in base 'GDScript'.
   at: _add_objective_header_v152 (res://MainGame.gd:2166)
   GDScript backtrace (most recent call first):
       [0] _add_objective_header_v152 (res://MainGame.gd:2166)
       [1] _rebuild_quests (res://MainGame.gd:2205)
       [2] _refresh_all (res://MainGame.gd:688)
       [3] @shields_setter (res://PlayerData.gd:14)
       [4] apply_save_data (res://PlayerData.gd:150)
       [5] load_game (res://SaveGame.gd:150)
       [6] _ready (res://MainGame.gd:515)
SCRIPT ERROR: Invalid call. Nonexistent function 'objective_icon_role' in base 'GDScript'.
   at: _add_objective_row_v152 (res://MainGame.gd:2181)
   GDScript backtrace (most recent call first):
       [0] _add_objective_row_v152 (res://MainGame.gd:2181)
       [1] _rebuild_quests (res://MainGame.gd:2206)
       [2] _refresh_all (res://MainGame.gd:688)
       [3] @shields_setter (res://PlayerData.gd:14)
       [4] apply_save_data (res://PlayerData.gd:150)
       [5] load_game (res://SaveGame.gd:150)
       [6] _ready (res://MainGame.gd:515)
SCRIPT ERROR: Invalid call. Nonexistent function 'objective_icon_role' in base 'GDScript'.
   at: _add_objective_row_v152 (res://MainGame.gd:2181)
   GDScript backtrace (most recent call first):
       [0] _add_objective_row_v152 (res://MainGame.gd:2181)
       [1] _rebuild_quests (res://MainGame.gd:2206)
       [2] _refresh_all (res://MainGame.gd:688)
       [3] @shields_setter (res://PlayerData.gd:14)
       [4] apply_save_data (res://PlayerData.gd:150)
       [5] load_game (res://SaveGame.gd:150)
       [6] _ready (res://MainGame.gd:515)
SCRIPT ERROR: Invalid call. Nonexistent function 'objective_icon_role' in base 'GDScript'.
   at: _add_objective_row_v152 (res://MainGame.gd:2181)
   GDScript backtrace (most recent call first):
       [0] _add_objective_row_v152 (res://MainGame.gd:2181)
       [1] _rebuild_quests (res://MainGame.gd:2206)
       [2] _refresh_all (res://MainGame.gd:688)
       [3] @shields_setter (res://PlayerData.gd:14)
       [4] apply_save_data (res://PlayerData.gd:150)
       [5] load_game (res://SaveGame.gd:150)
       [6] _ready (res://MainGame.gd:515)
SCRIPT ERROR: Invalid call. Nonexistent function 'style_objective_header' in base 'GDScript'.
   at: _add_objective_header_v152 (res://MainGame.gd:2166)
   GDScript backtrace (most recent call first):
       [0] _add_objective_header_v152 (res://MainGame.gd:2166)
       [1] _rebuild_quests (res://MainGame.gd:2205)
       [2] _refresh_all (res://MainGame.gd:688)
       [3] @shields_setter (res://PlayerData.gd:14)
       [4] apply_save_data (res://PlayerData.gd:150)
       [5] load_game (res://SaveGame.gd:150)
       [6] _ready (res://MainGame.gd:515)
SCRIPT ERROR: Invalid call. Nonexistent function 'objective_icon_role' in base 'GDScript'.
   at: _add_objective_row_v152 (res://MainGame.gd:2181)
   GDScript backtrace (most recent call first):
       [0] _add_objective_row_v152 (res://MainGame.gd:2181)
       [1] _rebuild_quests (res://MainGame.gd:2206)
       [2] _refresh_all (res://MainGame.gd:688)
       [3] @shields_setter (res://PlayerData.gd:14)
       [4] apply_save_data (res://PlayerData.gd:150)
       [5] load_game (res://SaveGame.gd:150)
       [6] _ready (res://MainGame.gd:515)
SCRIPT ERROR: Invalid call. Nonexistent function 'objective_icon_role' in base 'GDScript'.
   at: _add_objective_row_v152 (res://MainGame.gd:2181)
   GDScript backtrace (most recent call first):
       [0] _add_objective_row_v152 (res://MainGame.gd:2181)
       [1] _rebuild_quests (res://MainGame.gd:2206)
       [2] _refresh_all (res://MainGame.gd:688)
       [3] @shields_setter (res://PlayerData.gd:14)
       [4] apply_save_data (res://PlayerData.gd:150)
       [5] load_game (res://SaveGame.gd:150)
       [6] _ready (res://MainGame.gd:515)
SCRIPT ERROR: Invalid call. Nonexistent function 'objective_icon_role' in base 'GDScript'.
   at: _add_objective_row_v152 (res://MainGame.gd:2181)
   GDScript backtrace (most recent call first):
       [0] _add_objective_row_v152 (res://MainGame.gd:2181)
       [1] _rebuild_quests (res://MainGame.gd:2206)
       [2] _refresh_all (res://MainGame.gd:688)
       [3] @shields_setter (res://PlayerData.gd:14)
       [4] apply_save_data (res://PlayerData.gd:150)
       [5] load_game (res://SaveGame.gd:150)
       [6] _ready (res://MainGame.gd:515)
SCRIPT ERROR: Invalid call. Nonexistent function 'style_objective_header' in base 'GDScript'.
   at: _add_objective_header_v152 (res://MainGame.gd:2166)
   GDScript backtrace (most recent call first):
       [0] _add_objective_header_v152 (res://MainGame.gd:2166)
       [1] _rebuild_quests (res://MainGame.gd:2205)
       [2] _refresh_all (res://MainGame.gd:688)
       [3] @shields_setter (res://PlayerData.gd:14)
       [4] apply_save_data (res://PlayerData.gd:150)
       [5] load_game (res://SaveGame.gd:150)
       [6] _ready (res://MainGame.gd:515)
SCRIPT ERROR: Invalid call. Nonexistent function 'objective_icon_role' in base 'GDScript'.
   at: _add_objective_row_v152 (res://MainGame.gd:2181)
   GDScript backtrace (most recent call first):
       [0] _add_objective_row_v152 (res://MainGame.gd:2181)
       [1] _rebuild_quests (res://MainGame.gd:2206)
       [2] _refresh_all (res://MainGame.gd:688)
       [3] @shields_setter (res://PlayerData.gd:14)
       [4] apply_save_data (res://PlayerData.gd:150)
       [5] load_game (res://SaveGame.gd:150)
       [6] _ready (res://MainGame.gd:515)
SCRIPT ERROR: Invalid call. Nonexistent function 'objective_icon_role' in base 'GDScript'.
   at: _add_objective_row_v152 (res://MainGame.gd:2181)
   GDScript backtrace (most recent call first):
       [0] _add_objective_row_v152 (res://MainGame.gd:2181)
       [1] _rebuild_quests (res://MainGame.gd:2206)
       [2] _refresh_all (res://MainGame.gd:688)
       [3] @shields_setter (res://PlayerData.gd:14)
       [4] apply_save_data (res://PlayerData.gd:150)
       [5] load_game (res://SaveGame.gd:150)
       [6] _ready (res://MainGame.gd:515)
SCRIPT ERROR: Invalid call. Nonexistent function 'objective_icon_role' in base 'GDScript'.
   at: _add_objective_row_v152 (res://MainGame.gd:2181)
   GDScript backtrace (most recent call first):
       [0] _add_objective_row_v152 (res://MainGame.gd:2181)
       [1] _rebuild_quests (res://MainGame.gd:2206)
       [2] _refresh_all (res://MainGame.gd:688)
       [3] @shields_setter (res://PlayerData.gd:14)
       [4] apply_save_data (res://PlayerData.gd:150)
       [5] load_game (res://SaveGame.gd:150)
       [6] _ready (res://MainGame.gd:515)
SCRIPT ERROR: Invalid call. Nonexistent function 'objective_icon_role' in base 'GDScript'.
   at: _add_objective_row_v152 (res://MainGame.gd:2181)
   GDScript backtrace (most recent call first):
       [0] _add_objective_row_v152 (res://MainGame.gd:2181)
       [1] _rebuild_quests (res://MainGame.gd:2206)
       [2] _refresh_all (res://MainGame.gd:688)
       [3] @shields_setter (res://PlayerData.gd:14)
       [4] apply_save_data (res://PlayerData.gd:150)
       [5] load_game (res://SaveGame.gd:150)
       [6] _ready (res://MainGame.gd:515)
SCRIPT ERROR: Invalid call. Nonexistent function 'objective_icon_role' in base 'GDScript'.
   at: _add_objective_row_v152 (res://MainGame.gd:2181)
   GDScript backtrace (most recent call first):
       [0] _add_objective_row_v152 (res://MainGame.gd:2181)
       [1] _rebuild_quests (res://MainGame.gd:2206)
       [2] _refresh_all (res://MainGame.gd:688)
       [3] @shields_setter (res://PlayerData.gd:14)
       [4] apply_save_data (res://PlayerData.gd:150)
       [5] load_game (res://SaveGame.gd:150)
       [6] _ready (res://MainGame.gd:515)
SCRIPT ERROR: Invalid call. Nonexistent function 'style_objective_header' in base 'GDScript'.
   at: _add_objective_header_v152 (res://MainGame.gd:2166)
   GDScript backtrace (most recent call first):
       [0] _add_objective_header_v152 (res://MainGame.gd:2166)
       [1] _rebuild_quests (res://MainGame.gd:2207)
       [2] _refresh_all (res://MainGame.gd:688)
       [3] @shields_setter (res://PlayerData.gd:14)
       [4] apply_save_data (res://PlayerData.gd:150)
       [5] load_game (res://SaveGame.gd:150)
       [6] _ready (res://MainGame.gd:515)
SCRIPT ERROR: Invalid call. Nonexistent function 'objective_icon_role' in base 'GDScript'.
   at: _rebuild_quests (res://MainGame.gd:2214)
   GDScript backtrace (most recent call first):
       [0] _rebuild_quests (res://MainGame.gd:2214)
       [1] _refresh_all (res://MainGame.gd:688)
       [2] @shields_setter (res://PlayerData.gd:14)
       [3] apply_save_data (res://PlayerData.gd:150)
       [4] load_game (res://SaveGame.gd:150)
       [5] _ready (res://MainGame.gd:515)
SCRIPT ERROR: Invalid call. Nonexistent function 'refresh_progression_state' in base 'GDScript'.
   at: _refresh_progression_p0 (res://MainGame.gd:2903)
   GDScript backtrace (most recent call first):
       [0] _refresh_progression_p0 (res://MainGame.gd:2903)
       [1] _refresh_all (res://MainGame.gd:696)
       [2] @shields_setter (res://PlayerData.gd:14)
       [3] apply_save_data (res://PlayerData.gd:150)
       [4] load_game (res://SaveGame.gd:150)
       [5] _ready (res://MainGame.gd:515)
SCRIPT ERROR: Invalid call. Nonexistent function 'refresh_shop_state' in base 'GDScript'.
   at: _refresh_shop_p0 (res://MainGame.gd:2810)
   GDScript backtrace (most recent call first):
       [0] _refresh_shop_p0 (res://MainGame.gd:2810)
       [1] _refresh_all (res://MainGame.gd:697)
       [2] @shields_setter (res://PlayerData.gd:14)
       [3] apply_save_data (res://PlayerData.gd:150)
       [4] load_game (res://SaveGame.gd:150)
       [5] _ready (res://MainGame.gd:515)
SCRIPT ERROR: Invalid call. Nonexistent function 'refresh_afk_state' in base 'GDScript'.
   at: _refresh_afk_p0 (res://MainGame.gd:2910)
   GDScript backtrace (most recent call first):
       [0] _refresh_afk_p0 (res://MainGame.gd:2910)
       [1] _refresh_all (res://MainGame.gd:698)
       [2] @shields_setter (res://PlayerData.gd:14)
       [3] apply_save_data (res://PlayerData.gd:150)
       [4] load_game (res://SaveGame.gd:150)
       [5] _ready (res://MainGame.gd:515)
SCRIPT ERROR: Invalid call. Nonexistent function 'refresh_home_loop_state' in base 'GDScript'.
   at: _update_monster_ui (res://MainGame.gd:1219)
   GDScript backtrace (most recent call first):
       [0] _update_monster_ui (res://MainGame.gd:1219)
       [1] _refresh_all (res://MainGame.gd:675)
       [2] apply_save_data (res://PlayerData.gd:163)
       [3] load_game (res://SaveGame.gd:150)
       [4] _ready (res://MainGame.gd:515)
SCRIPT ERROR: Invalid call. Nonexistent function 'refresh_village_loop_state' in base 'GDScript'.
   at: _refresh_p0_village (res://MainGame.gd:2410)
   GDScript backtrace (most recent call first):
       [0] _refresh_p0_village (res://MainGame.gd:2410)
       [1] _refresh_all (res://MainGame.gd:680)
       [2] apply_save_data (res://PlayerData.gd:163)
       [3] load_game (res://SaveGame.gd:150)
       [4] _ready (res://MainGame.gd:515)
SCRIPT ERROR: Invalid call. Nonexistent function 'refresh_reward_session_state' in base 'GDScript'.
   at: _refresh_meta_ui (res://MainGame.gd:1004)
   GDScript backtrace (most recent call first):
       [0] _refresh_meta_ui (res://MainGame.gd:1004)
       [1] _refresh_all (res://MainGame.gd:683)
       [2] apply_save_data (res://PlayerData.gd:163)
       [3] load_game (res://SaveGame.gd:150)
       [4] _ready (res://MainGame.gd:515)
SCRIPT ERROR: Invalid call. Nonexistent function 'style_objective_header' in base 'GDScript'.
   at: _add_objective_header_v152 (res://MainGame.gd:2166)
   GDScript backtrace (most recent call first):
       [0] _add_objective_header_v152 (res://MainGame.gd:2166)
       [1] _rebuild_quests (res://MainGame.gd:2205)
       [2] _refresh_all (res://MainGame.gd:688)
       [3] apply_save_data (res://PlayerData.gd:163)
       [4] load_game (res://SaveGame.gd:150)
       [5] _ready (res://MainGame.gd:515)
SCRIPT ERROR: Invalid call. Nonexistent function 'objective_icon_role' in base 'GDScript'.
   at: _add_objective_row_v152 (res://MainGame.gd:2181)
   GDScript backtrace (most recent call first):
       [0] _add_objective_row_v152 (res://MainGame.gd:2181)
       [1] _rebuild_quests (res://MainGame.gd:2206)
       [2] _refresh_all (res://MainGame.gd:688)
       [3] apply_save_data (res://PlayerData.gd:163)
       [4] load_game (res://SaveGame.gd:150)
       [5] _ready (res://MainGame.gd:515)
SCRIPT ERROR: Invalid call. Nonexistent function 'objective_icon_role' in base 'GDScript'.
   at: _add_objective_row_v152 (res://MainGame.gd:2181)
   GDScript backtrace (most recent call first):
       [0] _add_objective_row_v152 (res://MainGame.gd:2181)
       [1] _rebuild_quests (res://MainGame.gd:2206)
       [2] _refresh_all (res://MainGame.gd:688)
       [3] apply_save_data (res://PlayerData.gd:163)
       [4] load_game (res://SaveGame.gd:150)
       [5] _ready (res://MainGame.gd:515)
SCRIPT ERROR: Invalid call. Nonexistent function 'objective_icon_role' in base 'GDScript'.
   at: _add_objective_row_v152 (res://MainGame.gd:2181)
   GDScript backtrace (most recent call first):
       [0] _add_objective_row_v152 (res://MainGame.gd:2181)
       [1] _rebuild_quests (res://MainGame.gd:2206)
       [2] _refresh_all (res://MainGame.gd:688)
       [3] apply_save_data (res://PlayerData.gd:163)
       [4] load_game (res://SaveGame.gd:150)
       [5] _ready (res://MainGame.gd:515)
SCRIPT ERROR: Invalid call. Nonexistent function 'style_objective_header' in base 'GDScript'.
   at: _add_objective_header_v152 (res://MainGame.gd:2166)
   GDScript backtrace (most recent call first):
       [0] _add_objective_header_v152 (res://MainGame.gd:2166)
       [1] _rebuild_quests (res://MainGame.gd:2205)
       [2] _refresh_all (res://MainGame.gd:688)
       [3] apply_save_data (res://PlayerData.gd:163)
       [4] load_game (res://SaveGame.gd:150)
       [5] _ready (res://MainGame.gd:515)
SCRIPT ERROR: Invalid call. Nonexistent function 'objective_icon_role' in base 'GDScript'.
   at: _add_objective_row_v152 (res://MainGame.gd:2181)
   GDScript backtrace (most recent call first):
       [0] _add_objective_row_v152 (res://MainGame.gd:2181)
       [1] _rebuild_quests (res://MainGame.gd:2206)
       [2] _refresh_all (res://MainGame.gd:688)
       [3] apply_save_data (res://PlayerData.gd:163)
       [4] load_game (res://SaveGame.gd:150)
       [5] _ready (res://MainGame.gd:515)
SCRIPT ERROR: Invalid call. Nonexistent function 'objective_icon_role' in base 'GDScript'.
   at: _add_objective_row_v152 (res://MainGame.gd:2181)
   GDScript backtrace (most recent call first):
       [0] _add_objective_row_v152 (res://MainGame.gd:2181)
       [1] _rebuild_quests (res://MainGame.gd:2206)
       [2] _refresh_all (res://MainGame.gd:688)
       [3] apply_save_data (res://PlayerData.gd:163)
       [4] load_game (res://SaveGame.gd:150)
       [5] _ready (res://MainGame.gd:515)
SCRIPT ERROR: Invalid call. Nonexistent function 'objective_icon_role' in base 'GDScript'.
   at: _add_objective_row_v152 (res://MainGame.gd:2181)
   GDScript backtrace (most recent call first):
       [0] _add_objective_row_v152 (res://MainGame.gd:2181)
       [1] _rebuild_quests (res://MainGame.gd:2206)
       [2] _refresh_all (res://MainGame.gd:688)
       [3] apply_save_data (res://PlayerData.gd:163)
       [4] load_game (res://SaveGame.gd:150)
       [5] _ready (res://MainGame.gd:515)
SCRIPT ERROR: Invalid call. Nonexistent function 'style_objective_header' in base 'GDScript'.
   at: _add_objective_header_v152 (res://MainGame.gd:2166)
   GDScript backtrace (most recent call first):
       [0] _add_objective_header_v152 (res://MainGame.gd:2166)
       [1] _rebuild_quests (res://MainGame.gd:2205)
       [2] _refresh_all (res://MainGame.gd:688)
       [3] apply_save_data (res://PlayerData.gd:163)
       [4] load_game (res://SaveGame.gd:150)
       [5] _ready (res://MainGame.gd:515)
SCRIPT ERROR: Invalid call. Nonexistent function 'objective_icon_role' in base 'GDScript'.
   at: _add_objective_row_v152 (res://MainGame.gd:2181)
   GDScript backtrace (most recent call first):
       [0] _add_objective_row_v152 (res://MainGame.gd:2181)
       [1] _rebuild_quests (res://MainGame.gd:2206)
       [2] _refresh_all (res://MainGame.gd:688)
       [3] apply_save_data (res://PlayerData.gd:163)
       [4] load_game (res://SaveGame.gd:150)
       [5] _ready (res://MainGame.gd:515)
SCRIPT ERROR: Invalid call. Nonexistent function 'objective_icon_role' in base 'GDScript'.
   at: _add_objective_row_v152 (res://MainGame.gd:2181)
   GDScript backtrace (most recent call first):
       [0] _add_objective_row_v152 (res://MainGame.gd:2181)
       [1] _rebuild_quests (res://MainGame.gd:2206)
       [2] _refresh_all (res://MainGame.gd:688)
       [3] apply_save_data (res://PlayerData.gd:163)
       [4] load_game (res://SaveGame.gd:150)
       [5] _ready (res://MainGame.gd:515)
SCRIPT ERROR: Invalid call. Nonexistent function 'objective_icon_role' in base 'GDScript'.
   at: _add_objective_row_v152 (res://MainGame.gd:2181)
   GDScript backtrace (most recent call first):
       [0] _add_objective_row_v152 (res://MainGame.gd:2181)
       [1] _rebuild_quests (res://MainGame.gd:2206)
       [2] _refresh_all (res://MainGame.gd:688)
       [3] apply_save_data (res://PlayerData.gd:163)
       [4] load_game (res://SaveGame.gd:150)
       [5] _ready (res://MainGame.gd:515)
SCRIPT ERROR: Invalid call. Nonexistent function 'objective_icon_role' in base 'GDScript'.
   at: _add_objective_row_v152 (res://MainGame.gd:2181)
   GDScript backtrace (most recent call first):
       [0] _add_objective_row_v152 (res://MainGame.gd:2181)
       [1] _rebuild_quests (res://MainGame.gd:2206)
       [2] _refresh_all (res://MainGame.gd:688)
       [3] apply_save_data (res://PlayerData.gd:163)
       [4] load_game (res://SaveGame.gd:150)
       [5] _ready (res://MainGame.gd:515)
SCRIPT ERROR: Invalid call. Nonexistent function 'objective_icon_role' in base 'GDScript'.
   at: _add_objective_row_v152 (res://MainGame.gd:2181)
   GDScript backtrace (most recent call first):
       [0] _add_objective_row_v152 (res://MainGame.gd:2181)
       [1] _rebuild_quests (res://MainGame.gd:2206)
       [2] _refresh_all (res://MainGame.gd:688)
       [3] apply_save_data (res://PlayerData.gd:163)
       [4] load_game (res://SaveGame.gd:150)
       [5] _ready (res://MainGame.gd:515)
SCRIPT ERROR: Invalid call. Nonexistent function 'style_objective_header' in base 'GDScript'.
   at: _add_objective_header_v152 (res://MainGame.gd:2166)
   GDScript backtrace (most recent call first):
       [0] _add_objective_header_v152 (res://MainGame.gd:2166)
       [1] _rebuild_quests (res://MainGame.gd:2207)
       [2] _refresh_all (res://MainGame.gd:688)
       [3] apply_save_data (res://PlayerData.gd:163)
       [4] load_game (res://SaveGame.gd:150)
       [5] _ready (res://MainGame.gd:515)
SCRIPT ERROR: Invalid call. Nonexistent function 'objective_icon_role' in base 'GDScript'.
   at: _rebuild_quests (res://MainGame.gd:2214)
   GDScript backtrace (most recent call first):
       [0] _rebuild_quests (res://MainGame.gd:2214)
       [1] _refresh_all (res://MainGame.gd:688)
       [2] apply_save_data (res://PlayerData.gd:163)
       [3] load_game (res://SaveGame.gd:150)
       [4] _ready (res://MainGame.gd:515)
SCRIPT ERROR: Invalid call. Nonexistent function 'refresh_progression_state' in base 'GDScript'.
   at: _refresh_progression_p0 (res://MainGame.gd:2903)
   GDScript backtrace (most recent call first):
       [0] _refresh_progression_p0 (res://MainGame.gd:2903)
       [1] _refresh_all (res://MainGame.gd:696)
       [2] apply_save_data (res://PlayerData.gd:163)
       [3] load_game (res://SaveGame.gd:150)
       [4] _ready (res://MainGame.gd:515)
SCRIPT ERROR: Invalid call. Nonexistent function 'refresh_shop_state' in base 'GDScript'.
   at: _refresh_shop_p0 (res://MainGame.gd:2810)
   GDScript backtrace (most recent call first):
       [0] _refresh_shop_p0 (res://MainGame.gd:2810)
       [1] _refresh_all (res://MainGame.gd:697)
       [2] apply_save_data (res://PlayerData.gd:163)
       [3] load_game (res://SaveGame.gd:150)
       [4] _ready (res://MainGame.gd:515)
SCRIPT ERROR: Invalid call. Nonexistent function 'refresh_afk_state' in base 'GDScript'.
   at: _refresh_afk_p0 (res://MainGame.gd:2910)
   GDScript backtrace (most recent call first):
       [0] _refresh_afk_p0 (res://MainGame.gd:2910)
       [1] _refresh_all (res://MainGame.gd:698)
       [2] apply_save_data (res://PlayerData.gd:163)
       [3] load_game (res://SaveGame.gd:150)
       [4] _ready (res://MainGame.gd:515)
SCRIPT ERROR: Invalid call. Nonexistent function 'refresh_home_loop_state' in base 'GDScript'.
   at: _update_monster_ui (res://MainGame.gd:1219)
   GDScript backtrace (most recent call first):
       [0] _update_monster_ui (res://MainGame.gd:1219)
       [1] apply_save_data (res://PlayerData.gd:164)
       [2] load_game (res://SaveGame.gd:150)
       [3] _ready (res://MainGame.gd:515)
SCRIPT ERROR: Invalid call. Nonexistent function 'refresh_home_loop_state' in base 'GDScript'.
   at: _update_monster_ui (res://MainGame.gd:1219)
   GDScript backtrace (most recent call first):
       [0] _update_monster_ui (res://MainGame.gd:1219)
       [1] _refresh_all (res://MainGame.gd:675)
       [2] apply_save_data (res://PlayerData.gd:165)
       [3] load_game (res://SaveGame.gd:150)
       [4] _ready (res://MainGame.gd:515)
SCRIPT ERROR: Invalid call. Nonexistent function 'refresh_village_loop_state' in base 'GDScript'.
   at: _refresh_p0_village (res://MainGame.gd:2410)
   GDScript backtrace (most recent call first):
       [0] _refresh_p0_village (res://MainGame.gd:2410)
       [1] _refresh_all (res://MainGame.gd:680)
       [2] apply_save_data (res://PlayerData.gd:165)
       [3] load_game (res://SaveGame.gd:150)
       [4] _ready (res://MainGame.gd:515)
SCRIPT ERROR: Invalid call. Nonexistent function 'refresh_reward_session_state' in base 'GDScript'.
   at: _refresh_meta_ui (res://MainGame.gd:1004)
   GDScript backtrace (most recent call first):
       [0] _refresh_meta_ui (res://MainGame.gd:1004)
       [1] _refresh_all (res://MainGame.gd:683)
       [2] apply_save_data (res://PlayerData.gd:165)
       [3] load_game (res://SaveGame.gd:150)
       [4] _ready (res://MainGame.gd:515)
SCRIPT ERROR: Invalid call. Nonexistent function 'style_objective_header' in base 'GDScript'.
   at: _add_objective_header_v152 (res://MainGame.gd:2166)
   GDScript backtrace (most recent call first):
       [0] _add_objective_header_v152 (res://MainGame.gd:2166)
       [1] _rebuild_quests (res://MainGame.gd:2205)
       [2] _refresh_all (res://MainGame.gd:688)
       [3] apply_save_data (res://PlayerData.gd:165)
       [4] load_game (res://SaveGame.gd:150)
       [5] _ready (res://MainGame.gd:515)
SCRIPT ERROR: Invalid call. Nonexistent function 'objective_icon_role' in base 'GDScript'.
   at: _add_objective_row_v152 (res://MainGame.gd:2181)
   GDScript backtrace (most recent call first):
       [0] _add_objective_row_v152 (res://MainGame.gd:2181)
       [1] _rebuild_quests (res://MainGame.gd:2206)
       [2] _refresh_all (res://MainGame.gd:688)
       [3] apply_save_data (res://PlayerData.gd:165)
       [4] load_game (res://SaveGame.gd:150)
       [5] _ready (res://MainGame.gd:515)
SCRIPT ERROR: Invalid call. Nonexistent function 'objective_icon_role' in base 'GDScript'.
   at: _add_objective_row_v152 (res://MainGame.gd:2181)
   GDScript backtrace (most recent call first):
       [0] _add_objective_row_v152 (res://MainGame.gd:2181)
       [1] _rebuild_quests (res://MainGame.gd:2206)
       [2] _refresh_all (res://MainGame.gd:688)
       [3] apply_save_data (res://PlayerData.gd:165)
       [4] load_game (res://SaveGame.gd:150)
       [5] _ready (res://MainGame.gd:515)
SCRIPT ERROR: Invalid call. Nonexistent function 'objective_icon_role' in base 'GDScript'.
   at: _add_objective_row_v152 (res://MainGame.gd:2181)
   GDScript backtrace (most recent call first):
       [0] _add_objective_row_v152 (res://MainGame.gd:2181)
       [1] _rebuild_quests (res://MainGame.gd:2206)
       [2] _refresh_all (res://MainGame.gd:688)
       [3] apply_save_data (res://PlayerData.gd:165)
       [4] load_game (res://SaveGame.gd:150)
       [5] _ready (res://MainGame.gd:515)
SCRIPT ERROR: Invalid call. Nonexistent function 'style_objective_header' in base 'GDScript'.
   at: _add_objective_header_v152 (res://MainGame.gd:2166)
   GDScript backtrace (most recent call first):
       [0] _add_objective_header_v152 (res://MainGame.gd:2166)
       [1] _rebuild_quests (res://MainGame.gd:2205)
       [2] _refresh_all (res://MainGame.gd:688)
       [3] apply_save_data (res://PlayerData.gd:165)
       [4] load_game (res://SaveGame.gd:150)
       [5] _ready (res://MainGame.gd:515)
SCRIPT ERROR: Invalid call. Nonexistent function 'objective_icon_role' in base 'GDScript'.
   at: _add_objective_row_v152 (res://MainGame.gd:2181)
   GDScript backtrace (most recent call first):
       [0] _add_objective_row_v152 (res://MainGame.gd:2181)
       [1] _rebuild_quests (res://MainGame.gd:2206)
       [2] _refresh_all (res://MainGame.gd:688)
       [3] apply_save_data (res://PlayerData.gd:165)
       [4] load_game (res://SaveGame.gd:150)
       [5] _ready (res://MainGame.gd:515)
SCRIPT ERROR: Invalid call. Nonexistent function 'objective_icon_role' in base 'GDScript'.
   at: _add_objective_row_v152 (res://MainGame.gd:2181)
   GDScript backtrace (most recent call first):
       [0] _add_objective_row_v152 (res://MainGame.gd:2181)
       [1] _rebuild_quests (res://MainGame.gd:2206)
       [2] _refresh_all (res://MainGame.gd:688)
       [3] apply_save_data (res://PlayerData.gd:165)
       [4] load_game (res://SaveGame.gd:150)
       [5] _ready (res://MainGame.gd:515)
SCRIPT ERROR: Invalid call. Nonexistent function 'objective_icon_role' in base 'GDScript'.
   at: _add_objective_row_v152 (res://MainGame.gd:2181)
   GDScript backtrace (most recent call first):
       [0] _add_objective_row_v152 (res://MainGame.gd:2181)
       [1] _rebuild_quests (res://MainGame.gd:2206)
       [2] _refresh_all (res://MainGame.gd:688)
       [3] apply_save_data (res://PlayerData.gd:165)
       [4] load_game (res://SaveGame.gd:150)
       [5] _ready (res://MainGame.gd:515)
SCRIPT ERROR: Invalid call. Nonexistent function 'style_objective_header' in base 'GDScript'.
   at: _add_objective_header_v152 (res://MainGame.gd:2166)
   GDScript backtrace (most recent call first):
       [0] _add_objective_header_v152 (res://MainGame.gd:2166)
       [1] _rebuild_quests (res://MainGame.gd:2205)
       [2] _refresh_all (res://MainGame.gd:688)
       [3] apply_save_data (res://PlayerData.gd:165)
       [4] load_game (res://SaveGame.gd:150)
       [5] _ready (res://MainGame.gd:515)
SCRIPT ERROR: Invalid call. Nonexistent function 'objective_icon_role' in base 'GDScript'.
   at: _add_objective_row_v152 (res://MainGame.gd:2181)
   GDScript backtrace (most recent call first):
       [0] _add_objective_row_v152 (res://MainGame.gd:2181)
       [1] _rebuild_quests (res://MainGame.gd:2206)
       [2] _refresh_all (res://MainGame.gd:688)
       [3] apply_save_data (res://PlayerData.gd:165)
       [4] load_game (res://SaveGame.gd:150)
       [5] _ready (res://MainGame.gd:515)
SCRIPT ERROR: Invalid call. Nonexistent function 'objective_icon_role' in base 'GDScript'.
   at: _add_objective_row_v152 (res://MainGame.gd:2181)
   GDScript backtrace (most recent call first):
       [0] _add_objective_row_v152 (res://MainGame.gd:2181)
       [1] _rebuild_quests (res://MainGame.gd:2206)
       [2] _refresh_all (res://MainGame.gd:688)
       [3] apply_save_data (res://PlayerData.gd:165)
       [4] load_game (res://SaveGame.gd:150)
       [5] _ready (res://MainGame.gd:515)
SCRIPT ERROR: Invalid call. Nonexistent function 'objective_icon_role' in base 'GDScript'.
   at: _add_objective_row_v152 (res://MainGame.gd:2181)
   GDScript backtrace (most recent call first):
       [0] _add_objective_row_v152 (res://MainGame.gd:2181)
       [1] _rebuild_quests (res://MainGame.gd:2206)
       [2] _refresh_all (res://MainGame.gd:688)
       [3] apply_save_data (res://PlayerData.gd:165)
       [4] load_game (res://SaveGame.gd:150)
       [5] _ready (res://MainGame.gd:515)
SCRIPT ERROR: Invalid call. Nonexistent function 'objective_icon_role' in base 'GDScript'.
   at: _add_objective_row_v152 (res://MainGame.gd:2181)
   GDScript backtrace (most recent call first):
       [0] _add_objective_row_v152 (res://MainGame.gd:2181)
       [1] _rebuild_quests (res://MainGame.gd:2206)
       [2] _refresh_all (res://MainGame.gd:688)
       [3] apply_save_data (res://PlayerData.gd:165)
       [4] load_game (res://SaveGame.gd:150)
       [5] _ready (res://MainGame.gd:515)
SCRIPT ERROR: Invalid call. Nonexistent function 'objective_icon_role' in base 'GDScript'.
   at: _add_objective_row_v152 (res://MainGame.gd:2181)
   GDScript backtrace (most recent call first):
       [0] _add_objective_row_v152 (res://MainGame.gd:2181)
       [1] _rebuild_quests (res://MainGame.gd:2206)
       [2] _refresh_all (res://MainGame.gd:688)
       [3] apply_save_data (res://PlayerData.gd:165)
       [4] load_game (res://SaveGame.gd:150)
       [5] _ready (res://MainGame.gd:515)
SCRIPT ERROR: Invalid call. Nonexistent function 'style_objective_header' in base 'GDScript'.
   at: _add_objective_header_v152 (res://MainGame.gd:2166)
   GDScript backtrace (most recent call first):
       [0] _add_objective_header_v152 (res://MainGame.gd:2166)
       [1] _rebuild_quests (res://MainGame.gd:2207)
       [2] _refresh_all (res://MainGame.gd:688)
       [3] apply_save_data (res://PlayerData.gd:165)
       [4] load_game (res://SaveGame.gd:150)
       [5] _ready (res://MainGame.gd:515)
SCRIPT ERROR: Invalid call. Nonexistent function 'objective_icon_role' in base 'GDScript'.
   at: _rebuild_quests (res://MainGame.gd:2214)
   GDScript backtrace (most recent call first):
       [0] _rebuild_quests (res://MainGame.gd:2214)
       [1] _refresh_all (res://MainGame.gd:688)
       [2] apply_save_data (res://PlayerData.gd:165)
       [3] load_game (res://SaveGame.gd:150)
       [4] _ready (res://MainGame.gd:515)
SCRIPT ERROR: Invalid call. Nonexistent function 'refresh_progression_state' in base 'GDScript'.
   at: _refresh_progression_p0 (res://MainGame.gd:2903)
   GDScript backtrace (most recent call first):
       [0] _refresh_progression_p0 (res://MainGame.gd:2903)
       [1] _refresh_all (res://MainGame.gd:696)
       [2] apply_save_data (res://PlayerData.gd:165)
       [3] load_game (res://SaveGame.gd:150)
       [4] _ready (res://MainGame.gd:515)
SCRIPT ERROR: Invalid call. Nonexistent function 'refresh_shop_state' in base 'GDScript'.
   at: _refresh_shop_p0 (res://MainGame.gd:2810)
   GDScript backtrace (most recent call first):
       [0] _refresh_shop_p0 (res://MainGame.gd:2810)
       [1] _refresh_all (res://MainGame.gd:697)
       [2] apply_save_data (res://PlayerData.gd:165)
       [3] load_game (res://SaveGame.gd:150)
       [4] _ready (res://MainGame.gd:515)
SCRIPT ERROR: Invalid call. Nonexistent function 'refresh_afk_state' in base 'GDScript'.
   at: _refresh_afk_p0 (res://MainGame.gd:2910)
   GDScript backtrace (most recent call first):
       [0] _refresh_afk_p0 (res://MainGame.gd:2910)
       [1] _refresh_all (res://MainGame.gd:698)
       [2] apply_save_data (res://PlayerData.gd:165)
       [3] load_game (res://SaveGame.gd:150)
       [4] _ready (res://MainGame.gd:515)
SCRIPT ERROR: Invalid call. Nonexistent function 'style_objective_header' in base 'GDScript'.
   at: _add_objective_header_v152 (res://MainGame.gd:2166)
   GDScript backtrace (most recent call first):
       [0] _add_objective_header_v152 (res://MainGame.gd:2166)
       [1] _rebuild_quests (res://MainGame.gd:2205)
       [2] apply_save_data (res://QuestSystem.gd:105)
       [3] load_game (res://SaveGame.gd:153)
       [4] _ready (res://MainGame.gd:515)
SCRIPT ERROR: Invalid call. Nonexistent function 'objective_icon_role' in base 'GDScript'.
   at: _add_objective_row_v152 (res://MainGame.gd:2181)
   GDScript backtrace (most recent call first):
       [0] _add_objective_row_v152 (res://MainGame.gd:2181)
       [1] _rebuild_quests (res://MainGame.gd:2206)
       [2] apply_save_data (res://QuestSystem.gd:105)
       [3] load_game (res://SaveGame.gd:153)
       [4] _ready (res://MainGame.gd:515)
SCRIPT ERROR: Invalid call. Nonexistent function 'objective_icon_role' in base 'GDScript'.
   at: _add_objective_row_v152 (res://MainGame.gd:2181)
   GDScript backtrace (most recent call first):
       [0] _add_objective_row_v152 (res://MainGame.gd:2181)
       [1] _rebuild_quests (res://MainGame.gd:2206)
       [2] apply_save_data (res://QuestSystem.gd:105)
       [3] load_game (res://SaveGame.gd:153)
       [4] _ready (res://MainGame.gd:515)
SCRIPT ERROR: Invalid call. Nonexistent function 'objective_icon_role' in base 'GDScript'.
   at: _add_objective_row_v152 (res://MainGame.gd:2181)
   GDScript backtrace (most recent call first):
       [0] _add_objective_row_v152 (res://MainGame.gd:2181)
       [1] _rebuild_quests (res://MainGame.gd:2206)
       [2] apply_save_data (res://QuestSystem.gd:105)
       [3] load_game (res://SaveGame.gd:153)
       [4] _ready (res://MainGame.gd:515)
SCRIPT ERROR: Invalid call. Nonexistent function 'style_objective_header' in base 'GDScript'.
   at: _add_objective_header_v152 (res://MainGame.gd:2166)
   GDScript backtrace (most recent call first):
       [0] _add_objective_header_v152 (res://MainGame.gd:2166)
       [1] _rebuild_quests (res://MainGame.gd:2205)
       [2] apply_save_data (res://QuestSystem.gd:105)
       [3] load_game (res://SaveGame.gd:153)
       [4] _ready (res://MainGame.gd:515)
SCRIPT ERROR: Invalid call. Nonexistent function 'objective_icon_role' in base 'GDScript'.
   at: _add_objective_row_v152 (res://MainGame.gd:2181)
   GDScript backtrace (most recent call first):
       [0] _add_objective_row_v152 (res://MainGame.gd:2181)
       [1] _rebuild_quests (res://MainGame.gd:2206)
       [2] apply_save_data (res://QuestSystem.gd:105)
       [3] load_game (res://SaveGame.gd:153)
       [4] _ready (res://MainGame.gd:515)
SCRIPT ERROR: Invalid call. Nonexistent function 'objective_icon_role' in base 'GDScript'.
   at: _add_objective_row_v152 (res://MainGame.gd:2181)
   GDScript backtrace (most recent call first):
       [0] _add_objective_row_v152 (res://MainGame.gd:2181)
       [1] _rebuild_quests (res://MainGame.gd:2206)
       [2] apply_save_data (res://QuestSystem.gd:105)
       [3] load_game (res://SaveGame.gd:153)
       [4] _ready (res://MainGame.gd:515)
SCRIPT ERROR: Invalid call. Nonexistent function 'objective_icon_role' in base 'GDScript'.
   at: _add_objective_row_v152 (res://MainGame.gd:2181)
   GDScript backtrace (most recent call first):
       [0] _add_objective_row_v152 (res://MainGame.gd:2181)
       [1] _rebuild_quests (res://MainGame.gd:2206)
       [2] apply_save_data (res://QuestSystem.gd:105)
       [3] load_game (res://SaveGame.gd:153)
       [4] _ready (res://MainGame.gd:515)
SCRIPT ERROR: Invalid call. Nonexistent function 'style_objective_header' in base 'GDScript'.
   at: _add_objective_header_v152 (res://MainGame.gd:2166)
   GDScript backtrace (most recent call first):
       [0] _add_objective_header_v152 (res://MainGame.gd:2166)
       [1] _rebuild_quests (res://MainGame.gd:2205)
       [2] apply_save_data (res://QuestSystem.gd:105)
       [3] load_game (res://SaveGame.gd:153)
       [4] _ready (res://MainGame.gd:515)
SCRIPT ERROR: Invalid call. Nonexistent function 'objective_icon_role' in base 'GDScript'.
   at: _add_objective_row_v152 (res://MainGame.gd:2181)
   GDScript backtrace (most recent call first):
       [0] _add_objective_row_v152 (res://MainGame.gd:2181)
       [1] _rebuild_quests (res://MainGame.gd:2206)
       [2] apply_save_data (res://QuestSystem.gd:105)
       [3] load_game (res://SaveGame.gd:153)
       [4] _ready (res://MainGame.gd:515)
SCRIPT ERROR: Invalid call. Nonexistent function 'objective_icon_role' in base 'GDScript'.
   at: _add_objective_row_v152 (res://MainGame.gd:2181)
   GDScript backtrace (most recent call first):
       [0] _add_objective_row_v152 (res://MainGame.gd:2181)
       [1] _rebuild_quests (res://MainGame.gd:2206)
       [2] apply_save_data (res://QuestSystem.gd:105)
       [3] load_game (res://SaveGame.gd:153)
       [4] _ready (res://MainGame.gd:515)
SCRIPT ERROR: Invalid call. Nonexistent function 'objective_icon_role' in base 'GDScript'.
   at: _add_objective_row_v152 (res://MainGame.gd:2181)
   GDScript backtrace (most recent call first):
       [0] _add_objective_row_v152 (res://MainGame.gd:2181)
       [1] _rebuild_quests (res://MainGame.gd:2206)
       [2] apply_save_data (res://QuestSystem.gd:105)
       [3] load_game (res://SaveGame.gd:153)
       [4] _ready (res://MainGame.gd:515)
SCRIPT ERROR: Invalid call. Nonexistent function 'objective_icon_role' in base 'GDScript'.
   at: _add_objective_row_v152 (res://MainGame.gd:2181)
   GDScript backtrace (most recent call first):
       [0] _add_objective_row_v152 (res://MainGame.gd:2181)
       [1] _rebuild_quests (res://MainGame.gd:2206)
       [2] apply_save_data (res://QuestSystem.gd:105)
       [3] load_game (res://SaveGame.gd:153)
       [4] _ready (res://MainGame.gd:515)
SCRIPT ERROR: Invalid call. Nonexistent function 'objective_icon_role' in base 'GDScript'.
   at: _add_objective_row_v152 (res://MainGame.gd:2181)
   GDScript backtrace (most recent call first):
       [0] _add_objective_row_v152 (res://MainGame.gd:2181)
       [1] _rebuild_quests (res://MainGame.gd:2206)
       [2] apply_save_data (res://QuestSystem.gd:105)
       [3] load_game (res://SaveGame.gd:153)
       [4] _ready (res://MainGame.gd:515)
SCRIPT ERROR: Invalid call. Nonexistent function 'style_objective_header' in base 'GDScript'.
   at: _add_objective_header_v152 (res://MainGame.gd:2166)
   GDScript backtrace (most recent call first):
       [0] _add_objective_header_v152 (res://MainGame.gd:2166)
       [1] _rebuild_quests (res://MainGame.gd:2207)
       [2] apply_save_data (res://QuestSystem.gd:105)
       [3] load_game (res://SaveGame.gd:153)
       [4] _ready (res://MainGame.gd:515)
SCRIPT ERROR: Invalid call. Nonexistent function 'objective_icon_role' in base 'GDScript'.
   at: _rebuild_quests (res://MainGame.gd:2214)
   GDScript backtrace (most recent call first):
       [0] _rebuild_quests (res://MainGame.gd:2214)
       [1] apply_save_data (res://QuestSystem.gd:105)
       [2] load_game (res://SaveGame.gd:153)
       [3] _ready (res://MainGame.gd:515)
SCRIPT ERROR: Invalid call. Nonexistent function 'refresh_village_loop_state' in base 'GDScript'.
   at: _refresh_p0_village (res://MainGame.gd:2410)
   GDScript backtrace (most recent call first):
       [0] _refresh_p0_village (res://MainGame.gd:2410)
       [1] apply_save_data (res://P0VillageSystem.gd:233)
       [2] load_game (res://SaveGame.gd:154)
       [3] _ready (res://MainGame.gd:515)
SCRIPT ERROR: Invalid call. Nonexistent function 'refresh_village_loop_state' in base 'GDScript'.
   at: _refresh_p0_village (res://MainGame.gd:2410)
   GDScript backtrace (most recent call first):
       [0] _refresh_p0_village (res://MainGame.gd:2410)
       [1] apply_save_data (res://VillageProgressionSystem.gd:179)
       [2] load_game (res://SaveGame.gd:155)
       [3] _ready (res://MainGame.gd:515)
SCRIPT ERROR: Invalid call. Nonexistent function 'refresh_reward_session_state' in base 'GDScript'.
   at: _refresh_meta_ui (res://MainGame.gd:1004)
   GDScript backtrace (most recent call first):
       [0] _refresh_meta_ui (res://MainGame.gd:1004)
       [1] apply_save_data (res://MetaProgressSystem.gd:137)
       [2] load_game (res://SaveGame.gd:162)
       [3] _ready (res://MainGame.gd:515)
SCRIPT ERROR: Trying to assign an array of type "Array" to a variable of type "Array[int]".
   at: apply_save_data (res://PuzzleSystem.gd:162)
   GDScript backtrace (most recent call first):
       [0] apply_save_data (res://PuzzleSystem.gd:162)
       [1] load_game (res://SaveGame.gd:164)
       [2] _ready (res://MainGame.gd:515)
SCRIPT ERROR: Invalid call. Nonexistent function 'style_objective_header' in base 'GDScript'.
   at: _add_objective_header_v152 (res://MainGame.gd:2166)
   GDScript backtrace (most recent call first):
       [0] _add_objective_header_v152 (res://MainGame.gd:2166)
       [1] _rebuild_quests (res://MainGame.gd:2205)
       [2] apply_save_data (res://ObjectiveSystem.gd:127)
       [3] load_game (res://SaveGame.gd:169)
       [4] _ready (res://MainGame.gd:515)
SCRIPT ERROR: Invalid call. Nonexistent function 'objective_icon_role' in base 'GDScript'.
   at: _add_objective_row_v152 (res://MainGame.gd:2181)
   GDScript backtrace (most recent call first):
       [0] _add_objective_row_v152 (res://MainGame.gd:2181)
       [1] _rebuild_quests (res://MainGame.gd:2206)
       [2] apply_save_data (res://ObjectiveSystem.gd:127)
       [3] load_game (res://SaveGame.gd:169)
       [4] _ready (res://MainGame.gd:515)
SCRIPT ERROR: Invalid call. Nonexistent function 'objective_icon_role' in base 'GDScript'.
   at: _add_objective_row_v152 (res://MainGame.gd:2181)
   GDScript backtrace (most recent call first):
       [0] _add_objective_row_v152 (res://MainGame.gd:2181)
       [1] _rebuild_quests (res://MainGame.gd:2206)
       [2] apply_save_data (res://ObjectiveSystem.gd:127)
       [3] load_game (res://SaveGame.gd:169)
       [4] _ready (res://MainGame.gd:515)
SCRIPT ERROR: Invalid call. Nonexistent function 'objective_icon_role' in base 'GDScript'.
   at: _add_objective_row_v152 (res://MainGame.gd:2181)
   GDScript backtrace (most recent call first):
       [0] _add_objective_row_v152 (res://MainGame.gd:2181)
       [1] _rebuild_quests (res://MainGame.gd:2206)
       [2] apply_save_data (res://ObjectiveSystem.gd:127)
       [3] load_game (res://SaveGame.gd:169)
       [4] _ready (res://MainGame.gd:515)
SCRIPT ERROR: Invalid call. Nonexistent function 'style_objective_header' in base 'GDScript'.
   at: _add_objective_header_v152 (res://MainGame.gd:2166)
   GDScript backtrace (most recent call first):
       [0] _add_objective_header_v152 (res://MainGame.gd:2166)
       [1] _rebuild_quests (res://MainGame.gd:2205)
       [2] apply_save_data (res://ObjectiveSystem.gd:127)
       [3] load_game (res://SaveGame.gd:169)
       [4] _ready (res://MainGame.gd:515)
SCRIPT ERROR: Invalid call. Nonexistent function 'objective_icon_role' in base 'GDScript'.
   at: _add_objective_row_v152 (res://MainGame.gd:2181)
   GDScript backtrace (most recent call first):
       [0] _add_objective_row_v152 (res://MainGame.gd:2181)
       [1] _rebuild_quests (res://MainGame.gd:2206)
       [2] apply_save_data (res://ObjectiveSystem.gd:127)
       [3] load_game (res://SaveGame.gd:169)
       [4] _ready (res://MainGame.gd:515)
SCRIPT ERROR: Invalid call. Nonexistent function 'objective_icon_role' in base 'GDScript'.
   at: _add_objective_row_v152 (res://MainGame.gd:2181)
   GDScript backtrace (most recent call first):
       [0] _add_objective_row_v152 (res://MainGame.gd:2181)
       [1] _rebuild_quests (res://MainGame.gd:2206)
       [2] apply_save_data (res://ObjectiveSystem.gd:127)
       [3] load_game (res://SaveGame.gd:169)
       [4] _ready (res://MainGame.gd:515)
SCRIPT ERROR: Invalid call. Nonexistent function 'objective_icon_role' in base 'GDScript'.
   at: _add_objective_row_v152 (res://MainGame.gd:2181)
   GDScript backtrace (most recent call first):
       [0] _add_objective_row_v152 (res://MainGame.gd:2181)
       [1] _rebuild_quests (res://MainGame.gd:2206)
       [2] apply_save_data (res://ObjectiveSystem.gd:127)
       [3] load_game (res://SaveGame.gd:169)
       [4] _ready (res://MainGame.gd:515)
SCRIPT ERROR: Invalid call. Nonexistent function 'style_objective_header' in base 'GDScript'.
   at: _add_objective_header_v152 (res://MainGame.gd:2166)
   GDScript backtrace (most recent call first):
       [0] _add_objective_header_v152 (res://MainGame.gd:2166)
       [1] _rebuild_quests (res://MainGame.gd:2205)
       [2] apply_save_data (res://ObjectiveSystem.gd:127)
       [3] load_game (res://SaveGame.gd:169)
       [4] _ready (res://MainGame.gd:515)
SCRIPT ERROR: Invalid call. Nonexistent function 'objective_icon_role' in base 'GDScript'.
   at: _add_objective_row_v152 (res://MainGame.gd:2181)
   GDScript backtrace (most recent call first):
       [0] _add_objective_row_v152 (res://MainGame.gd:2181)
       [1] _rebuild_quests (res://MainGame.gd:2206)
       [2] apply_save_data (res://ObjectiveSystem.gd:127)
       [3] load_game (res://SaveGame.gd:169)
       [4] _ready (res://MainGame.gd:515)
SCRIPT ERROR: Invalid call. Nonexistent function 'objective_icon_role' in base 'GDScript'.
   at: _add_objective_row_v152 (res://MainGame.gd:2181)
   GDScript backtrace (most recent call first):
       [0] _add_objective_row_v152 (res://MainGame.gd:2181)
       [1] _rebuild_quests (res://MainGame.gd:2206)
       [2] apply_save_data (res://ObjectiveSystem.gd:127)
       [3] load_game (res://SaveGame.gd:169)
       [4] _ready (res://MainGame.gd:515)
SCRIPT ERROR: Invalid call. Nonexistent function 'objective_icon_role' in base 'GDScript'.
   at: _add_objective_row_v152 (res://MainGame.gd:2181)
   GDScript backtrace (most recent call first):
       [0] _add_objective_row_v152 (res://MainGame.gd:2181)
       [1] _rebuild_quests (res://MainGame.gd:2206)
       [2] apply_save_data (res://ObjectiveSystem.gd:127)
       [3] load_game (res://SaveGame.gd:169)
       [4] _ready (res://MainGame.gd:515)
SCRIPT ERROR: Invalid call. Nonexistent function 'objective_icon_role' in base 'GDScript'.
   at: _add_objective_row_v152 (res://MainGame.gd:2181)
   GDScript backtrace (most recent call first):
       [0] _add_objective_row_v152 (res://MainGame.gd:2181)
       [1] _rebuild_quests (res://MainGame.gd:2206)
       [2] apply_save_data (res://ObjectiveSystem.gd:127)
       [3] load_game (res://SaveGame.gd:169)
       [4] _ready (res://MainGame.gd:515)
SCRIPT ERROR: Invalid call. Nonexistent function 'objective_icon_role' in base 'GDScript'.
   at: _add_objective_row_v152 (res://MainGame.gd:2181)
   GDScript backtrace (most recent call first):
       [0] _add_objective_row_v152 (res://MainGame.gd:2181)
       [1] _rebuild_quests (res://MainGame.gd:2206)
       [2] apply_save_data (res://ObjectiveSystem.gd:127)
       [3] load_game (res://SaveGame.gd:169)
       [4] _ready (res://MainGame.gd:515)
SCRIPT ERROR: Invalid call. Nonexistent function 'style_objective_header' in base 'GDScript'.
   at: _add_objective_header_v152 (res://MainGame.gd:2166)
   GDScript backtrace (most recent call first):
       [0] _add_objective_header_v152 (res://MainGame.gd:2166)
       [1] _rebuild_quests (res://MainGame.gd:2207)
       [2] apply_save_data (res://ObjectiveSystem.gd:127)
       [3] load_game (res://SaveGame.gd:169)
       [4] _ready (res://MainGame.gd:515)
SCRIPT ERROR: Invalid call. Nonexistent function 'objective_icon_role' in base 'GDScript'.
   at: _rebuild_quests (res://MainGame.gd:2214)
   GDScript backtrace (most recent call first):
       [0] _rebuild_quests (res://MainGame.gd:2214)
       [1] apply_save_data (res://ObjectiveSystem.gd:127)
       [2] load_game (res://SaveGame.gd:169)
       [3] _ready (res://MainGame.gd:515)
SCRIPT ERROR: Invalid call. Nonexistent function 'lane_layout' in base 'GDScript'.
   at: _update_lane_ui (res://MainGame.gd:1958)
   GDScript backtrace (most recent call first):
       [0] _update_lane_ui (res://MainGame.gd:1958)
       [1] apply_save_data (res://LaneAttackSystem.gd:195)
       [2] load_game (res://SaveGame.gd:170)
       [3] _ready (res://MainGame.gd:515)
SCRIPT ERROR: Invalid call. Nonexistent function 'refresh_afk_state' in base 'GDScript'.
   at: _refresh_afk_p0 (res://MainGame.gd:2910)
   GDScript backtrace (most recent call first):
       [0] _refresh_afk_p0 (res://MainGame.gd:2910)
       [1] apply_save_data (res://AfkRewardSystem.gd:73)
       [2] load_game (res://SaveGame.gd:172)
       [3] _ready (res://MainGame.gd:515)
[CORE_ANALYTICS] {"event":"core_session_start","payload":{"gold":300,"monster_level":1,"save_recovered":false,"seconds_away":1,"spins":10},"time_unix":1789103595.394}
ERROR: P0 violation: Daily visible
   at: push_error (core/variant/variant_utility.cpp:1023)
   GDScript backtrace (most recent call first):
       [0] log_contract_status (res://CoreAcceptanceService.gd:52)
       [1] _ready (res://MainGame.gd:526)
ERROR: P0 violation: Quests visible
   at: push_error (core/variant/variant_utility.cpp:1023)
   GDScript backtrace (most recent call first):
       [0] log_contract_status (res://CoreAcceptanceService.gd:52)
       [1] _ready (res://MainGame.gd:526)
ERROR: P0 violation: Heroes visible
   at: push_error (core/variant/variant_utility.cpp:1023)
   GDScript backtrace (most recent call first):
       [0] log_contract_status (res://CoreAcceptanceService.gd:52)
       [1] _ready (res://MainGame.gd:526)
ERROR: P0 violation: Hero Auto-DPS active
   at: push_error (core/variant/variant_utility.cpp:1023)
   GDScript backtrace (most recent call first):
       [0] log_contract_status (res://CoreAcceptanceService.gd:52)
       [1] _ready (res://MainGame.gd:526)
[CORE_ANALYTICS] {"event":"core_contract_fail","payload":{"errors":["P0 violation: Daily visible","P0 violation: Quests visible","P0 violation: Heroes visible","P0 violation: Hero Auto-DPS active"]},"time_unix":1789103595.395}
SCRIPT ERROR: Invalid call. Nonexistent function 'refresh_home_loop_state' in base 'GDScript'.
   at: _update_monster_ui (res://MainGame.gd:1219)
   GDScript backtrace (most recent call first):
       [0] _update_monster_ui (res://MainGame.gd:1219)
       [1] _refresh_all (res://MainGame.gd:675)
       [2] _ready (res://MainGame.gd:530)
SCRIPT ERROR: Invalid call. Nonexistent function 'refresh_village_loop_state' in base 'GDScript'.
   at: _refresh_p0_village (res://MainGame.gd:2410)
   GDScript backtrace (most recent call first):
       [0] _refresh_p0_village (res://MainGame.gd:2410)
       [1] _refresh_all (res://MainGame.gd:680)
       [2] _ready (res://MainGame.gd:530)
SCRIPT ERROR: Invalid call. Nonexistent function 'refresh_reward_session_state' in base 'GDScript'.
   at: _refresh_meta_ui (res://MainGame.gd:1004)
   GDScript backtrace (most recent call first):
       [0] _refresh_meta_ui (res://MainGame.gd:1004)
       [1] _refresh_all (res://MainGame.gd:683)
       [2] _ready (res://MainGame.gd:530)
SCRIPT ERROR: Invalid call. Nonexistent function 'style_objective_header' in base 'GDScript'.
   at: _add_objective_header_v152 (res://MainGame.gd:2166)
   GDScript backtrace (most recent call first):
       [0] _add_objective_header_v152 (res://MainGame.gd:2166)
       [1] _rebuild_quests (res://MainGame.gd:2205)
       [2] _refresh_all (res://MainGame.gd:688)
       [3] _ready (res://MainGame.gd:530)
SCRIPT ERROR: Invalid call. Nonexistent function 'objective_icon_role' in base 'GDScript'.
   at: _add_objective_row_v152 (res://MainGame.gd:2181)
   GDScript backtrace (most recent call first):
       [0] _add_objective_row_v152 (res://MainGame.gd:2181)
       [1] _rebuild_quests (res://MainGame.gd:2206)
       [2] _refresh_all (res://MainGame.gd:688)
       [3] _ready (res://MainGame.gd:530)
SCRIPT ERROR: Invalid call. Nonexistent function 'objective_icon_role' in base 'GDScript'.
   at: _add_objective_row_v152 (res://MainGame.gd:2181)
   GDScript backtrace (most recent call first):
       [0] _add_objective_row_v152 (res://MainGame.gd:2181)
       [1] _rebuild_quests (res://MainGame.gd:2206)
       [2] _refresh_all (res://MainGame.gd:688)
       [3] _ready (res://MainGame.gd:530)
SCRIPT ERROR: Invalid call. Nonexistent function 'objective_icon_role' in base 'GDScript'.
   at: _add_objective_row_v152 (res://MainGame.gd:2181)
   GDScript backtrace (most recent call first):
       [0] _add_objective_row_v152 (res://MainGame.gd:2181)
       [1] _rebuild_quests (res://MainGame.gd:2206)
       [2] _refresh_all (res://MainGame.gd:688)
       [3] _ready (res://MainGame.gd:530)
SCRIPT ERROR: Invalid call. Nonexistent function 'style_objective_header' in base 'GDScript'.
   at: _add_objective_header_v152 (res://MainGame.gd:2166)
   GDScript backtrace (most recent call first):
       [0] _add_objective_header_v152 (res://MainGame.gd:2166)
       [1] _rebuild_quests (res://MainGame.gd:2205)
       [2] _refresh_all (res://MainGame.gd:688)
       [3] _ready (res://MainGame.gd:530)
SCRIPT ERROR: Invalid call. Nonexistent function 'objective_icon_role' in base 'GDScript'.
   at: _add_objective_row_v152 (res://MainGame.gd:2181)
   GDScript backtrace (most recent call first):
       [0] _add_objective_row_v152 (res://MainGame.gd:2181)
       [1] _rebuild_quests (res://MainGame.gd:2206)
       [2] _refresh_all (res://MainGame.gd:688)
       [3] _ready (res://MainGame.gd:530)
SCRIPT ERROR: Invalid call. Nonexistent function 'objective_icon_role' in base 'GDScript'.
   at: _add_objective_row_v152 (res://MainGame.gd:2181)
   GDScript backtrace (most recent call first):
       [0] _add_objective_row_v152 (res://MainGame.gd:2181)
       [1] _rebuild_quests (res://MainGame.gd:2206)
       [2] _refresh_all (res://MainGame.gd:688)
       [3] _ready (res://MainGame.gd:530)
SCRIPT ERROR: Invalid call. Nonexistent function 'objective_icon_role' in base 'GDScript'.
   at: _add_objective_row_v152 (res://MainGame.gd:2181)
   GDScript backtrace (most recent call first):
       [0] _add_objective_row_v152 (res://MainGame.gd:2181)
       [1] _rebuild_quests (res://MainGame.gd:2206)
       [2] _refresh_all (res://MainGame.gd:688)
       [3] _ready (res://MainGame.gd:530)
SCRIPT ERROR: Invalid call. Nonexistent function 'style_objective_header' in base 'GDScript'.
   at: _add_objective_header_v152 (res://MainGame.gd:2166)
   GDScript backtrace (most recent call first):
       [0] _add_objective_header_v152 (res://MainGame.gd:2166)
       [1] _rebuild_quests (res://MainGame.gd:2205)
       [2] _refresh_all (res://MainGame.gd:688)
       [3] _ready (res://MainGame.gd:530)
SCRIPT ERROR: Invalid call. Nonexistent function 'objective_icon_role' in base 'GDScript'.
   at: _add_objective_row_v152 (res://MainGame.gd:2181)
   GDScript backtrace (most recent call first):
       [0] _add_objective_row_v152 (res://MainGame.gd:2181)
       [1] _rebuild_quests (res://MainGame.gd:2206)
       [2] _refresh_all (res://MainGame.gd:688)
       [3] _ready (res://MainGame.gd:530)
SCRIPT ERROR: Invalid call. Nonexistent function 'objective_icon_role' in base 'GDScript'.
   at: _add_objective_row_v152 (res://MainGame.gd:2181)
   GDScript backtrace (most recent call first):
       [0] _add_objective_row_v152 (res://MainGame.gd:2181)
       [1] _rebuild_quests (res://MainGame.gd:2206)
       [2] _refresh_all (res://MainGame.gd:688)
       [3] _ready (res://MainGame.gd:530)
SCRIPT ERROR: Invalid call. Nonexistent function 'objective_icon_role' in base 'GDScript'.
   at: _add_objective_row_v152 (res://MainGame.gd:2181)
   GDScript backtrace (most recent call first):
       [0] _add_objective_row_v152 (res://MainGame.gd:2181)
       [1] _rebuild_quests (res://MainGame.gd:2206)
       [2] _refresh_all (res://MainGame.gd:688)
       [3] _ready (res://MainGame.gd:530)
SCRIPT ERROR: Invalid call. Nonexistent function 'objective_icon_role' in base 'GDScript'.
   at: _add_objective_row_v152 (res://MainGame.gd:2181)
   GDScript backtrace (most recent call first):
       [0] _add_objective_row_v152 (res://MainGame.gd:2181)
       [1] _rebuild_quests (res://MainGame.gd:2206)
       [2] _refresh_all (res://MainGame.gd:688)
       [3] _ready (res://MainGame.gd:530)
SCRIPT ERROR: Invalid call. Nonexistent function 'objective_icon_role' in base 'GDScript'.
   at: _add_objective_row_v152 (res://MainGame.gd:2181)
   GDScript backtrace (most recent call first):
       [0] _add_objective_row_v152 (res://MainGame.gd:2181)
       [1] _rebuild_quests (res://MainGame.gd:2206)
       [2] _refresh_all (res://MainGame.gd:688)
       [3] _ready (res://MainGame.gd:530)
SCRIPT ERROR: Invalid call. Nonexistent function 'style_objective_header' in base 'GDScript'.
   at: _add_objective_header_v152 (res://MainGame.gd:2166)
   GDScript backtrace (most recent call first):
       [0] _add_objective_header_v152 (res://MainGame.gd:2166)
       [1] _rebuild_quests (res://MainGame.gd:2207)
       [2] _refresh_all (res://MainGame.gd:688)
       [3] _ready (res://MainGame.gd:530)
SCRIPT ERROR: Invalid call. Nonexistent function 'objective_icon_role' in base 'GDScript'.
   at: _rebuild_quests (res://MainGame.gd:2214)
   GDScript backtrace (most recent call first):
       [0] _rebuild_quests (res://MainGame.gd:2214)
       [1] _refresh_all (res://MainGame.gd:688)
       [2] _ready (res://MainGame.gd:530)
SCRIPT ERROR: Invalid call. Nonexistent function 'refresh_progression_state' in base 'GDScript'.
   at: _refresh_progression_p0 (res://MainGame.gd:2903)
   GDScript backtrace (most recent call first):
       [0] _refresh_progression_p0 (res://MainGame.gd:2903)
       [1] _refresh_all (res://MainGame.gd:696)
       [2] _ready (res://MainGame.gd:530)
SCRIPT ERROR: Invalid call. Nonexistent function 'refresh_shop_state' in base 'GDScript'.
   at: _refresh_shop_p0 (res://MainGame.gd:2810)
   GDScript backtrace (most recent call first):
       [0] _refresh_shop_p0 (res://MainGame.gd:2810)
       [1] _refresh_all (res://MainGame.gd:697)
       [2] _ready (res://MainGame.gd:530)
SCRIPT ERROR: Invalid call. Nonexistent function 'refresh_afk_state' in base 'GDScript'.
   at: _refresh_afk_p0 (res://MainGame.gd:2910)
   GDScript backtrace (most recent call first):
       [0] _refresh_afk_p0 (res://MainGame.gd:2910)
       [1] _refresh_all (res://MainGame.gd:698)
       [2] _ready (res://MainGame.gd:530)
SCRIPT ERROR: Invalid call. Nonexistent function 'style_objective_header' in base 'GDScript'.
   at: _add_objective_header_v152 (res://MainGame.gd:2166)
   GDScript backtrace (most recent call first):
       [0] _add_objective_header_v152 (res://MainGame.gd:2166)
       [1] _rebuild_quests (res://MainGame.gd:2205)
       [2] _ready (res://MainGame.gd:532)
SCRIPT ERROR: Invalid call. Nonexistent function 'objective_icon_role' in base 'GDScript'.
   at: _add_objective_row_v152 (res://MainGame.gd:2181)
   GDScript backtrace (most recent call first):
       [0] _add_objective_row_v152 (res://MainGame.gd:2181)
       [1] _rebuild_quests (res://MainGame.gd:2206)
       [2] _ready (res://MainGame.gd:532)
SCRIPT ERROR: Invalid call. Nonexistent function 'objective_icon_role' in base 'GDScript'.
   at: _add_objective_row_v152 (res://MainGame.gd:2181)
   GDScript backtrace (most recent call first):
       [0] _add_objective_row_v152 (res://MainGame.gd:2181)
       [1] _rebuild_quests (res://MainGame.gd:2206)
       [2] _ready (res://MainGame.gd:532)
SCRIPT ERROR: Invalid call. Nonexistent function 'objective_icon_role' in base 'GDScript'.
   at: _add_objective_row_v152 (res://MainGame.gd:2181)
   GDScript backtrace (most recent call first):
       [0] _add_objective_row_v152 (res://MainGame.gd:2181)
       [1] _rebuild_quests (res://MainGame.gd:2206)
       [2] _ready (res://MainGame.gd:532)
SCRIPT ERROR: Invalid call. Nonexistent function 'style_objective_header' in base 'GDScript'.
   at: _add_objective_header_v152 (res://MainGame.gd:2166)
   GDScript backtrace (most recent call first):
       [0] _add_objective_header_v152 (res://MainGame.gd:2166)
       [1] _rebuild_quests (res://MainGame.gd:2205)
       [2] _ready (res://MainGame.gd:532)
SCRIPT ERROR: Invalid call. Nonexistent function 'objective_icon_role' in base 'GDScript'.
   at: _add_objective_row_v152 (res://MainGame.gd:2181)
   GDScript backtrace (most recent call first):
       [0] _add_objective_row_v152 (res://MainGame.gd:2181)
       [1] _rebuild_quests (res://MainGame.gd:2206)
       [2] _ready (res://MainGame.gd:532)
SCRIPT ERROR: Invalid call. Nonexistent function 'objective_icon_role' in base 'GDScript'.
   at: _add_objective_row_v152 (res://MainGame.gd:2181)
   GDScript backtrace (most recent call first):
       [0] _add_objective_row_v152 (res://MainGame.gd:2181)
       [1] _rebuild_quests (res://MainGame.gd:2206)
       [2] _ready (res://MainGame.gd:532)
SCRIPT ERROR: Invalid call. Nonexistent function 'objective_icon_role' in base 'GDScript'.
   at: _add_objective_row_v152 (res://MainGame.gd:2181)
   GDScript backtrace (most recent call first):
       [0] _add_objective_row_v152 (res://MainGame.gd:2181)
       [1] _rebuild_quests (res://MainGame.gd:2206)
       [2] _ready (res://MainGame.gd:532)
SCRIPT ERROR: Invalid call. Nonexistent function 'style_objective_header' in base 'GDScript'.
   at: _add_objective_header_v152 (res://MainGame.gd:2166)
   GDScript backtrace (most recent call first):
       [0] _add_objective_header_v152 (res://MainGame.gd:2166)
       [1] _rebuild_quests (res://MainGame.gd:2205)
       [2] _ready (res://MainGame.gd:532)
SCRIPT ERROR: Invalid call. Nonexistent function 'objective_icon_role' in base 'GDScript'.
   at: _add_objective_row_v152 (res://MainGame.gd:2181)
   GDScript backtrace (most recent call first):
       [0] _add_objective_row_v152 (res://MainGame.gd:2181)
       [1] _rebuild_quests (res://MainGame.gd:2206)
       [2] _ready (res://MainGame.gd:532)
SCRIPT ERROR: Invalid call. Nonexistent function 'objective_icon_role' in base 'GDScript'.
   at: _add_objective_row_v152 (res://MainGame.gd:2181)
   GDScript backtrace (most recent call first):
       [0] _add_objective_row_v152 (res://MainGame.gd:2181)
       [1] _rebuild_quests (res://MainGame.gd:2206)
       [2] _ready (res://MainGame.gd:532)
SCRIPT ERROR: Invalid call. Nonexistent function 'objective_icon_role' in base 'GDScript'.
   at: _add_objective_row_v152 (res://MainGame.gd:2181)
   GDScript backtrace (most recent call first):
       [0] _add_objective_row_v152 (res://MainGame.gd:2181)
       [1] _rebuild_quests (res://MainGame.gd:2206)
       [2] _ready (res://MainGame.gd:532)
SCRIPT ERROR: Invalid call. Nonexistent function 'objective_icon_role' in base 'GDScript'.
   at: _add_objective_row_v152 (res://MainGame.gd:2181)
   GDScript backtrace (most recent call first):
       [0] _add_objective_row_v152 (res://MainGame.gd:2181)
       [1] _rebuild_quests (res://MainGame.gd:2206)
       [2] _ready (res://MainGame.gd:532)
SCRIPT ERROR: Invalid call. Nonexistent function 'objective_icon_role' in base 'GDScript'.
   at: _add_objective_row_v152 (res://MainGame.gd:2181)
   GDScript backtrace (most recent call first):
       [0] _add_objective_row_v152 (res://MainGame.gd:2181)
       [1] _rebuild_quests (res://MainGame.gd:2206)
       [2] _ready (res://MainGame.gd:532)
SCRIPT ERROR: Invalid call. Nonexistent function 'style_objective_header' in base 'GDScript'.
   at: _add_objective_header_v152 (res://MainGame.gd:2166)
   GDScript backtrace (most recent call first):
       [0] _add_objective_header_v152 (res://MainGame.gd:2166)
       [1] _rebuild_quests (res://MainGame.gd:2207)
       [2] _ready (res://MainGame.gd:532)
SCRIPT ERROR: Invalid call. Nonexistent function 'objective_icon_role' in base 'GDScript'.
   at: _rebuild_quests (res://MainGame.gd:2214)
   GDScript backtrace (most recent call first):
       [0] _rebuild_quests (res://MainGame.gd:2214)
       [1] _ready (res://MainGame.gd:532)
SCRIPT ERROR: Invalid call. Nonexistent function 'set_primary_nav_state' in base 'GDScript'.
   at: _switch_view (res://MainGame.gd:1298)
   GDScript backtrace (most recent call first):
       [0] _switch_view (res://MainGame.gd:1298)
       [1] _ready (res://MainGame.gd:537)
ERROR: [P0_BOOT] Main scene setting drift: res://BootFlow.tscn
   at: push_error (core/variant/variant_utility.cpp:1023)
   GDScript backtrace (most recent call first):
       [0] complete_scene_boot (res://P0BootDiagnostics.gd:79)
       [1] _ready (res://MainGame.gd:540)
ERROR: [P0_BOOT] Core contract: P0 violation: Daily visible
   at: push_error (core/variant/variant_utility.cpp:1023)
   GDScript backtrace (most recent call first):
       [0] complete_scene_boot (res://P0BootDiagnostics.gd:79)
       [1] _ready (res://MainGame.gd:540)
ERROR: [P0_BOOT] Core contract: P0 violation: Quests visible
   at: push_error (core/variant/variant_utility.cpp:1023)
   GDScript backtrace (most recent call first):
       [0] complete_scene_boot (res://P0BootDiagnostics.gd:79)
       [1] _ready (res://MainGame.gd:540)
ERROR: [P0_BOOT] Core contract: P0 violation: Heroes visible
   at: push_error (core/variant/variant_utility.cpp:1023)
   GDScript backtrace (most recent call first):
       [0] complete_scene_boot (res://P0BootDiagnostics.gd:79)
       [1] _ready (res://MainGame.gd:540)
ERROR: [P0_BOOT] Core contract: P0 violation: Hero Auto-DPS active
   at: push_error (core/variant/variant_utility.cpp:1023)
   GDScript backtrace (most recent call first):
       [0] complete_scene_boot (res://P0BootDiagnostics.gd:79)
       [1] _ready (res://MainGame.gd:540)
ERROR: [P0_BOOT] P1 isolation: HeroSystem processing during P0
   at: push_error (core/variant/variant_utility.cpp:1023)
   GDScript backtrace (most recent call first):
       [0] complete_scene_boot (res://P0BootDiagnostics.gd:79)
       [1] _ready (res://MainGame.gd:540)
[CORE_ANALYTICS] {"event":"p0_boot_fail","payload":{"errors":["Main scene setting drift: res://BootFlow.tscn","Core contract: P0 violation: Daily visible","Core contract: P0 violation: Quests visible","Core contract: P0 violation: Heroes visible","Core contract: P0 violation: Hero Auto-DPS active","P1 isolation: HeroSystem processing during P0"]},"time_unix":1789103595.415}
SCRIPT ERROR: Invalid call. Nonexistent function 'apply' in base 'GDScript'.
   at: _apply_mobile_runtime_polish (res://MainGame.gd:552)
   GDScript backtrace (most recent call first):
       [0] _apply_mobile_runtime_polish (res://MainGame.gd:552)
[VisualRuntimeQa] main loaded=true
[CORE_ANALYTICS] {"event":"first_tap","payload":{"encounter_id":"M001"},"time_unix":1789103597.386}
SCRIPT ERROR: Invalid call. Nonexistent function 'refresh_home_loop_state' in base 'GDScript'.
   at: _update_monster_ui (res://MainGame.gd:1219)
   GDScript backtrace (most recent call first):
       [0] _update_monster_ui (res://MainGame.gd:1219)
       [1] damage_monster (res://PlayerData.gd:94)
       [2] _on_monster_pressed (res://MainGame.gd:1311)
       [3] _tap_monster (res://V2021VisualRuntimeQa.gd:246)
       [4] _run_profile (res://V2021VisualRuntimeQa.gd:84)
       [5] _capture (res://V2021VisualRuntimeQa.gd:182)
       [6] _grab_viewport_image (res://V2021VisualRuntimeQa.gd:204)
SCRIPT ERROR: Invalid call. Nonexistent function 'style_objective_header' in base 'GDScript'.
   at: _add_objective_header_v152 (res://MainGame.gd:2166)
   GDScript backtrace (most recent call first):
       [0] _add_objective_header_v152 (res://MainGame.gd:2166)
       [1] _rebuild_quests (res://MainGame.gd:2205)
       [2] add_progress (res://QuestSystem.gd:35)
       [3] _on_monster_pressed (res://MainGame.gd:1313)
       [4] _tap_monster (res://V2021VisualRuntimeQa.gd:246)
       [5] _run_profile (res://V2021VisualRuntimeQa.gd:84)
       [6] _capture (res://V2021VisualRuntimeQa.gd:182)
       [7] _grab_viewport_image (res://V2021VisualRuntimeQa.gd:204)
SCRIPT ERROR: Invalid call. Nonexistent function 'objective_icon_role' in base 'GDScript'.
   at: _add_objective_row_v152 (res://MainGame.gd:2181)
   GDScript backtrace (most recent call first):
       [0] _add_objective_row_v152 (res://MainGame.gd:2181)
       [1] _rebuild_quests (res://MainGame.gd:2206)
       [2] add_progress (res://QuestSystem.gd:35)
       [3] _on_monster_pressed (res://MainGame.gd:1313)
       [4] _tap_monster (res://V2021VisualRuntimeQa.gd:246)
       [5] _run_profile (res://V2021VisualRuntimeQa.gd:84)
       [6] _capture (res://V2021VisualRuntimeQa.gd:182)
       [7] _grab_viewport_image (res://V2021VisualRuntimeQa.gd:204)
SCRIPT ERROR: Invalid call. Nonexistent function 'objective_icon_role' in base 'GDScript'.
   at: _add_objective_row_v152 (res://MainGame.gd:2181)
   GDScript backtrace (most recent call first):
       [0] _add_objective_row_v152 (res://MainGame.gd:2181)
       [1] _rebuild_quests (res://MainGame.gd:2206)
       [2] add_progress (res://QuestSystem.gd:35)
       [3] _on_monster_pressed (res://MainGame.gd:1313)
       [4] _tap_monster (res://V2021VisualRuntimeQa.gd:246)
       [5] _run_profile (res://V2021VisualRuntimeQa.gd:84)
       [6] _capture (res://V2021VisualRuntimeQa.gd:182)
       [7] _grab_viewport_image (res://V2021VisualRuntimeQa.gd:204)
SCRIPT ERROR: Invalid call. Nonexistent function 'objective_icon_role' in base 'GDScript'.
   at: _add_objective_row_v152 (res://MainGame.gd:2181)
   GDScript backtrace (most recent call first):
       [0] _add_objective_row_v152 (res://MainGame.gd:2181)
       [1] _rebuild_quests (res://MainGame.gd:2206)
       [2] add_progress (res://QuestSystem.gd:35)
       [3] _on_monster_pressed (res://MainGame.gd:1313)
       [4] _tap_monster (res://V2021VisualRuntimeQa.gd:246)
       [5] _run_profile (res://V2021VisualRuntimeQa.gd:84)
       [6] _capture (res://V2021VisualRuntimeQa.gd:182)
       [7] _grab_viewport_image (res://V2021VisualRuntimeQa.gd:204)
SCRIPT ERROR: Invalid call. Nonexistent function 'style_objective_header' in base 'GDScript'.
   at: _add_objective_header_v152 (res://MainGame.gd:2166)
   GDScript backtrace (most recent call first):
       [0] _add_objective_header_v152 (res://MainGame.gd:2166)
       [1] _rebuild_quests (res://MainGame.gd:2205)
       [2] add_progress (res://QuestSystem.gd:35)
       [3] _on_monster_pressed (res://MainGame.gd:1313)
       [4] _tap_monster (res://V2021VisualRuntimeQa.gd:246)
       [5] _run_profile (res://V2021VisualRuntimeQa.gd:84)
       [6] _capture (res://V2021VisualRuntimeQa.gd:182)
       [7] _grab_viewport_image (res://V2021VisualRuntimeQa.gd:204)
SCRIPT ERROR: Invalid call. Nonexistent function 'objective_icon_role' in base 'GDScript'.
   at: _add_objective_row_v152 (res://MainGame.gd:2181)
   GDScript backtrace (most recent call first):
       [0] _add_objective_row_v152 (res://MainGame.gd:2181)
       [1] _rebuild_quests (res://MainGame.gd:2206)
       [2] add_progress (res://QuestSystem.gd:35)
       [3] _on_monster_pressed (res://MainGame.gd:1313)
       [4] _tap_monster (res://V2021VisualRuntimeQa.gd:246)
       [5] _run_profile (res://V2021VisualRuntimeQa.gd:84)
       [6] _capture (res://V2021VisualRuntimeQa.gd:182)
       [7] _grab_viewport_image (res://V2021VisualRuntimeQa.gd:204)
SCRIPT ERROR: Invalid call. Nonexistent function 'objective_icon_role' in base 'GDScript'.
   at: _add_objective_row_v152 (res://MainGame.gd:2181)
   GDScript backtrace (most recent call first):
       [0] _add_objective_row_v152 (res://MainGame.gd:2181)
       [1] _rebuild_quests (res://MainGame.gd:2206)
       [2] add_progress (res://QuestSystem.gd:35)
       [3] _on_monster_pressed (res://MainGame.gd:1313)
       [4] _tap_monster (res://V2021VisualRuntimeQa.gd:246)
       [5] _run_profile (res://V2021VisualRuntimeQa.gd:84)
       [6] _capture (res://V2021VisualRuntimeQa.gd:182)
       [7] _grab_viewport_image (res://V2021VisualRuntimeQa.gd:204)
SCRIPT ERROR: Invalid call. Nonexistent function 'objective_icon_role' in base 'GDScript'.
   at: _add_objective_row_v152 (res://MainGame.gd:2181)
   GDScript backtrace (most recent call first):
       [0] _add_objective_row_v152 (res://MainGame.gd:2181)
       [1] _rebuild_quests (res://MainGame.gd:2206)
       [2] add_progress (res://QuestSystem.gd:35)
       [3] _on_monster_pressed (res://MainGame.gd:1313)
       [4] _tap_monster (res://V2021VisualRuntimeQa.gd:246)
       [5] _run_profile (res://V2021VisualRuntimeQa.gd:84)
       [6] _capture (res://V2021VisualRuntimeQa.gd:182)
       [7] _grab_viewport_image (res://V2021VisualRuntimeQa.gd:204)
SCRIPT ERROR: Invalid call. Nonexistent function 'style_objective_header' in base 'GDScript'.
   at: _add_objective_header_v152 (res://MainGame.gd:2166)
   GDScript backtrace (most recent call first):
       [0] _add_objective_header_v152 (res://MainGame.gd:2166)
       [1] _rebuild_quests (res://MainGame.gd:2205)
       [2] add_progress (res://QuestSystem.gd:35)
       [3] _on_monster_pressed (res://MainGame.gd:1313)
       [4] _tap_monster (res://V2021VisualRuntimeQa.gd:246)
       [5] _run_profile (res://V2021VisualRuntimeQa.gd:84)
       [6] _capture (res://V2021VisualRuntimeQa.gd:182)
       [7] _grab_viewport_image (res://V2021VisualRuntimeQa.gd:204)
SCRIPT ERROR: Invalid call. Nonexistent function 'objective_icon_role' in base 'GDScript'.
   at: _add_objective_row_v152 (res://MainGame.gd:2181)
   GDScript backtrace (most recent call first):
       [0] _add_objective_row_v152 (res://MainGame.gd:2181)
       [1] _rebuild_quests (res://MainGame.gd:2206)
       [2] add_progress (res://QuestSystem.gd:35)
       [3] _on_monster_pressed (res://MainGame.gd:1313)
       [4] _tap_monster (res://V2021VisualRuntimeQa.gd:246)
       [5] _run_profile (res://V2021VisualRuntimeQa.gd:84)
       [6] _capture (res://V2021VisualRuntimeQa.gd:182)
       [7] _grab_viewport_image (res://V2021VisualRuntimeQa.gd:204)
SCRIPT ERROR: Invalid call. Nonexistent function 'objective_icon_role' in base 'GDScript'.
   at: _add_objective_row_v152 (res://MainGame.gd:2181)
   GDScript backtrace (most recent call first):
       [0] _add_objective_row_v152 (res://MainGame.gd:2181)
       [1] _rebuild_quests (res://MainGame.gd:2206)
       [2] add_progress (res://QuestSystem.gd:35)
       [3] _on_monster_pressed (res://MainGame.gd:1313)
       [4] _tap_monster (res://V2021VisualRuntimeQa.gd:246)
       [5] _run_profile (res://V2021VisualRuntimeQa.gd:84)
       [6] _capture (res://V2021VisualRuntimeQa.gd:182)
       [7] _grab_viewport_image (res://V2021VisualRuntimeQa.gd:204)
SCRIPT ERROR: Invalid call. Nonexistent function 'objective_icon_role' in base 'GDScript'.
   at: _add_objective_row_v152 (res://MainGame.gd:2181)
   GDScript backtrace (most recent call first):
       [0] _add_objective_row_v152 (res://MainGame.gd:2181)
       [1] _rebuild_quests (res://MainGame.gd:2206)
       [2] add_progress (res://QuestSystem.gd:35)
       [3] _on_monster_pressed (res://MainGame.gd:1313)
       [4] _tap_monster (res://V2021VisualRuntimeQa.gd:246)
       [5] _run_profile (res://V2021VisualRuntimeQa.gd:84)
       [6] _capture (res://V2021VisualRuntimeQa.gd:182)
       [7] _grab_viewport_image (res://V2021VisualRuntimeQa.gd:204)
SCRIPT ERROR: Invalid call. Nonexistent function 'objective_icon_role' in base 'GDScript'.
   at: _add_objective_row_v152 (res://MainGame.gd:2181)
   GDScript backtrace (most recent call first):
       [0] _add_objective_row_v152 (res://MainGame.gd:2181)
       [1] _rebuild_quests (res://MainGame.gd:2206)
       [2] add_progress (res://QuestSystem.gd:35)
       [3] _on_monster_pressed (res://MainGame.gd:1313)
       [4] _tap_monster (res://V2021VisualRuntimeQa.gd:246)
       [5] _run_profile (res://V2021VisualRuntimeQa.gd:84)
       [6] _capture (res://V2021VisualRuntimeQa.gd:182)
       [7] _grab_viewport_image (res://V2021VisualRuntimeQa.gd:204)
SCRIPT ERROR: Invalid call. Nonexistent function 'objective_icon_role' in base 'GDScript'.
   at: _add_objective_row_v152 (res://MainGame.gd:2181)
   GDScript backtrace (most recent call first):
       [0] _add_objective_row_v152 (res://MainGame.gd:2181)
       [1] _rebuild_quests (res://MainGame.gd:2206)
       [2] add_progress (res://QuestSystem.gd:35)
       [3] _on_monster_pressed (res://MainGame.gd:1313)
       [4] _tap_monster (res://V2021VisualRuntimeQa.gd:246)
       [5] _run_profile (res://V2021VisualRuntimeQa.gd:84)
       [6] _capture (res://V2021VisualRuntimeQa.gd:182)
       [7] _grab_viewport_image (res://V2021VisualRuntimeQa.gd:204)
SCRIPT ERROR: Invalid call. Nonexistent function 'style_objective_header' in base 'GDScript'.
   at: _add_objective_header_v152 (res://MainGame.gd:2166)
   GDScript backtrace (most recent call first):
       [0] _add_objective_header_v152 (res://MainGame.gd:2166)
       [1] _rebuild_quests (res://MainGame.gd:2207)
       [2] add_progress (res://QuestSystem.gd:35)
       [3] _on_monster_pressed (res://MainGame.gd:1313)
       [4] _tap_monster (res://V2021VisualRuntimeQa.gd:246)
       [5] _run_profile (res://V2021VisualRuntimeQa.gd:84)
       [6] _capture (res://V2021VisualRuntimeQa.gd:182)
       [7] _grab_viewport_image (res://V2021VisualRuntimeQa.gd:204)
SCRIPT ERROR: Invalid call. Nonexistent function 'objective_icon_role' in base 'GDScript'.
   at: _rebuild_quests (res://MainGame.gd:2214)
   GDScript backtrace (most recent call first):
       [0] _rebuild_quests (res://MainGame.gd:2214)
       [1] add_progress (res://QuestSystem.gd:35)
       [2] _on_monster_pressed (res://MainGame.gd:1313)
       [3] _tap_monster (res://V2021VisualRuntimeQa.gd:246)
       [4] _run_profile (res://V2021VisualRuntimeQa.gd:84)
       [5] _capture (res://V2021VisualRuntimeQa.gd:182)
       [6] _grab_viewport_image (res://V2021VisualRuntimeQa.gd:204)
SCRIPT ERROR: Invalid call. Nonexistent function 'refresh_home_loop_state' in base 'GDScript'.
   at: _update_monster_ui (res://MainGame.gd:1219)
   GDScript backtrace (most recent call first):
       [0] _update_monster_ui (res://MainGame.gd:1219)
       [1] damage_monster (res://PlayerData.gd:94)
       [2] _on_monster_pressed (res://MainGame.gd:1311)
       [3] _tap_monster (res://V2021VisualRuntimeQa.gd:246)
       [4] _run_profile (res://V2021VisualRuntimeQa.gd:86)
       [5] _capture (res://V2021VisualRuntimeQa.gd:182)
       [6] _grab_viewport_image (res://V2021VisualRuntimeQa.gd:204)
SCRIPT ERROR: Invalid call. Nonexistent function 'style_objective_header' in base 'GDScript'.
   at: _add_objective_header_v152 (res://MainGame.gd:2166)
   GDScript backtrace (most recent call first):
       [0] _add_objective_header_v152 (res://MainGame.gd:2166)
       [1] _rebuild_quests (res://MainGame.gd:2205)
       [2] add_progress (res://QuestSystem.gd:35)
       [3] _on_monster_pressed (res://MainGame.gd:1313)
       [4] _tap_monster (res://V2021VisualRuntimeQa.gd:246)
       [5] _run_profile (res://V2021VisualRuntimeQa.gd:86)
       [6] _capture (res://V2021VisualRuntimeQa.gd:182)
       [7] _grab_viewport_image (res://V2021VisualRuntimeQa.gd:204)
SCRIPT ERROR: Invalid call. Nonexistent function 'objective_icon_role' in base 'GDScript'.
   at: _add_objective_row_v152 (res://MainGame.gd:2181)
   GDScript backtrace (most recent call first):
       [0] _add_objective_row_v152 (res://MainGame.gd:2181)
       [1] _rebuild_quests (res://MainGame.gd:2206)
       [2] add_progress (res://QuestSystem.gd:35)
       [3] _on_monster_pressed (res://MainGame.gd:1313)
       [4] _tap_monster (res://V2021VisualRuntimeQa.gd:246)
       [5] _run_profile (res://V2021VisualRuntimeQa.gd:86)
       [6] _capture (res://V2021VisualRuntimeQa.gd:182)
       [7] _grab_viewport_image (res://V2021VisualRuntimeQa.gd:204)
SCRIPT ERROR: Invalid call. Nonexistent function 'objective_icon_role' in base 'GDScript'.
   at: _add_objective_row_v152 (res://MainGame.gd:2181)
   GDScript backtrace (most recent call first):
       [0] _add_objective_row_v152 (res://MainGame.gd:2181)
       [1] _rebuild_quests (res://MainGame.gd:2206)
       [2] add_progress (res://QuestSystem.gd:35)
       [3] _on_monster_pressed (res://MainGame.gd:1313)
       [4] _tap_monster (res://V2021VisualRuntimeQa.gd:246)
       [5] _run_profile (res://V2021VisualRuntimeQa.gd:86)
       [6] _capture (res://V2021VisualRuntimeQa.gd:182)
       [7] _grab_viewport_image (res://V2021VisualRuntimeQa.gd:204)
SCRIPT ERROR: Invalid call. Nonexistent function 'objective_icon_role' in base 'GDScript'.
   at: _add_objective_row_v152 (res://MainGame.gd:2181)
   GDScript backtrace (most recent call first):
       [0] _add_objective_row_v152 (res://MainGame.gd:2181)
       [1] _rebuild_quests (res://MainGame.gd:2206)
       [2] add_progress (res://QuestSystem.gd:35)
       [3] _on_monster_pressed (res://MainGame.gd:1313)
       [4] _tap_monster (res://V2021VisualRuntimeQa.gd:246)
       [5] _run_profile (res://V2021VisualRuntimeQa.gd:86)
       [6] _capture (res://V2021VisualRuntimeQa.gd:182)
       [7] _grab_viewport_image (res://V2021VisualRuntimeQa.gd:204)
SCRIPT ERROR: Invalid call. Nonexistent function 'style_objective_header' in base 'GDScript'.
   at: _add_objective_header_v152 (res://MainGame.gd:2166)
   GDScript backtrace (most recent call first):
       [0] _add_objective_header_v152 (res://MainGame.gd:2166)
       [1] _rebuild_quests (res://MainGame.gd:2205)
       [2] add_progress (res://QuestSystem.gd:35)
       [3] _on_monster_pressed (res://MainGame.gd:1313)
       [4] _tap_monster (res://V2021VisualRuntimeQa.gd:246)
       [5] _run_profile (res://V2021VisualRuntimeQa.gd:86)
       [6] _capture (res://V2021VisualRuntimeQa.gd:182)
       [7] _grab_viewport_image (res://V2021VisualRuntimeQa.gd:204)
SCRIPT ERROR: Invalid call. Nonexistent function 'objective_icon_role' in base 'GDScript'.
   at: _add_objective_row_v152 (res://MainGame.gd:2181)
   GDScript backtrace (most recent call first):
       [0] _add_objective_row_v152 (res://MainGame.gd:2181)
       [1] _rebuild_quests (res://MainGame.gd:2206)
       [2] add_progress (res://QuestSystem.gd:35)
       [3] _on_monster_pressed (res://MainGame.gd:1313)
       [4] _tap_monster (res://V2021VisualRuntimeQa.gd:246)
       [5] _run_profile (res://V2021VisualRuntimeQa.gd:86)
       [6] _capture (res://V2021VisualRuntimeQa.gd:182)
       [7] _grab_viewport_image (res://V2021VisualRuntimeQa.gd:204)
SCRIPT ERROR: Invalid call. Nonexistent function 'objective_icon_role' in base 'GDScript'.
   at: _add_objective_row_v152 (res://MainGame.gd:2181)
   GDScript backtrace (most recent call first):
       [0] _add_objective_row_v152 (res://MainGame.gd:2181)
       [1] _rebuild_quests (res://MainGame.gd:2206)
       [2] add_progress (res://QuestSystem.gd:35)
       [3] _on_monster_pressed (res://MainGame.gd:1313)
       [4] _tap_monster (res://V2021VisualRuntimeQa.gd:246)
       [5] _run_profile (res://V2021VisualRuntimeQa.gd:86)
       [6] _capture (res://V2021VisualRuntimeQa.gd:182)
       [7] _grab_viewport_image (res://V2021VisualRuntimeQa.gd:204)
SCRIPT ERROR: Invalid call. Nonexistent function 'objective_icon_role' in base 'GDScript'.
   at: _add_objective_row_v152 (res://MainGame.gd:2181)
   GDScript backtrace (most recent call first):
       [0] _add_objective_row_v152 (res://MainGame.gd:2181)
       [1] _rebuild_quests (res://MainGame.gd:2206)
       [2] add_progress (res://QuestSystem.gd:35)
       [3] _on_monster_pressed (res://MainGame.gd:1313)
       [4] _tap_monster (res://V2021VisualRuntimeQa.gd:246)
       [5] _run_profile (res://V2021VisualRuntimeQa.gd:86)
       [6] _capture (res://V2021VisualRuntimeQa.gd:182)
       [7] _grab_viewport_image (res://V2021VisualRuntimeQa.gd:204)
SCRIPT ERROR: Invalid call. Nonexistent function 'style_objective_header' in base 'GDScript'.
   at: _add_objective_header_v152 (res://MainGame.gd:2166)
   GDScript backtrace (most recent call first):
       [0] _add_objective_header_v152 (res://MainGame.gd:2166)
       [1] _rebuild_quests (res://MainGame.gd:2205)
       [2] add_progress (res://QuestSystem.gd:35)
       [3] _on_monster_pressed (res://MainGame.gd:1313)
       [4] _tap_monster (res://V2021VisualRuntimeQa.gd:246)
       [5] _run_profile (res://V2021VisualRuntimeQa.gd:86)
       [6] _capture (res://V2021VisualRuntimeQa.gd:182)
       [7] _grab_viewport_image (res://V2021VisualRuntimeQa.gd:204)
SCRIPT ERROR: Invalid call. Nonexistent function 'objective_icon_role' in base 'GDScript'.
   at: _add_objective_row_v152 (res://MainGame.gd:2181)
   GDScript backtrace (most recent call first):
       [0] _add_objective_row_v152 (res://MainGame.gd:2181)
       [1] _rebuild_quests (res://MainGame.gd:2206)
       [2] add_progress (res://QuestSystem.gd:35)
       [3] _on_monster_pressed (res://MainGame.gd:1313)
       [4] _tap_monster (res://V2021VisualRuntimeQa.gd:246)
       [5] _run_profile (res://V2021VisualRuntimeQa.gd:86)
       [6] _capture (res://V2021VisualRuntimeQa.gd:182)
       [7] _grab_viewport_image (res://V2021VisualRuntimeQa.gd:204)
SCRIPT ERROR: Invalid call. Nonexistent function 'objective_icon_role' in base 'GDScript'.
   at: _add_objective_row_v152 (res://MainGame.gd:2181)
   GDScript backtrace (most recent call first):
       [0] _add_objective_row_v152 (res://MainGame.gd:2181)
       [1] _rebuild_quests (res://MainGame.gd:2206)
       [2] add_progress (res://QuestSystem.gd:35)
       [3] _on_monster_pressed (res://MainGame.gd:1313)
       [4] _tap_monster (res://V2021VisualRuntimeQa.gd:246)
       [5] _run_profile (res://V2021VisualRuntimeQa.gd:86)
       [6] _capture (res://V2021VisualRuntimeQa.gd:182)
       [7] _grab_viewport_image (res://V2021VisualRuntimeQa.gd:204)
SCRIPT ERROR: Invalid call. Nonexistent function 'objective_icon_role' in base 'GDScript'.
   at: _add_objective_row_v152 (res://MainGame.gd:2181)
   GDScript backtrace (most recent call first):
       [0] _add_objective_row_v152 (res://MainGame.gd:2181)
       [1] _rebuild_quests (res://MainGame.gd:2206)
       [2] add_progress (res://QuestSystem.gd:35)
       [3] _on_monster_pressed (res://MainGame.gd:1313)
       [4] _tap_monster (res://V2021VisualRuntimeQa.gd:246)
       [5] _run_profile (res://V2021VisualRuntimeQa.gd:86)
       [6] _capture (res://V2021VisualRuntimeQa.gd:182)
       [7] _grab_viewport_image (res://V2021VisualRuntimeQa.gd:204)
SCRIPT ERROR: Invalid call. Nonexistent function 'objective_icon_role' in base 'GDScript'.
   at: _add_objective_row_v152 (res://MainGame.gd:2181)
   GDScript backtrace (most recent call first):
       [0] _add_objective_row_v152 (res://MainGame.gd:2181)
       [1] _rebuild_quests (res://MainGame.gd:2206)
       [2] add_progress (res://QuestSystem.gd:35)
       [3] _on_monster_pressed (res://MainGame.gd:1313)
       [4] _tap_monster (res://V2021VisualRuntimeQa.gd:246)
       [5] _run_profile (res://V2021VisualRuntimeQa.gd:86)
       [6] _capture (res://V2021VisualRuntimeQa.gd:182)
       [7] _grab_viewport_image (res://V2021VisualRuntimeQa.gd:204)
SCRIPT ERROR: Invalid call. Nonexistent function 'objective_icon_role' in base 'GDScript'.
   at: _add_objective_row_v152 (res://MainGame.gd:2181)
   GDScript backtrace (most recent call first):
       [0] _add_objective_row_v152 (res://MainGame.gd:2181)
       [1] _rebuild_quests (res://MainGame.gd:2206)
       [2] add_progress (res://QuestSystem.gd:35)
       [3] _on_monster_pressed (res://MainGame.gd:1313)
       [4] _tap_monster (res://V2021VisualRuntimeQa.gd:246)
       [5] _run_profile (res://V2021VisualRuntimeQa.gd:86)
       [6] _capture (res://V2021VisualRuntimeQa.gd:182)
       [7] _grab_viewport_image (res://V2021VisualRuntimeQa.gd:204)
SCRIPT ERROR: Invalid call. Nonexistent function 'style_objective_header' in base 'GDScript'.
   at: _add_objective_header_v152 (res://MainGame.gd:2166)
   GDScript backtrace (most recent call first):
       [0] _add_objective_header_v152 (res://MainGame.gd:2166)
       [1] _rebuild_quests (res://MainGame.gd:2207)
       [2] add_progress (res://QuestSystem.gd:35)
       [3] _on_monster_pressed (res://MainGame.gd:1313)
       [4] _tap_monster (res://V2021VisualRuntimeQa.gd:246)
       [5] _run_profile (res://V2021VisualRuntimeQa.gd:86)
       [6] _capture (res://V2021VisualRuntimeQa.gd:182)
       [7] _grab_viewport_image (res://V2021VisualRuntimeQa.gd:204)
SCRIPT ERROR: Invalid call. Nonexistent function 'objective_icon_role' in base 'GDScript'.
   at: _rebuild_quests (res://MainGame.gd:2214)
   GDScript backtrace (most recent call first):
       [0] _rebuild_quests (res://MainGame.gd:2214)
       [1] add_progress (res://QuestSystem.gd:35)
       [2] _on_monster_pressed (res://MainGame.gd:1313)
       [3] _tap_monster (res://V2021VisualRuntimeQa.gd:246)
       [4] _run_profile (res://V2021VisualRuntimeQa.gd:86)
       [5] _capture (res://V2021VisualRuntimeQa.gd:182)
       [6] _grab_viewport_image (res://V2021VisualRuntimeQa.gd:204)
SCRIPT ERROR: Invalid call. Nonexistent function 'refresh_home_loop_state' in base 'GDScript'.
   at: _update_monster_ui (res://MainGame.gd:1219)
   GDScript backtrace (most recent call first):
       [0] _update_monster_ui (res://MainGame.gd:1219)
       [1] damage_monster (res://PlayerData.gd:94)
       [2] _on_monster_pressed (res://MainGame.gd:1311)
       [3] _tap_monster (res://V2021VisualRuntimeQa.gd:246)
       [4] _wait_render (res://V2021VisualRuntimeQa.gd:174)
SCRIPT ERROR: Invalid call. Nonexistent function 'style_objective_header' in base 'GDScript'.
   at: _add_objective_header_v152 (res://MainGame.gd:2166)
   GDScript backtrace (most recent call first):
       [0] _add_objective_header_v152 (res://MainGame.gd:2166)
       [1] _rebuild_quests (res://MainGame.gd:2205)
       [2] add_progress (res://QuestSystem.gd:35)
       [3] _on_monster_pressed (res://MainGame.gd:1313)
       [4] _tap_monster (res://V2021VisualRuntimeQa.gd:246)
       [5] _wait_render (res://V2021VisualRuntimeQa.gd:174)
SCRIPT ERROR: Invalid call. Nonexistent function 'objective_icon_role' in base 'GDScript'.
   at: _add_objective_row_v152 (res://MainGame.gd:2181)
   GDScript backtrace (most recent call first):
       [0] _add_objective_row_v152 (res://MainGame.gd:2181)
       [1] _rebuild_quests (res://MainGame.gd:2206)
       [2] add_progress (res://QuestSystem.gd:35)
       [3] _on_monster_pressed (res://MainGame.gd:1313)
       [4] _tap_monster (res://V2021VisualRuntimeQa.gd:246)
       [5] _wait_render (res://V2021VisualRuntimeQa.gd:174)
SCRIPT ERROR: Invalid call. Nonexistent function 'objective_icon_role' in base 'GDScript'.
   at: _add_objective_row_v152 (res://MainGame.gd:2181)
   GDScript backtrace (most recent call first):
       [0] _add_objective_row_v152 (res://MainGame.gd:2181)
       [1] _rebuild_quests (res://MainGame.gd:2206)
       [2] add_progress (res://QuestSystem.gd:35)
       [3] _on_monster_pressed (res://MainGame.gd:1313)
       [4] _tap_monster (res://V2021VisualRuntimeQa.gd:246)
       [5] _wait_render (res://V2021VisualRuntimeQa.gd:174)
SCRIPT ERROR: Invalid call. Nonexistent function 'objective_icon_role' in base 'GDScript'.
   at: _add_objective_row_v152 (res://MainGame.gd:2181)
   GDScript backtrace (most recent call first):
       [0] _add_objective_row_v152 (res://MainGame.gd:2181)
       [1] _rebuild_quests (res://MainGame.gd:2206)
       [2] add_progress (res://QuestSystem.gd:35)
       [3] _on_monster_pressed (res://MainGame.gd:1313)
       [4] _tap_monster (res://V2021VisualRuntimeQa.gd:246)
       [5] _wait_render (res://V2021VisualRuntimeQa.gd:174)
SCRIPT ERROR: Invalid call. Nonexistent function 'style_objective_header' in base 'GDScript'.
   at: _add_objective_header_v152 (res://MainGame.gd:2166)
   GDScript backtrace (most recent call first):
       [0] _add_objective_header_v152 (res://MainGame.gd:2166)
       [1] _rebuild_quests (res://MainGame.gd:2205)
       [2] add_progress (res://QuestSystem.gd:35)
       [3] _on_monster_pressed (res://MainGame.gd:1313)
       [4] _tap_monster (res://V2021VisualRuntimeQa.gd:246)
       [5] _wait_render (res://V2021VisualRuntimeQa.gd:174)
SCRIPT ERROR: Invalid call. Nonexistent function 'objective_icon_role' in base 'GDScript'.
   at: _add_objective_row_v152 (res://MainGame.gd:2181)
   GDScript backtrace (most recent call first):
       [0] _add_objective_row_v152 (res://MainGame.gd:2181)
       [1] _rebuild_quests (res://MainGame.gd:2206)
       [2] add_progress (res://QuestSystem.gd:35)
       [3] _on_monster_pressed (res://MainGame.gd:1313)
       [4] _tap_monster (res://V2021VisualRuntimeQa.gd:246)
       [5] _wait_render (res://V2021VisualRuntimeQa.gd:174)
SCRIPT ERROR: Invalid call. Nonexistent function 'objective_icon_role' in base 'GDScript'.
   at: _add_objective_row_v152 (res://MainGame.gd:2181)
   GDScript backtrace (most recent call first):
       [0] _add_objective_row_v152 (res://MainGame.gd:2181)
       [1] _rebuild_quests (res://MainGame.gd:2206)
       [2] add_progress (res://QuestSystem.gd:35)
       [3] _on_monster_pressed (res://MainGame.gd:1313)
       [4] _tap_monster (res://V2021VisualRuntimeQa.gd:246)
       [5] _wait_render (res://V2021VisualRuntimeQa.gd:174)
SCRIPT ERROR: Invalid call. Nonexistent function 'objective_icon_role' in base 'GDScript'.
   at: _add_objective_row_v152 (res://MainGame.gd:2181)
   GDScript backtrace (most recent call first):
       [0] _add_objective_row_v152 (res://MainGame.gd:2181)
       [1] _rebuild_quests (res://MainGame.gd:2206)
       [2] add_progress (res://QuestSystem.gd:35)
       [3] _on_monster_pressed (res://MainGame.gd:1313)
       [4] _tap_monster (res://V2021VisualRuntimeQa.gd:246)
       [5] _wait_render (res://V2021VisualRuntimeQa.gd:174)
SCRIPT ERROR: Invalid call. Nonexistent function 'style_objective_header' in base 'GDScript'.
   at: _add_objective_header_v152 (res://MainGame.gd:2166)
   GDScript backtrace (most recent call first):
       [0] _add_objective_header_v152 (res://MainGame.gd:2166)
       [1] _rebuild_quests (res://MainGame.gd:2205)
       [2] add_progress (res://QuestSystem.gd:35)
       [3] _on_monster_pressed (res://MainGame.gd:1313)
       [4] _tap_monster (res://V2021VisualRuntimeQa.gd:246)
       [5] _wait_render (res://V2021VisualRuntimeQa.gd:174)
SCRIPT ERROR: Invalid call. Nonexistent function 'objective_icon_role' in base 'GDScript'.
   at: _add_objective_row_v152 (res://MainGame.gd:2181)
   GDScript backtrace (most recent call first):
       [0] _add_objective_row_v152 (res://MainGame.gd:2181)
       [1] _rebuild_quests (res://MainGame.gd:2206)
       [2] add_progress (res://QuestSystem.gd:35)
       [3] _on_monster_pressed (res://MainGame.gd:1313)
       [4] _tap_monster (res://V2021VisualRuntimeQa.gd:246)
       [5] _wait_render (res://V2021VisualRuntimeQa.gd:174)
SCRIPT ERROR: Invalid call. Nonexistent function 'objective_icon_role' in base 'GDScript'.
   at: _add_objective_row_v152 (res://MainGame.gd:2181)
   GDScript backtrace (most recent call first):
       [0] _add_objective_row_v152 (res://MainGame.gd:2181)
       [1] _rebuild_quests (res://MainGame.gd:2206)
       [2] add_progress (res://QuestSystem.gd:35)
       [3] _on_monster_pressed (res://MainGame.gd:1313)
       [4] _tap_monster (res://V2021VisualRuntimeQa.gd:246)
       [5] _wait_render (res://V2021VisualRuntimeQa.gd:174)
SCRIPT ERROR: Invalid call. Nonexistent function 'objective_icon_role' in base 'GDScript'.
   at: _add_objective_row_v152 (res://MainGame.gd:2181)
   GDScript backtrace (most recent call first):
       [0] _add_objective_row_v152 (res://MainGame.gd:2181)
       [1] _rebuild_quests (res://MainGame.gd:2206)
       [2] add_progress (res://QuestSystem.gd:35)
       [3] _on_monster_pressed (res://MainGame.gd:1313)
       [4] _tap_monster (res://V2021VisualRuntimeQa.gd:246)
       [5] _wait_render (res://V2021VisualRuntimeQa.gd:174)
SCRIPT ERROR: Invalid call. Nonexistent function 'objective_icon_role' in base 'GDScript'.
   at: _add_objective_row_v152 (res://MainGame.gd:2181)
   GDScript backtrace (most recent call first):
       [0] _add_objective_row_v152 (res://MainGame.gd:2181)
       [1] _rebuild_quests (res://MainGame.gd:2206)
       [2] add_progress (res://QuestSystem.gd:35)
       [3] _on_monster_pressed (res://MainGame.gd:1313)
       [4] _tap_monster (res://V2021VisualRuntimeQa.gd:246)
       [5] _wait_render (res://V2021VisualRuntimeQa.gd:174)
SCRIPT ERROR: Invalid call. Nonexistent function 'objective_icon_role' in base 'GDScript'.
   at: _add_objective_row_v152 (res://MainGame.gd:2181)
   GDScript backtrace (most recent call first):
       [0] _add_objective_row_v152 (res://MainGame.gd:2181)
       [1] _rebuild_quests (res://MainGame.gd:2206)
       [2] add_progress (res://QuestSystem.gd:35)
       [3] _on_monster_pressed (res://MainGame.gd:1313)
       [4] _tap_monster (res://V2021VisualRuntimeQa.gd:246)
       [5] _wait_render (res://V2021VisualRuntimeQa.gd:174)
SCRIPT ERROR: Invalid call. Nonexistent function 'style_objective_header' in base 'GDScript'.
   at: _add_objective_header_v152 (res://MainGame.gd:2166)
   GDScript backtrace (most recent call first):
       [0] _add_objective_header_v152 (res://MainGame.gd:2166)
       [1] _rebuild_quests (res://MainGame.gd:2207)
       [2] add_progress (res://QuestSystem.gd:35)
       [3] _on_monster_pressed (res://MainGame.gd:1313)
       [4] _tap_monster (res://V2021VisualRuntimeQa.gd:246)
       [5] _wait_render (res://V2021VisualRuntimeQa.gd:174)
SCRIPT ERROR: Invalid call. Nonexistent function 'objective_icon_role' in base 'GDScript'.
   at: _rebuild_quests (res://MainGame.gd:2214)
   GDScript backtrace (most recent call first):
       [0] _rebuild_quests (res://MainGame.gd:2214)
       [1] add_progress (res://QuestSystem.gd:35)
       [2] _on_monster_pressed (res://MainGame.gd:1313)
       [3] _tap_monster (res://V2021VisualRuntimeQa.gd:246)
       [4] _wait_render (res://V2021VisualRuntimeQa.gd:174)
SCRIPT ERROR: Invalid call. Nonexistent function 'refresh_home_loop_state' in base 'GDScript'.
   at: _update_monster_ui (res://MainGame.gd:1219)
   GDScript backtrace (most recent call first):
       [0] _update_monster_ui (res://MainGame.gd:1219)
       [1] damage_monster (res://PlayerData.gd:94)
       [2] _on_monster_pressed (res://MainGame.gd:1311)
       [3] _tap_monster (res://V2021VisualRuntimeQa.gd:246)
       [4] _wait_render (res://V2021VisualRuntimeQa.gd:174)
SCRIPT ERROR: Invalid call. Nonexistent function 'style_objective_header' in base 'GDScript'.
   at: _add_objective_header_v152 (res://MainGame.gd:2166)
   GDScript backtrace (most recent call first):
       [0] _add_objective_header_v152 (res://MainGame.gd:2166)
       [1] _rebuild_quests (res://MainGame.gd:2205)
       [2] add_progress (res://QuestSystem.gd:35)
       [3] _on_monster_pressed (res://MainGame.gd:1313)
       [4] _tap_monster (res://V2021VisualRuntimeQa.gd:246)
       [5] _wait_render (res://V2021VisualRuntimeQa.gd:174)
SCRIPT ERROR: Invalid call. Nonexistent function 'objective_icon_role' in base 'GDScript'.
   at: _add_objective_row_v152 (res://MainGame.gd:2181)
   GDScript backtrace (most recent call first):
       [0] _add_objective_row_v152 (res://MainGame.gd:2181)
       [1] _rebuild_quests (res://MainGame.gd:2206)
       [2] add_progress (res://QuestSystem.gd:35)
       [3] _on_monster_pressed (res://MainGame.gd:1313)
       [4] _tap_monster (res://V2021VisualRuntimeQa.gd:246)
       [5] _wait_render (res://V2021VisualRuntimeQa.gd:174)
SCRIPT ERROR: Invalid call. Nonexistent function 'objective_icon_role' in base 'GDScript'.
   at: _add_objective_row_v152 (res://MainGame.gd:2181)
   GDScript backtrace (most recent call first):
       [0] _add_objective_row_v152 (res://MainGame.gd:2181)
       [1] _rebuild_quests (res://MainGame.gd:2206)
       [2] add_progress (res://QuestSystem.gd:35)
       [3] _on_monster_pressed (res://MainGame.gd:1313)
       [4] _tap_monster (res://V2021VisualRuntimeQa.gd:246)
       [5] _wait_render (res://V2021VisualRuntimeQa.gd:174)
SCRIPT ERROR: Invalid call. Nonexistent function 'objective_icon_role' in base 'GDScript'.
   at: _add_objective_row_v152 (res://MainGame.gd:2181)
   GDScript backtrace (most recent call first):
       [0] _add_objective_row_v152 (res://MainGame.gd:2181)
       [1] _rebuild_quests (res://MainGame.gd:2206)
       [2] add_progress (res://QuestSystem.gd:35)
       [3] _on_monster_pressed (res://MainGame.gd:1313)
       [4] _tap_monster (res://V2021VisualRuntimeQa.gd:246)
       [5] _wait_render (res://V2021VisualRuntimeQa.gd:174)
SCRIPT ERROR: Invalid call. Nonexistent function 'style_objective_header' in base 'GDScript'.
   at: _add_objective_header_v152 (res://MainGame.gd:2166)
   GDScript backtrace (most recent call first):
       [0] _add_objective_header_v152 (res://MainGame.gd:2166)
       [1] _rebuild_quests (res://MainGame.gd:2205)
       [2] add_progress (res://QuestSystem.gd:35)
       [3] _on_monster_pressed (res://MainGame.gd:1313)
       [4] _tap_monster (res://V2021VisualRuntimeQa.gd:246)
       [5] _wait_render (res://V2021VisualRuntimeQa.gd:174)
SCRIPT ERROR: Invalid call. Nonexistent function 'objective_icon_role' in base 'GDScript'.
   at: _add_objective_row_v152 (res://MainGame.gd:2181)
   GDScript backtrace (most recent call first):
       [0] _add_objective_row_v152 (res://MainGame.gd:2181)
       [1] _rebuild_quests (res://MainGame.gd:2206)
       [2] add_progress (res://QuestSystem.gd:35)
       [3] _on_monster_pressed (res://MainGame.gd:1313)
       [4] _tap_monster (res://V2021VisualRuntimeQa.gd:246)
       [5] _wait_render (res://V2021VisualRuntimeQa.gd:174)
SCRIPT ERROR: Invalid call. Nonexistent function 'objective_icon_role' in base 'GDScript'.
   at: _add_objective_row_v152 (res://MainGame.gd:2181)
   GDScript backtrace (most recent call first):
       [0] _add_objective_row_v152 (res://MainGame.gd:2181)
       [1] _rebuild_quests (res://MainGame.gd:2206)
       [2] add_progress (res://QuestSystem.gd:35)
       [3] _on_monster_pressed (res://MainGame.gd:1313)
       [4] _tap_monster (res://V2021VisualRuntimeQa.gd:246)
       [5] _wait_render (res://V2021VisualRuntimeQa.gd:174)
SCRIPT ERROR: Invalid call. Nonexistent function 'objective_icon_role' in base 'GDScript'.
   at: _add_objective_row_v152 (res://MainGame.gd:2181)
   GDScript backtrace (most recent call first):
       [0] _add_objective_row_v152 (res://MainGame.gd:2181)
       [1] _rebuild_quests (res://MainGame.gd:2206)
       [2] add_progress (res://QuestSystem.gd:35)
       [3] _on_monster_pressed (res://MainGame.gd:1313)
       [4] _tap_monster (res://V2021VisualRuntimeQa.gd:246)
       [5] _wait_render (res://V2021VisualRuntimeQa.gd:174)
SCRIPT ERROR: Invalid call. Nonexistent function 'style_objective_header' in base 'GDScript'.
   at: _add_objective_header_v152 (res://MainGame.gd:2166)
   GDScript backtrace (most recent call first):
       [0] _add_objective_header_v152 (res://MainGame.gd:2166)
       [1] _rebuild_quests (res://MainGame.gd:2205)
       [2] add_progress (res://QuestSystem.gd:35)
       [3] _on_monster_pressed (res://MainGame.gd:1313)
       [4] _tap_monster (res://V2021VisualRuntimeQa.gd:246)
       [5] _wait_render (res://V2021VisualRuntimeQa.gd:174)
SCRIPT ERROR: Invalid call. Nonexistent function 'objective_icon_role' in base 'GDScript'.
   at: _add_objective_row_v152 (res://MainGame.gd:2181)
   GDScript backtrace (most recent call first):
       [0] _add_objective_row_v152 (res://MainGame.gd:2181)
       [1] _rebuild_quests (res://MainGame.gd:2206)
       [2] add_progress (res://QuestSystem.gd:35)
       [3] _on_monster_pressed (res://MainGame.gd:1313)
       [4] _tap_monster (res://V2021VisualRuntimeQa.gd:246)
       [5] _wait_render (res://V2021VisualRuntimeQa.gd:174)
SCRIPT ERROR: Invalid call. Nonexistent function 'objective_icon_role' in base 'GDScript'.
   at: _add_objective_row_v152 (res://MainGame.gd:2181)
   GDScript backtrace (most recent call first):
       [0] _add_objective_row_v152 (res://MainGame.gd:2181)
       [1] _rebuild_quests (res://MainGame.gd:2206)
       [2] add_progress (res://QuestSystem.gd:35)
       [3] _on_monster_pressed (res://MainGame.gd:1313)
       [4] _tap_monster (res://V2021VisualRuntimeQa.gd:246)
       [5] _wait_render (res://V2021VisualRuntimeQa.gd:174)
SCRIPT ERROR: Invalid call. Nonexistent function 'objective_icon_role' in base 'GDScript'.
   at: _add_objective_row_v152 (res://MainGame.gd:2181)
   GDScript backtrace (most recent call first):
       [0] _add_objective_row_v152 (res://MainGame.gd:2181)
       [1] _rebuild_quests (res://MainGame.gd:2206)
       [2] add_progress (res://QuestSystem.gd:35)
       [3] _on_monster_pressed (res://MainGame.gd:1313)
       [4] _tap_monster (res://V2021VisualRuntimeQa.gd:246)
       [5] _wait_render (res://V2021VisualRuntimeQa.gd:174)
SCRIPT ERROR: Invalid call. Nonexistent function 'objective_icon_role' in base 'GDScript'.
   at: _add_objective_row_v152 (res://MainGame.gd:2181)
   GDScript backtrace (most recent call first):
       [0] _add_objective_row_v152 (res://MainGame.gd:2181)
       [1] _rebuild_quests (res://MainGame.gd:2206)
       [2] add_progress (res://QuestSystem.gd:35)
       [3] _on_monster_pressed (res://MainGame.gd:1313)
       [4] _tap_monster (res://V2021VisualRuntimeQa.gd:246)
       [5] _wait_render (res://V2021VisualRuntimeQa.gd:174)
SCRIPT ERROR: Invalid call. Nonexistent function 'objective_icon_role' in base 'GDScript'.
   at: _add_objective_row_v152 (res://MainGame.gd:2181)
   GDScript backtrace (most recent call first):
       [0] _add_objective_row_v152 (res://MainGame.gd:2181)
       [1] _rebuild_quests (res://MainGame.gd:2206)
       [2] add_progress (res://QuestSystem.gd:35)
       [3] _on_monster_pressed (res://MainGame.gd:1313)
       [4] _tap_monster (res://V2021VisualRuntimeQa.gd:246)
       [5] _wait_render (res://V2021VisualRuntimeQa.gd:174)
SCRIPT ERROR: Invalid call. Nonexistent function 'style_objective_header' in base 'GDScript'.
   at: _add_objective_header_v152 (res://MainGame.gd:2166)
   GDScript backtrace (most recent call first):
       [0] _add_objective_header_v152 (res://MainGame.gd:2166)
       [1] _rebuild_quests (res://MainGame.gd:2207)
       [2] add_progress (res://QuestSystem.gd:35)
       [3] _on_monster_pressed (res://MainGame.gd:1313)
       [4] _tap_monster (res://V2021VisualRuntimeQa.gd:246)
       [5] _wait_render (res://V2021VisualRuntimeQa.gd:174)
SCRIPT ERROR: Invalid call. Nonexistent function 'objective_icon_role' in base 'GDScript'.
   at: _rebuild_quests (res://MainGame.gd:2214)
   GDScript backtrace (most recent call first):
       [0] _rebuild_quests (res://MainGame.gd:2214)
       [1] add_progress (res://QuestSystem.gd:35)
       [2] _on_monster_pressed (res://MainGame.gd:1313)
       [3] _tap_monster (res://V2021VisualRuntimeQa.gd:246)
       [4] _wait_render (res://V2021VisualRuntimeQa.gd:174)
SCRIPT ERROR: Invalid call. Nonexistent function 'refresh_home_loop_state' in base 'GDScript'.
   at: _update_monster_ui (res://MainGame.gd:1219)
   GDScript backtrace (most recent call first):
       [0] _update_monster_ui (res://MainGame.gd:1219)
       [1] damage_monster (res://PlayerData.gd:94)
       [2] _on_monster_pressed (res://MainGame.gd:1311)
       [3] _tap_monster (res://V2021VisualRuntimeQa.gd:246)
       [4] _wait_render (res://V2021VisualRuntimeQa.gd:174)
SCRIPT ERROR: Invalid call. Nonexistent function 'style_objective_header' in base 'GDScript'.
   at: _add_objective_header_v152 (res://MainGame.gd:2166)
   GDScript backtrace (most recent call first):
       [0] _add_objective_header_v152 (res://MainGame.gd:2166)
       [1] _rebuild_quests (res://MainGame.gd:2205)
       [2] add_progress (res://QuestSystem.gd:35)
       [3] _on_monster_pressed (res://MainGame.gd:1313)
       [4] _tap_monster (res://V2021VisualRuntimeQa.gd:246)
       [5] _wait_render (res://V2021VisualRuntimeQa.gd:174)
SCRIPT ERROR: Invalid call. Nonexistent function 'objective_icon_role' in base 'GDScript'.
   at: _add_objective_row_v152 (res://MainGame.gd:2181)
   GDScript backtrace (most recent call first):
       [0] _add_objective_row_v152 (res://MainGame.gd:2181)
       [1] _rebuild_quests (res://MainGame.gd:2206)
       [2] add_progress (res://QuestSystem.gd:35)
       [3] _on_monster_pressed (res://MainGame.gd:1313)
       [4] _tap_monster (res://V2021VisualRuntimeQa.gd:246)
       [5] _wait_render (res://V2021VisualRuntimeQa.gd:174)
SCRIPT ERROR: Invalid call. Nonexistent function 'objective_icon_role' in base 'GDScript'.
   at: _add_objective_row_v152 (res://MainGame.gd:2181)
   GDScript backtrace (most recent call first):
       [0] _add_objective_row_v152 (res://MainGame.gd:2181)
       [1] _rebuild_quests (res://MainGame.gd:2206)
       [2] add_progress (res://QuestSystem.gd:35)
       [3] _on_monster_pressed (res://MainGame.gd:1313)
       [4] _tap_monster (res://V2021VisualRuntimeQa.gd:246)
       [5] _wait_render (res://V2021VisualRuntimeQa.gd:174)
SCRIPT ERROR: Invalid call. Nonexistent function 'objective_icon_role' in base 'GDScript'.
   at: _add_objective_row_v152 (res://MainGame.gd:2181)
   GDScript backtrace (most recent call first):
       [0] _add_objective_row_v152 (res://MainGame.gd:2181)
       [1] _rebuild_quests (res://MainGame.gd:2206)
       [2] add_progress (res://QuestSystem.gd:35)
       [3] _on_monster_pressed (res://MainGame.gd:1313)
       [4] _tap_monster (res://V2021VisualRuntimeQa.gd:246)
       [5] _wait_render (res://V2021VisualRuntimeQa.gd:174)
SCRIPT ERROR: Invalid call. Nonexistent function 'style_objective_header' in base 'GDScript'.
   at: _add_objective_header_v152 (res://MainGame.gd:2166)
   GDScript backtrace (most recent call first):
       [0] _add_objective_header_v152 (res://MainGame.gd:2166)
       [1] _rebuild_quests (res://MainGame.gd:2205)
       [2] add_progress (res://QuestSystem.gd:35)
       [3] _on_monster_pressed (res://MainGame.gd:1313)
       [4] _tap_monster (res://V2021VisualRuntimeQa.gd:246)
       [5] _wait_render (res://V2021VisualRuntimeQa.gd:174)
SCRIPT ERROR: Invalid call. Nonexistent function 'objective_icon_role' in base 'GDScript'.
   at: _add_objective_row_v152 (res://MainGame.gd:2181)
   GDScript backtrace (most recent call first):
       [0] _add_objective_row_v152 (res://MainGame.gd:2181)
       [1] _rebuild_quests (res://MainGame.gd:2206)
       [2] add_progress (res://QuestSystem.gd:35)
       [3] _on_monster_pressed (res://MainGame.gd:1313)
       [4] _tap_monster (res://V2021VisualRuntimeQa.gd:246)
       [5] _wait_render (res://V2021VisualRuntimeQa.gd:174)
SCRIPT ERROR: Invalid call. Nonexistent function 'objective_icon_role' in base 'GDScript'.
   at: _add_objective_row_v152 (res://MainGame.gd:2181)
   GDScript backtrace (most recent call first):
       [0] _add_objective_row_v152 (res://MainGame.gd:2181)
       [1] _rebuild_quests (res://MainGame.gd:2206)
       [2] add_progress (res://QuestSystem.gd:35)
       [3] _on_monster_pressed (res://MainGame.gd:1313)
       [4] _tap_monster (res://V2021VisualRuntimeQa.gd:246)
       [5] _wait_render (res://V2021VisualRuntimeQa.gd:174)
SCRIPT ERROR: Invalid call. Nonexistent function 'objective_icon_role' in base 'GDScript'.
   at: _add_objective_row_v152 (res://MainGame.gd:2181)
   GDScript backtrace (most recent call first):
       [0] _add_objective_row_v152 (res://MainGame.gd:2181)
       [1] _rebuild_quests (res://MainGame.gd:2206)
       [2] add_progress (res://QuestSystem.gd:35)
       [3] _on_monster_pressed (res://MainGame.gd:1313)
       [4] _tap_monster (res://V2021VisualRuntimeQa.gd:246)
       [5] _wait_render (res://V2021VisualRuntimeQa.gd:174)
SCRIPT ERROR: Invalid call. Nonexistent function 'style_objective_header' in base 'GDScript'.
   at: _add_objective_header_v152 (res://MainGame.gd:2166)
   GDScript backtrace (most recent call first):
       [0] _add_objective_header_v152 (res://MainGame.gd:2166)
       [1] _rebuild_quests (res://MainGame.gd:2205)
       [2] add_progress (res://QuestSystem.gd:35)
       [3] _on_monster_pressed (res://MainGame.gd:1313)
       [4] _tap_monster (res://V2021VisualRuntimeQa.gd:246)
       [5] _wait_render (res://V2021VisualRuntimeQa.gd:174)
SCRIPT ERROR: Invalid call. Nonexistent function 'objective_icon_role' in base 'GDScript'.
   at: _add_objective_row_v152 (res://MainGame.gd:2181)
   GDScript backtrace (most recent call first):
       [0] _add_objective_row_v152 (res://MainGame.gd:2181)
       [1] _rebuild_quests (res://MainGame.gd:2206)
       [2] add_progress (res://QuestSystem.gd:35)
       [3] _on_monster_pressed (res://MainGame.gd:1313)
       [4] _tap_monster (res://V2021VisualRuntimeQa.gd:246)
       [5] _wait_render (res://V2021VisualRuntimeQa.gd:174)
SCRIPT ERROR: Invalid call. Nonexistent function 'objective_icon_role' in base 'GDScript'.
   at: _add_objective_row_v152 (res://MainGame.gd:2181)
   GDScript backtrace (most recent call first):
       [0] _add_objective_row_v152 (res://MainGame.gd:2181)
       [1] _rebuild_quests (res://MainGame.gd:2206)
       [2] add_progress (res://QuestSystem.gd:35)
       [3] _on_monster_pressed (res://MainGame.gd:1313)
       [4] _tap_monster (res://V2021VisualRuntimeQa.gd:246)
       [5] _wait_render (res://V2021VisualRuntimeQa.gd:174)
SCRIPT ERROR: Invalid call. Nonexistent function 'objective_icon_role' in base 'GDScript'.
   at: _add_objective_row_v152 (res://MainGame.gd:2181)
   GDScript backtrace (most recent call first):
       [0] _add_objective_row_v152 (res://MainGame.gd:2181)
       [1] _rebuild_quests (res://MainGame.gd:2206)
       [2] add_progress (res://QuestSystem.gd:35)
       [3] _on_monster_pressed (res://MainGame.gd:1313)
       [4] _tap_monster (res://V2021VisualRuntimeQa.gd:246)
       [5] _wait_render (res://V2021VisualRuntimeQa.gd:174)
SCRIPT ERROR: Invalid call. Nonexistent function 'objective_icon_role' in base 'GDScript'.
   at: _add_objective_row_v152 (res://MainGame.gd:2181)
   GDScript backtrace (most recent call first):
       [0] _add_objective_row_v152 (res://MainGame.gd:2181)
       [1] _rebuild_quests (res://MainGame.gd:2206)
       [2] add_progress (res://QuestSystem.gd:35)
       [3] _on_monster_pressed (res://MainGame.gd:1313)
       [4] _tap_monster (res://V2021VisualRuntimeQa.gd:246)
       [5] _wait_render (res://V2021VisualRuntimeQa.gd:174)
SCRIPT ERROR: Invalid call. Nonexistent function 'objective_icon_role' in base 'GDScript'.
   at: _add_objective_row_v152 (res://MainGame.gd:2181)
   GDScript backtrace (most recent call first):
       [0] _add_objective_row_v152 (res://MainGame.gd:2181)
       [1] _rebuild_quests (res://MainGame.gd:2206)
       [2] add_progress (res://QuestSystem.gd:35)
       [3] _on_monster_pressed (res://MainGame.gd:1313)
       [4] _tap_monster (res://V2021VisualRuntimeQa.gd:246)
       [5] _wait_render (res://V2021VisualRuntimeQa.gd:174)
SCRIPT ERROR: Invalid call. Nonexistent function 'style_objective_header' in base 'GDScript'.
   at: _add_objective_header_v152 (res://MainGame.gd:2166)
   GDScript backtrace (most recent call first):
       [0] _add_objective_header_v152 (res://MainGame.gd:2166)
       [1] _rebuild_quests (res://MainGame.gd:2207)
       [2] add_progress (res://QuestSystem.gd:35)
       [3] _on_monster_pressed (res://MainGame.gd:1313)
       [4] _tap_monster (res://V2021VisualRuntimeQa.gd:246)
       [5] _wait_render (res://V2021VisualRuntimeQa.gd:174)
SCRIPT ERROR: Invalid call. Nonexistent function 'objective_icon_role' in base 'GDScript'.
   at: _rebuild_quests (res://MainGame.gd:2214)
   GDScript backtrace (most recent call first):
       [0] _rebuild_quests (res://MainGame.gd:2214)
       [1] add_progress (res://QuestSystem.gd:35)
       [2] _on_monster_pressed (res://MainGame.gd:1313)
       [3] _tap_monster (res://V2021VisualRuntimeQa.gd:246)
       [4] _wait_render (res://V2021VisualRuntimeQa.gd:174)
SCRIPT ERROR: Invalid call. Nonexistent function 'refresh_home_loop_state' in base 'GDScript'.
   at: _update_monster_ui (res://MainGame.gd:1219)
   GDScript backtrace (most recent call first):
       [0] _update_monster_ui (res://MainGame.gd:1219)
       [1] damage_monster (res://PlayerData.gd:94)
       [2] _on_monster_pressed (res://MainGame.gd:1311)
       [3] _tap_monster (res://V2021VisualRuntimeQa.gd:246)
       [4] _wait_render (res://V2021VisualRuntimeQa.gd:174)
SCRIPT ERROR: Invalid call. Nonexistent function 'style_objective_header' in base 'GDScript'.
   at: _add_objective_header_v152 (res://MainGame.gd:2166)
   GDScript backtrace (most recent call first):
       [0] _add_objective_header_v152 (res://MainGame.gd:2166)
       [1] _rebuild_quests (res://MainGame.gd:2205)
       [2] add_progress (res://QuestSystem.gd:35)
       [3] _on_monster_pressed (res://MainGame.gd:1313)
       [4] _tap_monster (res://V2021VisualRuntimeQa.gd:246)
       [5] _wait_render (res://V2021VisualRuntimeQa.gd:174)
SCRIPT ERROR: Invalid call. Nonexistent function 'objective_icon_role' in base 'GDScript'.
   at: _add_objective_row_v152 (res://MainGame.gd:2181)
   GDScript backtrace (most recent call first):
       [0] _add_objective_row_v152 (res://MainGame.gd:2181)
       [1] _rebuild_quests (res://MainGame.gd:2206)
       [2] add_progress (res://QuestSystem.gd:35)
       [3] _on_monster_pressed (res://MainGame.gd:1313)
       [4] _tap_monster (res://V2021VisualRuntimeQa.gd:246)
       [5] _wait_render (res://V2021VisualRuntimeQa.gd:174)
SCRIPT ERROR: Invalid call. Nonexistent function 'objective_icon_role' in base 'GDScript'.
   at: _add_objective_row_v152 (res://MainGame.gd:2181)
   GDScript backtrace (most recent call first):
       [0] _add_objective_row_v152 (res://MainGame.gd:2181)
       [1] _rebuild_quests (res://MainGame.gd:2206)
       [2] add_progress (res://QuestSystem.gd:35)
       [3] _on_monster_pressed (res://MainGame.gd:1313)
       [4] _tap_monster (res://V2021VisualRuntimeQa.gd:246)
       [5] _wait_render (res://V2021VisualRuntimeQa.gd:174)
SCRIPT ERROR: Invalid call. Nonexistent function 'objective_icon_role' in base 'GDScript'.
   at: _add_objective_row_v152 (res://MainGame.gd:2181)
   GDScript backtrace (most recent call first):
       [0] _add_objective_row_v152 (res://MainGame.gd:2181)
       [1] _rebuild_quests (res://MainGame.gd:2206)
       [2] add_progress (res://QuestSystem.gd:35)
       [3] _on_monster_pressed (res://MainGame.gd:1313)
       [4] _tap_monster (res://V2021VisualRuntimeQa.gd:246)
       [5] _wait_render (res://V2021VisualRuntimeQa.gd:174)
SCRIPT ERROR: Invalid call. Nonexistent function 'style_objective_header' in base 'GDScript'.
   at: _add_objective_header_v152 (res://MainGame.gd:2166)
   GDScript backtrace (most recent call first):
       [0] _add_objective_header_v152 (res://MainGame.gd:2166)
       [1] _rebuild_quests (res://MainGame.gd:2205)
       [2] add_progress (res://QuestSystem.gd:35)
       [3] _on_monster_pressed (res://MainGame.gd:1313)
       [4] _tap_monster (res://V2021VisualRuntimeQa.gd:246)
       [5] _wait_render (res://V2021VisualRuntimeQa.gd:174)
SCRIPT ERROR: Invalid call. Nonexistent function 'objective_icon_role' in base 'GDScript'.
   at: _add_objective_row_v152 (res://MainGame.gd:2181)
   GDScript backtrace (most recent call first):
       [0] _add_objective_row_v152 (res://MainGame.gd:2181)
       [1] _rebuild_quests (res://MainGame.gd:2206)
       [2] add_progress (res://QuestSystem.gd:35)
       [3] _on_monster_pressed (res://MainGame.gd:1313)
       [4] _tap_monster (res://V2021VisualRuntimeQa.gd:246)
       [5] _wait_render (res://V2021VisualRuntimeQa.gd:174)
SCRIPT ERROR: Invalid call. Nonexistent function 'objective_icon_role' in base 'GDScript'.
   at: _add_objective_row_v152 (res://MainGame.gd:2181)
   GDScript backtrace (most recent call first):
       [0] _add_objective_row_v152 (res://MainGame.gd:2181)
       [1] _rebuild_quests (res://MainGame.gd:2206)
       [2] add_progress (res://QuestSystem.gd:35)
       [3] _on_monster_pressed (res://MainGame.gd:1313)
       [4] _tap_monster (res://V2021VisualRuntimeQa.gd:246)
       [5] _wait_render (res://V2021VisualRuntimeQa.gd:174)
SCRIPT ERROR: Invalid call. Nonexistent function 'objective_icon_role' in base 'GDScript'.
   at: _add_objective_row_v152 (res://MainGame.gd:2181)
   GDScript backtrace (most recent call first):
       [0] _add_objective_row_v152 (res://MainGame.gd:2181)
       [1] _rebuild_quests (res://MainGame.gd:2206)
       [2] add_progress (res://QuestSystem.gd:35)
       [3] _on_monster_pressed (res://MainGame.gd:1313)
       [4] _tap_monster (res://V2021VisualRuntimeQa.gd:246)
       [5] _wait_render (res://V2021VisualRuntimeQa.gd:174)
SCRIPT ERROR: Invalid call. Nonexistent function 'style_objective_header' in base 'GDScript'.
   at: _add_objective_header_v152 (res://MainGame.gd:2166)
   GDScript backtrace (most recent call first):
       [0] _add_objective_header_v152 (res://MainGame.gd:2166)
       [1] _rebuild_quests (res://MainGame.gd:2205)
       [2] add_progress (res://QuestSystem.gd:35)
       [3] _on_monster_pressed (res://MainGame.gd:1313)
       [4] _tap_monster (res://V2021VisualRuntimeQa.gd:246)
       [5] _wait_render (res://V2021VisualRuntimeQa.gd:174)
SCRIPT ERROR: Invalid call. Nonexistent function 'objective_icon_role' in base 'GDScript'.
   at: _add_objective_row_v152 (res://MainGame.gd:2181)
   GDScript backtrace (most recent call first):
       [0] _add_objective_row_v152 (res://MainGame.gd:2181)
       [1] _rebuild_quests (res://MainGame.gd:2206)
       [2] add_progress (res://QuestSystem.gd:35)
       [3] _on_monster_pressed (res://MainGame.gd:1313)
       [4] _tap_monster (res://V2021VisualRuntimeQa.gd:246)
       [5] _wait_render (res://V2021VisualRuntimeQa.gd:174)
SCRIPT ERROR: Invalid call. Nonexistent function 'objective_icon_role' in base 'GDScript'.
   at: _add_objective_row_v152 (res://MainGame.gd:2181)
   GDScript backtrace (most recent call first):
       [0] _add_objective_row_v152 (res://MainGame.gd:2181)
       [1] _rebuild_quests (res://MainGame.gd:2206)
       [2] add_progress (res://QuestSystem.gd:35)
       [3] _on_monster_pressed (res://MainGame.gd:1313)
       [4] _tap_monster (res://V2021VisualRuntimeQa.gd:246)
       [5] _wait_render (res://V2021VisualRuntimeQa.gd:174)
SCRIPT ERROR: Invalid call. Nonexistent function 'objective_icon_role' in base 'GDScript'.
   at: _add_objective_row_v152 (res://MainGame.gd:2181)
   GDScript backtrace (most recent call first):
       [0] _add_objective_row_v152 (res://MainGame.gd:2181)
       [1] _rebuild_quests (res://MainGame.gd:2206)
       [2] add_progress (res://QuestSystem.gd:35)
       [3] _on_monster_pressed (res://MainGame.gd:1313)
       [4] _tap_monster (res://V2021VisualRuntimeQa.gd:246)
       [5] _wait_render (res://V2021VisualRuntimeQa.gd:174)
SCRIPT ERROR: Invalid call. Nonexistent function 'objective_icon_role' in base 'GDScript'.
   at: _add_objective_row_v152 (res://MainGame.gd:2181)
   GDScript backtrace (most recent call first):
       [0] _add_objective_row_v152 (res://MainGame.gd:2181)
       [1] _rebuild_quests (res://MainGame.gd:2206)
       [2] add_progress (res://QuestSystem.gd:35)
       [3] _on_monster_pressed (res://MainGame.gd:1313)
       [4] _tap_monster (res://V2021VisualRuntimeQa.gd:246)
       [5] _wait_render (res://V2021VisualRuntimeQa.gd:174)
SCRIPT ERROR: Invalid call. Nonexistent function 'objective_icon_role' in base 'GDScript'.
   at: _add_objective_row_v152 (res://MainGame.gd:2181)
   GDScript backtrace (most recent call first):
       [0] _add_objective_row_v152 (res://MainGame.gd:2181)
       [1] _rebuild_quests (res://MainGame.gd:2206)
       [2] add_progress (res://QuestSystem.gd:35)
       [3] _on_monster_pressed (res://MainGame.gd:1313)
       [4] _tap_monster (res://V2021VisualRuntimeQa.gd:246)
       [5] _wait_render (res://V2021VisualRuntimeQa.gd:174)
SCRIPT ERROR: Invalid call. Nonexistent function 'style_objective_header' in base 'GDScript'.
   at: _add_objective_header_v152 (res://MainGame.gd:2166)
   GDScript backtrace (most recent call first):
       [0] _add_objective_header_v152 (res://MainGame.gd:2166)
       [1] _rebuild_quests (res://MainGame.gd:2207)
       [2] add_progress (res://QuestSystem.gd:35)
       [3] _on_monster_pressed (res://MainGame.gd:1313)
       [4] _tap_monster (res://V2021VisualRuntimeQa.gd:246)
       [5] _wait_render (res://V2021VisualRuntimeQa.gd:174)
SCRIPT ERROR: Invalid call. Nonexistent function 'objective_icon_role' in base 'GDScript'.
   at: _rebuild_quests (res://MainGame.gd:2214)
   GDScript backtrace (most recent call first):
       [0] _rebuild_quests (res://MainGame.gd:2214)
       [1] add_progress (res://QuestSystem.gd:35)
       [2] _on_monster_pressed (res://MainGame.gd:1313)
       [3] _tap_monster (res://V2021VisualRuntimeQa.gd:246)
       [4] _wait_render (res://V2021VisualRuntimeQa.gd:174)
SCRIPT ERROR: Invalid call. Nonexistent function 'refresh_home_loop_state' in base 'GDScript'.
   at: _update_monster_ui (res://MainGame.gd:1219)
   GDScript backtrace (most recent call first):
       [0] _update_monster_ui (res://MainGame.gd:1219)
       [1] damage_monster (res://PlayerData.gd:94)
       [2] _on_monster_pressed (res://MainGame.gd:1311)
       [3] _tap_monster (res://V2021VisualRuntimeQa.gd:246)
       [4] _wait_render (res://V2021VisualRuntimeQa.gd:174)
SCRIPT ERROR: Invalid call. Nonexistent function 'style_objective_header' in base 'GDScript'.
   at: _add_objective_header_v152 (res://MainGame.gd:2166)
   GDScript backtrace (most recent call first):
       [0] _add_objective_header_v152 (res://MainGame.gd:2166)
       [1] _rebuild_quests (res://MainGame.gd:2205)
       [2] add_progress (res://QuestSystem.gd:35)
       [3] _on_monster_pressed (res://MainGame.gd:1313)
       [4] _tap_monster (res://V2021VisualRuntimeQa.gd:246)
       [5] _wait_render (res://V2021VisualRuntimeQa.gd:174)
SCRIPT ERROR: Invalid call. Nonexistent function 'objective_icon_role' in base 'GDScript'.
   at: _add_objective_row_v152 (res://MainGame.gd:2181)
   GDScript backtrace (most recent call first):
       [0] _add_objective_row_v152 (res://MainGame.gd:2181)
       [1] _rebuild_quests (res://MainGame.gd:2206)
       [2] add_progress (res://QuestSystem.gd:35)
       [3] _on_monster_pressed (res://MainGame.gd:1313)
       [4] _tap_monster (res://V2021VisualRuntimeQa.gd:246)
       [5] _wait_render (res://V2021VisualRuntimeQa.gd:174)
SCRIPT ERROR: Invalid call. Nonexistent function 'objective_icon_role' in base 'GDScript'.
   at: _add_objective_row_v152 (res://MainGame.gd:2181)
   GDScript backtrace (most recent call first):
       [0] _add_objective_row_v152 (res://MainGame.gd:2181)
       [1] _rebuild_quests (res://MainGame.gd:2206)
       [2] add_progress (res://QuestSystem.gd:35)
       [3] _on_monster_pressed (res://MainGame.gd:1313)
       [4] _tap_monster (res://V2021VisualRuntimeQa.gd:246)
       [5] _wait_render (res://V2021VisualRuntimeQa.gd:174)
SCRIPT ERROR: Invalid call. Nonexistent function 'objective_icon_role' in base 'GDScript'.
   at: _add_objective_row_v152 (res://MainGame.gd:2181)
   GDScript backtrace (most recent call first):
       [0] _add_objective_row_v152 (res://MainGame.gd:2181)
       [1] _rebuild_quests (res://MainGame.gd:2206)
       [2] add_progress (res://QuestSystem.gd:35)
       [3] _on_monster_pressed (res://MainGame.gd:1313)
       [4] _tap_monster (res://V2021VisualRuntimeQa.gd:246)
       [5] _wait_render (res://V2021VisualRuntimeQa.gd:174)
SCRIPT ERROR: Invalid call. Nonexistent function 'style_objective_header' in base 'GDScript'.
   at: _add_objective_header_v152 (res://MainGame.gd:2166)
   GDScript backtrace (most recent call first):
       [0] _add_objective_header_v152 (res://MainGame.gd:2166)
       [1] _rebuild_quests (res://MainGame.gd:2205)
       [2] add_progress (res://QuestSystem.gd:35)
       [3] _on_monster_pressed (res://MainGame.gd:1313)
       [4] _tap_monster (res://V2021VisualRuntimeQa.gd:246)
       [5] _wait_render (res://V2021VisualRuntimeQa.gd:174)
SCRIPT ERROR: Invalid call. Nonexistent function 'objective_icon_role' in base 'GDScript'.
   at: _add_objective_row_v152 (res://MainGame.gd:2181)
   GDScript backtrace (most recent call first):
       [0] _add_objective_row_v152 (res://MainGame.gd:2181)
       [1] _rebuild_quests (res://MainGame.gd:2206)
       [2] add_progress (res://QuestSystem.gd:35)
       [3] _on_monster_pressed (res://MainGame.gd:1313)
       [4] _tap_monster (res://V2021VisualRuntimeQa.gd:246)
       [5] _wait_render (res://V2021VisualRuntimeQa.gd:174)
SCRIPT ERROR: Invalid call. Nonexistent function 'objective_icon_role' in base 'GDScript'.
   at: _add_objective_row_v152 (res://MainGame.gd:2181)
   GDScript backtrace (most recent call first):
       [0] _add_objective_row_v152 (res://MainGame.gd:2181)
       [1] _rebuild_quests (res://MainGame.gd:2206)
       [2] add_progress (res://QuestSystem.gd:35)
       [3] _on_monster_pressed (res://MainGame.gd:1313)
       [4] _tap_monster (res://V2021VisualRuntimeQa.gd:246)
       [5] _wait_render (res://V2021VisualRuntimeQa.gd:174)
SCRIPT ERROR: Invalid call. Nonexistent function 'objective_icon_role' in base 'GDScript'.
   at: _add_objective_row_v152 (res://MainGame.gd:2181)
   GDScript backtrace (most recent call first):
       [0] _add_objective_row_v152 (res://MainGame.gd:2181)
       [1] _rebuild_quests (res://MainGame.gd:2206)
       [2] add_progress (res://QuestSystem.gd:35)
       [3] _on_monster_pressed (res://MainGame.gd:1313)
       [4] _tap_monster (res://V2021VisualRuntimeQa.gd:246)
       [5] _wait_render (res://V2021VisualRuntimeQa.gd:174)
SCRIPT ERROR: Invalid call. Nonexistent function 'style_objective_header' in base 'GDScript'.
   at: _add_objective_header_v152 (res://MainGame.gd:2166)
   GDScript backtrace (most recent call first):
       [0] _add_objective_header_v152 (res://MainGame.gd:2166)
       [1] _rebuild_quests (res://MainGame.gd:2205)
       [2] add_progress (res://QuestSystem.gd:35)
       [3] _on_monster_pressed (res://MainGame.gd:1313)
       [4] _tap_monster (res://V2021VisualRuntimeQa.gd:246)
       [5] _wait_render (res://V2021VisualRuntimeQa.gd:174)
SCRIPT ERROR: Invalid call. Nonexistent function 'objective_icon_role' in base 'GDScript'.
   at: _add_objective_row_v152 (res://MainGame.gd:2181)
   GDScript backtrace (most recent call first):
       [0] _add_objective_row_v152 (res://MainGame.gd:2181)
       [1] _rebuild_quests (res://MainGame.gd:2206)
       [2] add_progress (res://QuestSystem.gd:35)
       [3] _on_monster_pressed (res://MainGame.gd:1313)
       [4] _tap_monster (res://V2021VisualRuntimeQa.gd:246)
       [5] _wait_render (res://V2021VisualRuntimeQa.gd:174)
SCRIPT ERROR: Invalid call. Nonexistent function 'objective_icon_role' in base 'GDScript'.
   at: _add_objective_row_v152 (res://MainGame.gd:2181)
   GDScript backtrace (most recent call first):
       [0] _add_objective_row_v152 (res://MainGame.gd:2181)
       [1] _rebuild_quests (res://MainGame.gd:2206)
       [2] add_progress (res://QuestSystem.gd:35)
       [3] _on_monster_pressed (res://MainGame.gd:1313)
       [4] _tap_monster (res://V2021VisualRuntimeQa.gd:246)
       [5] _wait_render (res://V2021VisualRuntimeQa.gd:174)
SCRIPT ERROR: Invalid call. Nonexistent function 'objective_icon_role' in base 'GDScript'.
   at: _add_objective_row_v152 (res://MainGame.gd:2181)
   GDScript backtrace (most recent call first):
       [0] _add_objective_row_v152 (res://MainGame.gd:2181)
       [1] _rebuild_quests (res://MainGame.gd:2206)
       [2] add_progress (res://QuestSystem.gd:35)
       [3] _on_monster_pressed (res://MainGame.gd:1313)
       [4] _tap_monster (res://V2021VisualRuntimeQa.gd:246)
       [5] _wait_render (res://V2021VisualRuntimeQa.gd:174)
SCRIPT ERROR: Invalid call. Nonexistent function 'objective_icon_role' in base 'GDScript'.
   at: _add_objective_row_v152 (res://MainGame.gd:2181)
   GDScript backtrace (most recent call first):
       [0] _add_objective_row_v152 (res://MainGame.gd:2181)
       [1] _rebuild_quests (res://MainGame.gd:2206)
       [2] add_progress (res://QuestSystem.gd:35)
       [3] _on_monster_pressed (res://MainGame.gd:1313)
       [4] _tap_monster (res://V2021VisualRuntimeQa.gd:246)
       [5] _wait_render (res://V2021VisualRuntimeQa.gd:174)
SCRIPT ERROR: Invalid call. Nonexistent function 'objective_icon_role' in base 'GDScript'.
   at: _add_objective_row_v152 (res://MainGame.gd:2181)
   GDScript backtrace (most recent call first):
       [0] _add_objective_row_v152 (res://MainGame.gd:2181)
       [1] _rebuild_quests (res://MainGame.gd:2206)
       [2] add_progress (res://QuestSystem.gd:35)
       [3] _on_monster_pressed (res://MainGame.gd:1313)
       [4] _tap_monster (res://V2021VisualRuntimeQa.gd:246)
       [5] _wait_render (res://V2021VisualRuntimeQa.gd:174)
SCRIPT ERROR: Invalid call. Nonexistent function 'style_objective_header' in base 'GDScript'.
   at: _add_objective_header_v152 (res://MainGame.gd:2166)
   GDScript backtrace (most recent call first):
       [0] _add_objective_header_v152 (res://MainGame.gd:2166)
       [1] _rebuild_quests (res://MainGame.gd:2207)
       [2] add_progress (res://QuestSystem.gd:35)
       [3] _on_monster_pressed (res://MainGame.gd:1313)
       [4] _tap_monster (res://V2021VisualRuntimeQa.gd:246)
       [5] _wait_render (res://V2021VisualRuntimeQa.gd:174)
SCRIPT ERROR: Invalid call. Nonexistent function 'objective_icon_role' in base 'GDScript'.
   at: _rebuild_quests (res://MainGame.gd:2214)
   GDScript backtrace (most recent call first):
       [0] _rebuild_quests (res://MainGame.gd:2214)
       [1] add_progress (res://QuestSystem.gd:35)
       [2] _on_monster_pressed (res://MainGame.gd:1313)
       [3] _tap_monster (res://V2021VisualRuntimeQa.gd:246)
       [4] _wait_render (res://V2021VisualRuntimeQa.gd:174)
SCRIPT ERROR: Invalid call. Nonexistent function 'refresh_home_loop_state' in base 'GDScript'.
   at: _update_monster_ui (res://MainGame.gd:1219)
   GDScript backtrace (most recent call first):
       [0] _update_monster_ui (res://MainGame.gd:1219)
       [1] damage_monster (res://PlayerData.gd:94)
       [2] _on_monster_pressed (res://MainGame.gd:1311)
       [3] _tap_monster (res://V2021VisualRuntimeQa.gd:246)
       [4] _wait_render (res://V2021VisualRuntimeQa.gd:174)
SCRIPT ERROR: Invalid call. Nonexistent function 'style_objective_header' in base 'GDScript'.
   at: _add_objective_header_v152 (res://MainGame.gd:2166)
   GDScript backtrace (most recent call first):
       [0] _add_objective_header_v152 (res://MainGame.gd:2166)
       [1] _rebuild_quests (res://MainGame.gd:2205)
       [2] add_progress (res://QuestSystem.gd:35)
       [3] _on_monster_pressed (res://MainGame.gd:1313)
       [4] _tap_monster (res://V2021VisualRuntimeQa.gd:246)
       [5] _wait_render (res://V2021VisualRuntimeQa.gd:174)
SCRIPT ERROR: Invalid call. Nonexistent function 'objective_icon_role' in base 'GDScript'.
   at: _add_objective_row_v152 (res://MainGame.gd:2181)
   GDScript backtrace (most recent call first):
       [0] _add_objective_row_v152 (res://MainGame.gd:2181)
       [1] _rebuild_quests (res://MainGame.gd:2206)
       [2] add_progress (res://QuestSystem.gd:35)
       [3] _on_monster_pressed (res://MainGame.gd:1313)
       [4] _tap_monster (res://V2021VisualRuntimeQa.gd:246)
       [5] _wait_render (res://V2021VisualRuntimeQa.gd:174)
SCRIPT ERROR: Invalid call. Nonexistent function 'objective_icon_role' in base 'GDScript'.
   at: _add_objective_row_v152 (res://MainGame.gd:2181)
   GDScript backtrace (most recent call first):
       [0] _add_objective_row_v152 (res://MainGame.gd:2181)
       [1] _rebuild_quests (res://MainGame.gd:2206)
       [2] add_progress (res://QuestSystem.gd:35)
       [3] _on_monster_pressed (res://MainGame.gd:1313)
       [4] _tap_monster (res://V2021VisualRuntimeQa.gd:246)
       [5] _wait_render (res://V2021VisualRuntimeQa.gd:174)
SCRIPT ERROR: Invalid call. Nonexistent function 'objective_icon_role' in base 'GDScript'.
   at: _add_objective_row_v152 (res://MainGame.gd:2181)
   GDScript backtrace (most recent call first):
       [0] _add_objective_row_v152 (res://MainGame.gd:2181)
       [1] _rebuild_quests (res://MainGame.gd:2206)
       [2] add_progress (res://QuestSystem.gd:35)
       [3] _on_monster_pressed (res://MainGame.gd:1313)
       [4] _tap_monster (res://V2021VisualRuntimeQa.gd:246)
       [5] _wait_render (res://V2021VisualRuntimeQa.gd:174)
SCRIPT ERROR: Invalid call. Nonexistent function 'style_objective_header' in base 'GDScript'.
   at: _add_objective_header_v152 (res://MainGame.gd:2166)
   GDScript backtrace (most recent call first):
       [0] _add_objective_header_v152 (res://MainGame.gd:2166)
       [1] _rebuild_quests (res://MainGame.gd:2205)
       [2] add_progress (res://QuestSystem.gd:35)
       [3] _on_monster_pressed (res://MainGame.gd:1313)
       [4] _tap_monster (res://V2021VisualRuntimeQa.gd:246)
       [5] _wait_render (res://V2021VisualRuntimeQa.gd:174)
SCRIPT ERROR: Invalid call. Nonexistent function 'objective_icon_role' in base 'GDScript'.
   at: _add_objective_row_v152 (res://MainGame.gd:2181)
   GDScript backtrace (most recent call first):
       [0] _add_objective_row_v152 (res://MainGame.gd:2181)
       [1] _rebuild_quests (res://MainGame.gd:2206)
       [2] add_progress (res://QuestSystem.gd:35)
       [3] _on_monster_pressed (res://MainGame.gd:1313)
       [4] _tap_monster (res://V2021VisualRuntimeQa.gd:246)
       [5] _wait_render (res://V2021VisualRuntimeQa.gd:174)
SCRIPT ERROR: Invalid call. Nonexistent function 'objective_icon_role' in base 'GDScript'.
   at: _add_objective_row_v152 (res://MainGame.gd:2181)
   GDScript backtrace (most recent call first):
       [0] _add_objective_row_v152 (res://MainGame.gd:2181)
       [1] _rebuild_quests (res://MainGame.gd:2206)
       [2] add_progress (res://QuestSystem.gd:35)
       [3] _on_monster_pressed (res://MainGame.gd:1313)
       [4] _tap_monster (res://V2021VisualRuntimeQa.gd:246)
       [5] _wait_render (res://V2021VisualRuntimeQa.gd:174)
SCRIPT ERROR: Invalid call. Nonexistent function 'objective_icon_role' in base 'GDScript'.
   at: _add_objective_row_v152 (res://MainGame.gd:2181)
   GDScript backtrace (most recent call first):
       [0] _add_objective_row_v152 (res://MainGame.gd:2181)
       [1] _rebuild_quests (res://MainGame.gd:2206)
       [2] add_progress (res://QuestSystem.gd:35)
       [3] _on_monster_pressed (res://MainGame.gd:1313)
       [4] _tap_monster (res://V2021VisualRuntimeQa.gd:246)
       [5] _wait_render (res://V2021VisualRuntimeQa.gd:174)
SCRIPT ERROR: Invalid call. Nonexistent function 'style_objective_header' in base 'GDScript'.
   at: _add_objective_header_v152 (res://MainGame.gd:2166)
   GDScript backtrace (most recent call first):
       [0] _add_objective_header_v152 (res://MainGame.gd:2166)
       [1] _rebuild_quests (res://MainGame.gd:2205)
       [2] add_progress (res://QuestSystem.gd:35)
       [3] _on_monster_pressed (res://MainGame.gd:1313)
       [4] _tap_monster (res://V2021VisualRuntimeQa.gd:246)
       [5] _wait_render (res://V2021VisualRuntimeQa.gd:174)
SCRIPT ERROR: Invalid call. Nonexistent function 'objective_icon_role' in base 'GDScript'.
   at: _add_objective_row_v152 (res://MainGame.gd:2181)
   GDScript backtrace (most recent call first):
       [0] _add_objective_row_v152 (res://MainGame.gd:2181)
       [1] _rebuild_quests (res://MainGame.gd:2206)
       [2] add_progress (res://QuestSystem.gd:35)
       [3] _on_monster_pressed (res://MainGame.gd:1313)
       [4] _tap_monster (res://V2021VisualRuntimeQa.gd:246)
       [5] _wait_render (res://V2021VisualRuntimeQa.gd:174)
SCRIPT ERROR: Invalid call. Nonexistent function 'objective_icon_role' in base 'GDScript'.
   at: _add_objective_row_v152 (res://MainGame.gd:2181)
   GDScript backtrace (most recent call first):
       [0] _add_objective_row_v152 (res://MainGame.gd:2181)
       [1] _rebuild_quests (res://MainGame.gd:2206)
       [2] add_progress (res://QuestSystem.gd:35)
       [3] _on_monster_pressed (res://MainGame.gd:1313)
       [4] _tap_monster (res://V2021VisualRuntimeQa.gd:246)
       [5] _wait_render (res://V2021VisualRuntimeQa.gd:174)
SCRIPT ERROR: Invalid call. Nonexistent function 'objective_icon_role' in base 'GDScript'.
   at: _add_objective_row_v152 (res://MainGame.gd:2181)
   GDScript backtrace (most recent call first):
       [0] _add_objective_row_v152 (res://MainGame.gd:2181)
       [1] _rebuild_quests (res://MainGame.gd:2206)
       [2] add_progress (res://QuestSystem.gd:35)
       [3] _on_monster_pressed (res://MainGame.gd:1313)
       [4] _tap_monster (res://V2021VisualRuntimeQa.gd:246)
       [5] _wait_render (res://V2021VisualRuntimeQa.gd:174)
SCRIPT ERROR: Invalid call. Nonexistent function 'objective_icon_role' in base 'GDScript'.
   at: _add_objective_row_v152 (res://MainGame.gd:2181)
   GDScript backtrace (most recent call first):
       [0] _add_objective_row_v152 (res://MainGame.gd:2181)
       [1] _rebuild_quests (res://MainGame.gd:2206)
       [2] add_progress (res://QuestSystem.gd:35)
       [3] _on_monster_pressed (res://MainGame.gd:1313)
       [4] _tap_monster (res://V2021VisualRuntimeQa.gd:246)
       [5] _wait_render (res://V2021VisualRuntimeQa.gd:174)
SCRIPT ERROR: Invalid call. Nonexistent function 'objective_icon_role' in base 'GDScript'.
   at: _add_objective_row_v152 (res://MainGame.gd:2181)
   GDScript backtrace (most recent call first):
       [0] _add_objective_row_v152 (res://MainGame.gd:2181)
       [1] _rebuild_quests (res://MainGame.gd:2206)
       [2] add_progress (res://QuestSystem.gd:35)
       [3] _on_monster_pressed (res://MainGame.gd:1313)
       [4] _tap_monster (res://V2021VisualRuntimeQa.gd:246)
       [5] _wait_render (res://V2021VisualRuntimeQa.gd:174)
SCRIPT ERROR: Invalid call. Nonexistent function 'style_objective_header' in base 'GDScript'.
   at: _add_objective_header_v152 (res://MainGame.gd:2166)
   GDScript backtrace (most recent call first):
       [0] _add_objective_header_v152 (res://MainGame.gd:2166)
       [1] _rebuild_quests (res://MainGame.gd:2207)
       [2] add_progress (res://QuestSystem.gd:35)
       [3] _on_monster_pressed (res://MainGame.gd:1313)
       [4] _tap_monster (res://V2021VisualRuntimeQa.gd:246)
       [5] _wait_render (res://V2021VisualRuntimeQa.gd:174)
SCRIPT ERROR: Invalid call. Nonexistent function 'objective_icon_role' in base 'GDScript'.
   at: _rebuild_quests (res://MainGame.gd:2214)
   GDScript backtrace (most recent call first):
       [0] _rebuild_quests (res://MainGame.gd:2214)
       [1] add_progress (res://QuestSystem.gd:35)
       [2] _on_monster_pressed (res://MainGame.gd:1313)
       [3] _tap_monster (res://V2021VisualRuntimeQa.gd:246)
       [4] _wait_render (res://V2021VisualRuntimeQa.gd:174)
SCRIPT ERROR: Invalid call. Nonexistent function 'refresh_home_loop_state' in base 'GDScript'.
   at: _update_monster_ui (res://MainGame.gd:1219)
   GDScript backtrace (most recent call first):
       [0] _update_monster_ui (res://MainGame.gd:1219)
       [1] damage_monster (res://PlayerData.gd:94)
       [2] _on_monster_pressed (res://MainGame.gd:1311)
       [3] _tap_monster (res://V2021VisualRuntimeQa.gd:246)
       [4] _wait_render (res://V2021VisualRuntimeQa.gd:174)
SCRIPT ERROR: Invalid call. Nonexistent function 'style_objective_header' in base 'GDScript'.
   at: _add_objective_header_v152 (res://MainGame.gd:2166)
   GDScript backtrace (most recent call first):
       [0] _add_objective_header_v152 (res://MainGame.gd:2166)
       [1] _rebuild_quests (res://MainGame.gd:2205)
       [2] add_progress (res://QuestSystem.gd:35)
       [3] _on_monster_pressed (res://MainGame.gd:1313)
       [4] _tap_monster (res://V2021VisualRuntimeQa.gd:246)
       [5] _wait_render (res://V2021VisualRuntimeQa.gd:174)
SCRIPT ERROR: Invalid call. Nonexistent function 'objective_icon_role' in base 'GDScript'.
   at: _add_objective_row_v152 (res://MainGame.gd:2181)
   GDScript backtrace (most recent call first):
       [0] _add_objective_row_v152 (res://MainGame.gd:2181)
       [1] _rebuild_quests (res://MainGame.gd:2206)
       [2] add_progress (res://QuestSystem.gd:35)
       [3] _on_monster_pressed (res://MainGame.gd:1313)
       [4] _tap_monster (res://V2021VisualRuntimeQa.gd:246)
       [5] _wait_render (res://V2021VisualRuntimeQa.gd:174)
SCRIPT ERROR: Invalid call. Nonexistent function 'objective_icon_role' in base 'GDScript'.
   at: _add_objective_row_v152 (res://MainGame.gd:2181)
   GDScript backtrace (most recent call first):
       [0] _add_objective_row_v152 (res://MainGame.gd:2181)
       [1] _rebuild_quests (res://MainGame.gd:2206)
       [2] add_progress (res://QuestSystem.gd:35)
       [3] _on_monster_pressed (res://MainGame.gd:1313)
       [4] _tap_monster (res://V2021VisualRuntimeQa.gd:246)
       [5] _wait_render (res://V2021VisualRuntimeQa.gd:174)
SCRIPT ERROR: Invalid call. Nonexistent function 'objective_icon_role' in base 'GDScript'.
   at: _add_objective_row_v152 (res://MainGame.gd:2181)
   GDScript backtrace (most recent call first):
       [0] _add_objective_row_v152 (res://MainGame.gd:2181)
       [1] _rebuild_quests (res://MainGame.gd:2206)
       [2] add_progress (res://QuestSystem.gd:35)
       [3] _on_monster_pressed (res://MainGame.gd:1313)
       [4] _tap_monster (res://V2021VisualRuntimeQa.gd:246)
       [5] _wait_render (res://V2021VisualRuntimeQa.gd:174)
SCRIPT ERROR: Invalid call. Nonexistent function 'style_objective_header' in base 'GDScript'.
   at: _add_objective_header_v152 (res://MainGame.gd:2166)
   GDScript backtrace (most recent call first):
       [0] _add_objective_header_v152 (res://MainGame.gd:2166)
       [1] _rebuild_quests (res://MainGame.gd:2205)
       [2] add_progress (res://QuestSystem.gd:35)
       [3] _on_monster_pressed (res://MainGame.gd:1313)
       [4] _tap_monster (res://V2021VisualRuntimeQa.gd:246)
       [5] _wait_render (res://V2021VisualRuntimeQa.gd:174)
SCRIPT ERROR: Invalid call. Nonexistent function 'objective_icon_role' in base 'GDScript'.
   at: _add_objective_row_v152 (res://MainGame.gd:2181)
   GDScript backtrace (most recent call first):
       [0] _add_objective_row_v152 (res://MainGame.gd:2181)
       [1] _rebuild_quests (res://MainGame.gd:2206)
       [2] add_progress (res://QuestSystem.gd:35)
       [3] _on_monster_pressed (res://MainGame.gd:1313)
       [4] _tap_monster (res://V2021VisualRuntimeQa.gd:246)
       [5] _wait_render (res://V2021VisualRuntimeQa.gd:174)
SCRIPT ERROR: Invalid call. Nonexistent function 'objective_icon_role' in base 'GDScript'.
   at: _add_objective_row_v152 (res://MainGame.gd:2181)
   GDScript backtrace (most recent call first):
       [0] _add_objective_row_v152 (res://MainGame.gd:2181)
       [1] _rebuild_quests (res://MainGame.gd:2206)
       [2] add_progress (res://QuestSystem.gd:35)
       [3] _on_monster_pressed (res://MainGame.gd:1313)
       [4] _tap_monster (res://V2021VisualRuntimeQa.gd:246)
       [5] _wait_render (res://V2021VisualRuntimeQa.gd:174)
SCRIPT ERROR: Invalid call. Nonexistent function 'objective_icon_role' in base 'GDScript'.
   at: _add_objective_row_v152 (res://MainGame.gd:2181)
   GDScript backtrace (most recent call first):
       [0] _add_objective_row_v152 (res://MainGame.gd:2181)
       [1] _rebuild_quests (res://MainGame.gd:2206)
       [2] add_progress (res://QuestSystem.gd:35)
       [3] _on_monster_pressed (res://MainGame.gd:1313)
       [4] _tap_monster (res://V2021VisualRuntimeQa.gd:246)
       [5] _wait_render (res://V2021VisualRuntimeQa.gd:174)
SCRIPT ERROR: Invalid call. Nonexistent function 'style_objective_header' in base 'GDScript'.
   at: _add_objective_header_v152 (res://MainGame.gd:2166)
   GDScript backtrace (most recent call first):
       [0] _add_objective_header_v152 (res://MainGame.gd:2166)
       [1] _rebuild_quests (res://MainGame.gd:2205)
       [2] add_progress (res://QuestSystem.gd:35)
       [3] _on_monster_pressed (res://MainGame.gd:1313)
       [4] _tap_monster (res://V2021VisualRuntimeQa.gd:246)
       [5] _wait_render (res://V2021VisualRuntimeQa.gd:174)
SCRIPT ERROR: Invalid call. Nonexistent function 'objective_icon_role' in base 'GDScript'.
   at: _add_objective_row_v152 (res://MainGame.gd:2181)
   GDScript backtrace (most recent call first):
       [0] _add_objective_row_v152 (res://MainGame.gd:2181)
       [1] _rebuild_quests (res://MainGame.gd:2206)
       [2] add_progress (res://QuestSystem.gd:35)
       [3] _on_monster_pressed (res://MainGame.gd:1313)
       [4] _tap_monster (res://V2021VisualRuntimeQa.gd:246)
       [5] _wait_render (res://V2021VisualRuntimeQa.gd:174)
SCRIPT ERROR: Invalid call. Nonexistent function 'objective_icon_role' in base 'GDScript'.
   at: _add_objective_row_v152 (res://MainGame.gd:2181)
   GDScript backtrace (most recent call first):
       [0] _add_objective_row_v152 (res://MainGame.gd:2181)
       [1] _rebuild_quests (res://MainGame.gd:2206)
       [2] add_progress (res://QuestSystem.gd:35)
       [3] _on_monster_pressed (res://MainGame.gd:1313)
       [4] _tap_monster (res://V2021VisualRuntimeQa.gd:246)
       [5] _wait_render (res://V2021VisualRuntimeQa.gd:174)
SCRIPT ERROR: Invalid call. Nonexistent function 'objective_icon_role' in base 'GDScript'.
   at: _add_objective_row_v152 (res://MainGame.gd:2181)
   GDScript backtrace (most recent call first):
       [0] _add_objective_row_v152 (res://MainGame.gd:2181)
       [1] _rebuild_quests (res://MainGame.gd:2206)
       [2] add_progress (res://QuestSystem.gd:35)
       [3] _on_monster_pressed (res://MainGame.gd:1313)
       [4] _tap_monster (res://V2021VisualRuntimeQa.gd:246)
       [5] _wait_render (res://V2021VisualRuntimeQa.gd:174)
SCRIPT ERROR: Invalid call. Nonexistent function 'objective_icon_role' in base 'GDScript'.
   at: _add_objective_row_v152 (res://MainGame.gd:2181)
   GDScript backtrace (most recent call first):
       [0] _add_objective_row_v152 (res://MainGame.gd:2181)
       [1] _rebuild_quests (res://MainGame.gd:2206)
       [2] add_progress (res://QuestSystem.gd:35)
       [3] _on_monster_pressed (res://MainGame.gd:1313)
       [4] _tap_monster (res://V2021VisualRuntimeQa.gd:246)
       [5] _wait_render (res://V2021VisualRuntimeQa.gd:174)
SCRIPT ERROR: Invalid call. Nonexistent function 'objective_icon_role' in base 'GDScript'.
   at: _add_objective_row_v152 (res://MainGame.gd:2181)
   GDScript backtrace (most recent call first):
       [0] _add_objective_row_v152 (res://MainGame.gd:2181)
       [1] _rebuild_quests (res://MainGame.gd:2206)
       [2] add_progress (res://QuestSystem.gd:35)
       [3] _on_monster_pressed (res://MainGame.gd:1313)
       [4] _tap_monster (res://V2021VisualRuntimeQa.gd:246)
       [5] _wait_render (res://V2021VisualRuntimeQa.gd:174)
SCRIPT ERROR: Invalid call. Nonexistent function 'style_objective_header' in base 'GDScript'.
   at: _add_objective_header_v152 (res://MainGame.gd:2166)
   GDScript backtrace (most recent call first):
       [0] _add_objective_header_v152 (res://MainGame.gd:2166)
       [1] _rebuild_quests (res://MainGame.gd:2207)
       [2] add_progress (res://QuestSystem.gd:35)
       [3] _on_monster_pressed (res://MainGame.gd:1313)
       [4] _tap_monster (res://V2021VisualRuntimeQa.gd:246)
       [5] _wait_render (res://V2021VisualRuntimeQa.gd:174)
SCRIPT ERROR: Invalid call. Nonexistent function 'objective_icon_role' in base 'GDScript'.
   at: _rebuild_quests (res://MainGame.gd:2214)
   GDScript backtrace (most recent call first):
       [0] _rebuild_quests (res://MainGame.gd:2214)
       [1] add_progress (res://QuestSystem.gd:35)
       [2] _on_monster_pressed (res://MainGame.gd:1313)
       [3] _tap_monster (res://V2021VisualRuntimeQa.gd:246)
       [4] _wait_render (res://V2021VisualRuntimeQa.gd:174)
SCRIPT ERROR: Invalid call. Nonexistent function 'refresh_home_loop_state' in base 'GDScript'.
   at: _update_monster_ui (res://MainGame.gd:1219)
   GDScript backtrace (most recent call first):
       [0] _update_monster_ui (res://MainGame.gd:1219)
       [1] _refresh_all (res://MainGame.gd:675)
       [2] add_gold (res://PlayerData.gd:39)
       [3] reward_monster_kill (res://PlayerData.gd:99)
       [4] commit_defeat (res://MonsterDefeatService.gd:66)
       [5] _on_monster_pressed (res://MainGame.gd:1323)
       [6] _tap_monster (res://V2021VisualRuntimeQa.gd:246)
       [7] _wait_render (res://V2021VisualRuntimeQa.gd:174)
SCRIPT ERROR: Invalid call. Nonexistent function 'refresh_village_loop_state' in base 'GDScript'.
   at: _refresh_p0_village (res://MainGame.gd:2410)
   GDScript backtrace (most recent call first):
       [0] _refresh_p0_village (res://MainGame.gd:2410)
       [1] _refresh_all (res://MainGame.gd:680)
       [2] add_gold (res://PlayerData.gd:39)
       [3] reward_monster_kill (res://PlayerData.gd:99)
       [4] commit_defeat (res://MonsterDefeatService.gd:66)
       [5] _on_monster_pressed (res://MainGame.gd:1323)
       [6] _tap_monster (res://V2021VisualRuntimeQa.gd:246)
       [7] _wait_render (res://V2021VisualRuntimeQa.gd:174)
SCRIPT ERROR: Invalid call. Nonexistent function 'refresh_reward_session_state' in base 'GDScript'.
   at: _refresh_meta_ui (res://MainGame.gd:1004)
   GDScript backtrace (most recent call first):
       [0] _refresh_meta_ui (res://MainGame.gd:1004)
       [1] _refresh_all (res://MainGame.gd:683)
       [2] add_gold (res://PlayerData.gd:39)
       [3] reward_monster_kill (res://PlayerData.gd:99)
       [4] commit_defeat (res://MonsterDefeatService.gd:66)
       [5] _on_monster_pressed (res://MainGame.gd:1323)
       [6] _tap_monster (res://V2021VisualRuntimeQa.gd:246)
       [7] _wait_render (res://V2021VisualRuntimeQa.gd:174)
SCRIPT ERROR: Invalid call. Nonexistent function 'style_objective_header' in base 'GDScript'.
   at: _add_objective_header_v152 (res://MainGame.gd:2166)
   GDScript backtrace (most recent call first):
       [0] _add_objective_header_v152 (res://MainGame.gd:2166)
       [1] _rebuild_quests (res://MainGame.gd:2205)
       [2] _refresh_all (res://MainGame.gd:688)
       [3] add_gold (res://PlayerData.gd:39)
       [4] reward_monster_kill (res://PlayerData.gd:99)
       [5] commit_defeat (res://MonsterDefeatService.gd:66)
       [6] _on_monster_pressed (res://MainGame.gd:1323)
       [7] _tap_monster (res://V2021VisualRuntimeQa.gd:246)
       [8] _wait_render (res://V2021VisualRuntimeQa.gd:174)
SCRIPT ERROR: Invalid call. Nonexistent function 'objective_icon_role' in base 'GDScript'.
   at: _add_objective_row_v152 (res://MainGame.gd:2181)
   GDScript backtrace (most recent call first):
       [0] _add_objective_row_v152 (res://MainGame.gd:2181)
       [1] _rebuild_quests (res://MainGame.gd:2206)
       [2] _refresh_all (res://MainGame.gd:688)
       [3] add_gold (res://PlayerData.gd:39)
       [4] reward_monster_kill (res://PlayerData.gd:99)
       [5] commit_defeat (res://MonsterDefeatService.gd:66)
       [6] _on_monster_pressed (res://MainGame.gd:1323)
       [7] _tap_monster (res://V2021VisualRuntimeQa.gd:246)
       [8] _wait_render (res://V2021VisualRuntimeQa.gd:174)
SCRIPT ERROR: Invalid call. Nonexistent function 'objective_icon_role' in base 'GDScript'.
   at: _add_objective_row_v152 (res://MainGame.gd:2181)
   GDScript backtrace (most recent call first):
       [0] _add_objective_row_v152 (res://MainGame.gd:2181)
       [1] _rebuild_quests (res://MainGame.gd:2206)
       [2] _refresh_all (res://MainGame.gd:688)
       [3] add_gold (res://PlayerData.gd:39)
       [4] reward_monster_kill (res://PlayerData.gd:99)
       [5] commit_defeat (res://MonsterDefeatService.gd:66)
       [6] _on_monster_pressed (res://MainGame.gd:1323)
       [7] _tap_monster (res://V2021VisualRuntimeQa.gd:246)
       [8] _wait_render (res://V2021VisualRuntimeQa.gd:174)
SCRIPT ERROR: Invalid call. Nonexistent function 'objective_icon_role' in base 'GDScript'.
   at: _add_objective_row_v152 (res://MainGame.gd:2181)
   GDScript backtrace (most recent call first):
       [0] _add_objective_row_v152 (res://MainGame.gd:2181)
       [1] _rebuild_quests (res://MainGame.gd:2206)
       [2] _refresh_all (res://MainGame.gd:688)
       [3] add_gold (res://PlayerData.gd:39)
       [4] reward_monster_kill (res://PlayerData.gd:99)
       [5] commit_defeat (res://MonsterDefeatService.gd:66)
       [6] _on_monster_pressed (res://MainGame.gd:1323)
       [7] _tap_monster (res://V2021VisualRuntimeQa.gd:246)
       [8] _wait_render (res://V2021VisualRuntimeQa.gd:174)
SCRIPT ERROR: Invalid call. Nonexistent function 'style_objective_header' in base 'GDScript'.
   at: _add_objective_header_v152 (res://MainGame.gd:2166)
   GDScript backtrace (most recent call first):
       [0] _add_objective_header_v152 (res://MainGame.gd:2166)
       [1] _rebuild_quests (res://MainGame.gd:2205)
       [2] _refresh_all (res://MainGame.gd:688)
       [3] add_gold (res://PlayerData.gd:39)
       [4] reward_monster_kill (res://PlayerData.gd:99)
       [5] commit_defeat (res://MonsterDefeatService.gd:66)
       [6] _on_monster_pressed (res://MainGame.gd:1323)
       [7] _tap_monster (res://V2021VisualRuntimeQa.gd:246)
       [8] _wait_render (res://V2021VisualRuntimeQa.gd:174)
SCRIPT ERROR: Invalid call. Nonexistent function 'objective_icon_role' in base 'GDScript'.
   at: _add_objective_row_v152 (res://MainGame.gd:2181)
   GDScript backtrace (most recent call first):
       [0] _add_objective_row_v152 (res://MainGame.gd:2181)
       [1] _rebuild_quests (res://MainGame.gd:2206)
       [2] _refresh_all (res://MainGame.gd:688)
       [3] add_gold (res://PlayerData.gd:39)
       [4] reward_monster_kill (res://PlayerData.gd:99)
       [5] commit_defeat (res://MonsterDefeatService.gd:66)
       [6] _on_monster_pressed (res://MainGame.gd:1323)
       [7] _tap_monster (res://V2021VisualRuntimeQa.gd:246)
       [8] _wait_render (res://V2021VisualRuntimeQa.gd:174)
SCRIPT ERROR: Invalid call. Nonexistent function 'objective_icon_role' in base 'GDScript'.
   at: _add_objective_row_v152 (res://MainGame.gd:2181)
   GDScript backtrace (most recent call first):
       [0] _add_objective_row_v152 (res://MainGame.gd:2181)
       [1] _rebuild_quests (res://MainGame.gd:2206)
       [2] _refresh_all (res://MainGame.gd:688)
       [3] add_gold (res://PlayerData.gd:39)
       [4] reward_monster_kill (res://PlayerData.gd:99)
       [5] commit_defeat (res://MonsterDefeatService.gd:66)
       [6] _on_monster_pressed (res://MainGame.gd:1323)
       [7] _tap_monster (res://V2021VisualRuntimeQa.gd:246)
       [8] _wait_render (res://V2021VisualRuntimeQa.gd:174)
SCRIPT ERROR: Invalid call. Nonexistent function 'objective_icon_role' in base 'GDScript'.
   at: _add_objective_row_v152 (res://MainGame.gd:2181)
   GDScript backtrace (most recent call first):
       [0] _add_objective_row_v152 (res://MainGame.gd:2181)
       [1] _rebuild_quests (res://MainGame.gd:2206)
       [2] _refresh_all (res://MainGame.gd:688)
       [3] add_gold (res://PlayerData.gd:39)
       [4] reward_monster_kill (res://PlayerData.gd:99)
       [5] commit_defeat (res://MonsterDefeatService.gd:66)
       [6] _on_monster_pressed (res://MainGame.gd:1323)
       [7] _tap_monster (res://V2021VisualRuntimeQa.gd:246)
       [8] _wait_render (res://V2021VisualRuntimeQa.gd:174)
SCRIPT ERROR: Invalid call. Nonexistent function 'style_objective_header' in base 'GDScript'.
   at: _add_objective_header_v152 (res://MainGame.gd:2166)
   GDScript backtrace (most recent call first):
       [0] _add_objective_header_v152 (res://MainGame.gd:2166)
       [1] _rebuild_quests (res://MainGame.gd:2205)
       [2] _refresh_all (res://MainGame.gd:688)
       [3] add_gold (res://PlayerData.gd:39)
       [4] reward_monster_kill (res://PlayerData.gd:99)
       [5] commit_defeat (res://MonsterDefeatService.gd:66)
       [6] _on_monster_pressed (res://MainGame.gd:1323)
       [7] _tap_monster (res://V2021VisualRuntimeQa.gd:246)
       [8] _wait_render (res://V2021VisualRuntimeQa.gd:174)
SCRIPT ERROR: Invalid call. Nonexistent function 'objective_icon_role' in base 'GDScript'.
   at: _add_objective_row_v152 (res://MainGame.gd:2181)
   GDScript backtrace (most recent call first):
       [0] _add_objective_row_v152 (res://MainGame.gd:2181)
       [1] _rebuild_quests (res://MainGame.gd:2206)
       [2] _refresh_all (res://MainGame.gd:688)
       [3] add_gold (res://PlayerData.gd:39)
       [4] reward_monster_kill (res://PlayerData.gd:99)
       [5] commit_defeat (res://MonsterDefeatService.gd:66)
       [6] _on_monster_pressed (res://MainGame.gd:1323)
       [7] _tap_monster (res://V2021VisualRuntimeQa.gd:246)
       [8] _wait_render (res://V2021VisualRuntimeQa.gd:174)
SCRIPT ERROR: Invalid call. Nonexistent function 'objective_icon_role' in base 'GDScript'.
   at: _add_objective_row_v152 (res://MainGame.gd:2181)
   GDScript backtrace (most recent call first):
       [0] _add_objective_row_v152 (res://MainGame.gd:2181)
       [1] _rebuild_quests (res://MainGame.gd:2206)
       [2] _refresh_all (res://MainGame.gd:688)
       [3] add_gold (res://PlayerData.gd:39)
       [4] reward_monster_kill (res://PlayerData.gd:99)
       [5] commit_defeat (res://MonsterDefeatService.gd:66)
       [6] _on_monster_pressed (res://MainGame.gd:1323)
       [7] _tap_monster (res://V2021VisualRuntimeQa.gd:246)
       [8] _wait_render (res://V2021VisualRuntimeQa.gd:174)
SCRIPT ERROR: Invalid call. Nonexistent function 'objective_icon_role' in base 'GDScript'.
   at: _add_objective_row_v152 (res://MainGame.gd:2181)
   GDScript backtrace (most recent call first):
       [0] _add_objective_row_v152 (res://MainGame.gd:2181)
       [1] _rebuild_quests (res://MainGame.gd:2206)
       [2] _refresh_all (res://MainGame.gd:688)
       [3] add_gold (res://PlayerData.gd:39)
       [4] reward_monster_kill (res://PlayerData.gd:99)
       [5] commit_defeat (res://MonsterDefeatService.gd:66)
       [6] _on_monster_pressed (res://MainGame.gd:1323)
       [7] _tap_monster (res://V2021VisualRuntimeQa.gd:246)
       [8] _wait_render (res://V2021VisualRuntimeQa.gd:174)
SCRIPT ERROR: Invalid call. Nonexistent function 'objective_icon_role' in base 'GDScript'.
   at: _add_objective_row_v152 (res://MainGame.gd:2181)
   GDScript backtrace (most recent call first):
       [0] _add_objective_row_v152 (res://MainGame.gd:2181)
       [1] _rebuild_quests (res://MainGame.gd:2206)
       [2] _refresh_all (res://MainGame.gd:688)
       [3] add_gold (res://PlayerData.gd:39)
       [4] reward_monster_kill (res://PlayerData.gd:99)
       [5] commit_defeat (res://MonsterDefeatService.gd:66)
       [6] _on_monster_pressed (res://MainGame.gd:1323)
       [7] _tap_monster (res://V2021VisualRuntimeQa.gd:246)
       [8] _wait_render (res://V2021VisualRuntimeQa.gd:174)
SCRIPT ERROR: Invalid call. Nonexistent function 'objective_icon_role' in base 'GDScript'.
   at: _add_objective_row_v152 (res://MainGame.gd:2181)
   GDScript backtrace (most recent call first):
       [0] _add_objective_row_v152 (res://MainGame.gd:2181)
       [1] _rebuild_quests (res://MainGame.gd:2206)
       [2] _refresh_all (res://MainGame.gd:688)
       [3] add_gold (res://PlayerData.gd:39)
       [4] reward_monster_kill (res://PlayerData.gd:99)
       [5] commit_defeat (res://MonsterDefeatService.gd:66)
       [6] _on_monster_pressed (res://MainGame.gd:1323)
       [7] _tap_monster (res://V2021VisualRuntimeQa.gd:246)
       [8] _wait_render (res://V2021VisualRuntimeQa.gd:174)
SCRIPT ERROR: Invalid call. Nonexistent function 'style_objective_header' in base 'GDScript'.
   at: _add_objective_header_v152 (res://MainGame.gd:2166)
   GDScript backtrace (most recent call first):
       [0] _add_objective_header_v152 (res://MainGame.gd:2166)
       [1] _rebuild_quests (res://MainGame.gd:2207)
       [2] _refresh_all (res://MainGame.gd:688)
       [3] add_gold (res://PlayerData.gd:39)
       [4] reward_monster_kill (res://PlayerData.gd:99)
       [5] commit_defeat (res://MonsterDefeatService.gd:66)
       [6] _on_monster_pressed (res://MainGame.gd:1323)
       [7] _tap_monster (res://V2021VisualRuntimeQa.gd:246)
       [8] _wait_render (res://V2021VisualRuntimeQa.gd:174)
SCRIPT ERROR: Invalid call. Nonexistent function 'objective_icon_role' in base 'GDScript'.
   at: _rebuild_quests (res://MainGame.gd:2214)
   GDScript backtrace (most recent call first):
       [0] _rebuild_quests (res://MainGame.gd:2214)
       [1] _refresh_all (res://MainGame.gd:688)
       [2] add_gold (res://PlayerData.gd:39)
       [3] reward_monster_kill (res://PlayerData.gd:99)
       [4] commit_defeat (res://MonsterDefeatService.gd:66)
       [5] _on_monster_pressed (res://MainGame.gd:1323)
       [6] _tap_monster (res://V2021VisualRuntimeQa.gd:246)
       [7] _wait_render (res://V2021VisualRuntimeQa.gd:174)
SCRIPT ERROR: Invalid call. Nonexistent function 'refresh_progression_state' in base 'GDScript'.
   at: _refresh_progression_p0 (res://MainGame.gd:2903)
   GDScript backtrace (most recent call first):
       [0] _refresh_progression_p0 (res://MainGame.gd:2903)
       [1] _refresh_all (res://MainGame.gd:696)
       [2] add_gold (res://PlayerData.gd:39)
       [3] reward_monster_kill (res://PlayerData.gd:99)
       [4] commit_defeat (res://MonsterDefeatService.gd:66)
       [5] _on_monster_pressed (res://MainGame.gd:1323)
       [6] _tap_monster (res://V2021VisualRuntimeQa.gd:246)
       [7] _wait_render (res://V2021VisualRuntimeQa.gd:174)
SCRIPT ERROR: Invalid call. Nonexistent function 'refresh_shop_state' in base 'GDScript'.
   at: _refresh_shop_p0 (res://MainGame.gd:2810)
   GDScript backtrace (most recent call first):
       [0] _refresh_shop_p0 (res://MainGame.gd:2810)
       [1] _refresh_all (res://MainGame.gd:697)
       [2] add_gold (res://PlayerData.gd:39)
       [3] reward_monster_kill (res://PlayerData.gd:99)
       [4] commit_defeat (res://MonsterDefeatService.gd:66)
       [5] _on_monster_pressed (res://MainGame.gd:1323)
       [6] _tap_monster (res://V2021VisualRuntimeQa.gd:246)
       [7] _wait_render (res://V2021VisualRuntimeQa.gd:174)
SCRIPT ERROR: Invalid call. Nonexistent function 'refresh_afk_state' in base 'GDScript'.
   at: _refresh_afk_p0 (res://MainGame.gd:2910)
   GDScript backtrace (most recent call first):
       [0] _refresh_afk_p0 (res://MainGame.gd:2910)
       [1] _refresh_all (res://MainGame.gd:698)
       [2] add_gold (res://PlayerData.gd:39)
       [3] reward_monster_kill (res://PlayerData.gd:99)
       [4] commit_defeat (res://MonsterDefeatService.gd:66)
       [5] _on_monster_pressed (res://MainGame.gd:1323)
       [6] _tap_monster (res://V2021VisualRuntimeQa.gd:246)
       [7] _wait_render (res://V2021VisualRuntimeQa.gd:174)
SCRIPT ERROR: Invalid call. Nonexistent function 'refresh_home_loop_state' in base 'GDScript'.
   at: _update_monster_ui (res://MainGame.gd:1219)
   GDScript backtrace (most recent call first):
       [0] _update_monster_ui (res://MainGame.gd:1219)
       [1] _refresh_all (res://MainGame.gd:675)
       [2] add_xp (res://PlayerData.gd:79)
       [3] reward_monster_kill (res://PlayerData.gd:100)
       [4] commit_defeat (res://MonsterDefeatService.gd:66)
       [5] _on_monster_pressed (res://MainGame.gd:1323)
       [6] _tap_monster (res://V2021VisualRuntimeQa.gd:246)
       [7] _wait_render (res://V2021VisualRuntimeQa.gd:174)
SCRIPT ERROR: Invalid call. Nonexistent function 'refresh_village_loop_state' in base 'GDScript'.
   at: _refresh_p0_village (res://MainGame.gd:2410)
   GDScript backtrace (most recent call first):
       [0] _refresh_p0_village (res://MainGame.gd:2410)
       [1] _refresh_all (res://MainGame.gd:680)
       [2] add_xp (res://PlayerData.gd:79)
       [3] reward_monster_kill (res://PlayerData.gd:100)
       [4] commit_defeat (res://MonsterDefeatService.gd:66)
       [5] _on_monster_pressed (res://MainGame.gd:1323)
       [6] _tap_monster (res://V2021VisualRuntimeQa.gd:246)
       [7] _wait_render (res://V2021VisualRuntimeQa.gd:174)
SCRIPT ERROR: Invalid call. Nonexistent function 'refresh_reward_session_state' in base 'GDScript'.
   at: _refresh_meta_ui (res://MainGame.gd:1004)
   GDScript backtrace (most recent call first):
       [0] _refresh_meta_ui (res://MainGame.gd:1004)
       [1] _refresh_all (res://MainGame.gd:683)
       [2] add_xp (res://PlayerData.gd:79)
       [3] reward_monster_kill (res://PlayerData.gd:100)
       [4] commit_defeat (res://MonsterDefeatService.gd:66)
       [5] _on_monster_pressed (res://MainGame.gd:1323)
       [6] _tap_monster (res://V2021VisualRuntimeQa.gd:246)
       [7] _wait_render (res://V2021VisualRuntimeQa.gd:174)
SCRIPT ERROR: Invalid call. Nonexistent function 'style_objective_header' in base 'GDScript'.
   at: _add_objective_header_v152 (res://MainGame.gd:2166)
   GDScript backtrace (most recent call first):
       [0] _add_objective_header_v152 (res://MainGame.gd:2166)
       [1] _rebuild_quests (res://MainGame.gd:2205)
       [2] _refresh_all (res://MainGame.gd:688)
       [3] add_xp (res://PlayerData.gd:79)
       [4] reward_monster_kill (res://PlayerData.gd:100)
       [5] commit_defeat (res://MonsterDefeatService.gd:66)
       [6] _on_monster_pressed (res://MainGame.gd:1323)
       [7] _tap_monster (res://V2021VisualRuntimeQa.gd:246)
       [8] _wait_render (res://V2021VisualRuntimeQa.gd:174)
SCRIPT ERROR: Invalid call. Nonexistent function 'objective_icon_role' in base 'GDScript'.
   at: _add_objective_row_v152 (res://MainGame.gd:2181)
   GDScript backtrace (most recent call first):
       [0] _add_objective_row_v152 (res://MainGame.gd:2181)
       [1] _rebuild_quests (res://MainGame.gd:2206)
       [2] _refresh_all (res://MainGame.gd:688)
       [3] add_xp (res://PlayerData.gd:79)
       [4] reward_monster_kill (res://PlayerData.gd:100)
       [5] commit_defeat (res://MonsterDefeatService.gd:66)
       [6] _on_monster_pressed (res://MainGame.gd:1323)
       [7] _tap_monster (res://V2021VisualRuntimeQa.gd:246)
       [8] _wait_render (res://V2021VisualRuntimeQa.gd:174)
SCRIPT ERROR: Invalid call. Nonexistent function 'objective_icon_role' in base 'GDScript'.
   at: _add_objective_row_v152 (res://MainGame.gd:2181)
   GDScript backtrace (most recent call first):
       [0] _add_objective_row_v152 (res://MainGame.gd:2181)
       [1] _rebuild_quests (res://MainGame.gd:2206)
       [2] _refresh_all (res://MainGame.gd:688)
       [3] add_xp (res://PlayerData.gd:79)
       [4] reward_monster_kill (res://PlayerData.gd:100)
       [5] commit_defeat (res://MonsterDefeatService.gd:66)
       [6] _on_monster_pressed (res://MainGame.gd:1323)
       [7] _tap_monster (res://V2021VisualRuntimeQa.gd:246)
       [8] _wait_render (res://V2021VisualRuntimeQa.gd:174)
SCRIPT ERROR: Invalid call. Nonexistent function 'objective_icon_role' in base 'GDScript'.
   at: _add_objective_row_v152 (res://MainGame.gd:2181)
   GDScript backtrace (most recent call first):
       [0] _add_objective_row_v152 (res://MainGame.gd:2181)
       [1] _rebuild_quests (res://MainGame.gd:2206)
       [2] _refresh_all (res://MainGame.gd:688)
       [3] add_xp (res://PlayerData.gd:79)
       [4] reward_monster_kill (res://PlayerData.gd:100)
       [5] commit_defeat (res://MonsterDefeatService.gd:66)
       [6] _on_monster_pressed (res://MainGame.gd:1323)
       [7] _tap_monster (res://V2021VisualRuntimeQa.gd:246)
       [8] _wait_render (res://V2021VisualRuntimeQa.gd:174)
SCRIPT ERROR: Invalid call. Nonexistent function 'style_objective_header' in base 'GDScript'.
   at: _add_objective_header_v152 (res://MainGame.gd:2166)
   GDScript backtrace (most recent call first):
       [0] _add_objective_header_v152 (res://MainGame.gd:2166)
       [1] _rebuild_quests (res://MainGame.gd:2205)
       [2] _refresh_all (res://MainGame.gd:688)
       [3] add_xp (res://PlayerData.gd:79)
       [4] reward_monster_kill (res://PlayerData.gd:100)
       [5] commit_defeat (res://MonsterDefeatService.gd:66)
       [6] _on_monster_pressed (res://MainGame.gd:1323)
       [7] _tap_monster (res://V2021VisualRuntimeQa.gd:246)
       [8] _wait_render (res://V2021VisualRuntimeQa.gd:174)
SCRIPT ERROR: Invalid call. Nonexistent function 'objective_icon_role' in base 'GDScript'.
   at: _add_objective_row_v152 (res://MainGame.gd:2181)
   GDScript backtrace (most recent call first):
       [0] _add_objective_row_v152 (res://MainGame.gd:2181)
       [1] _rebuild_quests (res://MainGame.gd:2206)
       [2] _refresh_all (res://MainGame.gd:688)
       [3] add_xp (res://PlayerData.gd:79)
       [4] reward_monster_kill (res://PlayerData.gd:100)
       [5] commit_defeat (res://MonsterDefeatService.gd:66)
       [6] _on_monster_pressed (res://MainGame.gd:1323)
       [7] _tap_monster (res://V2021VisualRuntimeQa.gd:246)
       [8] _wait_render (res://V2021VisualRuntimeQa.gd:174)
SCRIPT ERROR: Invalid call. Nonexistent function 'objective_icon_role' in base 'GDScript'.
   at: _add_objective_row_v152 (res://MainGame.gd:2181)
   GDScript backtrace (most recent call first):
       [0] _add_objective_row_v152 (res://MainGame.gd:2181)
       [1] _rebuild_quests (res://MainGame.gd:2206)
       [2] _refresh_all (res://MainGame.gd:688)
       [3] add_xp (res://PlayerData.gd:79)
       [4] reward_monster_kill (res://PlayerData.gd:100)
       [5] commit_defeat (res://MonsterDefeatService.gd:66)
       [6] _on_monster_pressed (res://MainGame.gd:1323)
       [7] _tap_monster (res://V2021VisualRuntimeQa.gd:246)
       [8] _wait_render (res://V2021VisualRuntimeQa.gd:174)
SCRIPT ERROR: Invalid call. Nonexistent function 'objective_icon_role' in base 'GDScript'.
   at: _add_objective_row_v152 (res://MainGame.gd:2181)
   GDScript backtrace (most recent call first):
       [0] _add_objective_row_v152 (res://MainGame.gd:2181)
       [1] _rebuild_quests (res://MainGame.gd:2206)
       [2] _refresh_all (res://MainGame.gd:688)
       [3] add_xp (res://PlayerData.gd:79)
       [4] reward_monster_kill (res://PlayerData.gd:100)
       [5] commit_defeat (res://MonsterDefeatService.gd:66)
       [6] _on_monster_pressed (res://MainGame.gd:1323)
       [7] _tap_monster (res://V2021VisualRuntimeQa.gd:246)
       [8] _wait_render (res://V2021VisualRuntimeQa.gd:174)
SCRIPT ERROR: Invalid call. Nonexistent function 'style_objective_header' in base 'GDScript'.
   at: _add_objective_header_v152 (res://MainGame.gd:2166)
   GDScript backtrace (most recent call first):
       [0] _add_objective_header_v152 (res://MainGame.gd:2166)
       [1] _rebuild_quests (res://MainGame.gd:2205)
       [2] _refresh_all (res://MainGame.gd:688)
       [3] add_xp (res://PlayerData.gd:79)
       [4] reward_monster_kill (res://PlayerData.gd:100)
       [5] commit_defeat (res://MonsterDefeatService.gd:66)
       [6] _on_monster_pressed (res://MainGame.gd:1323)
       [7] _tap_monster (res://V2021VisualRuntimeQa.gd:246)
       [8] _wait_render (res://V2021VisualRuntimeQa.gd:174)
SCRIPT ERROR: Invalid call. Nonexistent function 'objective_icon_role' in base 'GDScript'.
   at: _add_objective_row_v152 (res://MainGame.gd:2181)
   GDScript backtrace (most recent call first):
       [0] _add_objective_row_v152 (res://MainGame.gd:2181)
       [1] _rebuild_quests (res://MainGame.gd:2206)
       [2] _refresh_all (res://MainGame.gd:688)
       [3] add_xp (res://PlayerData.gd:79)
       [4] reward_monster_kill (res://PlayerData.gd:100)
       [5] commit_defeat (res://MonsterDefeatService.gd:66)
       [6] _on_monster_pressed (res://MainGame.gd:1323)
       [7] _tap_monster (res://V2021VisualRuntimeQa.gd:246)
       [8] _wait_render (res://V2021VisualRuntimeQa.gd:174)
SCRIPT ERROR: Invalid call. Nonexistent function 'objective_icon_role' in base 'GDScript'.
   at: _add_objective_row_v152 (res://MainGame.gd:2181)
   GDScript backtrace (most recent call first):
       [0] _add_objective_row_v152 (res://MainGame.gd:2181)
       [1] _rebuild_quests (res://MainGame.gd:2206)
       [2] _refresh_all (res://MainGame.gd:688)
       [3] add_xp (res://PlayerData.gd:79)
       [4] reward_monster_kill (res://PlayerData.gd:100)
       [5] commit_defeat (res://MonsterDefeatService.gd:66)
       [6] _on_monster_pressed (res://MainGame.gd:1323)
       [7] _tap_monster (res://V2021VisualRuntimeQa.gd:246)
       [8] _wait_render (res://V2021VisualRuntimeQa.gd:174)
SCRIPT ERROR: Invalid call. Nonexistent function 'objective_icon_role' in base 'GDScript'.
   at: _add_objective_row_v152 (res://MainGame.gd:2181)
   GDScript backtrace (most recent call first):
       [0] _add_objective_row_v152 (res://MainGame.gd:2181)
       [1] _rebuild_quests (res://MainGame.gd:2206)
       [2] _refresh_all (res://MainGame.gd:688)
       [3] add_xp (res://PlayerData.gd:79)
       [4] reward_monster_kill (res://PlayerData.gd:100)
       [5] commit_defeat (res://MonsterDefeatService.gd:66)
       [6] _on_monster_pressed (res://MainGame.gd:1323)
       [7] _tap_monster (res://V2021VisualRuntimeQa.gd:246)
       [8] _wait_render (res://V2021VisualRuntimeQa.gd:174)
SCRIPT ERROR: Invalid call. Nonexistent function 'objective_icon_role' in base 'GDScript'.
   at: _add_objective_row_v152 (res://MainGame.gd:2181)
   GDScript backtrace (most recent call first):
       [0] _add_objective_row_v152 (res://MainGame.gd:2181)
       [1] _rebuild_quests (res://MainGame.gd:2206)
       [2] _refresh_all (res://MainGame.gd:688)
       [3] add_xp (res://PlayerData.gd:79)
       [4] reward_monster_kill (res://PlayerData.gd:100)
       [5] commit_defeat (res://MonsterDefeatService.gd:66)
       [6] _on_monster_pressed (res://MainGame.gd:1323)
       [7] _tap_monster (res://V2021VisualRuntimeQa.gd:246)
       [8] _wait_render (res://V2021VisualRuntimeQa.gd:174)
SCRIPT ERROR: Invalid call. Nonexistent function 'objective_icon_role' in base 'GDScript'.
   at: _add_objective_row_v152 (res://MainGame.gd:2181)
   GDScript backtrace (most recent call first):
       [0] _add_objective_row_v152 (res://MainGame.gd:2181)
       [1] _rebuild_quests (res://MainGame.gd:2206)
       [2] _refresh_all (res://MainGame.gd:688)
       [3] add_xp (res://PlayerData.gd:79)
       [4] reward_monster_kill (res://PlayerData.gd:100)
       [5] commit_defeat (res://MonsterDefeatService.gd:66)
       [6] _on_monster_pressed (res://MainGame.gd:1323)
       [7] _tap_monster (res://V2021VisualRuntimeQa.gd:246)
       [8] _wait_render (res://V2021VisualRuntimeQa.gd:174)
SCRIPT ERROR: Invalid call. Nonexistent function 'style_objective_header' in base 'GDScript'.
   at: _add_objective_header_v152 (res://MainGame.gd:2166)
   GDScript backtrace (most recent call first):
       [0] _add_objective_header_v152 (res://MainGame.gd:2166)
       [1] _rebuild_quests (res://MainGame.gd:2207)
       [2] _refresh_all (res://MainGame.gd:688)
       [3] add_xp (res://PlayerData.gd:79)
       [4] reward_monster_kill (res://PlayerData.gd:100)
       [5] commit_defeat (res://MonsterDefeatService.gd:66)
       [6] _on_monster_pressed (res://MainGame.gd:1323)
       [7] _tap_monster (res://V2021VisualRuntimeQa.gd:246)
       [8] _wait_render (res://V2021VisualRuntimeQa.gd:174)
SCRIPT ERROR: Invalid call. Nonexistent function 'objective_icon_role' in base 'GDScript'.
   at: _rebuild_quests (res://MainGame.gd:2214)
   GDScript backtrace (most recent call first):
       [0] _rebuild_quests (res://MainGame.gd:2214)
       [1] _refresh_all (res://MainGame.gd:688)
       [2] add_xp (res://PlayerData.gd:79)
       [3] reward_monster_kill (res://PlayerData.gd:100)
       [4] commit_defeat (res://MonsterDefeatService.gd:66)
       [5] _on_monster_pressed (res://MainGame.gd:1323)
       [6] _tap_monster (res://V2021VisualRuntimeQa.gd:246)
       [7] _wait_render (res://V2021VisualRuntimeQa.gd:174)
SCRIPT ERROR: Invalid call. Nonexistent function 'refresh_progression_state' in base 'GDScript'.
   at: _refresh_progression_p0 (res://MainGame.gd:2903)
   GDScript backtrace (most recent call first):
       [0] _refresh_progression_p0 (res://MainGame.gd:2903)
       [1] _refresh_all (res://MainGame.gd:696)
       [2] add_xp (res://PlayerData.gd:79)
       [3] reward_monster_kill (res://PlayerData.gd:100)
       [4] commit_defeat (res://MonsterDefeatService.gd:66)
       [5] _on_monster_pressed (res://MainGame.gd:1323)
       [6] _tap_monster (res://V2021VisualRuntimeQa.gd:246)
       [7] _wait_render (res://V2021VisualRuntimeQa.gd:174)
SCRIPT ERROR: Invalid call. Nonexistent function 'refresh_shop_state' in base 'GDScript'.
   at: _refresh_shop_p0 (res://MainGame.gd:2810)
   GDScript backtrace (most recent call first):
       [0] _refresh_shop_p0 (res://MainGame.gd:2810)
       [1] _refresh_all (res://MainGame.gd:697)
       [2] add_xp (res://PlayerData.gd:79)
       [3] reward_monster_kill (res://PlayerData.gd:100)
       [4] commit_defeat (res://MonsterDefeatService.gd:66)
       [5] _on_monster_pressed (res://MainGame.gd:1323)
       [6] _tap_monster (res://V2021VisualRuntimeQa.gd:246)
       [7] _wait_render (res://V2021VisualRuntimeQa.gd:174)
SCRIPT ERROR: Invalid call. Nonexistent function 'refresh_afk_state' in base 'GDScript'.
   at: _refresh_afk_p0 (res://MainGame.gd:2910)
   GDScript backtrace (most recent call first):
       [0] _refresh_afk_p0 (res://MainGame.gd:2910)
       [1] _refresh_all (res://MainGame.gd:698)
       [2] add_xp (res://PlayerData.gd:79)
       [3] reward_monster_kill (res://PlayerData.gd:100)
       [4] commit_defeat (res://MonsterDefeatService.gd:66)
       [5] _on_monster_pressed (res://MainGame.gd:1323)
       [6] _tap_monster (res://V2021VisualRuntimeQa.gd:246)
       [7] _wait_render (res://V2021VisualRuntimeQa.gd:174)
SCRIPT ERROR: Invalid call. Nonexistent function 'refresh_home_loop_state' in base 'GDScript'.
   at: _update_monster_ui (res://MainGame.gd:1219)
   GDScript backtrace (most recent call first):
       [0] _update_monster_ui (res://MainGame.gd:1219)
       [1] _refresh_all (res://MainGame.gd:675)
       [2] add_xp (res://PlayerData.gd:80)
       [3] reward_monster_kill (res://PlayerData.gd:100)
       [4] commit_defeat (res://MonsterDefeatService.gd:66)
       [5] _on_monster_pressed (res://MainGame.gd:1323)
       [6] _tap_monster (res://V2021VisualRuntimeQa.gd:246)
       [7] _wait_render (res://V2021VisualRuntimeQa.gd:174)
SCRIPT ERROR: Invalid call. Nonexistent function 'refresh_village_loop_state' in base 'GDScript'.
   at: _refresh_p0_village (res://MainGame.gd:2410)
   GDScript backtrace (most recent call first):
       [0] _refresh_p0_village (res://MainGame.gd:2410)
       [1] _refresh_all (res://MainGame.gd:680)
       [2] add_xp (res://PlayerData.gd:80)
       [3] reward_monster_kill (res://PlayerData.gd:100)
       [4] commit_defeat (res://MonsterDefeatService.gd:66)
       [5] _on_monster_pressed (res://MainGame.gd:1323)
       [6] _tap_monster (res://V2021VisualRuntimeQa.gd:246)
       [7] _wait_render (res://V2021VisualRuntimeQa.gd:174)
SCRIPT ERROR: Invalid call. Nonexistent function 'refresh_reward_session_state' in base 'GDScript'.
   at: _refresh_meta_ui (res://MainGame.gd:1004)
   GDScript backtrace (most recent call first):
       [0] _refresh_meta_ui (res://MainGame.gd:1004)
       [1] _refresh_all (res://MainGame.gd:683)
       [2] add_xp (res://PlayerData.gd:80)
       [3] reward_monster_kill (res://PlayerData.gd:100)
       [4] commit_defeat (res://MonsterDefeatService.gd:66)
       [5] _on_monster_pressed (res://MainGame.gd:1323)
       [6] _tap_monster (res://V2021VisualRuntimeQa.gd:246)
       [7] _wait_render (res://V2021VisualRuntimeQa.gd:174)
SCRIPT ERROR: Invalid call. Nonexistent function 'style_objective_header' in base 'GDScript'.
   at: _add_objective_header_v152 (res://MainGame.gd:2166)
   GDScript backtrace (most recent call first):
       [0] _add_objective_header_v152 (res://MainGame.gd:2166)
       [1] _rebuild_quests (res://MainGame.gd:2205)
       [2] _refresh_all (res://MainGame.gd:688)
       [3] add_xp (res://PlayerData.gd:80)
       [4] reward_monster_kill (res://PlayerData.gd:100)
       [5] commit_defeat (res://MonsterDefeatService.gd:66)
       [6] _on_monster_pressed (res://MainGame.gd:1323)
       [7] _tap_monster (res://V2021VisualRuntimeQa.gd:246)
       [8] _wait_render (res://V2021VisualRuntimeQa.gd:174)
SCRIPT ERROR: Invalid call. Nonexistent function 'objective_icon_role' in base 'GDScript'.
   at: _add_objective_row_v152 (res://MainGame.gd:2181)
   GDScript backtrace (most recent call first):
       [0] _add_objective_row_v152 (res://MainGame.gd:2181)
       [1] _rebuild_quests (res://MainGame.gd:2206)
       [2] _refresh_all (res://MainGame.gd:688)
       [3] add_xp (res://PlayerData.gd:80)
       [4] reward_monster_kill (res://PlayerData.gd:100)
       [5] commit_defeat (res://MonsterDefeatService.gd:66)
       [6] _on_monster_pressed (res://MainGame.gd:1323)
       [7] _tap_monster (res://V2021VisualRuntimeQa.gd:246)
       [8] _wait_render (res://V2021VisualRuntimeQa.gd:174)
SCRIPT ERROR: Invalid call. Nonexistent function 'objective_icon_role' in base 'GDScript'.
   at: _add_objective_row_v152 (res://MainGame.gd:2181)
   GDScript backtrace (most recent call first):
       [0] _add_objective_row_v152 (res://MainGame.gd:2181)
       [1] _rebuild_quests (res://MainGame.gd:2206)
       [2] _refresh_all (res://MainGame.gd:688)
       [3] add_xp (res://PlayerData.gd:80)
       [4] reward_monster_kill (res://PlayerData.gd:100)
       [5] commit_defeat (res://MonsterDefeatService.gd:66)
       [6] _on_monster_pressed (res://MainGame.gd:1323)
       [7] _tap_monster (res://V2021VisualRuntimeQa.gd:246)
       [8] _wait_render (res://V2021VisualRuntimeQa.gd:174)
SCRIPT ERROR: Invalid call. Nonexistent function 'objective_icon_role' in base 'GDScript'.
   at: _add_objective_row_v152 (res://MainGame.gd:2181)
   GDScript backtrace (most recent call first):
       [0] _add_objective_row_v152 (res://MainGame.gd:2181)
       [1] _rebuild_quests (res://MainGame.gd:2206)
       [2] _refresh_all (res://MainGame.gd:688)
       [3] add_xp (res://PlayerData.gd:80)
       [4] reward_monster_kill (res://PlayerData.gd:100)
       [5] commit_defeat (res://MonsterDefeatService.gd:66)
       [6] _on_monster_pressed (res://MainGame.gd:1323)
       [7] _tap_monster (res://V2021VisualRuntimeQa.gd:246)
       [8] _wait_render (res://V2021VisualRuntimeQa.gd:174)
SCRIPT ERROR: Invalid call. Nonexistent function 'style_objective_header' in base 'GDScript'.
   at: _add_objective_header_v152 (res://MainGame.gd:2166)
   GDScript backtrace (most recent call first):
       [0] _add_objective_header_v152 (res://MainGame.gd:2166)
       [1] _rebuild_quests (res://MainGame.gd:2205)
       [2] _refresh_all (res://MainGame.gd:688)
       [3] add_xp (res://PlayerData.gd:80)
       [4] reward_monster_kill (res://PlayerData.gd:100)
       [5] commit_defeat (res://MonsterDefeatService.gd:66)
       [6] _on_monster_pressed (res://MainGame.gd:1323)
       [7] _tap_monster (res://V2021VisualRuntimeQa.gd:246)
       [8] _wait_render (res://V2021VisualRuntimeQa.gd:174)
SCRIPT ERROR: Invalid call. Nonexistent function 'objective_icon_role' in base 'GDScript'.
   at: _add_objective_row_v152 (res://MainGame.gd:2181)
   GDScript backtrace (most recent call first):
       [0] _add_objective_row_v152 (res://MainGame.gd:2181)
       [1] _rebuild_quests (res://MainGame.gd:2206)
       [2] _refresh_all (res://MainGame.gd:688)
       [3] add_xp (res://PlayerData.gd:80)
       [4] reward_monster_kill (res://PlayerData.gd:100)
       [5] commit_defeat (res://MonsterDefeatService.gd:66)
       [6] _on_monster_pressed (res://MainGame.gd:1323)
       [7] _tap_monster (res://V2021VisualRuntimeQa.gd:246)
       [8] _wait_render (res://V2021VisualRuntimeQa.gd:174)
SCRIPT ERROR: Invalid call. Nonexistent function 'objective_icon_role' in base 'GDScript'.
   at: _add_objective_row_v152 (res://MainGame.gd:2181)
   GDScript backtrace (most recent call first):
       [0] _add_objective_row_v152 (res://MainGame.gd:2181)
       [1] _rebuild_quests (res://MainGame.gd:2206)
       [2] _refresh_all (res://MainGame.gd:688)
       [3] add_xp (res://PlayerData.gd:80)
       [4] reward_monster_kill (res://PlayerData.gd:100)
       [5] commit_defeat (res://MonsterDefeatService.gd:66)
       [6] _on_monster_pressed (res://MainGame.gd:1323)
       [7] _tap_monster (res://V2021VisualRuntimeQa.gd:246)
       [8] _wait_render (res://V2021VisualRuntimeQa.gd:174)
SCRIPT ERROR: Invalid call. Nonexistent function 'objective_icon_role' in base 'GDScript'.
   at: _add_objective_row_v152 (res://MainGame.gd:2181)
   GDScript backtrace (most recent call first):
       [0] _add_objective_row_v152 (res://MainGame.gd:2181)
       [1] _rebuild_quests (res://MainGame.gd:2206)
       [2] _refresh_all (res://MainGame.gd:688)
       [3] add_xp (res://PlayerData.gd:80)
       [4] reward_monster_kill (res://PlayerData.gd:100)
       [5] commit_defeat (res://MonsterDefeatService.gd:66)
       [6] _on_monster_pressed (res://MainGame.gd:1323)
       [7] _tap_monster (res://V2021VisualRuntimeQa.gd:246)
       [8] _wait_render (res://V2021VisualRuntimeQa.gd:174)
SCRIPT ERROR: Invalid call. Nonexistent function 'style_objective_header' in base 'GDScript'.
   at: _add_objective_header_v152 (res://MainGame.gd:2166)
   GDScript backtrace (most recent call first):
       [0] _add_objective_header_v152 (res://MainGame.gd:2166)
       [1] _rebuild_quests (res://MainGame.gd:2205)
       [2] _refresh_all (res://MainGame.gd:688)
       [3] add_xp (res://PlayerData.gd:80)
       [4] reward_monster_kill (res://PlayerData.gd:100)
       [5] commit_defeat (res://MonsterDefeatService.gd:66)
       [6] _on_monster_pressed (res://MainGame.gd:1323)
       [7] _tap_monster (res://V2021VisualRuntimeQa.gd:246)
       [8] _wait_render (res://V2021VisualRuntimeQa.gd:174)
SCRIPT ERROR: Invalid call. Nonexistent function 'objective_icon_role' in base 'GDScript'.
   at: _add_objective_row_v152 (res://MainGame.gd:2181)
   GDScript backtrace (most recent call first):
       [0] _add_objective_row_v152 (res://MainGame.gd:2181)
       [1] _rebuild_quests (res://MainGame.gd:2206)
       [2] _refresh_all (res://MainGame.gd:688)
       [3] add_xp (res://PlayerData.gd:80)
       [4] reward_monster_kill (res://PlayerData.gd:100)
       [5] commit_defeat (res://MonsterDefeatService.gd:66)
       [6] _on_monster_pressed (res://MainGame.gd:1323)
       [7] _tap_monster (res://V2021VisualRuntimeQa.gd:246)
       [8] _wait_render (res://V2021VisualRuntimeQa.gd:174)
SCRIPT ERROR: Invalid call. Nonexistent function 'objective_icon_role' in base 'GDScript'.
   at: _add_objective_row_v152 (res://MainGame.gd:2181)
   GDScript backtrace (most recent call first):
       [0] _add_objective_row_v152 (res://MainGame.gd:2181)
       [1] _rebuild_quests (res://MainGame.gd:2206)
       [2] _refresh_all (res://MainGame.gd:688)
       [3] add_xp (res://PlayerData.gd:80)
       [4] reward_monster_kill (res://PlayerData.gd:100)
       [5] commit_defeat (res://MonsterDefeatService.gd:66)
       [6] _on_monster_pressed (res://MainGame.gd:1323)
       [7] _tap_monster (res://V2021VisualRuntimeQa.gd:246)
       [8] _wait_render (res://V2021VisualRuntimeQa.gd:174)
SCRIPT ERROR: Invalid call. Nonexistent function 'objective_icon_role' in base 'GDScript'.
   at: _add_objective_row_v152 (res://MainGame.gd:2181)
   GDScript backtrace (most recent call first):
       [0] _add_objective_row_v152 (res://MainGame.gd:2181)
       [1] _rebuild_quests (res://MainGame.gd:2206)
       [2] _refresh_all (res://MainGame.gd:688)
       [3] add_xp (res://PlayerData.gd:80)
       [4] reward_monster_kill (res://PlayerData.gd:100)
       [5] commit_defeat (res://MonsterDefeatService.gd:66)
       [6] _on_monster_pressed (res://MainGame.gd:1323)
       [7] _tap_monster (res://V2021VisualRuntimeQa.gd:246)
       [8] _wait_render (res://V2021VisualRuntimeQa.gd:174)
SCRIPT ERROR: Invalid call. Nonexistent function 'objective_icon_role' in base 'GDScript'.
   at: _add_objective_row_v152 (res://MainGame.gd:2181)
   GDScript backtrace (most recent call first):
       [0] _add_objective_row_v152 (res://MainGame.gd:2181)
       [1] _rebuild_quests (res://MainGame.gd:2206)
       [2] _refresh_all (res://MainGame.gd:688)
       [3] add_xp (res://PlayerData.gd:80)
       [4] reward_monster_kill (res://PlayerData.gd:100)
       [5] commit_defeat (res://MonsterDefeatService.gd:66)
       [6] _on_monster_pressed (res://MainGame.gd:1323)
       [7] _tap_monster (res://V2021VisualRuntimeQa.gd:246)
       [8] _wait_render (res://V2021VisualRuntimeQa.gd:174)
SCRIPT ERROR: Invalid call. Nonexistent function 'objective_icon_role' in base 'GDScript'.
   at: _add_objective_row_v152 (res://MainGame.gd:2181)
   GDScript backtrace (most recent call first):
       [0] _add_objective_row_v152 (res://MainGame.gd:2181)
       [1] _rebuild_quests (res://MainGame.gd:2206)
       [2] _refresh_all (res://MainGame.gd:688)
       [3] add_xp (res://PlayerData.gd:80)
       [4] reward_monster_kill (res://PlayerData.gd:100)
       [5] commit_defeat (res://MonsterDefeatService.gd:66)
       [6] _on_monster_pressed (res://MainGame.gd:1323)
       [7] _tap_monster (res://V2021VisualRuntimeQa.gd:246)
       [8] _wait_render (res://V2021VisualRuntimeQa.gd:174)
SCRIPT ERROR: Invalid call. Nonexistent function 'style_objective_header' in base 'GDScript'.
   at: _add_objective_header_v152 (res://MainGame.gd:2166)
   GDScript backtrace (most recent call first):
       [0] _add_objective_header_v152 (res://MainGame.gd:2166)
       [1] _rebuild_quests (res://MainGame.gd:2207)
       [2] _refresh_all (res://MainGame.gd:688)
       [3] add_xp (res://PlayerData.gd:80)
       [4] reward_monster_kill (res://PlayerData.gd:100)
       [5] commit_defeat (res://MonsterDefeatService.gd:66)
       [6] _on_monster_pressed (res://MainGame.gd:1323)
       [7] _tap_monster (res://V2021VisualRuntimeQa.gd:246)
       [8] _wait_render (res://V2021VisualRuntimeQa.gd:174)
SCRIPT ERROR: Invalid call. Nonexistent function 'objective_icon_role' in base 'GDScript'.
   at: _rebuild_quests (res://MainGame.gd:2214)
   GDScript backtrace (most recent call first):
       [0] _rebuild_quests (res://MainGame.gd:2214)
       [1] _refresh_all (res://MainGame.gd:688)
       [2] add_xp (res://PlayerData.gd:80)
       [3] reward_monster_kill (res://PlayerData.gd:100)
       [4] commit_defeat (res://MonsterDefeatService.gd:66)
       [5] _on_monster_pressed (res://MainGame.gd:1323)
       [6] _tap_monster (res://V2021VisualRuntimeQa.gd:246)
       [7] _wait_render (res://V2021VisualRuntimeQa.gd:174)
SCRIPT ERROR: Invalid call. Nonexistent function 'refresh_progression_state' in base 'GDScript'.
   at: _refresh_progression_p0 (res://MainGame.gd:2903)
   GDScript backtrace (most recent call first):
       [0] _refresh_progression_p0 (res://MainGame.gd:2903)
       [1] _refresh_all (res://MainGame.gd:696)
       [2] add_xp (res://PlayerData.gd:80)
       [3] reward_monster_kill (res://PlayerData.gd:100)
       [4] commit_defeat (res://MonsterDefeatService.gd:66)
       [5] _on_monster_pressed (res://MainGame.gd:1323)
       [6] _tap_monster (res://V2021VisualRuntimeQa.gd:246)
       [7] _wait_render (res://V2021VisualRuntimeQa.gd:174)
SCRIPT ERROR: Invalid call. Nonexistent function 'refresh_shop_state' in base 'GDScript'.
   at: _refresh_shop_p0 (res://MainGame.gd:2810)
   GDScript backtrace (most recent call first):
       [0] _refresh_shop_p0 (res://MainGame.gd:2810)
       [1] _refresh_all (res://MainGame.gd:697)
       [2] add_xp (res://PlayerData.gd:80)
       [3] reward_monster_kill (res://PlayerData.gd:100)
       [4] commit_defeat (res://MonsterDefeatService.gd:66)
       [5] _on_monster_pressed (res://MainGame.gd:1323)
       [6] _tap_monster (res://V2021VisualRuntimeQa.gd:246)
       [7] _wait_render (res://V2021VisualRuntimeQa.gd:174)
SCRIPT ERROR: Invalid call. Nonexistent function 'refresh_afk_state' in base 'GDScript'.
   at: _refresh_afk_p0 (res://MainGame.gd:2910)
   GDScript backtrace (most recent call first):
       [0] _refresh_afk_p0 (res://MainGame.gd:2910)
       [1] _refresh_all (res://MainGame.gd:698)
       [2] add_xp (res://PlayerData.gd:80)
       [3] reward_monster_kill (res://PlayerData.gd:100)
       [4] commit_defeat (res://MonsterDefeatService.gd:66)
       [5] _on_monster_pressed (res://MainGame.gd:1323)
       [6] _tap_monster (res://V2021VisualRuntimeQa.gd:246)
       [7] _wait_render (res://V2021VisualRuntimeQa.gd:174)
SCRIPT ERROR: Invalid call. Nonexistent function 'refresh_home_loop_state' in base 'GDScript'.
   at: _update_monster_ui (res://MainGame.gd:1219)
   GDScript backtrace (most recent call first):
       [0] _update_monster_ui (res://MainGame.gd:1219)
       [1] spawn_next_monster (res://PlayerData.gd:117)
       [2] commit_defeat (res://MonsterDefeatService.gd:81)
       [3] _on_monster_pressed (res://MainGame.gd:1323)
       [4] _tap_monster (res://V2021VisualRuntimeQa.gd:246)
       [5] _wait_render (res://V2021VisualRuntimeQa.gd:174)
SCRIPT ERROR: Invalid call. Nonexistent function 'refresh_home_loop_state' in base 'GDScript'.
   at: _update_monster_ui (res://MainGame.gd:1219)
   GDScript backtrace (most recent call first):
       [0] _update_monster_ui (res://MainGame.gd:1219)
       [1] _refresh_all (res://MainGame.gd:675)
       [2] spawn_next_monster (res://PlayerData.gd:118)
       [3] commit_defeat (res://MonsterDefeatService.gd:81)
       [4] _on_monster_pressed (res://MainGame.gd:1323)
       [5] _tap_monster (res://V2021VisualRuntimeQa.gd:246)
       [6] _wait_render (res://V2021VisualRuntimeQa.gd:174)
SCRIPT ERROR: Invalid call. Nonexistent function 'refresh_village_loop_state' in base 'GDScript'.
   at: _refresh_p0_village (res://MainGame.gd:2410)
   GDScript backtrace (most recent call first):
       [0] _refresh_p0_village (res://MainGame.gd:2410)
       [1] _refresh_all (res://MainGame.gd:680)
       [2] spawn_next_monster (res://PlayerData.gd:118)
       [3] commit_defeat (res://MonsterDefeatService.gd:81)
       [4] _on_monster_pressed (res://MainGame.gd:1323)
       [5] _tap_monster (res://V2021VisualRuntimeQa.gd:246)
       [6] _wait_render (res://V2021VisualRuntimeQa.gd:174)
SCRIPT ERROR: Invalid call. Nonexistent function 'refresh_reward_session_state' in base 'GDScript'.
   at: _refresh_meta_ui (res://MainGame.gd:1004)
   GDScript backtrace (most recent call first):
       [0] _refresh_meta_ui (res://MainGame.gd:1004)
       [1] _refresh_all (res://MainGame.gd:683)
       [2] spawn_next_monster (res://PlayerData.gd:118)
       [3] commit_defeat (res://MonsterDefeatService.gd:81)
       [4] _on_monster_pressed (res://MainGame.gd:1323)
       [5] _tap_monster (res://V2021VisualRuntimeQa.gd:246)
       [6] _wait_render (res://V2021VisualRuntimeQa.gd:174)
SCRIPT ERROR: Invalid call. Nonexistent function 'style_objective_header' in base 'GDScript'.
   at: _add_objective_header_v152 (res://MainGame.gd:2166)
   GDScript backtrace (most recent call first):
       [0] _add_objective_header_v152 (res://MainGame.gd:2166)
       [1] _rebuild_quests (res://MainGame.gd:2205)
       [2] _refresh_all (res://MainGame.gd:688)
       [3] spawn_next_monster (res://PlayerData.gd:118)
       [4] commit_defeat (res://MonsterDefeatService.gd:81)
       [5] _on_monster_pressed (res://MainGame.gd:1323)
       [6] _tap_monster (res://V2021VisualRuntimeQa.gd:246)
       [7] _wait_render (res://V2021VisualRuntimeQa.gd:174)
SCRIPT ERROR: Invalid call. Nonexistent function 'objective_icon_role' in base 'GDScript'.
   at: _add_objective_row_v152 (res://MainGame.gd:2181)
   GDScript backtrace (most recent call first):
       [0] _add_objective_row_v152 (res://MainGame.gd:2181)
       [1] _rebuild_quests (res://MainGame.gd:2206)
       [2] _refresh_all (res://MainGame.gd:688)
       [3] spawn_next_monster (res://PlayerData.gd:118)
       [4] commit_defeat (res://MonsterDefeatService.gd:81)
       [5] _on_monster_pressed (res://MainGame.gd:1323)
       [6] _tap_monster (res://V2021VisualRuntimeQa.gd:246)
       [7] _wait_render (res://V2021VisualRuntimeQa.gd:174)
SCRIPT ERROR: Invalid call. Nonexistent function 'objective_icon_role' in base 'GDScript'.
   at: _add_objective_row_v152 (res://MainGame.gd:2181)
   GDScript backtrace (most recent call first):
       [0] _add_objective_row_v152 (res://MainGame.gd:2181)
       [1] _rebuild_quests (res://MainGame.gd:2206)
       [2] _refresh_all (res://MainGame.gd:688)
       [3] spawn_next_monster (res://PlayerData.gd:118)
       [4] commit_defeat (res://MonsterDefeatService.gd:81)
       [5] _on_monster_pressed (res://MainGame.gd:1323)
       [6] _tap_monster (res://V2021VisualRuntimeQa.gd:246)
       [7] _wait_render (res://V2021VisualRuntimeQa.gd:174)
SCRIPT ERROR: Invalid call. Nonexistent function 'objective_icon_role' in base 'GDScript'.
   at: _add_objective_row_v152 (res://MainGame.gd:2181)
   GDScript backtrace (most recent call first):
       [0] _add_objective_row_v152 (res://MainGame.gd:2181)
       [1] _rebuild_quests (res://MainGame.gd:2206)
       [2] _refresh_all (res://MainGame.gd:688)
       [3] spawn_next_monster (res://PlayerData.gd:118)
       [4] commit_defeat (res://MonsterDefeatService.gd:81)
       [5] _on_monster_pressed (res://MainGame.gd:1323)
       [6] _tap_monster (res://V2021VisualRuntimeQa.gd:246)
       [7] _wait_render (res://V2021VisualRuntimeQa.gd:174)
SCRIPT ERROR: Invalid call. Nonexistent function 'style_objective_header' in base 'GDScript'.
   at: _add_objective_header_v152 (res://MainGame.gd:2166)
   GDScript backtrace (most recent call first):
       [0] _add_objective_header_v152 (res://MainGame.gd:2166)
       [1] _rebuild_quests (res://MainGame.gd:2205)
       [2] _refresh_all (res://MainGame.gd:688)
       [3] spawn_next_monster (res://PlayerData.gd:118)
       [4] commit_defeat (res://MonsterDefeatService.gd:81)
       [5] _on_monster_pressed (res://MainGame.gd:1323)
       [6] _tap_monster (res://V2021VisualRuntimeQa.gd:246)
       [7] _wait_render (res://V2021VisualRuntimeQa.gd:174)
SCRIPT ERROR: Invalid call. Nonexistent function 'objective_icon_role' in base 'GDScript'.
   at: _add_objective_row_v152 (res://MainGame.gd:2181)
   GDScript backtrace (most recent call first):
       [0] _add_objective_row_v152 (res://MainGame.gd:2181)
       [1] _rebuild_quests (res://MainGame.gd:2206)
       [2] _refresh_all (res://MainGame.gd:688)
       [3] spawn_next_monster (res://PlayerData.gd:118)
       [4] commit_defeat (res://MonsterDefeatService.gd:81)
       [5] _on_monster_pressed (res://MainGame.gd:1323)
       [6] _tap_monster (res://V2021VisualRuntimeQa.gd:246)
       [7] _wait_render (res://V2021VisualRuntimeQa.gd:174)
SCRIPT ERROR: Invalid call. Nonexistent function 'objective_icon_role' in base 'GDScript'.
   at: _add_objective_row_v152 (res://MainGame.gd:2181)
   GDScript backtrace (most recent call first):
       [0] _add_objective_row_v152 (res://MainGame.gd:2181)
       [1] _rebuild_quests (res://MainGame.gd:2206)
       [2] _refresh_all (res://MainGame.gd:688)
       [3] spawn_next_monster (res://PlayerData.gd:118)
       [4] commit_defeat (res://MonsterDefeatService.gd:81)
       [5] _on_monster_pressed (res://MainGame.gd:1323)
       [6] _tap_monster (res://V2021VisualRuntimeQa.gd:246)
       [7] _wait_render (res://V2021VisualRuntimeQa.gd:174)
SCRIPT ERROR: Invalid call. Nonexistent function 'objective_icon_role' in base 'GDScript'.
   at: _add_objective_row_v152 (res://MainGame.gd:2181)
   GDScript backtrace (most recent call first):
       [0] _add_objective_row_v152 (res://MainGame.gd:2181)
       [1] _rebuild_quests (res://MainGame.gd:2206)
       [2] _refresh_all (res://MainGame.gd:688)
       [3] spawn_next_monster (res://PlayerData.gd:118)
       [4] commit_defeat (res://MonsterDefeatService.gd:81)
       [5] _on_monster_pressed (res://MainGame.gd:1323)
       [6] _tap_monster (res://V2021VisualRuntimeQa.gd:246)
       [7] _wait_render (res://V2021VisualRuntimeQa.gd:174)
SCRIPT ERROR: Invalid call. Nonexistent function 'style_objective_header' in base 'GDScript'.
   at: _add_objective_header_v152 (res://MainGame.gd:2166)
   GDScript backtrace (most recent call first):
       [0] _add_objective_header_v152 (res://MainGame.gd:2166)
       [1] _rebuild_quests (res://MainGame.gd:2205)
       [2] _refresh_all (res://MainGame.gd:688)
       [3] spawn_next_monster (res://PlayerData.gd:118)
       [4] commit_defeat (res://MonsterDefeatService.gd:81)
       [5] _on_monster_pressed (res://MainGame.gd:1323)
       [6] _tap_monster (res://V2021VisualRuntimeQa.gd:246)
       [7] _wait_render (res://V2021VisualRuntimeQa.gd:174)
SCRIPT ERROR: Invalid call. Nonexistent function 'objective_icon_role' in base 'GDScript'.
   at: _add_objective_row_v152 (res://MainGame.gd:2181)
   GDScript backtrace (most recent call first):
       [0] _add_objective_row_v152 (res://MainGame.gd:2181)
       [1] _rebuild_quests (res://MainGame.gd:2206)
       [2] _refresh_all (res://MainGame.gd:688)
       [3] spawn_next_monster (res://PlayerData.gd:118)
       [4] commit_defeat (res://MonsterDefeatService.gd:81)
       [5] _on_monster_pressed (res://MainGame.gd:1323)
       [6] _tap_monster (res://V2021VisualRuntimeQa.gd:246)
       [7] _wait_render (res://V2021VisualRuntimeQa.gd:174)
SCRIPT ERROR: Invalid call. Nonexistent function 'objective_icon_role' in base 'GDScript'.
   at: _add_objective_row_v152 (res://MainGame.gd:2181)
   GDScript backtrace (most recent call first):
       [0] _add_objective_row_v152 (res://MainGame.gd:2181)
       [1] _rebuild_quests (res://MainGame.gd:2206)
       [2] _refresh_all (res://MainGame.gd:688)
       [3] spawn_next_monster (res://PlayerData.gd:118)
       [4] commit_defeat (res://MonsterDefeatService.gd:81)
       [5] _on_monster_pressed (res://MainGame.gd:1323)
       [6] _tap_monster (res://V2021VisualRuntimeQa.gd:246)
       [7] _wait_render (res://V2021VisualRuntimeQa.gd:174)
SCRIPT ERROR: Invalid call. Nonexistent function 'objective_icon_role' in base 'GDScript'.
   at: _add_objective_row_v152 (res://MainGame.gd:2181)
   GDScript backtrace (most recent call first):
       [0] _add_objective_row_v152 (res://MainGame.gd:2181)
       [1] _rebuild_quests (res://MainGame.gd:2206)
       [2] _refresh_all (res://MainGame.gd:688)
       [3] spawn_next_monster (res://PlayerData.gd:118)
       [4] commit_defeat (res://MonsterDefeatService.gd:81)
       [5] _on_monster_pressed (res://MainGame.gd:1323)
       [6] _tap_monster (res://V2021VisualRuntimeQa.gd:246)
       [7] _wait_render (res://V2021VisualRuntimeQa.gd:174)
SCRIPT ERROR: Invalid call. Nonexistent function 'objective_icon_role' in base 'GDScript'.
   at: _add_objective_row_v152 (res://MainGame.gd:2181)
   GDScript backtrace (most recent call first):
       [0] _add_objective_row_v152 (res://MainGame.gd:2181)
       [1] _rebuild_quests (res://MainGame.gd:2206)
       [2] _refresh_all (res://MainGame.gd:688)
       [3] spawn_next_monster (res://PlayerData.gd:118)
       [4] commit_defeat (res://MonsterDefeatService.gd:81)
       [5] _on_monster_pressed (res://MainGame.gd:1323)
       [6] _tap_monster (res://V2021VisualRuntimeQa.gd:246)
       [7] _wait_render (res://V2021VisualRuntimeQa.gd:174)
SCRIPT ERROR: Invalid call. Nonexistent function 'objective_icon_role' in base 'GDScript'.
   at: _add_objective_row_v152 (res://MainGame.gd:2181)
   GDScript backtrace (most recent call first):
       [0] _add_objective_row_v152 (res://MainGame.gd:2181)
       [1] _rebuild_quests (res://MainGame.gd:2206)
       [2] _refresh_all (res://MainGame.gd:688)
       [3] spawn_next_monster (res://PlayerData.gd:118)
       [4] commit_defeat (res://MonsterDefeatService.gd:81)
       [5] _on_monster_pressed (res://MainGame.gd:1323)
       [6] _tap_monster (res://V2021VisualRuntimeQa.gd:246)
       [7] _wait_render (res://V2021VisualRuntimeQa.gd:174)
SCRIPT ERROR: Invalid call. Nonexistent function 'style_objective_header' in base 'GDScript'.
   at: _add_objective_header_v152 (res://MainGame.gd:2166)
   GDScript backtrace (most recent call first):
       [0] _add_objective_header_v152 (res://MainGame.gd:2166)
       [1] _rebuild_quests (res://MainGame.gd:2207)
       [2] _refresh_all (res://MainGame.gd:688)
       [3] spawn_next_monster (res://PlayerData.gd:118)
       [4] commit_defeat (res://MonsterDefeatService.gd:81)
       [5] _on_monster_pressed (res://MainGame.gd:1323)
       [6] _tap_monster (res://V2021VisualRuntimeQa.gd:246)
       [7] _wait_render (res://V2021VisualRuntimeQa.gd:174)
SCRIPT ERROR: Invalid call. Nonexistent function 'objective_icon_role' in base 'GDScript'.
   at: _rebuild_quests (res://MainGame.gd:2214)
   GDScript backtrace (most recent call first):
       [0] _rebuild_quests (res://MainGame.gd:2214)
       [1] _refresh_all (res://MainGame.gd:688)
       [2] spawn_next_monster (res://PlayerData.gd:118)
       [3] commit_defeat (res://MonsterDefeatService.gd:81)
       [4] _on_monster_pressed (res://MainGame.gd:1323)
       [5] _tap_monster (res://V2021VisualRuntimeQa.gd:246)
       [6] _wait_render (res://V2021VisualRuntimeQa.gd:174)
SCRIPT ERROR: Invalid call. Nonexistent function 'refresh_progression_state' in base 'GDScript'.
   at: _refresh_progression_p0 (res://MainGame.gd:2903)
   GDScript backtrace (most recent call first):
       [0] _refresh_progression_p0 (res://MainGame.gd:2903)
       [1] _refresh_all (res://MainGame.gd:696)
       [2] spawn_next_monster (res://PlayerData.gd:118)
       [3] commit_defeat (res://MonsterDefeatService.gd:81)
       [4] _on_monster_pressed (res://MainGame.gd:1323)
       [5] _tap_monster (res://V2021VisualRuntimeQa.gd:246)
       [6] _wait_render (res://V2021VisualRuntimeQa.gd:174)
SCRIPT ERROR: Invalid call. Nonexistent function 'refresh_shop_state' in base 'GDScript'.
   at: _refresh_shop_p0 (res://MainGame.gd:2810)
   GDScript backtrace (most recent call first):
       [0] _refresh_shop_p0 (res://MainGame.gd:2810)
       [1] _refresh_all (res://MainGame.gd:697)
       [2] spawn_next_monster (res://PlayerData.gd:118)
       [3] commit_defeat (res://MonsterDefeatService.gd:81)
       [4] _on_monster_pressed (res://MainGame.gd:1323)
       [5] _tap_monster (res://V2021VisualRuntimeQa.gd:246)
       [6] _wait_render (res://V2021VisualRuntimeQa.gd:174)
SCRIPT ERROR: Invalid call. Nonexistent function 'refresh_afk_state' in base 'GDScript'.
   at: _refresh_afk_p0 (res://MainGame.gd:2910)
   GDScript backtrace (most recent call first):
       [0] _refresh_afk_p0 (res://MainGame.gd:2910)
       [1] _refresh_all (res://MainGame.gd:698)
       [2] spawn_next_monster (res://PlayerData.gd:118)
       [3] commit_defeat (res://MonsterDefeatService.gd:81)
       [4] _on_monster_pressed (res://MainGame.gd:1323)
       [5] _tap_monster (res://V2021VisualRuntimeQa.gd:246)
       [6] _wait_render (res://V2021VisualRuntimeQa.gd:174)
[CORE_ANALYTICS] {"event":"monster_defeat","payload":{"boss":false,"config_version":"v1.81-monster-defeat-remote-authority-01","defeat_id":"defeat_1789103598_1_1","encounter_id":"M001","monster_level":1,"next_level":2,"reward_gold":50,"source":"tap"},"time_unix":1789103598.905}
[CORE_ANALYTICS] {"event":"monster_transaction_committed","payload":{"boss":false,"config_version":"v1.81-monster-defeat-remote-authority-01","defeat_id":"defeat_1789103598_1_1","defeated_level":1,"next_level":2,"source":"tap"},"time_unix":1789103598.905}
SCRIPT ERROR: Invalid call. Nonexistent function 'style_objective_header' in base 'GDScript'.
   at: _add_objective_header_v152 (res://MainGame.gd:2166)
   GDScript backtrace (most recent call first):
       [0] _add_objective_header_v152 (res://MainGame.gd:2166)
       [1] _rebuild_quests (res://MainGame.gd:2205)
       [2] register_action (res://ObjectiveSystem.gd:60)
       [3] _on_monster_defeat_committed_v143 (res://MainGame.gd:1335)
       [4] commit_defeat (res://MonsterDefeatService.gd:134)
       [5] _on_monster_pressed (res://MainGame.gd:1323)
       [6] _tap_monster (res://V2021VisualRuntimeQa.gd:246)
       [7] _wait_render (res://V2021VisualRuntimeQa.gd:174)
SCRIPT ERROR: Invalid call. Nonexistent function 'objective_icon_role' in base 'GDScript'.
   at: _add_objective_row_v152 (res://MainGame.gd:2181)
   GDScript backtrace (most recent call first):
       [0] _add_objective_row_v152 (res://MainGame.gd:2181)
       [1] _rebuild_quests (res://MainGame.gd:2206)
       [2] register_action (res://ObjectiveSystem.gd:60)
       [3] _on_monster_defeat_committed_v143 (res://MainGame.gd:1335)
       [4] commit_defeat (res://MonsterDefeatService.gd:134)
       [5] _on_monster_pressed (res://MainGame.gd:1323)
       [6] _tap_monster (res://V2021VisualRuntimeQa.gd:246)
       [7] _wait_render (res://V2021VisualRuntimeQa.gd:174)
SCRIPT ERROR: Invalid call. Nonexistent function 'objective_icon_role' in base 'GDScript'.
   at: _add_objective_row_v152 (res://MainGame.gd:2181)
   GDScript backtrace (most recent call first):
       [0] _add_objective_row_v152 (res://MainGame.gd:2181)
       [1] _rebuild_quests (res://MainGame.gd:2206)
       [2] register_action (res://ObjectiveSystem.gd:60)
       [3] _on_monster_defeat_committed_v143 (res://MainGame.gd:1335)
       [4] commit_defeat (res://MonsterDefeatService.gd:134)
       [5] _on_monster_pressed (res://MainGame.gd:1323)
       [6] _tap_monster (res://V2021VisualRuntimeQa.gd:246)
       [7] _wait_render (res://V2021VisualRuntimeQa.gd:174)
SCRIPT ERROR: Invalid call. Nonexistent function 'objective_icon_role' in base 'GDScript'.
   at: _add_objective_row_v152 (res://MainGame.gd:2181)
   GDScript backtrace (most recent call first):
       [0] _add_objective_row_v152 (res://MainGame.gd:2181)
       [1] _rebuild_quests (res://MainGame.gd:2206)
       [2] register_action (res://ObjectiveSystem.gd:60)
       [3] _on_monster_defeat_committed_v143 (res://MainGame.gd:1335)
       [4] commit_defeat (res://MonsterDefeatService.gd:134)
       [5] _on_monster_pressed (res://MainGame.gd:1323)
       [6] _tap_monster (res://V2021VisualRuntimeQa.gd:246)
       [7] _wait_render (res://V2021VisualRuntimeQa.gd:174)
SCRIPT ERROR: Invalid call. Nonexistent function 'style_objective_header' in base 'GDScript'.
   at: _add_objective_header_v152 (res://MainGame.gd:2166)
   GDScript backtrace (most recent call first):
       [0] _add_objective_header_v152 (res://MainGame.gd:2166)
       [1] _rebuild_quests (res://MainGame.gd:2205)
       [2] register_action (res://ObjectiveSystem.gd:60)
       [3] _on_monster_defeat_committed_v143 (res://MainGame.gd:1335)
       [4] commit_defeat (res://MonsterDefeatService.gd:134)
       [5] _on_monster_pressed (res://MainGame.gd:1323)
       [6] _tap_monster (res://V2021VisualRuntimeQa.gd:246)
       [7] _wait_render (res://V2021VisualRuntimeQa.gd:174)
SCRIPT ERROR: Invalid call. Nonexistent function 'objective_icon_role' in base 'GDScript'.
   at: _add_objective_row_v152 (res://MainGame.gd:2181)
   GDScript backtrace (most recent call first):
       [0] _add_objective_row_v152 (res://MainGame.gd:2181)
       [1] _rebuild_quests (res://MainGame.gd:2206)
       [2] register_action (res://ObjectiveSystem.gd:60)
       [3] _on_monster_defeat_committed_v143 (res://MainGame.gd:1335)
       [4] commit_defeat (res://MonsterDefeatService.gd:134)
       [5] _on_monster_pressed (res://MainGame.gd:1323)
       [6] _tap_monster (res://V2021VisualRuntimeQa.gd:246)
       [7] _wait_render (res://V2021VisualRuntimeQa.gd:174)
SCRIPT ERROR: Invalid call. Nonexistent function 'objective_icon_role' in base 'GDScript'.
   at: _add_objective_row_v152 (res://MainGame.gd:2181)
   GDScript backtrace (most recent call first):
       [0] _add_objective_row_v152 (res://MainGame.gd:2181)
       [1] _rebuild_quests (res://MainGame.gd:2206)
       [2] register_action (res://ObjectiveSystem.gd:60)
       [3] _on_monster_defeat_committed_v143 (res://MainGame.gd:1335)
       [4] commit_defeat (res://MonsterDefeatService.gd:134)
       [5] _on_monster_pressed (res://MainGame.gd:1323)
       [6] _tap_monster (res://V2021VisualRuntimeQa.gd:246)
       [7] _wait_render (res://V2021VisualRuntimeQa.gd:174)
SCRIPT ERROR: Invalid call. Nonexistent function 'objective_icon_role' in base 'GDScript'.
   at: _add_objective_row_v152 (res://MainGame.gd:2181)
   GDScript backtrace (most recent call first):
       [0] _add_objective_row_v152 (res://MainGame.gd:2181)
       [1] _rebuild_quests (res://MainGame.gd:2206)
       [2] register_action (res://ObjectiveSystem.gd:60)
       [3] _on_monster_defeat_committed_v143 (res://MainGame.gd:1335)
       [4] commit_defeat (res://MonsterDefeatService.gd:134)
       [5] _on_monster_pressed (res://MainGame.gd:1323)
       [6] _tap_monster (res://V2021VisualRuntimeQa.gd:246)
       [7] _wait_render (res://V2021VisualRuntimeQa.gd:174)
SCRIPT ERROR: Invalid call. Nonexistent function 'style_objective_header' in base 'GDScript'.
   at: _add_objective_header_v152 (res://MainGame.gd:2166)
   GDScript backtrace (most recent call first):
       [0] _add_objective_header_v152 (res://MainGame.gd:2166)
       [1] _rebuild_quests (res://MainGame.gd:2205)
       [2] register_action (res://ObjectiveSystem.gd:60)
       [3] _on_monster_defeat_committed_v143 (res://MainGame.gd:1335)
       [4] commit_defeat (res://MonsterDefeatService.gd:134)
       [5] _on_monster_pressed (res://MainGame.gd:1323)
       [6] _tap_monster (res://V2021VisualRuntimeQa.gd:246)
       [7] _wait_render (res://V2021VisualRuntimeQa.gd:174)
SCRIPT ERROR: Invalid call. Nonexistent function 'objective_icon_role' in base 'GDScript'.
   at: _add_objective_row_v152 (res://MainGame.gd:2181)
   GDScript backtrace (most recent call first):
       [0] _add_objective_row_v152 (res://MainGame.gd:2181)
       [1] _rebuild_quests (res://MainGame.gd:2206)
       [2] register_action (res://ObjectiveSystem.gd:60)
       [3] _on_monster_defeat_committed_v143 (res://MainGame.gd:1335)
       [4] commit_defeat (res://MonsterDefeatService.gd:134)
       [5] _on_monster_pressed (res://MainGame.gd:1323)
       [6] _tap_monster (res://V2021VisualRuntimeQa.gd:246)
       [7] _wait_render (res://V2021VisualRuntimeQa.gd:174)
SCRIPT ERROR: Invalid call. Nonexistent function 'objective_icon_role' in base 'GDScript'.
   at: _add_objective_row_v152 (res://MainGame.gd:2181)
   GDScript backtrace (most recent call first):
       [0] _add_objective_row_v152 (res://MainGame.gd:2181)
       [1] _rebuild_quests (res://MainGame.gd:2206)
       [2] register_action (res://ObjectiveSystem.gd:60)
       [3] _on_monster_defeat_committed_v143 (res://MainGame.gd:1335)
       [4] commit_defeat (res://MonsterDefeatService.gd:134)
       [5] _on_monster_pressed (res://MainGame.gd:1323)
       [6] _tap_monster (res://V2021VisualRuntimeQa.gd:246)
       [7] _wait_render (res://V2021VisualRuntimeQa.gd:174)
SCRIPT ERROR: Invalid call. Nonexistent function 'objective_icon_role' in base 'GDScript'.
   at: _add_objective_row_v152 (res://MainGame.gd:2181)
   GDScript backtrace (most recent call first):
       [0] _add_objective_row_v152 (res://MainGame.gd:2181)
       [1] _rebuild_quests (res://MainGame.gd:2206)
       [2] register_action (res://ObjectiveSystem.gd:60)
       [3] _on_monster_defeat_committed_v143 (res://MainGame.gd:1335)
       [4] commit_defeat (res://MonsterDefeatService.gd:134)
       [5] _on_monster_pressed (res://MainGame.gd:1323)
       [6] _tap_monster (res://V2021VisualRuntimeQa.gd:246)
       [7] _wait_render (res://V2021VisualRuntimeQa.gd:174)
SCRIPT ERROR: Invalid call. Nonexistent function 'objective_icon_role' in base 'GDScript'.
   at: _add_objective_row_v152 (res://MainGame.gd:2181)
   GDScript backtrace (most recent call first):
       [0] _add_objective_row_v152 (res://MainGame.gd:2181)
       [1] _rebuild_quests (res://MainGame.gd:2206)
       [2] register_action (res://ObjectiveSystem.gd:60)
       [3] _on_monster_defeat_committed_v143 (res://MainGame.gd:1335)
       [4] commit_defeat (res://MonsterDefeatService.gd:134)
       [5] _on_monster_pressed (res://MainGame.gd:1323)
       [6] _tap_monster (res://V2021VisualRuntimeQa.gd:246)
       [7] _wait_render (res://V2021VisualRuntimeQa.gd:174)
SCRIPT ERROR: Invalid call. Nonexistent function 'objective_icon_role' in base 'GDScript'.
   at: _add_objective_row_v152 (res://MainGame.gd:2181)
   GDScript backtrace (most recent call first):
       [0] _add_objective_row_v152 (res://MainGame.gd:2181)
       [1] _rebuild_quests (res://MainGame.gd:2206)
       [2] register_action (res://ObjectiveSystem.gd:60)
       [3] _on_monster_defeat_committed_v143 (res://MainGame.gd:1335)
       [4] commit_defeat (res://MonsterDefeatService.gd:134)
       [5] _on_monster_pressed (res://MainGame.gd:1323)
       [6] _tap_monster (res://V2021VisualRuntimeQa.gd:246)
       [7] _wait_render (res://V2021VisualRuntimeQa.gd:174)
SCRIPT ERROR: Invalid call. Nonexistent function 'style_objective_header' in base 'GDScript'.
   at: _add_objective_header_v152 (res://MainGame.gd:2166)
   GDScript backtrace (most recent call first):
       [0] _add_objective_header_v152 (res://MainGame.gd:2166)
       [1] _rebuild_quests (res://MainGame.gd:2207)
       [2] register_action (res://ObjectiveSystem.gd:60)
       [3] _on_monster_defeat_committed_v143 (res://MainGame.gd:1335)
       [4] commit_defeat (res://MonsterDefeatService.gd:134)
       [5] _on_monster_pressed (res://MainGame.gd:1323)
       [6] _tap_monster (res://V2021VisualRuntimeQa.gd:246)
       [7] _wait_render (res://V2021VisualRuntimeQa.gd:174)
SCRIPT ERROR: Invalid call. Nonexistent function 'objective_icon_role' in base 'GDScript'.
   at: _rebuild_quests (res://MainGame.gd:2214)
   GDScript backtrace (most recent call first):
       [0] _rebuild_quests (res://MainGame.gd:2214)
       [1] register_action (res://ObjectiveSystem.gd:60)
       [2] _on_monster_defeat_committed_v143 (res://MainGame.gd:1335)
       [3] commit_defeat (res://MonsterDefeatService.gd:134)
       [4] _on_monster_pressed (res://MainGame.gd:1323)
       [5] _tap_monster (res://V2021VisualRuntimeQa.gd:246)
       [6] _wait_render (res://V2021VisualRuntimeQa.gd:174)
[CORE_ANALYTICS] {"event":"monster_defeat_visual","payload":{"encounter_id":"M001","state":"defeat"},"time_unix":1789103598.93}
SCRIPT ERROR: Invalid call. Nonexistent function 'prepare_boss_reward' in base 'GDScript'.
   at: _show_monster_reward (res://MainGame.gd:2279)
   GDScript backtrace (most recent call first):
       [0] _show_monster_reward (res://MainGame.gd:2279)
       [1] _present_monster_defeat_v143 (res://MainGame.gd:1382)
       [2] _show_monster_defeat_state_for_level (res://MainGame.gd:2576)
[CORE_ANALYTICS] {"event":"monster_defeat_presented","payload":{"boss":false,"defeat_id":"defeat_1789103598_1_1","source":"tap"},"time_unix":1789103598.939}
SCRIPT ERROR: Invalid call. Nonexistent function 'refresh_home_loop_state' in base 'GDScript'.
   at: _update_monster_ui (res://MainGame.gd:1219)
   GDScript backtrace (most recent call first):
       [0] _update_monster_ui (res://MainGame.gd:1219)
       [1] _refresh_all (res://MainGame.gd:675)
       [2] _close_no_spins_state (res://MainGame.gd:1629)
       [3] _dismiss_overlays (res://V2021VisualRuntimeQa.gd:268)
       [4] _wait_render (res://V2021VisualRuntimeQa.gd:174)
SCRIPT ERROR: Invalid call. Nonexistent function 'refresh_village_loop_state' in base 'GDScript'.
   at: _refresh_p0_village (res://MainGame.gd:2410)
   GDScript backtrace (most recent call first):
       [0] _refresh_p0_village (res://MainGame.gd:2410)
       [1] _refresh_all (res://MainGame.gd:680)
       [2] _close_no_spins_state (res://MainGame.gd:1629)
       [3] _dismiss_overlays (res://V2021VisualRuntimeQa.gd:268)
       [4] _wait_render (res://V2021VisualRuntimeQa.gd:174)
SCRIPT ERROR: Invalid call. Nonexistent function 'refresh_reward_session_state' in base 'GDScript'.
   at: _refresh_meta_ui (res://MainGame.gd:1004)
   GDScript backtrace (most recent call first):
       [0] _refresh_meta_ui (res://MainGame.gd:1004)
       [1] _refresh_all (res://MainGame.gd:683)
       [2] _close_no_spins_state (res://MainGame.gd:1629)
       [3] _dismiss_overlays (res://V2021VisualRuntimeQa.gd:268)
       [4] _wait_render (res://V2021VisualRuntimeQa.gd:174)
SCRIPT ERROR: Invalid call. Nonexistent function 'style_objective_header' in base 'GDScript'.
   at: _add_objective_header_v152 (res://MainGame.gd:2166)
   GDScript backtrace (most recent call first):
       [0] _add_objective_header_v152 (res://MainGame.gd:2166)
       [1] _rebuild_quests (res://MainGame.gd:2205)
       [2] _refresh_all (res://MainGame.gd:688)
       [3] _close_no_spins_state (res://MainGame.gd:1629)
       [4] _dismiss_overlays (res://V2021VisualRuntimeQa.gd:268)
       [5] _wait_render (res://V2021VisualRuntimeQa.gd:174)
SCRIPT ERROR: Invalid call. Nonexistent function 'objective_icon_role' in base 'GDScript'.
   at: _add_objective_row_v152 (res://MainGame.gd:2181)
   GDScript backtrace (most recent call first):
       [0] _add_objective_row_v152 (res://MainGame.gd:2181)
       [1] _rebuild_quests (res://MainGame.gd:2206)
       [2] _refresh_all (res://MainGame.gd:688)
       [3] _close_no_spins_state (res://MainGame.gd:1629)
       [4] _dismiss_overlays (res://V2021VisualRuntimeQa.gd:268)
       [5] _wait_render (res://V2021VisualRuntimeQa.gd:174)
SCRIPT ERROR: Invalid call. Nonexistent function 'objective_icon_role' in base 'GDScript'.
   at: _add_objective_row_v152 (res://MainGame.gd:2181)
   GDScript backtrace (most recent call first):
       [0] _add_objective_row_v152 (res://MainGame.gd:2181)
       [1] _rebuild_quests (res://MainGame.gd:2206)
       [2] _refresh_all (res://MainGame.gd:688)
       [3] _close_no_spins_state (res://MainGame.gd:1629)
       [4] _dismiss_overlays (res://V2021VisualRuntimeQa.gd:268)
       [5] _wait_render (res://V2021VisualRuntimeQa.gd:174)
SCRIPT ERROR: Invalid call. Nonexistent function 'objective_icon_role' in base 'GDScript'.
   at: _add_objective_row_v152 (res://MainGame.gd:2181)
   GDScript backtrace (most recent call first):
       [0] _add_objective_row_v152 (res://MainGame.gd:2181)
       [1] _rebuild_quests (res://MainGame.gd:2206)
       [2] _refresh_all (res://MainGame.gd:688)
       [3] _close_no_spins_state (res://MainGame.gd:1629)
       [4] _dismiss_overlays (res://V2021VisualRuntimeQa.gd:268)
       [5] _wait_render (res://V2021VisualRuntimeQa.gd:174)
SCRIPT ERROR: Invalid call. Nonexistent function 'style_objective_header' in base 'GDScript'.
   at: _add_objective_header_v152 (res://MainGame.gd:2166)
   GDScript backtrace (most recent call first):
       [0] _add_objective_header_v152 (res://MainGame.gd:2166)
       [1] _rebuild_quests (res://MainGame.gd:2205)
       [2] _refresh_all (res://MainGame.gd:688)
       [3] _close_no_spins_state (res://MainGame.gd:1629)
       [4] _dismiss_overlays (res://V2021VisualRuntimeQa.gd:268)
       [5] _wait_render (res://V2021VisualRuntimeQa.gd:174)
SCRIPT ERROR: Invalid call. Nonexistent function 'objective_icon_role' in base 'GDScript'.
   at: _add_objective_row_v152 (res://MainGame.gd:2181)
   GDScript backtrace (most recent call first):
       [0] _add_objective_row_v152 (res://MainGame.gd:2181)
       [1] _rebuild_quests (res://MainGame.gd:2206)
       [2] _refresh_all (res://MainGame.gd:688)
       [3] _close_no_spins_state (res://MainGame.gd:1629)
       [4] _dismiss_overlays (res://V2021VisualRuntimeQa.gd:268)
       [5] _wait_render (res://V2021VisualRuntimeQa.gd:174)
SCRIPT ERROR: Invalid call. Nonexistent function 'objective_icon_role' in base 'GDScript'.
   at: _add_objective_row_v152 (res://MainGame.gd:2181)
   GDScript backtrace (most recent call first):
       [0] _add_objective_row_v152 (res://MainGame.gd:2181)
       [1] _rebuild_quests (res://MainGame.gd:2206)
       [2] _refresh_all (res://MainGame.gd:688)
       [3] _close_no_spins_state (res://MainGame.gd:1629)
       [4] _dismiss_overlays (res://V2021VisualRuntimeQa.gd:268)
       [5] _wait_render (res://V2021VisualRuntimeQa.gd:174)
SCRIPT ERROR: Invalid call. Nonexistent function 'objective_icon_role' in base 'GDScript'.
   at: _add_objective_row_v152 (res://MainGame.gd:2181)
   GDScript backtrace (most recent call first):
       [0] _add_objective_row_v152 (res://MainGame.gd:2181)
       [1] _rebuild_quests (res://MainGame.gd:2206)
       [2] _refresh_all (res://MainGame.gd:688)
       [3] _close_no_spins_state (res://MainGame.gd:1629)
       [4] _dismiss_overlays (res://V2021VisualRuntimeQa.gd:268)
       [5] _wait_render (res://V2021VisualRuntimeQa.gd:174)
SCRIPT ERROR: Invalid call. Nonexistent function 'style_objective_header' in base 'GDScript'.
   at: _add_objective_header_v152 (res://MainGame.gd:2166)
   GDScript backtrace (most recent call first):
       [0] _add_objective_header_v152 (res://MainGame.gd:2166)
       [1] _rebuild_quests (res://MainGame.gd:2205)
       [2] _refresh_all (res://MainGame.gd:688)
       [3] _close_no_spins_state (res://MainGame.gd:1629)
       [4] _dismiss_overlays (res://V2021VisualRuntimeQa.gd:268)
       [5] _wait_render (res://V2021VisualRuntimeQa.gd:174)
SCRIPT ERROR: Invalid call. Nonexistent function 'objective_icon_role' in base 'GDScript'.
   at: _add_objective_row_v152 (res://MainGame.gd:2181)
   GDScript backtrace (most recent call first):
       [0] _add_objective_row_v152 (res://MainGame.gd:2181)
       [1] _rebuild_quests (res://MainGame.gd:2206)
       [2] _refresh_all (res://MainGame.gd:688)
       [3] _close_no_spins_state (res://MainGame.gd:1629)
       [4] _dismiss_overlays (res://V2021VisualRuntimeQa.gd:268)
       [5] _wait_render (res://V2021VisualRuntimeQa.gd:174)
SCRIPT ERROR: Invalid call. Nonexistent function 'objective_icon_role' in base 'GDScript'.
   at: _add_objective_row_v152 (res://MainGame.gd:2181)
   GDScript backtrace (most recent call first):
       [0] _add_objective_row_v152 (res://MainGame.gd:2181)
       [1] _rebuild_quests (res://MainGame.gd:2206)
       [2] _refresh_all (res://MainGame.gd:688)
       [3] _close_no_spins_state (res://MainGame.gd:1629)
       [4] _dismiss_overlays (res://V2021VisualRuntimeQa.gd:268)
       [5] _wait_render (res://V2021VisualRuntimeQa.gd:174)
SCRIPT ERROR: Invalid call. Nonexistent function 'objective_icon_role' in base 'GDScript'.
   at: _add_objective_row_v152 (res://MainGame.gd:2181)
   GDScript backtrace (most recent call first):
       [0] _add_objective_row_v152 (res://MainGame.gd:2181)
       [1] _rebuild_quests (res://MainGame.gd:2206)
       [2] _refresh_all (res://MainGame.gd:688)
       [3] _close_no_spins_state (res://MainGame.gd:1629)
       [4] _dismiss_overlays (res://V2021VisualRuntimeQa.gd:268)
       [5] _wait_render (res://V2021VisualRuntimeQa.gd:174)
SCRIPT ERROR: Invalid call. Nonexistent function 'objective_icon_role' in base 'GDScript'.
   at: _add_objective_row_v152 (res://MainGame.gd:2181)
   GDScript backtrace (most recent call first):
       [0] _add_objective_row_v152 (res://MainGame.gd:2181)
       [1] _rebuild_quests (res://MainGame.gd:2206)
       [2] _refresh_all (res://MainGame.gd:688)
       [3] _close_no_spins_state (res://MainGame.gd:1629)
       [4] _dismiss_overlays (res://V2021VisualRuntimeQa.gd:268)
       [5] _wait_render (res://V2021VisualRuntimeQa.gd:174)
SCRIPT ERROR: Invalid call. Nonexistent function 'objective_icon_role' in base 'GDScript'.
   at: _add_objective_row_v152 (res://MainGame.gd:2181)
   GDScript backtrace (most recent call first):
       [0] _add_objective_row_v152 (res://MainGame.gd:2181)
       [1] _rebuild_quests (res://MainGame.gd:2206)
       [2] _refresh_all (res://MainGame.gd:688)
       [3] _close_no_spins_state (res://MainGame.gd:1629)
       [4] _dismiss_overlays (res://V2021VisualRuntimeQa.gd:268)
       [5] _wait_render (res://V2021VisualRuntimeQa.gd:174)
SCRIPT ERROR: Invalid call. Nonexistent function 'style_objective_header' in base 'GDScript'.
   at: _add_objective_header_v152 (res://MainGame.gd:2166)
   GDScript backtrace (most recent call first):
       [0] _add_objective_header_v152 (res://MainGame.gd:2166)
       [1] _rebuild_quests (res://MainGame.gd:2207)
       [2] _refresh_all (res://MainGame.gd:688)
       [3] _close_no_spins_state (res://MainGame.gd:1629)
       [4] _dismiss_overlays (res://V2021VisualRuntimeQa.gd:268)
       [5] _wait_render (res://V2021VisualRuntimeQa.gd:174)
SCRIPT ERROR: Invalid call. Nonexistent function 'objective_icon_role' in base 'GDScript'.
   at: _rebuild_quests (res://MainGame.gd:2214)
   GDScript backtrace (most recent call first):
       [0] _rebuild_quests (res://MainGame.gd:2214)
       [1] _refresh_all (res://MainGame.gd:688)
       [2] _close_no_spins_state (res://MainGame.gd:1629)
       [3] _dismiss_overlays (res://V2021VisualRuntimeQa.gd:268)
       [4] _wait_render (res://V2021VisualRuntimeQa.gd:174)
SCRIPT ERROR: Invalid call. Nonexistent function 'refresh_progression_state' in base 'GDScript'.
   at: _refresh_progression_p0 (res://MainGame.gd:2903)
   GDScript backtrace (most recent call first):
       [0] _refresh_progression_p0 (res://MainGame.gd:2903)
       [1] _refresh_all (res://MainGame.gd:696)
       [2] _close_no_spins_state (res://MainGame.gd:1629)
       [3] _dismiss_overlays (res://V2021VisualRuntimeQa.gd:268)
       [4] _wait_render (res://V2021VisualRuntimeQa.gd:174)
SCRIPT ERROR: Invalid call. Nonexistent function 'refresh_shop_state' in base 'GDScript'.
   at: _refresh_shop_p0 (res://MainGame.gd:2810)
   GDScript backtrace (most recent call first):
       [0] _refresh_shop_p0 (res://MainGame.gd:2810)
       [1] _refresh_all (res://MainGame.gd:697)
       [2] _close_no_spins_state (res://MainGame.gd:1629)
       [3] _dismiss_overlays (res://V2021VisualRuntimeQa.gd:268)
       [4] _wait_render (res://V2021VisualRuntimeQa.gd:174)
SCRIPT ERROR: Invalid call. Nonexistent function 'refresh_afk_state' in base 'GDScript'.
   at: _refresh_afk_p0 (res://MainGame.gd:2910)
   GDScript backtrace (most recent call first):
       [0] _refresh_afk_p0 (res://MainGame.gd:2910)
       [1] _refresh_all (res://MainGame.gd:698)
       [2] _close_no_spins_state (res://MainGame.gd:1629)
       [3] _dismiss_overlays (res://V2021VisualRuntimeQa.gd:268)
       [4] _wait_render (res://V2021VisualRuntimeQa.gd:174)
[CORE_ANALYTICS] {"event":"wheel_open","payload":{},"time_unix":1789103600.22}
SCRIPT ERROR: Invalid call. Nonexistent function 'set_primary_nav_state' in base 'GDScript'.
   at: _switch_view (res://MainGame.gd:1298)
   GDScript backtrace (most recent call first):
       [0] _switch_view (res://MainGame.gd:1298)
       [1] _open_core_view (res://MainGame.gd:3024)
       [2] <anonymous lambda> (res://MainGame.gd:433)
       [3] _press_button (res://V2021VisualRuntimeQa.gd:259)
       [4] _press_nav (res://V2021VisualRuntimeQa.gd:254)
       [5] _run_profile (res://V2021VisualRuntimeQa.gd:91)
       [6] _dismiss_overlays (res://V2021VisualRuntimeQa.gd:269)
       [7] _wait_render (res://V2021VisualRuntimeQa.gd:174)
SCRIPT ERROR: Invalid call. Nonexistent function 'refresh_home_loop_state' in base 'GDScript'.
   at: _update_monster_ui (res://MainGame.gd:1219)
   GDScript backtrace (most recent call first):
       [0] _update_monster_ui (res://MainGame.gd:1219)
       [1] _refresh_all (res://MainGame.gd:675)
       [2] commit_spin_local (res://EconomyAuthorityService.gd:31)
       [3] spin (res://WheelSystem.gd:149)
       [4] _on_spin_pressed (res://MainGame.gd:1483)
       [5] _press_button (res://V2021VisualRuntimeQa.gd:259)
       [6] _run_profile (res://V2021VisualRuntimeQa.gd:95)
       [7] _capture (res://V2021VisualRuntimeQa.gd:182)
       [8] _grab_viewport_image (res://V2021VisualRuntimeQa.gd:204)
SCRIPT ERROR: Invalid call. Nonexistent function 'refresh_village_loop_state' in base 'GDScript'.
   at: _refresh_p0_village (res://MainGame.gd:2410)
   GDScript backtrace (most recent call first):
       [0] _refresh_p0_village (res://MainGame.gd:2410)
       [1] _refresh_all (res://MainGame.gd:680)
       [2] commit_spin_local (res://EconomyAuthorityService.gd:31)
       [3] spin (res://WheelSystem.gd:149)
       [4] _on_spin_pressed (res://MainGame.gd:1483)
       [5] _press_button (res://V2021VisualRuntimeQa.gd:259)
       [6] _run_profile (res://V2021VisualRuntimeQa.gd:95)
       [7] _capture (res://V2021VisualRuntimeQa.gd:182)
       [8] _grab_viewport_image (res://V2021VisualRuntimeQa.gd:204)
SCRIPT ERROR: Invalid call. Nonexistent function 'refresh_reward_session_state' in base 'GDScript'.
   at: _refresh_meta_ui (res://MainGame.gd:1004)
   GDScript backtrace (most recent call first):
       [0] _refresh_meta_ui (res://MainGame.gd:1004)
       [1] _refresh_all (res://MainGame.gd:683)
       [2] commit_spin_local (res://EconomyAuthorityService.gd:31)
       [3] spin (res://WheelSystem.gd:149)
       [4] _on_spin_pressed (res://MainGame.gd:1483)
       [5] _press_button (res://V2021VisualRuntimeQa.gd:259)
       [6] _run_profile (res://V2021VisualRuntimeQa.gd:95)
       [7] _capture (res://V2021VisualRuntimeQa.gd:182)
       [8] _grab_viewport_image (res://V2021VisualRuntimeQa.gd:204)
SCRIPT ERROR: Invalid call. Nonexistent function 'style_objective_header' in base 'GDScript'.
   at: _add_objective_header_v152 (res://MainGame.gd:2166)
   GDScript backtrace (most recent call first):
       [0] _add_objective_header_v152 (res://MainGame.gd:2166)
       [1] _rebuild_quests (res://MainGame.gd:2205)
       [2] _refresh_all (res://MainGame.gd:688)
       [3] commit_spin_local (res://EconomyAuthorityService.gd:31)
       [4] spin (res://WheelSystem.gd:149)
       [5] _on_spin_pressed (res://MainGame.gd:1483)
       [6] _press_button (res://V2021VisualRuntimeQa.gd:259)
       [7] _run_profile (res://V2021VisualRuntimeQa.gd:95)
       [8] _capture (res://V2021VisualRuntimeQa.gd:182)
       [9] _grab_viewport_image (res://V2021VisualRuntimeQa.gd:204)
SCRIPT ERROR: Invalid call. Nonexistent function 'objective_icon_role' in base 'GDScript'.
   at: _add_objective_row_v152 (res://MainGame.gd:2181)
   GDScript backtrace (most recent call first):
       [0] _add_objective_row_v152 (res://MainGame.gd:2181)
       [1] _rebuild_quests (res://MainGame.gd:2206)
       [2] _refresh_all (res://MainGame.gd:688)
       [3] commit_spin_local (res://EconomyAuthorityService.gd:31)
       [4] spin (res://WheelSystem.gd:149)
       [5] _on_spin_pressed (res://MainGame.gd:1483)
       [6] _press_button (res://V2021VisualRuntimeQa.gd:259)
       [7] _run_profile (res://V2021VisualRuntimeQa.gd:95)
       [8] _capture (res://V2021VisualRuntimeQa.gd:182)
       [9] _grab_viewport_image (res://V2021VisualRuntimeQa.gd:204)
SCRIPT ERROR: Invalid call. Nonexistent function 'objective_icon_role' in base 'GDScript'.
   at: _add_objective_row_v152 (res://MainGame.gd:2181)
   GDScript backtrace (most recent call first):
       [0] _add_objective_row_v152 (res://MainGame.gd:2181)
       [1] _rebuild_quests (res://MainGame.gd:2206)
       [2] _refresh_all (res://MainGame.gd:688)
       [3] commit_spin_local (res://EconomyAuthorityService.gd:31)
       [4] spin (res://WheelSystem.gd:149)
       [5] _on_spin_pressed (res://MainGame.gd:1483)
       [6] _press_button (res://V2021VisualRuntimeQa.gd:259)
       [7] _run_profile (res://V2021VisualRuntimeQa.gd:95)
       [8] _capture (res://V2021VisualRuntimeQa.gd:182)
       [9] _grab_viewport_image (res://V2021VisualRuntimeQa.gd:204)
SCRIPT ERROR: Invalid call. Nonexistent function 'objective_icon_role' in base 'GDScript'.
   at: _add_objective_row_v152 (res://MainGame.gd:2181)
   GDScript backtrace (most recent call first):
       [0] _add_objective_row_v152 (res://MainGame.gd:2181)
       [1] _rebuild_quests (res://MainGame.gd:2206)
       [2] _refresh_all (res://MainGame.gd:688)
       [3] commit_spin_local (res://EconomyAuthorityService.gd:31)
       [4] spin (res://WheelSystem.gd:149)
       [5] _on_spin_pressed (res://MainGame.gd:1483)
       [6] _press_button (res://V2021VisualRuntimeQa.gd:259)
       [7] _run_profile (res://V2021VisualRuntimeQa.gd:95)
       [8] _capture (res://V2021VisualRuntimeQa.gd:182)
       [9] _grab_viewport_image (res://V2021VisualRuntimeQa.gd:204)
SCRIPT ERROR: Invalid call. Nonexistent function 'style_objective_header' in base 'GDScript'.
   at: _add_objective_header_v152 (res://MainGame.gd:2166)
   GDScript backtrace (most recent call first):
       [0] _add_objective_header_v152 (res://MainGame.gd:2166)
       [1] _rebuild_quests (res://MainGame.gd:2205)
       [2] _refresh_all (res://MainGame.gd:688)
       [3] commit_spin_local (res://EconomyAuthorityService.gd:31)
       [4] spin (res://WheelSystem.gd:149)
       [5] _on_spin_pressed (res://MainGame.gd:1483)
       [6] _press_button (res://V2021VisualRuntimeQa.gd:259)
       [7] _run_profile (res://V2021VisualRuntimeQa.gd:95)
       [8] _capture (res://V2021VisualRuntimeQa.gd:182)
       [9] _grab_viewport_image (res://V2021VisualRuntimeQa.gd:204)
SCRIPT ERROR: Invalid call. Nonexistent function 'objective_icon_role' in base 'GDScript'.
   at: _add_objective_row_v152 (res://MainGame.gd:2181)
   GDScript backtrace (most recent call first):
       [0] _add_objective_row_v152 (res://MainGame.gd:2181)
       [1] _rebuild_quests (res://MainGame.gd:2206)
       [2] _refresh_all (res://MainGame.gd:688)
       [3] commit_spin_local (res://EconomyAuthorityService.gd:31)
       [4] spin (res://WheelSystem.gd:149)
       [5] _on_spin_pressed (res://MainGame.gd:1483)
       [6] _press_button (res://V2021VisualRuntimeQa.gd:259)
       [7] _run_profile (res://V2021VisualRuntimeQa.gd:95)
       [8] _capture (res://V2021VisualRuntimeQa.gd:182)
       [9] _grab_viewport_image (res://V2021VisualRuntimeQa.gd:204)
SCRIPT ERROR: Invalid call. Nonexistent function 'objective_icon_role' in base 'GDScript'.
   at: _add_objective_row_v152 (res://MainGame.gd:2181)
   GDScript backtrace (most recent call first):
       [0] _add_objective_row_v152 (res://MainGame.gd:2181)
       [1] _rebuild_quests (res://MainGame.gd:2206)
       [2] _refresh_all (res://MainGame.gd:688)
       [3] commit_spin_local (res://EconomyAuthorityService.gd:31)
       [4] spin (res://WheelSystem.gd:149)
       [5] _on_spin_pressed (res://MainGame.gd:1483)
       [6] _press_button (res://V2021VisualRuntimeQa.gd:259)
       [7] _run_profile (res://V2021VisualRuntimeQa.gd:95)
       [8] _capture (res://V2021VisualRuntimeQa.gd:182)
       [9] _grab_viewport_image (res://V2021VisualRuntimeQa.gd:204)
SCRIPT ERROR: Invalid call. Nonexistent function 'objective_icon_role' in base 'GDScript'.
   at: _add_objective_row_v152 (res://MainGame.gd:2181)
   GDScript backtrace (most recent call first):
       [0] _add_objective_row_v152 (res://MainGame.gd:2181)
       [1] _rebuild_quests (res://MainGame.gd:2206)
       [2] _refresh_all (res://MainGame.gd:688)
       [3] commit_spin_local (res://EconomyAuthorityService.gd:31)
       [4] spin (res://WheelSystem.gd:149)
       [5] _on_spin_pressed (res://MainGame.gd:1483)
       [6] _press_button (res://V2021VisualRuntimeQa.gd:259)
       [7] _run_profile (res://V2021VisualRuntimeQa.gd:95)
       [8] _capture (res://V2021VisualRuntimeQa.gd:182)
       [9] _grab_viewport_image (res://V2021VisualRuntimeQa.gd:204)
SCRIPT ERROR: Invalid call. Nonexistent function 'style_objective_header' in base 'GDScript'.
   at: _add_objective_header_v152 (res://MainGame.gd:2166)
   GDScript backtrace (most recent call first):
       [0] _add_objective_header_v152 (res://MainGame.gd:2166)
       [1] _rebuild_quests (res://MainGame.gd:2205)
       [2] _refresh_all (res://MainGame.gd:688)
       [3] commit_spin_local (res://EconomyAuthorityService.gd:31)
       [4] spin (res://WheelSystem.gd:149)
       [5] _on_spin_pressed (res://MainGame.gd:1483)
       [6] _press_button (res://V2021VisualRuntimeQa.gd:259)
       [7] _run_profile (res://V2021VisualRuntimeQa.gd:95)
       [8] _capture (res://V2021VisualRuntimeQa.gd:182)
       [9] _grab_viewport_image (res://V2021VisualRuntimeQa.gd:204)
SCRIPT ERROR: Invalid call. Nonexistent function 'objective_icon_role' in base 'GDScript'.
   at: _add_objective_row_v152 (res://MainGame.gd:2181)
   GDScript backtrace (most recent call first):
       [0] _add_objective_row_v152 (res://MainGame.gd:2181)
       [1] _rebuild_quests (res://MainGame.gd:2206)
       [2] _refresh_all (res://MainGame.gd:688)
       [3] commit_spin_local (res://EconomyAuthorityService.gd:31)
       [4] spin (res://WheelSystem.gd:149)
       [5] _on_spin_pressed (res://MainGame.gd:1483)
       [6] _press_button (res://V2021VisualRuntimeQa.gd:259)
       [7] _run_profile (res://V2021VisualRuntimeQa.gd:95)
       [8] _capture (res://V2021VisualRuntimeQa.gd:182)
       [9] _grab_viewport_image (res://V2021VisualRuntimeQa.gd:204)
SCRIPT ERROR: Invalid call. Nonexistent function 'objective_icon_role' in base 'GDScript'.
   at: _add_objective_row_v152 (res://MainGame.gd:2181)
   GDScript backtrace (most recent call first):
       [0] _add_objective_row_v152 (res://MainGame.gd:2181)
       [1] _rebuild_quests (res://MainGame.gd:2206)
       [2] _refresh_all (res://MainGame.gd:688)
       [3] commit_spin_local (res://EconomyAuthorityService.gd:31)
       [4] spin (res://WheelSystem.gd:149)
       [5] _on_spin_pressed (res://MainGame.gd:1483)
       [6] _press_button (res://V2021VisualRuntimeQa.gd:259)
       [7] _run_profile (res://V2021VisualRuntimeQa.gd:95)
       [8] _capture (res://V2021VisualRuntimeQa.gd:182)
       [9] _grab_viewport_image (res://V2021VisualRuntimeQa.gd:204)
SCRIPT ERROR: Invalid call. Nonexistent function 'objective_icon_role' in base 'GDScript'.
   at: _add_objective_row_v152 (res://MainGame.gd:2181)
   GDScript backtrace (most recent call first):
       [0] _add_objective_row_v152 (res://MainGame.gd:2181)
       [1] _rebuild_quests (res://MainGame.gd:2206)
       [2] _refresh_all (res://MainGame.gd:688)
       [3] commit_spin_local (res://EconomyAuthorityService.gd:31)
       [4] spin (res://WheelSystem.gd:149)
       [5] _on_spin_pressed (res://MainGame.gd:1483)
       [6] _press_button (res://V2021VisualRuntimeQa.gd:259)
       [7] _run_profile (res://V2021VisualRuntimeQa.gd:95)
       [8] _capture (res://V2021VisualRuntimeQa.gd:182)
       [9] _grab_viewport_image (res://V2021VisualRuntimeQa.gd:204)
SCRIPT ERROR: Invalid call. Nonexistent function 'objective_icon_role' in base 'GDScript'.
   at: _add_objective_row_v152 (res://MainGame.gd:2181)
   GDScript backtrace (most recent call first):
       [0] _add_objective_row_v152 (res://MainGame.gd:2181)
       [1] _rebuild_quests (res://MainGame.gd:2206)
       [2] _refresh_all (res://MainGame.gd:688)
       [3] commit_spin_local (res://EconomyAuthorityService.gd:31)
       [4] spin (res://WheelSystem.gd:149)
       [5] _on_spin_pressed (res://MainGame.gd:1483)
       [6] _press_button (res://V2021VisualRuntimeQa.gd:259)
       [7] _run_profile (res://V2021VisualRuntimeQa.gd:95)
       [8] _capture (res://V2021VisualRuntimeQa.gd:182)
       [9] _grab_viewport_image (res://V2021VisualRuntimeQa.gd:204)
SCRIPT ERROR: Invalid call. Nonexistent function 'objective_icon_role' in base 'GDScript'.
   at: _add_objective_row_v152 (res://MainGame.gd:2181)
   GDScript backtrace (most recent call first):
       [0] _add_objective_row_v152 (res://MainGame.gd:2181)
       [1] _rebuild_quests (res://MainGame.gd:2206)
       [2] _refresh_all (res://MainGame.gd:688)
       [3] commit_spin_local (res://EconomyAuthorityService.gd:31)
       [4] spin (res://WheelSystem.gd:149)
       [5] _on_spin_pressed (res://MainGame.gd:1483)
       [6] _press_button (res://V2021VisualRuntimeQa.gd:259)
       [7] _run_profile (res://V2021VisualRuntimeQa.gd:95)
       [8] _capture (res://V2021VisualRuntimeQa.gd:182)
       [9] _grab_viewport_image (res://V2021VisualRuntimeQa.gd:204)
SCRIPT ERROR: Invalid call. Nonexistent function 'style_objective_header' in base 'GDScript'.
   at: _add_objective_header_v152 (res://MainGame.gd:2166)
   GDScript backtrace (most recent call first):
       [0] _add_objective_header_v152 (res://MainGame.gd:2166)
       [1] _rebuild_quests (res://MainGame.gd:2207)
       [2] _refresh_all (res://MainGame.gd:688)
       [3] commit_spin_local (res://EconomyAuthorityService.gd:31)
       [4] spin (res://WheelSystem.gd:149)
       [5] _on_spin_pressed (res://MainGame.gd:1483)
       [6] _press_button (res://V2021VisualRuntimeQa.gd:259)
       [7] _run_profile (res://V2021VisualRuntimeQa.gd:95)
       [8] _capture (res://V2021VisualRuntimeQa.gd:182)
       [9] _grab_viewport_image (res://V2021VisualRuntimeQa.gd:204)
SCRIPT ERROR: Invalid call. Nonexistent function 'objective_icon_role' in base 'GDScript'.
   at: _rebuild_quests (res://MainGame.gd:2214)
   GDScript backtrace (most recent call first):
       [0] _rebuild_quests (res://MainGame.gd:2214)
       [1] _refresh_all (res://MainGame.gd:688)
       [2] commit_spin_local (res://EconomyAuthorityService.gd:31)
       [3] spin (res://WheelSystem.gd:149)
       [4] _on_spin_pressed (res://MainGame.gd:1483)
       [5] _press_button (res://V2021VisualRuntimeQa.gd:259)
       [6] _run_profile (res://V2021VisualRuntimeQa.gd:95)
       [7] _capture (res://V2021VisualRuntimeQa.gd:182)
       [8] _grab_viewport_image (res://V2021VisualRuntimeQa.gd:204)
SCRIPT ERROR: Invalid call. Nonexistent function 'refresh_progression_state' in base 'GDScript'.
   at: _refresh_progression_p0 (res://MainGame.gd:2903)
   GDScript backtrace (most recent call first):
       [0] _refresh_progression_p0 (res://MainGame.gd:2903)
       [1] _refresh_all (res://MainGame.gd:696)
       [2] commit_spin_local (res://EconomyAuthorityService.gd:31)
       [3] spin (res://WheelSystem.gd:149)
       [4] _on_spin_pressed (res://MainGame.gd:1483)
       [5] _press_button (res://V2021VisualRuntimeQa.gd:259)
       [6] _run_profile (res://V2021VisualRuntimeQa.gd:95)
       [7] _capture (res://V2021VisualRuntimeQa.gd:182)
       [8] _grab_viewport_image (res://V2021VisualRuntimeQa.gd:204)
SCRIPT ERROR: Invalid call. Nonexistent function 'refresh_shop_state' in base 'GDScript'.
   at: _refresh_shop_p0 (res://MainGame.gd:2810)
   GDScript backtrace (most recent call first):
       [0] _refresh_shop_p0 (res://MainGame.gd:2810)
       [1] _refresh_all (res://MainGame.gd:697)
       [2] commit_spin_local (res://EconomyAuthorityService.gd:31)
       [3] spin (res://WheelSystem.gd:149)
       [4] _on_spin_pressed (res://MainGame.gd:1483)
       [5] _press_button (res://V2021VisualRuntimeQa.gd:259)
       [6] _run_profile (res://V2021VisualRuntimeQa.gd:95)
       [7] _capture (res://V2021VisualRuntimeQa.gd:182)
       [8] _grab_viewport_image (res://V2021VisualRuntimeQa.gd:204)
SCRIPT ERROR: Invalid call. Nonexistent function 'refresh_afk_state' in base 'GDScript'.
   at: _refresh_afk_p0 (res://MainGame.gd:2910)
   GDScript backtrace (most recent call first):
       [0] _refresh_afk_p0 (res://MainGame.gd:2910)
       [1] _refresh_all (res://MainGame.gd:698)
       [2] commit_spin_local (res://EconomyAuthorityService.gd:31)
       [3] spin (res://WheelSystem.gd:149)
       [4] _on_spin_pressed (res://MainGame.gd:1483)
       [5] _press_button (res://V2021VisualRuntimeQa.gd:259)
       [6] _run_profile (res://V2021VisualRuntimeQa.gd:95)
       [7] _capture (res://V2021VisualRuntimeQa.gd:182)
       [8] _grab_viewport_image (res://V2021VisualRuntimeQa.gd:204)
[CORE_ANALYTICS] {"event":"spin_request","payload":{"config_version":"v2.0-3reel-p0-06","presentation":"three_reel_machine","spins_after_cost":11},"time_unix":1789103601.501}
SCRIPT ERROR: Invalid call. Nonexistent function 'style_objective_header' in base 'GDScript'.
   at: _add_objective_header_v152 (res://MainGame.gd:2166)
   GDScript backtrace (most recent call first):
       [0] _add_objective_header_v152 (res://MainGame.gd:2166)
       [1] _rebuild_quests (res://MainGame.gd:2205)
       [2] register_action (res://ObjectiveSystem.gd:60)
       [3] _on_spin_pressed (res://MainGame.gd:1502)
       [4] _press_button (res://V2021VisualRuntimeQa.gd:259)
       [5] _run_profile (res://V2021VisualRuntimeQa.gd:95)
       [6] _capture (res://V2021VisualRuntimeQa.gd:182)
       [7] _grab_viewport_image (res://V2021VisualRuntimeQa.gd:204)
SCRIPT ERROR: Invalid call. Nonexistent function 'objective_icon_role' in base 'GDScript'.
   at: _add_objective_row_v152 (res://MainGame.gd:2181)
   GDScript backtrace (most recent call first):
       [0] _add_objective_row_v152 (res://MainGame.gd:2181)
       [1] _rebuild_quests (res://MainGame.gd:2206)
       [2] register_action (res://ObjectiveSystem.gd:60)
       [3] _on_spin_pressed (res://MainGame.gd:1502)
       [4] _press_button (res://V2021VisualRuntimeQa.gd:259)
       [5] _run_profile (res://V2021VisualRuntimeQa.gd:95)
       [6] _capture (res://V2021VisualRuntimeQa.gd:182)
       [7] _grab_viewport_image (res://V2021VisualRuntimeQa.gd:204)
SCRIPT ERROR: Invalid call. Nonexistent function 'objective_icon_role' in base 'GDScript'.
   at: _add_objective_row_v152 (res://MainGame.gd:2181)
   GDScript backtrace (most recent call first):
       [0] _add_objective_row_v152 (res://MainGame.gd:2181)
       [1] _rebuild_quests (res://MainGame.gd:2206)
       [2] register_action (res://ObjectiveSystem.gd:60)
       [3] _on_spin_pressed (res://MainGame.gd:1502)
       [4] _press_button (res://V2021VisualRuntimeQa.gd:259)
       [5] _run_profile (res://V2021VisualRuntimeQa.gd:95)
       [6] _capture (res://V2021VisualRuntimeQa.gd:182)
       [7] _grab_viewport_image (res://V2021VisualRuntimeQa.gd:204)
SCRIPT ERROR: Invalid call. Nonexistent function 'objective_icon_role' in base 'GDScript'.
   at: _add_objective_row_v152 (res://MainGame.gd:2181)
   GDScript backtrace (most recent call first):
       [0] _add_objective_row_v152 (res://MainGame.gd:2181)
       [1] _rebuild_quests (res://MainGame.gd:2206)
       [2] register_action (res://ObjectiveSystem.gd:60)
       [3] _on_spin_pressed (res://MainGame.gd:1502)
       [4] _press_button (res://V2021VisualRuntimeQa.gd:259)
       [5] _run_profile (res://V2021VisualRuntimeQa.gd:95)
       [6] _capture (res://V2021VisualRuntimeQa.gd:182)
       [7] _grab_viewport_image (res://V2021VisualRuntimeQa.gd:204)
SCRIPT ERROR: Invalid call. Nonexistent function 'style_objective_header' in base 'GDScript'.
   at: _add_objective_header_v152 (res://MainGame.gd:2166)
   GDScript backtrace (most recent call first):
       [0] _add_objective_header_v152 (res://MainGame.gd:2166)
       [1] _rebuild_quests (res://MainGame.gd:2205)
       [2] register_action (res://ObjectiveSystem.gd:60)
       [3] _on_spin_pressed (res://MainGame.gd:1502)
       [4] _press_button (res://V2021VisualRuntimeQa.gd:259)
       [5] _run_profile (res://V2021VisualRuntimeQa.gd:95)
       [6] _capture (res://V2021VisualRuntimeQa.gd:182)
       [7] _grab_viewport_image (res://V2021VisualRuntimeQa.gd:204)
SCRIPT ERROR: Invalid call. Nonexistent function 'objective_icon_role' in base 'GDScript'.
   at: _add_objective_row_v152 (res://MainGame.gd:2181)
   GDScript backtrace (most recent call first):
       [0] _add_objective_row_v152 (res://MainGame.gd:2181)
       [1] _rebuild_quests (res://MainGame.gd:2206)
       [2] register_action (res://ObjectiveSystem.gd:60)
       [3] _on_spin_pressed (res://MainGame.gd:1502)
       [4] _press_button (res://V2021VisualRuntimeQa.gd:259)
       [5] _run_profile (res://V2021VisualRuntimeQa.gd:95)
       [6] _capture (res://V2021VisualRuntimeQa.gd:182)
       [7] _grab_viewport_image (res://V2021VisualRuntimeQa.gd:204)
SCRIPT ERROR: Invalid call. Nonexistent function 'objective_icon_role' in base 'GDScript'.
   at: _add_objective_row_v152 (res://MainGame.gd:2181)
   GDScript backtrace (most recent call first):
       [0] _add_objective_row_v152 (res://MainGame.gd:2181)
       [1] _rebuild_quests (res://MainGame.gd:2206)
       [2] register_action (res://ObjectiveSystem.gd:60)
       [3] _on_spin_pressed (res://MainGame.gd:1502)
       [4] _press_button (res://V2021VisualRuntimeQa.gd:259)
       [5] _run_profile (res://V2021VisualRuntimeQa.gd:95)
       [6] _capture (res://V2021VisualRuntimeQa.gd:182)
       [7] _grab_viewport_image (res://V2021VisualRuntimeQa.gd:204)
SCRIPT ERROR: Invalid call. Nonexistent function 'objective_icon_role' in base 'GDScript'.
   at: _add_objective_row_v152 (res://MainGame.gd:2181)
   GDScript backtrace (most recent call first):
       [0] _add_objective_row_v152 (res://MainGame.gd:2181)
       [1] _rebuild_quests (res://MainGame.gd:2206)
       [2] register_action (res://ObjectiveSystem.gd:60)
       [3] _on_spin_pressed (res://MainGame.gd:1502)
       [4] _press_button (res://V2021VisualRuntimeQa.gd:259)
       [5] _run_profile (res://V2021VisualRuntimeQa.gd:95)
       [6] _capture (res://V2021VisualRuntimeQa.gd:182)
       [7] _grab_viewport_image (res://V2021VisualRuntimeQa.gd:204)
SCRIPT ERROR: Invalid call. Nonexistent function 'style_objective_header' in base 'GDScript'.
   at: _add_objective_header_v152 (res://MainGame.gd:2166)
   GDScript backtrace (most recent call first):
       [0] _add_objective_header_v152 (res://MainGame.gd:2166)
       [1] _rebuild_quests (res://MainGame.gd:2205)
       [2] register_action (res://ObjectiveSystem.gd:60)
       [3] _on_spin_pressed (res://MainGame.gd:1502)
       [4] _press_button (res://V2021VisualRuntimeQa.gd:259)
       [5] _run_profile (res://V2021VisualRuntimeQa.gd:95)
       [6] _capture (res://V2021VisualRuntimeQa.gd:182)
       [7] _grab_viewport_image (res://V2021VisualRuntimeQa.gd:204)
SCRIPT ERROR: Invalid call. Nonexistent function 'objective_icon_role' in base 'GDScript'.
   at: _add_objective_row_v152 (res://MainGame.gd:2181)
   GDScript backtrace (most recent call first):
       [0] _add_objective_row_v152 (res://MainGame.gd:2181)
       [1] _rebuild_quests (res://MainGame.gd:2206)
       [2] register_action (res://ObjectiveSystem.gd:60)
       [3] _on_spin_pressed (res://MainGame.gd:1502)
       [4] _press_button (res://V2021VisualRuntimeQa.gd:259)
       [5] _run_profile (res://V2021VisualRuntimeQa.gd:95)
       [6] _capture (res://V2021VisualRuntimeQa.gd:182)
       [7] _grab_viewport_image (res://V2021VisualRuntimeQa.gd:204)
SCRIPT ERROR: Invalid call. Nonexistent function 'objective_icon_role' in base 'GDScript'.
   at: _add_objective_row_v152 (res://MainGame.gd:2181)
   GDScript backtrace (most recent call first):
       [0] _add_objective_row_v152 (res://MainGame.gd:2181)
       [1] _rebuild_quests (res://MainGame.gd:2206)
       [2] register_action (res://ObjectiveSystem.gd:60)
       [3] _on_spin_pressed (res://MainGame.gd:1502)
       [4] _press_button (res://V2021VisualRuntimeQa.gd:259)
       [5] _run_profile (res://V2021VisualRuntimeQa.gd:95)
       [6] _capture (res://V2021VisualRuntimeQa.gd:182)
       [7] _grab_viewport_image (res://V2021VisualRuntimeQa.gd:204)
SCRIPT ERROR: Invalid call. Nonexistent function 'objective_icon_role' in base 'GDScript'.
   at: _add_objective_row_v152 (res://MainGame.gd:2181)
   GDScript backtrace (most recent call first):
       [0] _add_objective_row_v152 (res://MainGame.gd:2181)
       [1] _rebuild_quests (res://MainGame.gd:2206)
       [2] register_action (res://ObjectiveSystem.gd:60)
       [3] _on_spin_pressed (res://MainGame.gd:1502)
       [4] _press_button (res://V2021VisualRuntimeQa.gd:259)
       [5] _run_profile (res://V2021VisualRuntimeQa.gd:95)
       [6] _capture (res://V2021VisualRuntimeQa.gd:182)
       [7] _grab_viewport_image (res://V2021VisualRuntimeQa.gd:204)
SCRIPT ERROR: Invalid call. Nonexistent function 'objective_icon_role' in base 'GDScript'.
   at: _add_objective_row_v152 (res://MainGame.gd:2181)
   GDScript backtrace (most recent call first):
       [0] _add_objective_row_v152 (res://MainGame.gd:2181)
       [1] _rebuild_quests (res://MainGame.gd:2206)
       [2] register_action (res://ObjectiveSystem.gd:60)
       [3] _on_spin_pressed (res://MainGame.gd:1502)
       [4] _press_button (res://V2021VisualRuntimeQa.gd:259)
       [5] _run_profile (res://V2021VisualRuntimeQa.gd:95)
       [6] _capture (res://V2021VisualRuntimeQa.gd:182)
       [7] _grab_viewport_image (res://V2021VisualRuntimeQa.gd:204)
SCRIPT ERROR: Invalid call. Nonexistent function 'objective_icon_role' in base 'GDScript'.
   at: _add_objective_row_v152 (res://MainGame.gd:2181)
   GDScript backtrace (most recent call first):
       [0] _add_objective_row_v152 (res://MainGame.gd:2181)
       [1] _rebuild_quests (res://MainGame.gd:2206)
       [2] register_action (res://ObjectiveSystem.gd:60)
       [3] _on_spin_pressed (res://MainGame.gd:1502)
       [4] _press_button (res://V2021VisualRuntimeQa.gd:259)
       [5] _run_profile (res://V2021VisualRuntimeQa.gd:95)
       [6] _capture (res://V2021VisualRuntimeQa.gd:182)
       [7] _grab_viewport_image (res://V2021VisualRuntimeQa.gd:204)
SCRIPT ERROR: Invalid call. Nonexistent function 'style_objective_header' in base 'GDScript'.
   at: _add_objective_header_v152 (res://MainGame.gd:2166)
   GDScript backtrace (most recent call first):
       [0] _add_objective_header_v152 (res://MainGame.gd:2166)
       [1] _rebuild_quests (res://MainGame.gd:2207)
       [2] register_action (res://ObjectiveSystem.gd:60)
       [3] _on_spin_pressed (res://MainGame.gd:1502)
       [4] _press_button (res://V2021VisualRuntimeQa.gd:259)
       [5] _run_profile (res://V2021VisualRuntimeQa.gd:95)
       [6] _capture (res://V2021VisualRuntimeQa.gd:182)
       [7] _grab_viewport_image (res://V2021VisualRuntimeQa.gd:204)
SCRIPT ERROR: Invalid call. Nonexistent function 'objective_icon_role' in base 'GDScript'.
   at: _rebuild_quests (res://MainGame.gd:2214)
   GDScript backtrace (most recent call first):
       [0] _rebuild_quests (res://MainGame.gd:2214)
       [1] register_action (res://ObjectiveSystem.gd:60)
       [2] _on_spin_pressed (res://MainGame.gd:1502)
       [3] _press_button (res://V2021VisualRuntimeQa.gd:259)
       [4] _run_profile (res://V2021VisualRuntimeQa.gd:95)
       [5] _capture (res://V2021VisualRuntimeQa.gd:182)
       [6] _grab_viewport_image (res://V2021VisualRuntimeQa.gd:204)
SCRIPT ERROR: Invalid call. Nonexistent function 'style_objective_header' in base 'GDScript'.
   at: _add_objective_header_v152 (res://MainGame.gd:2166)
   GDScript backtrace (most recent call first):
       [0] _add_objective_header_v152 (res://MainGame.gd:2166)
       [1] _rebuild_quests (res://MainGame.gd:2205)
       [2] add_progress (res://QuestSystem.gd:35)
       [3] _on_spin_pressed (res://MainGame.gd:1504)
       [4] _press_button (res://V2021VisualRuntimeQa.gd:259)
       [5] _run_profile (res://V2021VisualRuntimeQa.gd:95)
       [6] _capture (res://V2021VisualRuntimeQa.gd:182)
       [7] _grab_viewport_image (res://V2021VisualRuntimeQa.gd:204)
SCRIPT ERROR: Invalid call. Nonexistent function 'objective_icon_role' in base 'GDScript'.
   at: _add_objective_row_v152 (res://MainGame.gd:2181)
   GDScript backtrace (most recent call first):
       [0] _add_objective_row_v152 (res://MainGame.gd:2181)
       [1] _rebuild_quests (res://MainGame.gd:2206)
       [2] add_progress (res://QuestSystem.gd:35)
       [3] _on_spin_pressed (res://MainGame.gd:1504)
       [4] _press_button (res://V2021VisualRuntimeQa.gd:259)
       [5] _run_profile (res://V2021VisualRuntimeQa.gd:95)
       [6] _capture (res://V2021VisualRuntimeQa.gd:182)
       [7] _grab_viewport_image (res://V2021VisualRuntimeQa.gd:204)
SCRIPT ERROR: Invalid call. Nonexistent function 'objective_icon_role' in base 'GDScript'.
   at: _add_objective_row_v152 (res://MainGame.gd:2181)
   GDScript backtrace (most recent call first):
       [0] _add_objective_row_v152 (res://MainGame.gd:2181)
       [1] _rebuild_quests (res://MainGame.gd:2206)
       [2] add_progress (res://QuestSystem.gd:35)
       [3] _on_spin_pressed (res://MainGame.gd:1504)
       [4] _press_button (res://V2021VisualRuntimeQa.gd:259)
       [5] _run_profile (res://V2021VisualRuntimeQa.gd:95)
       [6] _capture (res://V2021VisualRuntimeQa.gd:182)
       [7] _grab_viewport_image (res://V2021VisualRuntimeQa.gd:204)
SCRIPT ERROR: Invalid call. Nonexistent function 'objective_icon_role' in base 'GDScript'.
   at: _add_objective_row_v152 (res://MainGame.gd:2181)
   GDScript backtrace (most recent call first):
       [0] _add_objective_row_v152 (res://MainGame.gd:2181)
       [1] _rebuild_quests (res://MainGame.gd:2206)
       [2] add_progress (res://QuestSystem.gd:35)
       [3] _on_spin_pressed (res://MainGame.gd:1504)
       [4] _press_button (res://V2021VisualRuntimeQa.gd:259)
       [5] _run_profile (res://V2021VisualRuntimeQa.gd:95)
       [6] _capture (res://V2021VisualRuntimeQa.gd:182)
       [7] _grab_viewport_image (res://V2021VisualRuntimeQa.gd:204)
SCRIPT ERROR: Invalid call. Nonexistent function 'style_objective_header' in base 'GDScript'.
   at: _add_objective_header_v152 (res://MainGame.gd:2166)
   GDScript backtrace (most recent call first):
       [0] _add_objective_header_v152 (res://MainGame.gd:2166)
       [1] _rebuild_quests (res://MainGame.gd:2205)
       [2] add_progress (res://QuestSystem.gd:35)
       [3] _on_spin_pressed (res://MainGame.gd:1504)
       [4] _press_button (res://V2021VisualRuntimeQa.gd:259)
       [5] _run_profile (res://V2021VisualRuntimeQa.gd:95)
       [6] _capture (res://V2021VisualRuntimeQa.gd:182)
       [7] _grab_viewport_image (res://V2021VisualRuntimeQa.gd:204)
SCRIPT ERROR: Invalid call. Nonexistent function 'objective_icon_role' in base 'GDScript'.
   at: _add_objective_row_v152 (res://MainGame.gd:2181)
   GDScript backtrace (most recent call first):
       [0] _add_objective_row_v152 (res://MainGame.gd:2181)
       [1] _rebuild_quests (res://MainGame.gd:2206)
       [2] add_progress (res://QuestSystem.gd:35)
       [3] _on_spin_pressed (res://MainGame.gd:1504)
       [4] _press_button (res://V2021VisualRuntimeQa.gd:259)
       [5] _run_profile (res://V2021VisualRuntimeQa.gd:95)
       [6] _capture (res://V2021VisualRuntimeQa.gd:182)
       [7] _grab_viewport_image (res://V2021VisualRuntimeQa.gd:204)
SCRIPT ERROR: Invalid call. Nonexistent function 'objective_icon_role' in base 'GDScript'.
   at: _add_objective_row_v152 (res://MainGame.gd:2181)
   GDScript backtrace (most recent call first):
       [0] _add_objective_row_v152 (res://MainGame.gd:2181)
       [1] _rebuild_quests (res://MainGame.gd:2206)
       [2] add_progress (res://QuestSystem.gd:35)
       [3] _on_spin_pressed (res://MainGame.gd:1504)
       [4] _press_button (res://V2021VisualRuntimeQa.gd:259)
       [5] _run_profile (res://V2021VisualRuntimeQa.gd:95)
       [6] _capture (res://V2021VisualRuntimeQa.gd:182)
       [7] _grab_viewport_image (res://V2021VisualRuntimeQa.gd:204)
SCRIPT ERROR: Invalid call. Nonexistent function 'objective_icon_role' in base 'GDScript'.
   at: _add_objective_row_v152 (res://MainGame.gd:2181)
   GDScript backtrace (most recent call first):
       [0] _add_objective_row_v152 (res://MainGame.gd:2181)
       [1] _rebuild_quests (res://MainGame.gd:2206)
       [2] add_progress (res://QuestSystem.gd:35)
       [3] _on_spin_pressed (res://MainGame.gd:1504)
       [4] _press_button (res://V2021VisualRuntimeQa.gd:259)
       [5] _run_profile (res://V2021VisualRuntimeQa.gd:95)
       [6] _capture (res://V2021VisualRuntimeQa.gd:182)
       [7] _grab_viewport_image (res://V2021VisualRuntimeQa.gd:204)
SCRIPT ERROR: Invalid call. Nonexistent function 'style_objective_header' in base 'GDScript'.
   at: _add_objective_header_v152 (res://MainGame.gd:2166)
   GDScript backtrace (most recent call first):
       [0] _add_objective_header_v152 (res://MainGame.gd:2166)
       [1] _rebuild_quests (res://MainGame.gd:2205)
       [2] add_progress (res://QuestSystem.gd:35)
       [3] _on_spin_pressed (res://MainGame.gd:1504)
       [4] _press_button (res://V2021VisualRuntimeQa.gd:259)
       [5] _run_profile (res://V2021VisualRuntimeQa.gd:95)
       [6] _capture (res://V2021VisualRuntimeQa.gd:182)
       [7] _grab_viewport_image (res://V2021VisualRuntimeQa.gd:204)
SCRIPT ERROR: Invalid call. Nonexistent function 'objective_icon_role' in base 'GDScript'.
   at: _add_objective_row_v152 (res://MainGame.gd:2181)
   GDScript backtrace (most recent call first):
       [0] _add_objective_row_v152 (res://MainGame.gd:2181)
       [1] _rebuild_quests (res://MainGame.gd:2206)
       [2] add_progress (res://QuestSystem.gd:35)
       [3] _on_spin_pressed (res://MainGame.gd:1504)
       [4] _press_button (res://V2021VisualRuntimeQa.gd:259)
       [5] _run_profile (res://V2021VisualRuntimeQa.gd:95)
       [6] _capture (res://V2021VisualRuntimeQa.gd:182)
       [7] _grab_viewport_image (res://V2021VisualRuntimeQa.gd:204)
SCRIPT ERROR: Invalid call. Nonexistent function 'objective_icon_role' in base 'GDScript'.
   at: _add_objective_row_v152 (res://MainGame.gd:2181)
   GDScript backtrace (most recent call first):
       [0] _add_objective_row_v152 (res://MainGame.gd:2181)
       [1] _rebuild_quests (res://MainGame.gd:2206)
       [2] add_progress (res://QuestSystem.gd:35)
       [3] _on_spin_pressed (res://MainGame.gd:1504)
       [4] _press_button (res://V2021VisualRuntimeQa.gd:259)
       [5] _run_profile (res://V2021VisualRuntimeQa.gd:95)
       [6] _capture (res://V2021VisualRuntimeQa.gd:182)
       [7] _grab_viewport_image (res://V2021VisualRuntimeQa.gd:204)
SCRIPT ERROR: Invalid call. Nonexistent function 'objective_icon_role' in base 'GDScript'.
   at: _add_objective_row_v152 (res://MainGame.gd:2181)
   GDScript backtrace (most recent call first):
       [0] _add_objective_row_v152 (res://MainGame.gd:2181)
       [1] _rebuild_quests (res://MainGame.gd:2206)
       [2] add_progress (res://QuestSystem.gd:35)
       [3] _on_spin_pressed (res://MainGame.gd:1504)
       [4] _press_button (res://V2021VisualRuntimeQa.gd:259)
       [5] _run_profile (res://V2021VisualRuntimeQa.gd:95)
       [6] _capture (res://V2021VisualRuntimeQa.gd:182)
       [7] _grab_viewport_image (res://V2021VisualRuntimeQa.gd:204)
SCRIPT ERROR: Invalid call. Nonexistent function 'objective_icon_role' in base 'GDScript'.
   at: _add_objective_row_v152 (res://MainGame.gd:2181)
   GDScript backtrace (most recent call first):
       [0] _add_objective_row_v152 (res://MainGame.gd:2181)
       [1] _rebuild_quests (res://MainGame.gd:2206)
       [2] add_progress (res://QuestSystem.gd:35)
       [3] _on_spin_pressed (res://MainGame.gd:1504)
       [4] _press_button (res://V2021VisualRuntimeQa.gd:259)
       [5] _run_profile (res://V2021VisualRuntimeQa.gd:95)
       [6] _capture (res://V2021VisualRuntimeQa.gd:182)
       [7] _grab_viewport_image (res://V2021VisualRuntimeQa.gd:204)
SCRIPT ERROR: Invalid call. Nonexistent function 'objective_icon_role' in base 'GDScript'.
   at: _add_objective_row_v152 (res://MainGame.gd:2181)
   GDScript backtrace (most recent call first):
       [0] _add_objective_row_v152 (res://MainGame.gd:2181)
       [1] _rebuild_quests (res://MainGame.gd:2206)
       [2] add_progress (res://QuestSystem.gd:35)
       [3] _on_spin_pressed (res://MainGame.gd:1504)
       [4] _press_button (res://V2021VisualRuntimeQa.gd:259)
       [5] _run_profile (res://V2021VisualRuntimeQa.gd:95)
       [6] _capture (res://V2021VisualRuntimeQa.gd:182)
       [7] _grab_viewport_image (res://V2021VisualRuntimeQa.gd:204)
SCRIPT ERROR: Invalid call. Nonexistent function 'style_objective_header' in base 'GDScript'.
   at: _add_objective_header_v152 (res://MainGame.gd:2166)
   GDScript backtrace (most recent call first):
       [0] _add_objective_header_v152 (res://MainGame.gd:2166)
       [1] _rebuild_quests (res://MainGame.gd:2207)
       [2] add_progress (res://QuestSystem.gd:35)
       [3] _on_spin_pressed (res://MainGame.gd:1504)
       [4] _press_button (res://V2021VisualRuntimeQa.gd:259)
       [5] _run_profile (res://V2021VisualRuntimeQa.gd:95)
       [6] _capture (res://V2021VisualRuntimeQa.gd:182)
       [7] _grab_viewport_image (res://V2021VisualRuntimeQa.gd:204)
SCRIPT ERROR: Invalid call. Nonexistent function 'objective_icon_role' in base 'GDScript'.
   at: _rebuild_quests (res://MainGame.gd:2214)
   GDScript backtrace (most recent call first):
       [0] _rebuild_quests (res://MainGame.gd:2214)
       [1] add_progress (res://QuestSystem.gd:35)
       [2] _on_spin_pressed (res://MainGame.gd:1504)
       [3] _press_button (res://V2021VisualRuntimeQa.gd:259)
       [4] _run_profile (res://V2021VisualRuntimeQa.gd:95)
       [5] _capture (res://V2021VisualRuntimeQa.gd:182)
       [6] _grab_viewport_image (res://V2021VisualRuntimeQa.gd:204)
[CORE_ANALYTICS] {"event":"spin_result","payload":{"authority_request_id":"realm_spin_9479537_1513696750","authority_revision":2,"config_version":"v2.0-3reel-p0-06","payline_match":true,"reel_stop_ids":["reel_1_stop_5_bonus_spins","reel_2_stop_5_bonus_spins","reel_3_stop_5_bonus_spins"],"reel_stops":[5,5,5],"result_id":"spin_1789103601_1_1789108977790457","reward_id":"bonus_spins","reward_type":"spins","reward_value":2,"segment_id":"bonus_spins","visual_seed":1789108981594682},"time_unix":1789103601.534}
SCRIPT ERROR: Invalid call. Nonexistent function 'refresh_home_loop_state' in base 'GDScript'.
   at: _update_monster_ui (res://MainGame.gd:1219)
   GDScript backtrace (most recent call first):
       [0] _update_monster_ui (res://MainGame.gd:1219)
       [1] _refresh_all (res://MainGame.gd:675)
       [2] _close_no_spins_state (res://MainGame.gd:1629)
       [3] _dismiss_overlays (res://V2021VisualRuntimeQa.gd:268)
       [4] _wait_render (res://V2021VisualRuntimeQa.gd:174)
SCRIPT ERROR: Invalid call. Nonexistent function 'refresh_village_loop_state' in base 'GDScript'.
   at: _refresh_p0_village (res://MainGame.gd:2410)
   GDScript backtrace (most recent call first):
       [0] _refresh_p0_village (res://MainGame.gd:2410)
       [1] _refresh_all (res://MainGame.gd:680)
       [2] _close_no_spins_state (res://MainGame.gd:1629)
       [3] _dismiss_overlays (res://V2021VisualRuntimeQa.gd:268)
       [4] _wait_render (res://V2021VisualRuntimeQa.gd:174)
SCRIPT ERROR: Invalid call. Nonexistent function 'refresh_reward_session_state' in base 'GDScript'.
   at: _refresh_meta_ui (res://MainGame.gd:1004)
   GDScript backtrace (most recent call first):
       [0] _refresh_meta_ui (res://MainGame.gd:1004)
       [1] _refresh_all (res://MainGame.gd:683)
       [2] _close_no_spins_state (res://MainGame.gd:1629)
       [3] _dismiss_overlays (res://V2021VisualRuntimeQa.gd:268)
       [4] _wait_render (res://V2021VisualRuntimeQa.gd:174)
SCRIPT ERROR: Invalid call. Nonexistent function 'style_objective_header' in base 'GDScript'.
   at: _add_objective_header_v152 (res://MainGame.gd:2166)
   GDScript backtrace (most recent call first):
       [0] _add_objective_header_v152 (res://MainGame.gd:2166)
       [1] _rebuild_quests (res://MainGame.gd:2205)
       [2] _refresh_all (res://MainGame.gd:688)
       [3] _close_no_spins_state (res://MainGame.gd:1629)
       [4] _dismiss_overlays (res://V2021VisualRuntimeQa.gd:268)
       [5] _wait_render (res://V2021VisualRuntimeQa.gd:174)
SCRIPT ERROR: Invalid call. Nonexistent function 'objective_icon_role' in base 'GDScript'.
   at: _add_objective_row_v152 (res://MainGame.gd:2181)
   GDScript backtrace (most recent call first):
       [0] _add_objective_row_v152 (res://MainGame.gd:2181)
       [1] _rebuild_quests (res://MainGame.gd:2206)
       [2] _refresh_all (res://MainGame.gd:688)
       [3] _close_no_spins_state (res://MainGame.gd:1629)
       [4] _dismiss_overlays (res://V2021VisualRuntimeQa.gd:268)
       [5] _wait_render (res://V2021VisualRuntimeQa.gd:174)
SCRIPT ERROR: Invalid call. Nonexistent function 'objective_icon_role' in base 'GDScript'.
   at: _add_objective_row_v152 (res://MainGame.gd:2181)
   GDScript backtrace (most recent call first):
       [0] _add_objective_row_v152 (res://MainGame.gd:2181)
       [1] _rebuild_quests (res://MainGame.gd:2206)
       [2] _refresh_all (res://MainGame.gd:688)
       [3] _close_no_spins_state (res://MainGame.gd:1629)
       [4] _dismiss_overlays (res://V2021VisualRuntimeQa.gd:268)
       [5] _wait_render (res://V2021VisualRuntimeQa.gd:174)
SCRIPT ERROR: Invalid call. Nonexistent function 'objective_icon_role' in base 'GDScript'.
   at: _add_objective_row_v152 (res://MainGame.gd:2181)
   GDScript backtrace (most recent call first):
       [0] _add_objective_row_v152 (res://MainGame.gd:2181)
       [1] _rebuild_quests (res://MainGame.gd:2206)
       [2] _refresh_all (res://MainGame.gd:688)
       [3] _close_no_spins_state (res://MainGame.gd:1629)
       [4] _dismiss_overlays (res://V2021VisualRuntimeQa.gd:268)
       [5] _wait_render (res://V2021VisualRuntimeQa.gd:174)
SCRIPT ERROR: Invalid call. Nonexistent function 'style_objective_header' in base 'GDScript'.
   at: _add_objective_header_v152 (res://MainGame.gd:2166)
   GDScript backtrace (most recent call first):
       [0] _add_objective_header_v152 (res://MainGame.gd:2166)
       [1] _rebuild_quests (res://MainGame.gd:2205)
       [2] _refresh_all (res://MainGame.gd:688)
       [3] _close_no_spins_state (res://MainGame.gd:1629)
       [4] _dismiss_overlays (res://V2021VisualRuntimeQa.gd:268)
       [5] _wait_render (res://V2021VisualRuntimeQa.gd:174)
SCRIPT ERROR: Invalid call. Nonexistent function 'objective_icon_role' in base 'GDScript'.
   at: _add_objective_row_v152 (res://MainGame.gd:2181)
   GDScript backtrace (most recent call first):
       [0] _add_objective_row_v152 (res://MainGame.gd:2181)
       [1] _rebuild_quests (res://MainGame.gd:2206)
       [2] _refresh_all (res://MainGame.gd:688)
       [3] _close_no_spins_state (res://MainGame.gd:1629)
       [4] _dismiss_overlays (res://V2021VisualRuntimeQa.gd:268)
       [5] _wait_render (res://V2021VisualRuntimeQa.gd:174)
SCRIPT ERROR: Invalid call. Nonexistent function 'objective_icon_role' in base 'GDScript'.
   at: _add_objective_row_v152 (res://MainGame.gd:2181)
   GDScript backtrace (most recent call first):
       [0] _add_objective_row_v152 (res://MainGame.gd:2181)
       [1] _rebuild_quests (res://MainGame.gd:2206)
       [2] _refresh_all (res://MainGame.gd:688)
       [3] _close_no_spins_state (res://MainGame.gd:1629)
       [4] _dismiss_overlays (res://V2021VisualRuntimeQa.gd:268)
       [5] _wait_render (res://V2021VisualRuntimeQa.gd:174)
SCRIPT ERROR: Invalid call. Nonexistent function 'objective_icon_role' in base 'GDScript'.
   at: _add_objective_row_v152 (res://MainGame.gd:2181)
   GDScript backtrace (most recent call first):
       [0] _add_objective_row_v152 (res://MainGame.gd:2181)
       [1] _rebuild_quests (res://MainGame.gd:2206)
       [2] _refresh_all (res://MainGame.gd:688)
       [3] _close_no_spins_state (res://MainGame.gd:1629)
       [4] _dismiss_overlays (res://V2021VisualRuntimeQa.gd:268)
       [5] _wait_render (res://V2021VisualRuntimeQa.gd:174)
SCRIPT ERROR: Invalid call. Nonexistent function 'style_objective_header' in base 'GDScript'.
   at: _add_objective_header_v152 (res://MainGame.gd:2166)
   GDScript backtrace (most recent call first):
       [0] _add_objective_header_v152 (res://MainGame.gd:2166)
       [1] _rebuild_quests (res://MainGame.gd:2205)
       [2] _refresh_all (res://MainGame.gd:688)
       [3] _close_no_spins_state (res://MainGame.gd:1629)
       [4] _dismiss_overlays (res://V2021VisualRuntimeQa.gd:268)
       [5] _wait_render (res://V2021VisualRuntimeQa.gd:174)
SCRIPT ERROR: Invalid call. Nonexistent function 'objective_icon_role' in base 'GDScript'.
   at: _add_objective_row_v152 (res://MainGame.gd:2181)
   GDScript backtrace (most recent call first):
       [0] _add_objective_row_v152 (res://MainGame.gd:2181)
       [1] _rebuild_quests (res://MainGame.gd:2206)
       [2] _refresh_all (res://MainGame.gd:688)
       [3] _close_no_spins_state (res://MainGame.gd:1629)
       [4] _dismiss_overlays (res://V2021VisualRuntimeQa.gd:268)
       [5] _wait_render (res://V2021VisualRuntimeQa.gd:174)
SCRIPT ERROR: Invalid call. Nonexistent function 'objective_icon_role' in base 'GDScript'.
   at: _add_objective_row_v152 (res://MainGame.gd:2181)
   GDScript backtrace (most recent call first):
       [0] _add_objective_row_v152 (res://MainGame.gd:2181)
       [1] _rebuild_quests (res://MainGame.gd:2206)
       [2] _refresh_all (res://MainGame.gd:688)
       [3] _close_no_spins_state (res://MainGame.gd:1629)
       [4] _dismiss_overlays (res://V2021VisualRuntimeQa.gd:268)
       [5] _wait_render (res://V2021VisualRuntimeQa.gd:174)
SCRIPT ERROR: Invalid call. Nonexistent function 'objective_icon_role' in base 'GDScript'.
   at: _add_objective_row_v152 (res://MainGame.gd:2181)
   GDScript backtrace (most recent call first):
       [0] _add_objective_row_v152 (res://MainGame.gd:2181)
       [1] _rebuild_quests (res://MainGame.gd:2206)
       [2] _refresh_all (res://MainGame.gd:688)
       [3] _close_no_spins_state (res://MainGame.gd:1629)
       [4] _dismiss_overlays (res://V2021VisualRuntimeQa.gd:268)
       [5] _wait_render (res://V2021VisualRuntimeQa.gd:174)
SCRIPT ERROR: Invalid call. Nonexistent function 'objective_icon_role' in base 'GDScript'.
   at: _add_objective_row_v152 (res://MainGame.gd:2181)
   GDScript backtrace (most recent call first):
       [0] _add_objective_row_v152 (res://MainGame.gd:2181)
       [1] _rebuild_quests (res://MainGame.gd:2206)
       [2] _refresh_all (res://MainGame.gd:688)
       [3] _close_no_spins_state (res://MainGame.gd:1629)
       [4] _dismiss_overlays (res://V2021VisualRuntimeQa.gd:268)
       [5] _wait_render (res://V2021VisualRuntimeQa.gd:174)
SCRIPT ERROR: Invalid call. Nonexistent function 'objective_icon_role' in base 'GDScript'.
   at: _add_objective_row_v152 (res://MainGame.gd:2181)
   GDScript backtrace (most recent call first):
       [0] _add_objective_row_v152 (res://MainGame.gd:2181)
       [1] _rebuild_quests (res://MainGame.gd:2206)
       [2] _refresh_all (res://MainGame.gd:688)
       [3] _close_no_spins_state (res://MainGame.gd:1629)
       [4] _dismiss_overlays (res://V2021VisualRuntimeQa.gd:268)
       [5] _wait_render (res://V2021VisualRuntimeQa.gd:174)
SCRIPT ERROR: Invalid call. Nonexistent function 'style_objective_header' in base 'GDScript'.
   at: _add_objective_header_v152 (res://MainGame.gd:2166)
   GDScript backtrace (most recent call first):
       [0] _add_objective_header_v152 (res://MainGame.gd:2166)
       [1] _rebuild_quests (res://MainGame.gd:2207)
       [2] _refresh_all (res://MainGame.gd:688)
       [3] _close_no_spins_state (res://MainGame.gd:1629)
       [4] _dismiss_overlays (res://V2021VisualRuntimeQa.gd:268)
       [5] _wait_render (res://V2021VisualRuntimeQa.gd:174)
SCRIPT ERROR: Invalid call. Nonexistent function 'objective_icon_role' in base 'GDScript'.
   at: _rebuild_quests (res://MainGame.gd:2214)
   GDScript backtrace (most recent call first):
       [0] _rebuild_quests (res://MainGame.gd:2214)
       [1] _refresh_all (res://MainGame.gd:688)
       [2] _close_no_spins_state (res://MainGame.gd:1629)
       [3] _dismiss_overlays (res://V2021VisualRuntimeQa.gd:268)
       [4] _wait_render (res://V2021VisualRuntimeQa.gd:174)
SCRIPT ERROR: Invalid call. Nonexistent function 'refresh_progression_state' in base 'GDScript'.
   at: _refresh_progression_p0 (res://MainGame.gd:2903)
   GDScript backtrace (most recent call first):
       [0] _refresh_progression_p0 (res://MainGame.gd:2903)
       [1] _refresh_all (res://MainGame.gd:696)
       [2] _close_no_spins_state (res://MainGame.gd:1629)
       [3] _dismiss_overlays (res://V2021VisualRuntimeQa.gd:268)
       [4] _wait_render (res://V2021VisualRuntimeQa.gd:174)
SCRIPT ERROR: Invalid call. Nonexistent function 'refresh_shop_state' in base 'GDScript'.
   at: _refresh_shop_p0 (res://MainGame.gd:2810)
   GDScript backtrace (most recent call first):
       [0] _refresh_shop_p0 (res://MainGame.gd:2810)
       [1] _refresh_all (res://MainGame.gd:697)
       [2] _close_no_spins_state (res://MainGame.gd:1629)
       [3] _dismiss_overlays (res://V2021VisualRuntimeQa.gd:268)
       [4] _wait_render (res://V2021VisualRuntimeQa.gd:174)
SCRIPT ERROR: Invalid call. Nonexistent function 'refresh_afk_state' in base 'GDScript'.
   at: _refresh_afk_p0 (res://MainGame.gd:2910)
   GDScript backtrace (most recent call first):
       [0] _refresh_afk_p0 (res://MainGame.gd:2910)
       [1] _refresh_all (res://MainGame.gd:698)
       [2] _close_no_spins_state (res://MainGame.gd:1629)
       [3] _dismiss_overlays (res://V2021VisualRuntimeQa.gd:268)
       [4] _wait_render (res://V2021VisualRuntimeQa.gd:174)
[CORE_ANALYTICS] {"event":"village_open","payload":{},"time_unix":1789103602.8}
SCRIPT ERROR: Invalid call. Nonexistent function 'refresh_village_loop_state' in base 'GDScript'.
   at: _refresh_p0_village (res://MainGame.gd:2410)
   GDScript backtrace (most recent call first):
       [0] _refresh_p0_village (res://MainGame.gd:2410)
       [1] _switch_view (res://MainGame.gd:1297)
       [2] _open_core_view (res://MainGame.gd:3024)
       [3] <anonymous lambda> (res://MainGame.gd:435)
       [4] _press_button (res://V2021VisualRuntimeQa.gd:259)
       [5] _press_nav (res://V2021VisualRuntimeQa.gd:254)
       [6] _run_profile (res://V2021VisualRuntimeQa.gd:100)
       [7] _dismiss_overlays (res://V2021VisualRuntimeQa.gd:269)
       [8] _wait_render (res://V2021VisualRuntimeQa.gd:174)
SCRIPT ERROR: Invalid call. Nonexistent function 'set_primary_nav_state' in base 'GDScript'.
   at: _switch_view (res://MainGame.gd:1298)
   GDScript backtrace (most recent call first):
       [0] _switch_view (res://MainGame.gd:1298)
       [1] _open_core_view (res://MainGame.gd:3024)
       [2] <anonymous lambda> (res://MainGame.gd:435)
       [3] _press_button (res://V2021VisualRuntimeQa.gd:259)
       [4] _press_nav (res://V2021VisualRuntimeQa.gd:254)
       [5] _run_profile (res://V2021VisualRuntimeQa.gd:100)
       [6] _dismiss_overlays (res://V2021VisualRuntimeQa.gd:269)
       [7] _wait_render (res://V2021VisualRuntimeQa.gd:174)
[CORE_ANALYTICS] {"event":"home_open","payload":{},"time_unix":1789103604.113}
SCRIPT ERROR: Invalid call. Nonexistent function 'set_primary_nav_state' in base 'GDScript'.
   at: _switch_view (res://MainGame.gd:1298)
   GDScript backtrace (most recent call first):
       [0] _switch_view (res://MainGame.gd:1298)
       [1] _open_core_view (res://MainGame.gd:3024)
       [2] <anonymous lambda> (res://MainGame.gd:432)
       [3] _press_button (res://V2021VisualRuntimeQa.gd:259)
       [4] _press_nav (res://V2021VisualRuntimeQa.gd:254)
       [5] _run_profile (res://V2021VisualRuntimeQa.gd:104)
       [6] _capture (res://V2021VisualRuntimeQa.gd:182)
       [7] _grab_viewport_image (res://V2021VisualRuntimeQa.gd:204)
SCRIPT ERROR: Invalid call. Nonexistent function 'mode_hub_open' in base 'GDScript'.
   at: _open_feature_hub_p0 (res://MainGame.gd:2735)
   GDScript backtrace (most recent call first):
       [0] _open_feature_hub_p0 (res://MainGame.gd:2735)
       [1] _press_button (res://V2021VisualRuntimeQa.gd:259)
       [2] _run_profile (res://V2021VisualRuntimeQa.gd:106)
       [3] _wait_render (res://V2021VisualRuntimeQa.gd:174)
[CORE_ANALYTICS] {"event":"home_open","payload":{},"time_unix":1789103606.055}
SCRIPT ERROR: Invalid call. Nonexistent function 'set_primary_nav_state' in base 'GDScript'.
   at: _switch_view (res://MainGame.gd:1298)
   GDScript backtrace (most recent call first):
       [0] _switch_view (res://MainGame.gd:1298)
       [1] _open_core_view (res://MainGame.gd:3024)
       [2] <anonymous lambda> (res://MainGame.gd:432)
       [3] _press_button (res://V2021VisualRuntimeQa.gd:259)
       [4] _press_nav (res://V2021VisualRuntimeQa.gd:254)
       [5] _run_profile (res://V2021VisualRuntimeQa.gd:116)
       [6] _wait_render (res://V2021VisualRuntimeQa.gd:174)
[VisualRuntimeQa] profile main_only (1080, 2400)
SCRIPT ERROR: Invalid call. Nonexistent function 'apply' in base 'GDScript'.
   at: _apply_mobile_runtime_polish (res://MainGame.gd:552)
   GDScript backtrace (most recent call first):
       [0] _apply_mobile_runtime_polish (res://MainGame.gd:552)
       [1] _on_viewport_size_changed (res://MainGame.gd:3109)
       [2] _apply_viewport (res://V2021VisualRuntimeQa.gd:166)
       [3] _capture_main_only (res://V2021VisualRuntimeQa.gd:127)
       [4] run_acceptance (res://V2021VisualRuntimeQa.gd:61)
       [5] _run_profile (res://V2021VisualRuntimeQa.gd:124)
       [6] _capture (res://V2021VisualRuntimeQa.gd:182)
       [7] _grab_viewport_image (res://V2021VisualRuntimeQa.gd:204)
SCRIPT ERROR: Invalid call. Nonexistent function 'refresh_home_loop_state' in base 'GDScript'.
   at: _update_monster_ui (res://MainGame.gd:1219)
   GDScript backtrace (most recent call first):
       [0] _update_monster_ui (res://MainGame.gd:1219)
       [1] _refresh_all (res://MainGame.gd:675)
       [2] @shields_setter (res://PlayerData.gd:14)
       [3] _reset_shared_state (res://P0TestHarness.gd:64)
       [4] apply_profile (res://P0TestHarness.gd:33)
       [5] _capture_main_only (res://V2021VisualRuntimeQa.gd:129)
       [6] run_acceptance (res://V2021VisualRuntimeQa.gd:61)
       [7] _run_profile (res://V2021VisualRuntimeQa.gd:124)
       [8] _capture (res://V2021VisualRuntimeQa.gd:182)
       [9] _grab_viewport_image (res://V2021VisualRuntimeQa.gd:204)
SCRIPT ERROR: Invalid call. Nonexistent function 'refresh_village_loop_state' in base 'GDScript'.
   at: _refresh_p0_village (res://MainGame.gd:2410)
   GDScript backtrace (most recent call first):
       [0] _refresh_p0_village (res://MainGame.gd:2410)
       [1] _refresh_all (res://MainGame.gd:680)
       [2] @shields_setter (res://PlayerData.gd:14)
       [3] _reset_shared_state (res://P0TestHarness.gd:64)
       [4] apply_profile (res://P0TestHarness.gd:33)
       [5] _capture_main_only (res://V2021VisualRuntimeQa.gd:129)
       [6] run_acceptance (res://V2021VisualRuntimeQa.gd:61)
       [7] _run_profile (res://V2021VisualRuntimeQa.gd:124)
       [8] _capture (res://V2021VisualRuntimeQa.gd:182)
       [9] _grab_viewport_image (res://V2021VisualRuntimeQa.gd:204)
SCRIPT ERROR: Invalid call. Nonexistent function 'refresh_reward_session_state' in base 'GDScript'.
   at: _refresh_meta_ui (res://MainGame.gd:1004)
   GDScript backtrace (most recent call first):
       [0] _refresh_meta_ui (res://MainGame.gd:1004)
       [1] _refresh_all (res://MainGame.gd:683)
       [2] @shields_setter (res://PlayerData.gd:14)
       [3] _reset_shared_state (res://P0TestHarness.gd:64)
       [4] apply_profile (res://P0TestHarness.gd:33)
       [5] _capture_main_only (res://V2021VisualRuntimeQa.gd:129)
       [6] run_acceptance (res://V2021VisualRuntimeQa.gd:61)
       [7] _run_profile (res://V2021VisualRuntimeQa.gd:124)
       [8] _capture (res://V2021VisualRuntimeQa.gd:182)
       [9] _grab_viewport_image (res://V2021VisualRuntimeQa.gd:204)
SCRIPT ERROR: Invalid call. Nonexistent function 'style_objective_header' in base 'GDScript'.
   at: _add_objective_header_v152 (res://MainGame.gd:2166)
   GDScript backtrace (most recent call first):
       [0] _add_objective_header_v152 (res://MainGame.gd:2166)
       [1] _rebuild_quests (res://MainGame.gd:2205)
       [2] _refresh_all (res://MainGame.gd:688)
       [3] @shields_setter (res://PlayerData.gd:14)
       [4] _reset_shared_state (res://P0TestHarness.gd:64)
       [5] apply_profile (res://P0TestHarness.gd:33)
       [6] _capture_main_only (res://V2021VisualRuntimeQa.gd:129)
       [7] run_acceptance (res://V2021VisualRuntimeQa.gd:61)
       [8] _run_profile (res://V2021VisualRuntimeQa.gd:124)
       [9] _capture (res://V2021VisualRuntimeQa.gd:182)
       [10] _grab_viewport_image (res://V2021VisualRuntimeQa.gd:204)
SCRIPT ERROR: Invalid call. Nonexistent function 'objective_icon_role' in base 'GDScript'.
   at: _add_objective_row_v152 (res://MainGame.gd:2181)
   GDScript backtrace (most recent call first):
       [0] _add_objective_row_v152 (res://MainGame.gd:2181)
       [1] _rebuild_quests (res://MainGame.gd:2206)
       [2] _refresh_all (res://MainGame.gd:688)
       [3] @shields_setter (res://PlayerData.gd:14)
       [4] _reset_shared_state (res://P0TestHarness.gd:64)
       [5] apply_profile (res://P0TestHarness.gd:33)
       [6] _capture_main_only (res://V2021VisualRuntimeQa.gd:129)
       [7] run_acceptance (res://V2021VisualRuntimeQa.gd:61)
       [8] _run_profile (res://V2021VisualRuntimeQa.gd:124)
       [9] _capture (res://V2021VisualRuntimeQa.gd:182)
       [10] _grab_viewport_image (res://V2021VisualRuntimeQa.gd:204)
SCRIPT ERROR: Invalid call. Nonexistent function 'objective_icon_role' in base 'GDScript'.
   at: _add_objective_row_v152 (res://MainGame.gd:2181)
   GDScript backtrace (most recent call first):
       [0] _add_objective_row_v152 (res://MainGame.gd:2181)
       [1] _rebuild_quests (res://MainGame.gd:2206)
       [2] _refresh_all (res://MainGame.gd:688)
       [3] @shields_setter (res://PlayerData.gd:14)
       [4] _reset_shared_state (res://P0TestHarness.gd:64)
       [5] apply_profile (res://P0TestHarness.gd:33)
       [6] _capture_main_only (res://V2021VisualRuntimeQa.gd:129)
       [7] run_acceptance (res://V2021VisualRuntimeQa.gd:61)
       [8] _run_profile (res://V2021VisualRuntimeQa.gd:124)
       [9] _capture (res://V2021VisualRuntimeQa.gd:182)
       [10] _grab_viewport_image (res://V2021VisualRuntimeQa.gd:204)
SCRIPT ERROR: Invalid call. Nonexistent function 'objective_icon_role' in base 'GDScript'.
   at: _add_objective_row_v152 (res://MainGame.gd:2181)
   GDScript backtrace (most recent call first):
       [0] _add_objective_row_v152 (res://MainGame.gd:2181)
       [1] _rebuild_quests (res://MainGame.gd:2206)
       [2] _refresh_all (res://MainGame.gd:688)
       [3] @shields_setter (res://PlayerData.gd:14)
       [4] _reset_shared_state (res://P0TestHarness.gd:64)
       [5] apply_profile (res://P0TestHarness.gd:33)
       [6] _capture_main_only (res://V2021VisualRuntimeQa.gd:129)
       [7] run_acceptance (res://V2021VisualRuntimeQa.gd:61)
       [8] _run_profile (res://V2021VisualRuntimeQa.gd:124)
       [9] _capture (res://V2021VisualRuntimeQa.gd:182)
       [10] _grab_viewport_image (res://V2021VisualRuntimeQa.gd:204)
SCRIPT ERROR: Invalid call. Nonexistent function 'style_objective_header' in base 'GDScript'.
   at: _add_objective_header_v152 (res://MainGame.gd:2166)
   GDScript backtrace (most recent call first):
       [0] _add_objective_header_v152 (res://MainGame.gd:2166)
       [1] _rebuild_quests (res://MainGame.gd:2205)
       [2] _refresh_all (res://MainGame.gd:688)
       [3] @shields_setter (res://PlayerData.gd:14)
       [4] _reset_shared_state (res://P0TestHarness.gd:64)
       [5] apply_profile (res://P0TestHarness.gd:33)
       [6] _capture_main_only (res://V2021VisualRuntimeQa.gd:129)
       [7] run_acceptance (res://V2021VisualRuntimeQa.gd:61)
       [8] _run_profile (res://V2021VisualRuntimeQa.gd:124)
       [9] _capture (res://V2021VisualRuntimeQa.gd:182)
       [10] _grab_viewport_image (res://V2021VisualRuntimeQa.gd:204)
SCRIPT ERROR: Invalid call. Nonexistent function 'objective_icon_role' in base 'GDScript'.
   at: _add_objective_row_v152 (res://MainGame.gd:2181)
   GDScript backtrace (most recent call first):
       [0] _add_objective_row_v152 (res://MainGame.gd:2181)
       [1] _rebuild_quests (res://MainGame.gd:2206)
       [2] _refresh_all (res://MainGame.gd:688)
       [3] @shields_setter (res://PlayerData.gd:14)
       [4] _reset_shared_state (res://P0TestHarness.gd:64)
       [5] apply_profile (res://P0TestHarness.gd:33)
       [6] _capture_main_only (res://V2021VisualRuntimeQa.gd:129)
       [7] run_acceptance (res://V2021VisualRuntimeQa.gd:61)
       [8] _run_profile (res://V2021VisualRuntimeQa.gd:124)
       [9] _capture (res://V2021VisualRuntimeQa.gd:182)
       [10] _grab_viewport_image (res://V2021VisualRuntimeQa.gd:204)
SCRIPT ERROR: Invalid call. Nonexistent function 'objective_icon_role' in base 'GDScript'.
   at: _add_objective_row_v152 (res://MainGame.gd:2181)
   GDScript backtrace (most recent call first):
       [0] _add_objective_row_v152 (res://MainGame.gd:2181)
       [1] _rebuild_quests (res://MainGame.gd:2206)
       [2] _refresh_all (res://MainGame.gd:688)
       [3] @shields_setter (res://PlayerData.gd:14)
       [4] _reset_shared_state (res://P0TestHarness.gd:64)
       [5] apply_profile (res://P0TestHarness.gd:33)
       [6] _capture_main_only (res://V2021VisualRuntimeQa.gd:129)
       [7] run_acceptance (res://V2021VisualRuntimeQa.gd:61)
       [8] _run_profile (res://V2021VisualRuntimeQa.gd:124)
       [9] _capture (res://V2021VisualRuntimeQa.gd:182)
       [10] _grab_viewport_image (res://V2021VisualRuntimeQa.gd:204)
SCRIPT ERROR: Invalid call. Nonexistent function 'objective_icon_role' in base 'GDScript'.
   at: _add_objective_row_v152 (res://MainGame.gd:2181)
   GDScript backtrace (most recent call first):
       [0] _add_objective_row_v152 (res://MainGame.gd:2181)
       [1] _rebuild_quests (res://MainGame.gd:2206)
       [2] _refresh_all (res://MainGame.gd:688)
       [3] @shields_setter (res://PlayerData.gd:14)
       [4] _reset_shared_state (res://P0TestHarness.gd:64)
       [5] apply_profile (res://P0TestHarness.gd:33)
       [6] _capture_main_only (res://V2021VisualRuntimeQa.gd:129)
       [7] run_acceptance (res://V2021VisualRuntimeQa.gd:61)
       [8] _run_profile (res://V2021VisualRuntimeQa.gd:124)
       [9] _capture (res://V2021VisualRuntimeQa.gd:182)
       [10] _grab_viewport_image (res://V2021VisualRuntimeQa.gd:204)
SCRIPT ERROR: Invalid call. Nonexistent function 'style_objective_header' in base 'GDScript'.
   at: _add_objective_header_v152 (res://MainGame.gd:2166)
   GDScript backtrace (most recent call first):
       [0] _add_objective_header_v152 (res://MainGame.gd:2166)
       [1] _rebuild_quests (res://MainGame.gd:2205)
       [2] _refresh_all (res://MainGame.gd:688)
       [3] @shields_setter (res://PlayerData.gd:14)
       [4] _reset_shared_state (res://P0TestHarness.gd:64)
       [5] apply_profile (res://P0TestHarness.gd:33)
       [6] _capture_main_only (res://V2021VisualRuntimeQa.gd:129)
       [7] run_acceptance (res://V2021VisualRuntimeQa.gd:61)
       [8] _run_profile (res://V2021VisualRuntimeQa.gd:124)
       [9] _capture (res://V2021VisualRuntimeQa.gd:182)
       [10] _grab_viewport_image (res://V2021VisualRuntimeQa.gd:204)
SCRIPT ERROR: Invalid call. Nonexistent function 'objective_icon_role' in base 'GDScript'.
   at: _add_objective_row_v152 (res://MainGame.gd:2181)
   GDScript backtrace (most recent call first):
       [0] _add_objective_row_v152 (res://MainGame.gd:2181)
       [1] _rebuild_quests (res://MainGame.gd:2206)
       [2] _refresh_all (res://MainGame.gd:688)
       [3] @shields_setter (res://PlayerData.gd:14)
       [4] _reset_shared_state (res://P0TestHarness.gd:64)
       [5] apply_profile (res://P0TestHarness.gd:33)
       [6] _capture_main_only (res://V2021VisualRuntimeQa.gd:129)
       [7] run_acceptance (res://V2021VisualRuntimeQa.gd:61)
       [8] _run_profile (res://V2021VisualRuntimeQa.gd:124)
       [9] _capture (res://V2021VisualRuntimeQa.gd:182)
       [10] _grab_viewport_image (res://V2021VisualRuntimeQa.gd:204)
SCRIPT ERROR: Invalid call. Nonexistent function 'objective_icon_role' in base 'GDScript'.
   at: _add_objective_row_v152 (res://MainGame.gd:2181)
   GDScript backtrace (most recent call first):
       [0] _add_objective_row_v152 (res://MainGame.gd:2181)
       [1] _rebuild_quests (res://MainGame.gd:2206)
       [2] _refresh_all (res://MainGame.gd:688)
       [3] @shields_setter (res://PlayerData.gd:14)
       [4] _reset_shared_state (res://P0TestHarness.gd:64)
       [5] apply_profile (res://P0TestHarness.gd:33)
       [6] _capture_main_only (res://V2021VisualRuntimeQa.gd:129)
       [7] run_acceptance (res://V2021VisualRuntimeQa.gd:61)
       [8] _run_profile (res://V2021VisualRuntimeQa.gd:124)
       [9] _capture (res://V2021VisualRuntimeQa.gd:182)
       [10] _grab_viewport_image (res://V2021VisualRuntimeQa.gd:204)
SCRIPT ERROR: Invalid call. Nonexistent function 'objective_icon_role' in base 'GDScript'.
   at: _add_objective_row_v152 (res://MainGame.gd:2181)
   GDScript backtrace (most recent call first):
       [0] _add_objective_row_v152 (res://MainGame.gd:2181)
       [1] _rebuild_quests (res://MainGame.gd:2206)
       [2] _refresh_all (res://MainGame.gd:688)
       [3] @shields_setter (res://PlayerData.gd:14)
       [4] _reset_shared_state (res://P0TestHarness.gd:64)
       [5] apply_profile (res://P0TestHarness.gd:33)
       [6] _capture_main_only (res://V2021VisualRuntimeQa.gd:129)
       [7] run_acceptance (res://V2021VisualRuntimeQa.gd:61)
       [8] _run_profile (res://V2021VisualRuntimeQa.gd:124)
       [9] _capture (res://V2021VisualRuntimeQa.gd:182)
       [10] _grab_viewport_image (res://V2021VisualRuntimeQa.gd:204)
SCRIPT ERROR: Invalid call. Nonexistent function 'objective_icon_role' in base 'GDScript'.
   at: _add_objective_row_v152 (res://MainGame.gd:2181)
   GDScript backtrace (most recent call first):
       [0] _add_objective_row_v152 (res://MainGame.gd:2181)
       [1] _rebuild_quests (res://MainGame.gd:2206)
       [2] _refresh_all (res://MainGame.gd:688)
       [3] @shields_setter (res://PlayerData.gd:14)
       [4] _reset_shared_state (res://P0TestHarness.gd:64)
       [5] apply_profile (res://P0TestHarness.gd:33)
       [6] _capture_main_only (res://V2021VisualRuntimeQa.gd:129)
       [7] run_acceptance (res://V2021VisualRuntimeQa.gd:61)
       [8] _run_profile (res://V2021VisualRuntimeQa.gd:124)
       [9] _capture (res://V2021VisualRuntimeQa.gd:182)
       [10] _grab_viewport_image (res://V2021VisualRuntimeQa.gd:204)
SCRIPT ERROR: Invalid call. Nonexistent function 'objective_icon_role' in base 'GDScript'.
   at: _add_objective_row_v152 (res://MainGame.gd:2181)
   GDScript backtrace (most recent call first):
       [0] _add_objective_row_v152 (res://MainGame.gd:2181)
       [1] _rebuild_quests (res://MainGame.gd:2206)
       [2] _refresh_all (res://MainGame.gd:688)
       [3] @shields_setter (res://PlayerData.gd:14)
       [4] _reset_shared_state (res://P0TestHarness.gd:64)
       [5] apply_profile (res://P0TestHarness.gd:33)
       [6] _capture_main_only (res://V2021VisualRuntimeQa.gd:129)
       [7] run_acceptance (res://V2021VisualRuntimeQa.gd:61)
       [8] _run_profile (res://V2021VisualRuntimeQa.gd:124)
       [9] _capture (res://V2021VisualRuntimeQa.gd:182)
       [10] _grab_viewport_image (res://V2021VisualRuntimeQa.gd:204)
SCRIPT ERROR: Invalid call. Nonexistent function 'style_objective_header' in base 'GDScript'.
   at: _add_objective_header_v152 (res://MainGame.gd:2166)
   GDScript backtrace (most recent call first):
       [0] _add_objective_header_v152 (res://MainGame.gd:2166)
       [1] _rebuild_quests (res://MainGame.gd:2207)
       [2] _refresh_all (res://MainGame.gd:688)
       [3] @shields_setter (res://PlayerData.gd:14)
       [4] _reset_shared_state (res://P0TestHarness.gd:64)
       [5] apply_profile (res://P0TestHarness.gd:33)
       [6] _capture_main_only (res://V2021VisualRuntimeQa.gd:129)
       [7] run_acceptance (res://V2021VisualRuntimeQa.gd:61)
       [8] _run_profile (res://V2021VisualRuntimeQa.gd:124)
       [9] _capture (res://V2021VisualRuntimeQa.gd:182)
       [10] _grab_viewport_image (res://V2021VisualRuntimeQa.gd:204)
SCRIPT ERROR: Invalid call. Nonexistent function 'objective_icon_role' in base 'GDScript'.
   at: _rebuild_quests (res://MainGame.gd:2214)
   GDScript backtrace (most recent call first):
       [0] _rebuild_quests (res://MainGame.gd:2214)
       [1] _refresh_all (res://MainGame.gd:688)
       [2] @shields_setter (res://PlayerData.gd:14)
       [3] _reset_shared_state (res://P0TestHarness.gd:64)
       [4] apply_profile (res://P0TestHarness.gd:33)
       [5] _capture_main_only (res://V2021VisualRuntimeQa.gd:129)
       [6] run_acceptance (res://V2021VisualRuntimeQa.gd:61)
       [7] _run_profile (res://V2021VisualRuntimeQa.gd:124)
       [8] _capture (res://V2021VisualRuntimeQa.gd:182)
       [9] _grab_viewport_image (res://V2021VisualRuntimeQa.gd:204)
SCRIPT ERROR: Invalid call. Nonexistent function 'refresh_progression_state' in base 'GDScript'.
   at: _refresh_progression_p0 (res://MainGame.gd:2903)
   GDScript backtrace (most recent call first):
       [0] _refresh_progression_p0 (res://MainGame.gd:2903)
       [1] _refresh_all (res://MainGame.gd:696)
       [2] @shields_setter (res://PlayerData.gd:14)
       [3] _reset_shared_state (res://P0TestHarness.gd:64)
       [4] apply_profile (res://P0TestHarness.gd:33)
       [5] _capture_main_only (res://V2021VisualRuntimeQa.gd:129)
       [6] run_acceptance (res://V2021VisualRuntimeQa.gd:61)
       [7] _run_profile (res://V2021VisualRuntimeQa.gd:124)
       [8] _capture (res://V2021VisualRuntimeQa.gd:182)
       [9] _grab_viewport_image (res://V2021VisualRuntimeQa.gd:204)
SCRIPT ERROR: Invalid call. Nonexistent function 'refresh_shop_state' in base 'GDScript'.
   at: _refresh_shop_p0 (res://MainGame.gd:2810)
   GDScript backtrace (most recent call first):
       [0] _refresh_shop_p0 (res://MainGame.gd:2810)
       [1] _refresh_all (res://MainGame.gd:697)
       [2] @shields_setter (res://PlayerData.gd:14)
       [3] _reset_shared_state (res://P0TestHarness.gd:64)
       [4] apply_profile (res://P0TestHarness.gd:33)
       [5] _capture_main_only (res://V2021VisualRuntimeQa.gd:129)
       [6] run_acceptance (res://V2021VisualRuntimeQa.gd:61)
       [7] _run_profile (res://V2021VisualRuntimeQa.gd:124)
       [8] _capture (res://V2021VisualRuntimeQa.gd:182)
       [9] _grab_viewport_image (res://V2021VisualRuntimeQa.gd:204)
SCRIPT ERROR: Invalid call. Nonexistent function 'refresh_afk_state' in base 'GDScript'.
   at: _refresh_afk_p0 (res://MainGame.gd:2910)
   GDScript backtrace (most recent call first):
       [0] _refresh_afk_p0 (res://MainGame.gd:2910)
       [1] _refresh_all (res://MainGame.gd:698)
       [2] @shields_setter (res://PlayerData.gd:14)
       [3] _reset_shared_state (res://P0TestHarness.gd:64)
       [4] apply_profile (res://P0TestHarness.gd:33)
       [5] _capture_main_only (res://V2021VisualRuntimeQa.gd:129)
       [6] run_acceptance (res://V2021VisualRuntimeQa.gd:61)
       [7] _run_profile (res://V2021VisualRuntimeQa.gd:124)
       [8] _capture (res://V2021VisualRuntimeQa.gd:182)
       [9] _grab_viewport_image (res://V2021VisualRuntimeQa.gd:204)
SCRIPT ERROR: Invalid call. Nonexistent function 'refresh_home_loop_state' in base 'GDScript'.
   at: _update_monster_ui (res://MainGame.gd:1219)
   GDScript backtrace (most recent call first):
       [0] _update_monster_ui (res://MainGame.gd:1219)
       [1] _refresh_all (res://MainGame.gd:675)
       [2] _reset_shared_state (res://P0TestHarness.gd:81)
       [3] apply_profile (res://P0TestHarness.gd:33)
       [4] _capture_main_only (res://V2021VisualRuntimeQa.gd:129)
       [5] run_acceptance (res://V2021VisualRuntimeQa.gd:61)
       [6] _run_profile (res://V2021VisualRuntimeQa.gd:124)
       [7] _capture (res://V2021VisualRuntimeQa.gd:182)
       [8] _grab_viewport_image (res://V2021VisualRuntimeQa.gd:204)
SCRIPT ERROR: Invalid call. Nonexistent function 'refresh_village_loop_state' in base 'GDScript'.
   at: _refresh_p0_village (res://MainGame.gd:2410)
   GDScript backtrace (most recent call first):
       [0] _refresh_p0_village (res://MainGame.gd:2410)
       [1] _refresh_all (res://MainGame.gd:680)
       [2] _reset_shared_state (res://P0TestHarness.gd:81)
       [3] apply_profile (res://P0TestHarness.gd:33)
       [4] _capture_main_only (res://V2021VisualRuntimeQa.gd:129)
       [5] run_acceptance (res://V2021VisualRuntimeQa.gd:61)
       [6] _run_profile (res://V2021VisualRuntimeQa.gd:124)
       [7] _capture (res://V2021VisualRuntimeQa.gd:182)
       [8] _grab_viewport_image (res://V2021VisualRuntimeQa.gd:204)
SCRIPT ERROR: Invalid call. Nonexistent function 'refresh_reward_session_state' in base 'GDScript'.
   at: _refresh_meta_ui (res://MainGame.gd:1004)
   GDScript backtrace (most recent call first):
       [0] _refresh_meta_ui (res://MainGame.gd:1004)
       [1] _refresh_all (res://MainGame.gd:683)
       [2] _reset_shared_state (res://P0TestHarness.gd:81)
       [3] apply_profile (res://P0TestHarness.gd:33)
       [4] _capture_main_only (res://V2021VisualRuntimeQa.gd:129)
       [5] run_acceptance (res://V2021VisualRuntimeQa.gd:61)
       [6] _run_profile (res://V2021VisualRuntimeQa.gd:124)
       [7] _capture (res://V2021VisualRuntimeQa.gd:182)
       [8] _grab_viewport_image (res://V2021VisualRuntimeQa.gd:204)
SCRIPT ERROR: Invalid call. Nonexistent function 'style_objective_header' in base 'GDScript'.
   at: _add_objective_header_v152 (res://MainGame.gd:2166)
   GDScript backtrace (most recent call first):
       [0] _add_objective_header_v152 (res://MainGame.gd:2166)
       [1] _rebuild_quests (res://MainGame.gd:2205)
       [2] _refresh_all (res://MainGame.gd:688)
       [3] _reset_shared_state (res://P0TestHarness.gd:81)
       [4] apply_profile (res://P0TestHarness.gd:33)
       [5] _capture_main_only (res://V2021VisualRuntimeQa.gd:129)
       [6] run_acceptance (res://V2021VisualRuntimeQa.gd:61)
       [7] _run_profile (res://V2021VisualRuntimeQa.gd:124)
       [8] _capture (res://V2021VisualRuntimeQa.gd:182)
       [9] _grab_viewport_image (res://V2021VisualRuntimeQa.gd:204)
SCRIPT ERROR: Invalid call. Nonexistent function 'objective_icon_role' in base 'GDScript'.
   at: _add_objective_row_v152 (res://MainGame.gd:2181)
   GDScript backtrace (most recent call first):
       [0] _add_objective_row_v152 (res://MainGame.gd:2181)
       [1] _rebuild_quests (res://MainGame.gd:2206)
       [2] _refresh_all (res://MainGame.gd:688)
       [3] _reset_shared_state (res://P0TestHarness.gd:81)
       [4] apply_profile (res://P0TestHarness.gd:33)
       [5] _capture_main_only (res://V2021VisualRuntimeQa.gd:129)
       [6] run_acceptance (res://V2021VisualRuntimeQa.gd:61)
       [7] _run_profile (res://V2021VisualRuntimeQa.gd:124)
       [8] _capture (res://V2021VisualRuntimeQa.gd:182)
       [9] _grab_viewport_image (res://V2021VisualRuntimeQa.gd:204)
SCRIPT ERROR: Invalid call. Nonexistent function 'objective_icon_role' in base 'GDScript'.
   at: _add_objective_row_v152 (res://MainGame.gd:2181)
   GDScript backtrace (most recent call first):
       [0] _add_objective_row_v152 (res://MainGame.gd:2181)
       [1] _rebuild_quests (res://MainGame.gd:2206)
       [2] _refresh_all (res://MainGame.gd:688)
       [3] _reset_shared_state (res://P0TestHarness.gd:81)
       [4] apply_profile (res://P0TestHarness.gd:33)
       [5] _capture_main_only (res://V2021VisualRuntimeQa.gd:129)
       [6] run_acceptance (res://V2021VisualRuntimeQa.gd:61)
       [7] _run_profile (res://V2021VisualRuntimeQa.gd:124)
       [8] _capture (res://V2021VisualRuntimeQa.gd:182)
       [9] _grab_viewport_image (res://V2021VisualRuntimeQa.gd:204)
SCRIPT ERROR: Invalid call. Nonexistent function 'objective_icon_role' in base 'GDScript'.
   at: _add_objective_row_v152 (res://MainGame.gd:2181)
   GDScript backtrace (most recent call first):
       [0] _add_objective_row_v152 (res://MainGame.gd:2181)
       [1] _rebuild_quests (res://MainGame.gd:2206)
       [2] _refresh_all (res://MainGame.gd:688)
       [3] _reset_shared_state (res://P0TestHarness.gd:81)
       [4] apply_profile (res://P0TestHarness.gd:33)
       [5] _capture_main_only (res://V2021VisualRuntimeQa.gd:129)
       [6] run_acceptance (res://V2021VisualRuntimeQa.gd:61)
       [7] _run_profile (res://V2021VisualRuntimeQa.gd:124)
       [8] _capture (res://V2021VisualRuntimeQa.gd:182)
       [9] _grab_viewport_image (res://V2021VisualRuntimeQa.gd:204)
SCRIPT ERROR: Invalid call. Nonexistent function 'style_objective_header' in base 'GDScript'.
   at: _add_objective_header_v152 (res://MainGame.gd:2166)
   GDScript backtrace (most recent call first):
       [0] _add_objective_header_v152 (res://MainGame.gd:2166)
       [1] _rebuild_quests (res://MainGame.gd:2205)
       [2] _refresh_all (res://MainGame.gd:688)
       [3] _reset_shared_state (res://P0TestHarness.gd:81)
       [4] apply_profile (res://P0TestHarness.gd:33)
       [5] _capture_main_only (res://V2021VisualRuntimeQa.gd:129)
       [6] run_acceptance (res://V2021VisualRuntimeQa.gd:61)
       [7] _run_profile (res://V2021VisualRuntimeQa.gd:124)
       [8] _capture (res://V2021VisualRuntimeQa.gd:182)
       [9] _grab_viewport_image (res://V2021VisualRuntimeQa.gd:204)
SCRIPT ERROR: Invalid call. Nonexistent function 'objective_icon_role' in base 'GDScript'.
   at: _add_objective_row_v152 (res://MainGame.gd:2181)
   GDScript backtrace (most recent call first):
       [0] _add_objective_row_v152 (res://MainGame.gd:2181)
       [1] _rebuild_quests (res://MainGame.gd:2206)
       [2] _refresh_all (res://MainGame.gd:688)
       [3] _reset_shared_state (res://P0TestHarness.gd:81)
       [4] apply_profile (res://P0TestHarness.gd:33)
       [5] _capture_main_only (res://V2021VisualRuntimeQa.gd:129)
       [6] run_acceptance (res://V2021VisualRuntimeQa.gd:61)
       [7] _run_profile (res://V2021VisualRuntimeQa.gd:124)
       [8] _capture (res://V2021VisualRuntimeQa.gd:182)
       [9] _grab_viewport_image (res://V2021VisualRuntimeQa.gd:204)
SCRIPT ERROR: Invalid call. Nonexistent function 'objective_icon_role' in base 'GDScript'.
   at: _add_objective_row_v152 (res://MainGame.gd:2181)
   GDScript backtrace (most recent call first):
       [0] _add_objective_row_v152 (res://MainGame.gd:2181)
       [1] _rebuild_quests (res://MainGame.gd:2206)
       [2] _refresh_all (res://MainGame.gd:688)
       [3] _reset_shared_state (res://P0TestHarness.gd:81)
       [4] apply_profile (res://P0TestHarness.gd:33)
       [5] _capture_main_only (res://V2021VisualRuntimeQa.gd:129)
       [6] run_acceptance (res://V2021VisualRuntimeQa.gd:61)
       [7] _run_profile (res://V2021VisualRuntimeQa.gd:124)
       [8] _capture (res://V2021VisualRuntimeQa.gd:182)
       [9] _grab_viewport_image (res://V2021VisualRuntimeQa.gd:204)
SCRIPT ERROR: Invalid call. Nonexistent function 'objective_icon_role' in base 'GDScript'.
   at: _add_objective_row_v152 (res://MainGame.gd:2181)
   GDScript backtrace (most recent call first):
       [0] _add_objective_row_v152 (res://MainGame.gd:2181)
       [1] _rebuild_quests (res://MainGame.gd:2206)
       [2] _refresh_all (res://MainGame.gd:688)
       [3] _reset_shared_state (res://P0TestHarness.gd:81)
       [4] apply_profile (res://P0TestHarness.gd:33)
       [5] _capture_main_only (res://V2021VisualRuntimeQa.gd:129)
       [6] run_acceptance (res://V2021VisualRuntimeQa.gd:61)
       [7] _run_profile (res://V2021VisualRuntimeQa.gd:124)
       [8] _capture (res://V2021VisualRuntimeQa.gd:182)
       [9] _grab_viewport_image (res://V2021VisualRuntimeQa.gd:204)
SCRIPT ERROR: Invalid call. Nonexistent function 'style_objective_header' in base 'GDScript'.
   at: _add_objective_header_v152 (res://MainGame.gd:2166)
   GDScript backtrace (most recent call first):
       [0] _add_objective_header_v152 (res://MainGame.gd:2166)
       [1] _rebuild_quests (res://MainGame.gd:2205)
       [2] _refresh_all (res://MainGame.gd:688)
       [3] _reset_shared_state (res://P0TestHarness.gd:81)
       [4] apply_profile (res://P0TestHarness.gd:33)
       [5] _capture_main_only (res://V2021VisualRuntimeQa.gd:129)
       [6] run_acceptance (res://V2021VisualRuntimeQa.gd:61)
       [7] _run_profile (res://V2021VisualRuntimeQa.gd:124)
       [8] _capture (res://V2021VisualRuntimeQa.gd:182)
       [9] _grab_viewport_image (res://V2021VisualRuntimeQa.gd:204)
SCRIPT ERROR: Invalid call. Nonexistent function 'objective_icon_role' in base 'GDScript'.
   at: _add_objective_row_v152 (res://MainGame.gd:2181)
   GDScript backtrace (most recent call first):
       [0] _add_objective_row_v152 (res://MainGame.gd:2181)
       [1] _rebuild_quests (res://MainGame.gd:2206)
       [2] _refresh_all (res://MainGame.gd:688)
       [3] _reset_shared_state (res://P0TestHarness.gd:81)
       [4] apply_profile (res://P0TestHarness.gd:33)
       [5] _capture_main_only (res://V2021VisualRuntimeQa.gd:129)
       [6] run_acceptance (res://V2021VisualRuntimeQa.gd:61)
       [7] _run_profile (res://V2021VisualRuntimeQa.gd:124)
       [8] _capture (res://V2021VisualRuntimeQa.gd:182)
       [9] _grab_viewport_image (res://V2021VisualRuntimeQa.gd:204)
SCRIPT ERROR: Invalid call. Nonexistent function 'objective_icon_role' in base 'GDScript'.
   at: _add_objective_row_v152 (res://MainGame.gd:2181)
   GDScript backtrace (most recent call first):
       [0] _add_objective_row_v152 (res://MainGame.gd:2181)
       [1] _rebuild_quests (res://MainGame.gd:2206)
       [2] _refresh_all (res://MainGame.gd:688)
       [3] _reset_shared_state (res://P0TestHarness.gd:81)
       [4] apply_profile (res://P0TestHarness.gd:33)
       [5] _capture_main_only (res://V2021VisualRuntimeQa.gd:129)
       [6] run_acceptance (res://V2021VisualRuntimeQa.gd:61)
       [7] _run_profile (res://V2021VisualRuntimeQa.gd:124)
       [8] _capture (res://V2021VisualRuntimeQa.gd:182)
       [9] _grab_viewport_image (res://V2021VisualRuntimeQa.gd:204)
SCRIPT ERROR: Invalid call. Nonexistent function 'objective_icon_role' in base 'GDScript'.
   at: _add_objective_row_v152 (res://MainGame.gd:2181)
   GDScript backtrace (most recent call first):
       [0] _add_objective_row_v152 (res://MainGame.gd:2181)
       [1] _rebuild_quests (res://MainGame.gd:2206)
       [2] _refresh_all (res://MainGame.gd:688)
       [3] _reset_shared_state (res://P0TestHarness.gd:81)
       [4] apply_profile (res://P0TestHarness.gd:33)
       [5] _capture_main_only (res://V2021VisualRuntimeQa.gd:129)
       [6] run_acceptance (res://V2021VisualRuntimeQa.gd:61)
       [7] _run_profile (res://V2021VisualRuntimeQa.gd:124)
       [8] _capture (res://V2021VisualRuntimeQa.gd:182)
       [9] _grab_viewport_image (res://V2021VisualRuntimeQa.gd:204)
SCRIPT ERROR: Invalid call. Nonexistent function 'objective_icon_role' in base 'GDScript'.
   at: _add_objective_row_v152 (res://MainGame.gd:2181)
   GDScript backtrace (most recent call first):
       [0] _add_objective_row_v152 (res://MainGame.gd:2181)
       [1] _rebuild_quests (res://MainGame.gd:2206)
       [2] _refresh_all (res://MainGame.gd:688)
       [3] _reset_shared_state (res://P0TestHarness.gd:81)
       [4] apply_profile (res://P0TestHarness.gd:33)
       [5] _capture_main_only (res://V2021VisualRuntimeQa.gd:129)
       [6] run_acceptance (res://V2021VisualRuntimeQa.gd:61)
       [7] _run_profile (res://V2021VisualRuntimeQa.gd:124)
       [8] _capture (res://V2021VisualRuntimeQa.gd:182)
       [9] _grab_viewport_image (res://V2021VisualRuntimeQa.gd:204)
SCRIPT ERROR: Invalid call. Nonexistent function 'objective_icon_role' in base 'GDScript'.
   at: _add_objective_row_v152 (res://MainGame.gd:2181)
   GDScript backtrace (most recent call first):
       [0] _add_objective_row_v152 (res://MainGame.gd:2181)
       [1] _rebuild_quests (res://MainGame.gd:2206)
       [2] _refresh_all (res://MainGame.gd:688)
       [3] _reset_shared_state (res://P0TestHarness.gd:81)
       [4] apply_profile (res://P0TestHarness.gd:33)
       [5] _capture_main_only (res://V2021VisualRuntimeQa.gd:129)
       [6] run_acceptance (res://V2021VisualRuntimeQa.gd:61)
       [7] _run_profile (res://V2021VisualRuntimeQa.gd:124)
       [8] _capture (res://V2021VisualRuntimeQa.gd:182)
       [9] _grab_viewport_image (res://V2021VisualRuntimeQa.gd:204)
SCRIPT ERROR: Invalid call. Nonexistent function 'style_objective_header' in base 'GDScript'.
   at: _add_objective_header_v152 (res://MainGame.gd:2166)
   GDScript backtrace (most recent call first):
       [0] _add_objective_header_v152 (res://MainGame.gd:2166)
       [1] _rebuild_quests (res://MainGame.gd:2207)
       [2] _refresh_all (res://MainGame.gd:688)
       [3] _reset_shared_state (res://P0TestHarness.gd:81)
       [4] apply_profile (res://P0TestHarness.gd:33)
       [5] _capture_main_only (res://V2021VisualRuntimeQa.gd:129)
       [6] run_acceptance (res://V2021VisualRuntimeQa.gd:61)
       [7] _run_profile (res://V2021VisualRuntimeQa.gd:124)
       [8] _capture (res://V2021VisualRuntimeQa.gd:182)
       [9] _grab_viewport_image (res://V2021VisualRuntimeQa.gd:204)
SCRIPT ERROR: Invalid call. Nonexistent function 'objective_icon_role' in base 'GDScript'.
   at: _rebuild_quests (res://MainGame.gd:2214)
   GDScript backtrace (most recent call first):
       [0] _rebuild_quests (res://MainGame.gd:2214)
       [1] _refresh_all (res://MainGame.gd:688)
       [2] _reset_shared_state (res://P0TestHarness.gd:81)
       [3] apply_profile (res://P0TestHarness.gd:33)
       [4] _capture_main_only (res://V2021VisualRuntimeQa.gd:129)
       [5] run_acceptance (res://V2021VisualRuntimeQa.gd:61)
       [6] _run_profile (res://V2021VisualRuntimeQa.gd:124)
       [7] _capture (res://V2021VisualRuntimeQa.gd:182)
       [8] _grab_viewport_image (res://V2021VisualRuntimeQa.gd:204)
SCRIPT ERROR: Invalid call. Nonexistent function 'refresh_progression_state' in base 'GDScript'.
   at: _refresh_progression_p0 (res://MainGame.gd:2903)
   GDScript backtrace (most recent call first):
       [0] _refresh_progression_p0 (res://MainGame.gd:2903)
       [1] _refresh_all (res://MainGame.gd:696)
       [2] _reset_shared_state (res://P0TestHarness.gd:81)
       [3] apply_profile (res://P0TestHarness.gd:33)
       [4] _capture_main_only (res://V2021VisualRuntimeQa.gd:129)
       [5] run_acceptance (res://V2021VisualRuntimeQa.gd:61)
       [6] _run_profile (res://V2021VisualRuntimeQa.gd:124)
       [7] _capture (res://V2021VisualRuntimeQa.gd:182)
       [8] _grab_viewport_image (res://V2021VisualRuntimeQa.gd:204)
SCRIPT ERROR: Invalid call. Nonexistent function 'refresh_shop_state' in base 'GDScript'.
   at: _refresh_shop_p0 (res://MainGame.gd:2810)
   GDScript backtrace (most recent call first):
       [0] _refresh_shop_p0 (res://MainGame.gd:2810)
       [1] _refresh_all (res://MainGame.gd:697)
       [2] _reset_shared_state (res://P0TestHarness.gd:81)
       [3] apply_profile (res://P0TestHarness.gd:33)
       [4] _capture_main_only (res://V2021VisualRuntimeQa.gd:129)
       [5] run_acceptance (res://V2021VisualRuntimeQa.gd:61)
       [6] _run_profile (res://V2021VisualRuntimeQa.gd:124)
       [7] _capture (res://V2021VisualRuntimeQa.gd:182)
       [8] _grab_viewport_image (res://V2021VisualRuntimeQa.gd:204)
SCRIPT ERROR: Invalid call. Nonexistent function 'refresh_afk_state' in base 'GDScript'.
   at: _refresh_afk_p0 (res://MainGame.gd:2910)
   GDScript backtrace (most recent call first):
       [0] _refresh_afk_p0 (res://MainGame.gd:2910)
       [1] _refresh_all (res://MainGame.gd:698)
       [2] _reset_shared_state (res://P0TestHarness.gd:81)
       [3] apply_profile (res://P0TestHarness.gd:33)
       [4] _capture_main_only (res://V2021VisualRuntimeQa.gd:129)
       [5] run_acceptance (res://V2021VisualRuntimeQa.gd:61)
       [6] _run_profile (res://V2021VisualRuntimeQa.gd:124)
       [7] _capture (res://V2021VisualRuntimeQa.gd:182)
       [8] _grab_viewport_image (res://V2021VisualRuntimeQa.gd:204)
SCRIPT ERROR: Invalid call. Nonexistent function 'refresh_home_loop_state' in base 'GDScript'.
   at: _update_monster_ui (res://MainGame.gd:1219)
   GDScript backtrace (most recent call first):
       [0] _update_monster_ui (res://MainGame.gd:1219)
       [1] _reset_shared_state (res://P0TestHarness.gd:82)
       [2] apply_profile (res://P0TestHarness.gd:33)
       [3] _capture_main_only (res://V2021VisualRuntimeQa.gd:129)
       [4] run_acceptance (res://V2021VisualRuntimeQa.gd:61)
       [5] _run_profile (res://V2021VisualRuntimeQa.gd:124)
       [6] _capture (res://V2021VisualRuntimeQa.gd:182)
       [7] _grab_viewport_image (res://V2021VisualRuntimeQa.gd:204)
SCRIPT ERROR: Invalid call. Nonexistent function 'refresh_home_loop_state' in base 'GDScript'.
   at: _update_monster_ui (res://MainGame.gd:1219)
   GDScript backtrace (most recent call first):
       [0] _update_monster_ui (res://MainGame.gd:1219)
       [1] _refresh_all (res://MainGame.gd:675)
       [2] _reset_shared_state (res://P0TestHarness.gd:83)
       [3] apply_profile (res://P0TestHarness.gd:33)
       [4] _capture_main_only (res://V2021VisualRuntimeQa.gd:129)
       [5] run_acceptance (res://V2021VisualRuntimeQa.gd:61)
       [6] _run_profile (res://V2021VisualRuntimeQa.gd:124)
       [7] _capture (res://V2021VisualRuntimeQa.gd:182)
       [8] _grab_viewport_image (res://V2021VisualRuntimeQa.gd:204)
SCRIPT ERROR: Invalid call. Nonexistent function 'refresh_village_loop_state' in base 'GDScript'.
   at: _refresh_p0_village (res://MainGame.gd:2410)
   GDScript backtrace (most recent call first):
       [0] _refresh_p0_village (res://MainGame.gd:2410)
       [1] _refresh_all (res://MainGame.gd:680)
       [2] _reset_shared_state (res://P0TestHarness.gd:83)
       [3] apply_profile (res://P0TestHarness.gd:33)
       [4] _capture_main_only (res://V2021VisualRuntimeQa.gd:129)
       [5] run_acceptance (res://V2021VisualRuntimeQa.gd:61)
       [6] _run_profile (res://V2021VisualRuntimeQa.gd:124)
       [7] _capture (res://V2021VisualRuntimeQa.gd:182)
       [8] _grab_viewport_image (res://V2021VisualRuntimeQa.gd:204)
SCRIPT ERROR: Invalid call. Nonexistent function 'refresh_reward_session_state' in base 'GDScript'.
   at: _refresh_meta_ui (res://MainGame.gd:1004)
   GDScript backtrace (most recent call first):
       [0] _refresh_meta_ui (res://MainGame.gd:1004)
       [1] _refresh_all (res://MainGame.gd:683)
       [2] _reset_shared_state (res://P0TestHarness.gd:83)
       [3] apply_profile (res://P0TestHarness.gd:33)
       [4] _capture_main_only (res://V2021VisualRuntimeQa.gd:129)
       [5] run_acceptance (res://V2021VisualRuntimeQa.gd:61)
       [6] _run_profile (res://V2021VisualRuntimeQa.gd:124)
       [7] _capture (res://V2021VisualRuntimeQa.gd:182)
       [8] _grab_viewport_image (res://V2021VisualRuntimeQa.gd:204)
SCRIPT ERROR: Invalid call. Nonexistent function 'style_objective_header' in base 'GDScript'.
   at: _add_objective_header_v152 (res://MainGame.gd:2166)
   GDScript backtrace (most recent call first):
       [0] _add_objective_header_v152 (res://MainGame.gd:2166)
       [1] _rebuild_quests (res://MainGame.gd:2205)
       [2] _refresh_all (res://MainGame.gd:688)
       [3] _reset_shared_state (res://P0TestHarness.gd:83)
       [4] apply_profile (res://P0TestHarness.gd:33)
       [5] _capture_main_only (res://V2021VisualRuntimeQa.gd:129)
       [6] run_acceptance (res://V2021VisualRuntimeQa.gd:61)
       [7] _run_profile (res://V2021VisualRuntimeQa.gd:124)
       [8] _capture (res://V2021VisualRuntimeQa.gd:182)
       [9] _grab_viewport_image (res://V2021VisualRuntimeQa.gd:204)
SCRIPT ERROR: Invalid call. Nonexistent function 'objective_icon_role' in base 'GDScript'.
   at: _add_objective_row_v152 (res://MainGame.gd:2181)
   GDScript backtrace (most recent call first):
       [0] _add_objective_row_v152 (res://MainGame.gd:2181)
       [1] _rebuild_quests (res://MainGame.gd:2206)
       [2] _refresh_all (res://MainGame.gd:688)
       [3] _reset_shared_state (res://P0TestHarness.gd:83)
       [4] apply_profile (res://P0TestHarness.gd:33)
       [5] _capture_main_only (res://V2021VisualRuntimeQa.gd:129)
       [6] run_acceptance (res://V2021VisualRuntimeQa.gd:61)
       [7] _run_profile (res://V2021VisualRuntimeQa.gd:124)
       [8] _capture (res://V2021VisualRuntimeQa.gd:182)
       [9] _grab_viewport_image (res://V2021VisualRuntimeQa.gd:204)
SCRIPT ERROR: Invalid call. Nonexistent function 'objective_icon_role' in base 'GDScript'.
   at: _add_objective_row_v152 (res://MainGame.gd:2181)
   GDScript backtrace (most recent call first):
       [0] _add_objective_row_v152 (res://MainGame.gd:2181)
       [1] _rebuild_quests (res://MainGame.gd:2206)
       [2] _refresh_all (res://MainGame.gd:688)
       [3] _reset_shared_state (res://P0TestHarness.gd:83)
       [4] apply_profile (res://P0TestHarness.gd:33)
       [5] _capture_main_only (res://V2021VisualRuntimeQa.gd:129)
       [6] run_acceptance (res://V2021VisualRuntimeQa.gd:61)
       [7] _run_profile (res://V2021VisualRuntimeQa.gd:124)
       [8] _capture (res://V2021VisualRuntimeQa.gd:182)
       [9] _grab_viewport_image (res://V2021VisualRuntimeQa.gd:204)
SCRIPT ERROR: Invalid call. Nonexistent function 'objective_icon_role' in base 'GDScript'.
   at: _add_objective_row_v152 (res://MainGame.gd:2181)
   GDScript backtrace (most recent call first):
       [0] _add_objective_row_v152 (res://MainGame.gd:2181)
       [1] _rebuild_quests (res://MainGame.gd:2206)
       [2] _refresh_all (res://MainGame.gd:688)
       [3] _reset_shared_state (res://P0TestHarness.gd:83)
       [4] apply_profile (res://P0TestHarness.gd:33)
       [5] _capture_main_only (res://V2021VisualRuntimeQa.gd:129)
       [6] run_acceptance (res://V2021VisualRuntimeQa.gd:61)
       [7] _run_profile (res://V2021VisualRuntimeQa.gd:124)
       [8] _capture (res://V2021VisualRuntimeQa.gd:182)
       [9] _grab_viewport_image (res://V2021VisualRuntimeQa.gd:204)
SCRIPT ERROR: Invalid call. Nonexistent function 'style_objective_header' in base 'GDScript'.
   at: _add_objective_header_v152 (res://MainGame.gd:2166)
   GDScript backtrace (most recent call first):
       [0] _add_objective_header_v152 (res://MainGame.gd:2166)
       [1] _rebuild_quests (res://MainGame.gd:2205)
       [2] _refresh_all (res://MainGame.gd:688)
       [3] _reset_shared_state (res://P0TestHarness.gd:83)
       [4] apply_profile (res://P0TestHarness.gd:33)
       [5] _capture_main_only (res://V2021VisualRuntimeQa.gd:129)
       [6] run_acceptance (res://V2021VisualRuntimeQa.gd:61)
       [7] _run_profile (res://V2021VisualRuntimeQa.gd:124)
       [8] _capture (res://V2021VisualRuntimeQa.gd:182)
       [9] _grab_viewport_image (res://V2021VisualRuntimeQa.gd:204)
SCRIPT ERROR: Invalid call. Nonexistent function 'objective_icon_role' in base 'GDScript'.
   at: _add_objective_row_v152 (res://MainGame.gd:2181)
   GDScript backtrace (most recent call first):
       [0] _add_objective_row_v152 (res://MainGame.gd:2181)
       [1] _rebuild_quests (res://MainGame.gd:2206)
       [2] _refresh_all (res://MainGame.gd:688)
       [3] _reset_shared_state (res://P0TestHarness.gd:83)
       [4] apply_profile (res://P0TestHarness.gd:33)
       [5] _capture_main_only (res://V2021VisualRuntimeQa.gd:129)
       [6] run_acceptance (res://V2021VisualRuntimeQa.gd:61)
       [7] _run_profile (res://V2021VisualRuntimeQa.gd:124)
       [8] _capture (res://V2021VisualRuntimeQa.gd:182)
       [9] _grab_viewport_image (res://V2021VisualRuntimeQa.gd:204)
SCRIPT ERROR: Invalid call. Nonexistent function 'objective_icon_role' in base 'GDScript'.
   at: _add_objective_row_v152 (res://MainGame.gd:2181)
   GDScript backtrace (most recent call first):
       [0] _add_objective_row_v152 (res://MainGame.gd:2181)
       [1] _rebuild_quests (res://MainGame.gd:2206)
       [2] _refresh_all (res://MainGame.gd:688)
       [3] _reset_shared_state (res://P0TestHarness.gd:83)
       [4] apply_profile (res://P0TestHarness.gd:33)
       [5] _capture_main_only (res://V2021VisualRuntimeQa.gd:129)
       [6] run_acceptance (res://V2021VisualRuntimeQa.gd:61)
       [7] _run_profile (res://V2021VisualRuntimeQa.gd:124)
       [8] _capture (res://V2021VisualRuntimeQa.gd:182)
       [9] _grab_viewport_image (res://V2021VisualRuntimeQa.gd:204)
SCRIPT ERROR: Invalid call. Nonexistent function 'objective_icon_role' in base 'GDScript'.
   at: _add_objective_row_v152 (res://MainGame.gd:2181)
   GDScript backtrace (most recent call first):
       [0] _add_objective_row_v152 (res://MainGame.gd:2181)
       [1] _rebuild_quests (res://MainGame.gd:2206)
       [2] _refresh_all (res://MainGame.gd:688)
       [3] _reset_shared_state (res://P0TestHarness.gd:83)
       [4] apply_profile (res://P0TestHarness.gd:33)
       [5] _capture_main_only (res://V2021VisualRuntimeQa.gd:129)
       [6] run_acceptance (res://V2021VisualRuntimeQa.gd:61)
       [7] _run_profile (res://V2021VisualRuntimeQa.gd:124)
       [8] _capture (res://V2021VisualRuntimeQa.gd:182)
       [9] _grab_viewport_image (res://V2021VisualRuntimeQa.gd:204)
SCRIPT ERROR: Invalid call. Nonexistent function 'style_objective_header' in base 'GDScript'.
   at: _add_objective_header_v152 (res://MainGame.gd:2166)
   GDScript backtrace (most recent call first):
       [0] _add_objective_header_v152 (res://MainGame.gd:2166)
       [1] _rebuild_quests (res://MainGame.gd:2205)
       [2] _refresh_all (res://MainGame.gd:688)
       [3] _reset_shared_state (res://P0TestHarness.gd:83)
       [4] apply_profile (res://P0TestHarness.gd:33)
       [5] _capture_main_only (res://V2021VisualRuntimeQa.gd:129)
       [6] run_acceptance (res://V2021VisualRuntimeQa.gd:61)
       [7] _run_profile (res://V2021VisualRuntimeQa.gd:124)
       [8] _capture (res://V2021VisualRuntimeQa.gd:182)
       [9] _grab_viewport_image (res://V2021VisualRuntimeQa.gd:204)
SCRIPT ERROR: Invalid call. Nonexistent function 'objective_icon_role' in base 'GDScript'.
   at: _add_objective_row_v152 (res://MainGame.gd:2181)
   GDScript backtrace (most recent call first):
       [0] _add_objective_row_v152 (res://MainGame.gd:2181)
       [1] _rebuild_quests (res://MainGame.gd:2206)
       [2] _refresh_all (res://MainGame.gd:688)
       [3] _reset_shared_state (res://P0TestHarness.gd:83)
       [4] apply_profile (res://P0TestHarness.gd:33)
       [5] _capture_main_only (res://V2021VisualRuntimeQa.gd:129)
       [6] run_acceptance (res://V2021VisualRuntimeQa.gd:61)
       [7] _run_profile (res://V2021VisualRuntimeQa.gd:124)
       [8] _capture (res://V2021VisualRuntimeQa.gd:182)
       [9] _grab_viewport_image (res://V2021VisualRuntimeQa.gd:204)
SCRIPT ERROR: Invalid call. Nonexistent function 'objective_icon_role' in base 'GDScript'.
   at: _add_objective_row_v152 (res://MainGame.gd:2181)
   GDScript backtrace (most recent call first):
       [0] _add_objective_row_v152 (res://MainGame.gd:2181)
       [1] _rebuild_quests (res://MainGame.gd:2206)
       [2] _refresh_all (res://MainGame.gd:688)
       [3] _reset_shared_state (res://P0TestHarness.gd:83)
       [4] apply_profile (res://P0TestHarness.gd:33)
       [5] _capture_main_only (res://V2021VisualRuntimeQa.gd:129)
       [6] run_acceptance (res://V2021VisualRuntimeQa.gd:61)
       [7] _run_profile (res://V2021VisualRuntimeQa.gd:124)
       [8] _capture (res://V2021VisualRuntimeQa.gd:182)
       [9] _grab_viewport_image (res://V2021VisualRuntimeQa.gd:204)
SCRIPT ERROR: Invalid call. Nonexistent function 'objective_icon_role' in base 'GDScript'.
   at: _add_objective_row_v152 (res://MainGame.gd:2181)
   GDScript backtrace (most recent call first):
       [0] _add_objective_row_v152 (res://MainGame.gd:2181)
       [1] _rebuild_quests (res://MainGame.gd:2206)
       [2] _refresh_all (res://MainGame.gd:688)
       [3] _reset_shared_state (res://P0TestHarness.gd:83)
       [4] apply_profile (res://P0TestHarness.gd:33)
       [5] _capture_main_only (res://V2021VisualRuntimeQa.gd:129)
       [6] run_acceptance (res://V2021VisualRuntimeQa.gd:61)
       [7] _run_profile (res://V2021VisualRuntimeQa.gd:124)
       [8] _capture (res://V2021VisualRuntimeQa.gd:182)
       [9] _grab_viewport_image (res://V2021VisualRuntimeQa.gd:204)
SCRIPT ERROR: Invalid call. Nonexistent function 'objective_icon_role' in base 'GDScript'.
   at: _add_objective_row_v152 (res://MainGame.gd:2181)
   GDScript backtrace (most recent call first):
       [0] _add_objective_row_v152 (res://MainGame.gd:2181)
       [1] _rebuild_quests (res://MainGame.gd:2206)
       [2] _refresh_all (res://MainGame.gd:688)
       [3] _reset_shared_state (res://P0TestHarness.gd:83)
       [4] apply_profile (res://P0TestHarness.gd:33)
       [5] _capture_main_only (res://V2021VisualRuntimeQa.gd:129)
       [6] run_acceptance (res://V2021VisualRuntimeQa.gd:61)
       [7] _run_profile (res://V2021VisualRuntimeQa.gd:124)
       [8] _capture (res://V2021VisualRuntimeQa.gd:182)
       [9] _grab_viewport_image (res://V2021VisualRuntimeQa.gd:204)
SCRIPT ERROR: Invalid call. Nonexistent function 'objective_icon_role' in base 'GDScript'.
   at: _add_objective_row_v152 (res://MainGame.gd:2181)
   GDScript backtrace (most recent call first):
       [0] _add_objective_row_v152 (res://MainGame.gd:2181)
       [1] _rebuild_quests (res://MainGame.gd:2206)
       [2] _refresh_all (res://MainGame.gd:688)
       [3] _reset_shared_state (res://P0TestHarness.gd:83)
       [4] apply_profile (res://P0TestHarness.gd:33)
       [5] _capture_main_only (res://V2021VisualRuntimeQa.gd:129)
       [6] run_acceptance (res://V2021VisualRuntimeQa.gd:61)
       [7] _run_profile (res://V2021VisualRuntimeQa.gd:124)
       [8] _capture (res://V2021VisualRuntimeQa.gd:182)
       [9] _grab_viewport_image (res://V2021VisualRuntimeQa.gd:204)
SCRIPT ERROR: Invalid call. Nonexistent function 'style_objective_header' in base 'GDScript'.
   at: _add_objective_header_v152 (res://MainGame.gd:2166)
   GDScript backtrace (most recent call first):
       [0] _add_objective_header_v152 (res://MainGame.gd:2166)
       [1] _rebuild_quests (res://MainGame.gd:2207)
       [2] _refresh_all (res://MainGame.gd:688)
       [3] _reset_shared_state (res://P0TestHarness.gd:83)
       [4] apply_profile (res://P0TestHarness.gd:33)
       [5] _capture_main_only (res://V2021VisualRuntimeQa.gd:129)
       [6] run_acceptance (res://V2021VisualRuntimeQa.gd:61)
       [7] _run_profile (res://V2021VisualRuntimeQa.gd:124)
       [8] _capture (res://V2021VisualRuntimeQa.gd:182)
       [9] _grab_viewport_image (res://V2021VisualRuntimeQa.gd:204)
SCRIPT ERROR: Invalid call. Nonexistent function 'objective_icon_role' in base 'GDScript'.
   at: _rebuild_quests (res://MainGame.gd:2214)
   GDScript backtrace (most recent call first):
       [0] _rebuild_quests (res://MainGame.gd:2214)
       [1] _refresh_all (res://MainGame.gd:688)
       [2] _reset_shared_state (res://P0TestHarness.gd:83)
       [3] apply_profile (res://P0TestHarness.gd:33)
       [4] _capture_main_only (res://V2021VisualRuntimeQa.gd:129)
       [5] run_acceptance (res://V2021VisualRuntimeQa.gd:61)
       [6] _run_profile (res://V2021VisualRuntimeQa.gd:124)
       [7] _capture (res://V2021VisualRuntimeQa.gd:182)
       [8] _grab_viewport_image (res://V2021VisualRuntimeQa.gd:204)
SCRIPT ERROR: Invalid call. Nonexistent function 'refresh_progression_state' in base 'GDScript'.
   at: _refresh_progression_p0 (res://MainGame.gd:2903)
   GDScript backtrace (most recent call first):
       [0] _refresh_progression_p0 (res://MainGame.gd:2903)
       [1] _refresh_all (res://MainGame.gd:696)
       [2] _reset_shared_state (res://P0TestHarness.gd:83)
       [3] apply_profile (res://P0TestHarness.gd:33)
       [4] _capture_main_only (res://V2021VisualRuntimeQa.gd:129)
       [5] run_acceptance (res://V2021VisualRuntimeQa.gd:61)
       [6] _run_profile (res://V2021VisualRuntimeQa.gd:124)
       [7] _capture (res://V2021VisualRuntimeQa.gd:182)
       [8] _grab_viewport_image (res://V2021VisualRuntimeQa.gd:204)
SCRIPT ERROR: Invalid call. Nonexistent function 'refresh_shop_state' in base 'GDScript'.
   at: _refresh_shop_p0 (res://MainGame.gd:2810)
   GDScript backtrace (most recent call first):
       [0] _refresh_shop_p0 (res://MainGame.gd:2810)
       [1] _refresh_all (res://MainGame.gd:697)
       [2] _reset_shared_state (res://P0TestHarness.gd:83)
       [3] apply_profile (res://P0TestHarness.gd:33)
       [4] _capture_main_only (res://V2021VisualRuntimeQa.gd:129)
       [5] run_acceptance (res://V2021VisualRuntimeQa.gd:61)
       [6] _run_profile (res://V2021VisualRuntimeQa.gd:124)
       [7] _capture (res://V2021VisualRuntimeQa.gd:182)
       [8] _grab_viewport_image (res://V2021VisualRuntimeQa.gd:204)
SCRIPT ERROR: Invalid call. Nonexistent function 'refresh_afk_state' in base 'GDScript'.
   at: _refresh_afk_p0 (res://MainGame.gd:2910)
   GDScript backtrace (most recent call first):
       [0] _refresh_afk_p0 (res://MainGame.gd:2910)
       [1] _refresh_all (res://MainGame.gd:698)
       [2] _reset_shared_state (res://P0TestHarness.gd:83)
       [3] apply_profile (res://P0TestHarness.gd:33)
       [4] _capture_main_only (res://V2021VisualRuntimeQa.gd:129)
       [5] run_acceptance (res://V2021VisualRuntimeQa.gd:61)
       [6] _run_profile (res://V2021VisualRuntimeQa.gd:124)
       [7] _capture (res://V2021VisualRuntimeQa.gd:182)
       [8] _grab_viewport_image (res://V2021VisualRuntimeQa.gd:204)
SCRIPT ERROR: Invalid call. Nonexistent function 'refresh_village_loop_state' in base 'GDScript'.
   at: _refresh_p0_village (res://MainGame.gd:2410)
   GDScript backtrace (most recent call first):
       [0] _refresh_p0_village (res://MainGame.gd:2410)
       [1] _reset_shared_state (res://P0TestHarness.gd:84)
       [2] apply_profile (res://P0TestHarness.gd:33)
       [3] _capture_main_only (res://V2021VisualRuntimeQa.gd:129)
       [4] run_acceptance (res://V2021VisualRuntimeQa.gd:61)
       [5] _run_profile (res://V2021VisualRuntimeQa.gd:124)
       [6] _capture (res://V2021VisualRuntimeQa.gd:182)
       [7] _grab_viewport_image (res://V2021VisualRuntimeQa.gd:204)
[CORE_ANALYTICS] {"event":"test_profile_applied","payload":{"profile":"fresh"},"time_unix":1789103607.702}
[CORE_ANALYTICS] {"event":"game_start","payload":{},"time_unix":1789103607.985}
SCRIPT ERROR: Invalid call. Nonexistent function 'refresh_home_loop_state' in base 'GDScript'.
   at: _update_monster_ui (res://MainGame.gd:1219)
   GDScript backtrace (most recent call first):
       [0] _update_monster_ui (res://MainGame.gd:1219)
       [1] _refresh_all (res://MainGame.gd:675)
       [2] @shields_setter (res://PlayerData.gd:14)
       [3] apply_save_data (res://PlayerData.gd:150)
       [4] load_game (res://SaveGame.gd:150)
       [5] _ready (res://MainGame.gd:515)
SCRIPT ERROR: Invalid call. Nonexistent function 'refresh_village_loop_state' in base 'GDScript'.
   at: _refresh_p0_village (res://MainGame.gd:2410)
   GDScript backtrace (most recent call first):
       [0] _refresh_p0_village (res://MainGame.gd:2410)
       [1] _refresh_all (res://MainGame.gd:680)
       [2] @shields_setter (res://PlayerData.gd:14)
       [3] apply_save_data (res://PlayerData.gd:150)
       [4] load_game (res://SaveGame.gd:150)
       [5] _ready (res://MainGame.gd:515)
SCRIPT ERROR: Invalid call. Nonexistent function 'refresh_reward_session_state' in base 'GDScript'.
   at: _refresh_meta_ui (res://MainGame.gd:1004)
   GDScript backtrace (most recent call first):
       [0] _refresh_meta_ui (res://MainGame.gd:1004)
       [1] _refresh_all (res://MainGame.gd:683)
       [2] @shields_setter (res://PlayerData.gd:14)
       [3] apply_save_data (res://PlayerData.gd:150)
       [4] load_game (res://SaveGame.gd:150)
       [5] _ready (res://MainGame.gd:515)
SCRIPT ERROR: Invalid call. Nonexistent function 'style_objective_header' in base 'GDScript'.
   at: _add_objective_header_v152 (res://MainGame.gd:2166)
   GDScript backtrace (most recent call first):
       [0] _add_objective_header_v152 (res://MainGame.gd:2166)
       [1] _rebuild_quests (res://MainGame.gd:2205)
       [2] _refresh_all (res://MainGame.gd:688)
       [3] @shields_setter (res://PlayerData.gd:14)
       [4] apply_save_data (res://PlayerData.gd:150)
       [5] load_game (res://SaveGame.gd:150)
       [6] _ready (res://MainGame.gd:515)
SCRIPT ERROR: Invalid call. Nonexistent function 'objective_icon_role' in base 'GDScript'.
   at: _add_objective_row_v152 (res://MainGame.gd:2181)
   GDScript backtrace (most recent call first):
       [0] _add_objective_row_v152 (res://MainGame.gd:2181)
       [1] _rebuild_quests (res://MainGame.gd:2206)
       [2] _refresh_all (res://MainGame.gd:688)
       [3] @shields_setter (res://PlayerData.gd:14)
       [4] apply_save_data (res://PlayerData.gd:150)
       [5] load_game (res://SaveGame.gd:150)
       [6] _ready (res://MainGame.gd:515)
SCRIPT ERROR: Invalid call. Nonexistent function 'objective_icon_role' in base 'GDScript'.
   at: _add_objective_row_v152 (res://MainGame.gd:2181)
   GDScript backtrace (most recent call first):
       [0] _add_objective_row_v152 (res://MainGame.gd:2181)
       [1] _rebuild_quests (res://MainGame.gd:2206)
       [2] _refresh_all (res://MainGame.gd:688)
       [3] @shields_setter (res://PlayerData.gd:14)
       [4] apply_save_data (res://PlayerData.gd:150)
       [5] load_game (res://SaveGame.gd:150)
       [6] _ready (res://MainGame.gd:515)
SCRIPT ERROR: Invalid call. Nonexistent function 'objective_icon_role' in base 'GDScript'.
   at: _add_objective_row_v152 (res://MainGame.gd:2181)
   GDScript backtrace (most recent call first):
       [0] _add_objective_row_v152 (res://MainGame.gd:2181)
       [1] _rebuild_quests (res://MainGame.gd:2206)
       [2] _refresh_all (res://MainGame.gd:688)
       [3] @shields_setter (res://PlayerData.gd:14)
       [4] apply_save_data (res://PlayerData.gd:150)
       [5] load_game (res://SaveGame.gd:150)
       [6] _ready (res://MainGame.gd:515)
SCRIPT ERROR: Invalid call. Nonexistent function 'style_objective_header' in base 'GDScript'.
   at: _add_objective_header_v152 (res://MainGame.gd:2166)
   GDScript backtrace (most recent call first):
       [0] _add_objective_header_v152 (res://MainGame.gd:2166)
       [1] _rebuild_quests (res://MainGame.gd:2205)
       [2] _refresh_all (res://MainGame.gd:688)
       [3] @shields_setter (res://PlayerData.gd:14)
       [4] apply_save_data (res://PlayerData.gd:150)
       [5] load_game (res://SaveGame.gd:150)
       [6] _ready (res://MainGame.gd:515)
SCRIPT ERROR: Invalid call. Nonexistent function 'objective_icon_role' in base 'GDScript'.
   at: _add_objective_row_v152 (res://MainGame.gd:2181)
   GDScript backtrace (most recent call first):
       [0] _add_objective_row_v152 (res://MainGame.gd:2181)
       [1] _rebuild_quests (res://MainGame.gd:2206)
       [2] _refresh_all (res://MainGame.gd:688)
       [3] @shields_setter (res://PlayerData.gd:14)
       [4] apply_save_data (res://PlayerData.gd:150)
       [5] load_game (res://SaveGame.gd:150)
       [6] _ready (res://MainGame.gd:515)
SCRIPT ERROR: Invalid call. Nonexistent function 'objective_icon_role' in base 'GDScript'.
   at: _add_objective_row_v152 (res://MainGame.gd:2181)
   GDScript backtrace (most recent call first):
       [0] _add_objective_row_v152 (res://MainGame.gd:2181)
       [1] _rebuild_quests (res://MainGame.gd:2206)
       [2] _refresh_all (res://MainGame.gd:688)
       [3] @shields_setter (res://PlayerData.gd:14)
       [4] apply_save_data (res://PlayerData.gd:150)
       [5] load_game (res://SaveGame.gd:150)
       [6] _ready (res://MainGame.gd:515)
SCRIPT ERROR: Invalid call. Nonexistent function 'objective_icon_role' in base 'GDScript'.
   at: _add_objective_row_v152 (res://MainGame.gd:2181)
   GDScript backtrace (most recent call first):
       [0] _add_objective_row_v152 (res://MainGame.gd:2181)
       [1] _rebuild_quests (res://MainGame.gd:2206)
       [2] _refresh_all (res://MainGame.gd:688)
       [3] @shields_setter (res://PlayerData.gd:14)
       [4] apply_save_data (res://PlayerData.gd:150)
       [5] load_game (res://SaveGame.gd:150)
       [6] _ready (res://MainGame.gd:515)
SCRIPT ERROR: Invalid call. Nonexistent function 'style_objective_header' in base 'GDScript'.
   at: _add_objective_header_v152 (res://MainGame.gd:2166)
   GDScript backtrace (most recent call first):
       [0] _add_objective_header_v152 (res://MainGame.gd:2166)
       [1] _rebuild_quests (res://MainGame.gd:2205)
       [2] _refresh_all (res://MainGame.gd:688)
       [3] @shields_setter (res://PlayerData.gd:14)
       [4] apply_save_data (res://PlayerData.gd:150)
       [5] load_game (res://SaveGame.gd:150)
       [6] _ready (res://MainGame.gd:515)
SCRIPT ERROR: Invalid call. Nonexistent function 'objective_icon_role' in base 'GDScript'.
   at: _add_objective_row_v152 (res://MainGame.gd:2181)
   GDScript backtrace (most recent call first):
       [0] _add_objective_row_v152 (res://MainGame.gd:2181)
       [1] _rebuild_quests (res://MainGame.gd:2206)
       [2] _refresh_all (res://MainGame.gd:688)
       [3] @shields_setter (res://PlayerData.gd:14)
       [4] apply_save_data (res://PlayerData.gd:150)
       [5] load_game (res://SaveGame.gd:150)
       [6] _ready (res://MainGame.gd:515)
SCRIPT ERROR: Invalid call. Nonexistent function 'objective_icon_role' in base 'GDScript'.
   at: _add_objective_row_v152 (res://MainGame.gd:2181)
   GDScript backtrace (most recent call first):
       [0] _add_objective_row_v152 (res://MainGame.gd:2181)
       [1] _rebuild_quests (res://MainGame.gd:2206)
       [2] _refresh_all (res://MainGame.gd:688)
       [3] @shields_setter (res://PlayerData.gd:14)
       [4] apply_save_data (res://PlayerData.gd:150)
       [5] load_game (res://SaveGame.gd:150)
       [6] _ready (res://MainGame.gd:515)
SCRIPT ERROR: Invalid call. Nonexistent function 'objective_icon_role' in base 'GDScript'.
   at: _add_objective_row_v152 (res://MainGame.gd:2181)
   GDScript backtrace (most recent call first):
       [0] _add_objective_row_v152 (res://MainGame.gd:2181)
       [1] _rebuild_quests (res://MainGame.gd:2206)
       [2] _refresh_all (res://MainGame.gd:688)
       [3] @shields_setter (res://PlayerData.gd:14)
       [4] apply_save_data (res://PlayerData.gd:150)
       [5] load_game (res://SaveGame.gd:150)
       [6] _ready (res://MainGame.gd:515)
SCRIPT ERROR: Invalid call. Nonexistent function 'objective_icon_role' in base 'GDScript'.
   at: _add_objective_row_v152 (res://MainGame.gd:2181)
   GDScript backtrace (most recent call first):
       [0] _add_objective_row_v152 (res://MainGame.gd:2181)
       [1] _rebuild_quests (res://MainGame.gd:2206)
       [2] _refresh_all (res://MainGame.gd:688)
       [3] @shields_setter (res://PlayerData.gd:14)
       [4] apply_save_data (res://PlayerData.gd:150)
       [5] load_game (res://SaveGame.gd:150)
       [6] _ready (res://MainGame.gd:515)
SCRIPT ERROR: Invalid call. Nonexistent function 'objective_icon_role' in base 'GDScript'.
   at: _add_objective_row_v152 (res://MainGame.gd:2181)
   GDScript backtrace (most recent call first):
       [0] _add_objective_row_v152 (res://MainGame.gd:2181)
       [1] _rebuild_quests (res://MainGame.gd:2206)
       [2] _refresh_all (res://MainGame.gd:688)
       [3] @shields_setter (res://PlayerData.gd:14)
       [4] apply_save_data (res://PlayerData.gd:150)
       [5] load_game (res://SaveGame.gd:150)
       [6] _ready (res://MainGame.gd:515)
SCRIPT ERROR: Invalid call. Nonexistent function 'style_objective_header' in base 'GDScript'.
   at: _add_objective_header_v152 (res://MainGame.gd:2166)
   GDScript backtrace (most recent call first):
       [0] _add_objective_header_v152 (res://MainGame.gd:2166)
       [1] _rebuild_quests (res://MainGame.gd:2207)
       [2] _refresh_all (res://MainGame.gd:688)
       [3] @shields_setter (res://PlayerData.gd:14)
       [4] apply_save_data (res://PlayerData.gd:150)
       [5] load_game (res://SaveGame.gd:150)
       [6] _ready (res://MainGame.gd:515)
SCRIPT ERROR: Invalid call. Nonexistent function 'objective_icon_role' in base 'GDScript'.
   at: _rebuild_quests (res://MainGame.gd:2214)
   GDScript backtrace (most recent call first):
       [0] _rebuild_quests (res://MainGame.gd:2214)
       [1] _refresh_all (res://MainGame.gd:688)
       [2] @shields_setter (res://PlayerData.gd:14)
       [3] apply_save_data (res://PlayerData.gd:150)
       [4] load_game (res://SaveGame.gd:150)
       [5] _ready (res://MainGame.gd:515)
SCRIPT ERROR: Invalid call. Nonexistent function 'refresh_progression_state' in base 'GDScript'.
   at: _refresh_progression_p0 (res://MainGame.gd:2903)
   GDScript backtrace (most recent call first):
       [0] _refresh_progression_p0 (res://MainGame.gd:2903)
       [1] _refresh_all (res://MainGame.gd:696)
       [2] @shields_setter (res://PlayerData.gd:14)
       [3] apply_save_data (res://PlayerData.gd:150)
       [4] load_game (res://SaveGame.gd:150)
       [5] _ready (res://MainGame.gd:515)
SCRIPT ERROR: Invalid call. Nonexistent function 'refresh_shop_state' in base 'GDScript'.
   at: _refresh_shop_p0 (res://MainGame.gd:2810)
   GDScript backtrace (most recent call first):
       [0] _refresh_shop_p0 (res://MainGame.gd:2810)
       [1] _refresh_all (res://MainGame.gd:697)
       [2] @shields_setter (res://PlayerData.gd:14)
       [3] apply_save_data (res://PlayerData.gd:150)
       [4] load_game (res://SaveGame.gd:150)
       [5] _ready (res://MainGame.gd:515)
SCRIPT ERROR: Invalid call. Nonexistent function 'refresh_afk_state' in base 'GDScript'.
   at: _refresh_afk_p0 (res://MainGame.gd:2910)
   GDScript backtrace (most recent call first):
       [0] _refresh_afk_p0 (res://MainGame.gd:2910)
       [1] _refresh_all (res://MainGame.gd:698)
       [2] @shields_setter (res://PlayerData.gd:14)
       [3] apply_save_data (res://PlayerData.gd:150)
       [4] load_game (res://SaveGame.gd:150)
       [5] _ready (res://MainGame.gd:515)
SCRIPT ERROR: Invalid call. Nonexistent function 'refresh_home_loop_state' in base 'GDScript'.
   at: _update_monster_ui (res://MainGame.gd:1219)
   GDScript backtrace (most recent call first):
       [0] _update_monster_ui (res://MainGame.gd:1219)
       [1] _refresh_all (res://MainGame.gd:675)
       [2] apply_save_data (res://PlayerData.gd:163)
       [3] load_game (res://SaveGame.gd:150)
       [4] _ready (res://MainGame.gd:515)
SCRIPT ERROR: Invalid call. Nonexistent function 'refresh_village_loop_state' in base 'GDScript'.
   at: _refresh_p0_village (res://MainGame.gd:2410)
   GDScript backtrace (most recent call first):
       [0] _refresh_p0_village (res://MainGame.gd:2410)
       [1] _refresh_all (res://MainGame.gd:680)
       [2] apply_save_data (res://PlayerData.gd:163)
       [3] load_game (res://SaveGame.gd:150)
       [4] _ready (res://MainGame.gd:515)
SCRIPT ERROR: Invalid call. Nonexistent function 'refresh_reward_session_state' in base 'GDScript'.
   at: _refresh_meta_ui (res://MainGame.gd:1004)
   GDScript backtrace (most recent call first):
       [0] _refresh_meta_ui (res://MainGame.gd:1004)
       [1] _refresh_all (res://MainGame.gd:683)
       [2] apply_save_data (res://PlayerData.gd:163)
       [3] load_game (res://SaveGame.gd:150)
       [4] _ready (res://MainGame.gd:515)
SCRIPT ERROR: Invalid call. Nonexistent function 'style_objective_header' in base 'GDScript'.
   at: _add_objective_header_v152 (res://MainGame.gd:2166)
   GDScript backtrace (most recent call first):
       [0] _add_objective_header_v152 (res://MainGame.gd:2166)
       [1] _rebuild_quests (res://MainGame.gd:2205)
       [2] _refresh_all (res://MainGame.gd:688)
       [3] apply_save_data (res://PlayerData.gd:163)
       [4] load_game (res://SaveGame.gd:150)
       [5] _ready (res://MainGame.gd:515)
SCRIPT ERROR: Invalid call. Nonexistent function 'objective_icon_role' in base 'GDScript'.
   at: _add_objective_row_v152 (res://MainGame.gd:2181)
   GDScript backtrace (most recent call first):
       [0] _add_objective_row_v152 (res://MainGame.gd:2181)
       [1] _rebuild_quests (res://MainGame.gd:2206)
       [2] _refresh_all (res://MainGame.gd:688)
       [3] apply_save_data (res://PlayerData.gd:163)
       [4] load_game (res://SaveGame.gd:150)
       [5] _ready (res://MainGame.gd:515)
SCRIPT ERROR: Invalid call. Nonexistent function 'objective_icon_role' in base 'GDScript'.
   at: _add_objective_row_v152 (res://MainGame.gd:2181)
   GDScript backtrace (most recent call first):
       [0] _add_objective_row_v152 (res://MainGame.gd:2181)
       [1] _rebuild_quests (res://MainGame.gd:2206)
       [2] _refresh_all (res://MainGame.gd:688)
       [3] apply_save_data (res://PlayerData.gd:163)
       [4] load_game (res://SaveGame.gd:150)
       [5] _ready (res://MainGame.gd:515)
SCRIPT ERROR: Invalid call. Nonexistent function 'objective_icon_role' in base 'GDScript'.
   at: _add_objective_row_v152 (res://MainGame.gd:2181)
   GDScript backtrace (most recent call first):
       [0] _add_objective_row_v152 (res://MainGame.gd:2181)
       [1] _rebuild_quests (res://MainGame.gd:2206)
       [2] _refresh_all (res://MainGame.gd:688)
       [3] apply_save_data (res://PlayerData.gd:163)
       [4] load_game (res://SaveGame.gd:150)
       [5] _ready (res://MainGame.gd:515)
SCRIPT ERROR: Invalid call. Nonexistent function 'style_objective_header' in base 'GDScript'.
   at: _add_objective_header_v152 (res://MainGame.gd:2166)
   GDScript backtrace (most recent call first):
       [0] _add_objective_header_v152 (res://MainGame.gd:2166)
       [1] _rebuild_quests (res://MainGame.gd:2205)
       [2] _refresh_all (res://MainGame.gd:688)
       [3] apply_save_data (res://PlayerData.gd:163)
       [4] load_game (res://SaveGame.gd:150)
       [5] _ready (res://MainGame.gd:515)
SCRIPT ERROR: Invalid call. Nonexistent function 'objective_icon_role' in base 'GDScript'.
   at: _add_objective_row_v152 (res://MainGame.gd:2181)
   GDScript backtrace (most recent call first):
       [0] _add_objective_row_v152 (res://MainGame.gd:2181)
       [1] _rebuild_quests (res://MainGame.gd:2206)
       [2] _refresh_all (res://MainGame.gd:688)
       [3] apply_save_data (res://PlayerData.gd:163)
       [4] load_game (res://SaveGame.gd:150)
       [5] _ready (res://MainGame.gd:515)
SCRIPT ERROR: Invalid call. Nonexistent function 'objective_icon_role' in base 'GDScript'.
   at: _add_objective_row_v152 (res://MainGame.gd:2181)
   GDScript backtrace (most recent call first):
       [0] _add_objective_row_v152 (res://MainGame.gd:2181)
       [1] _rebuild_quests (res://MainGame.gd:2206)
       [2] _refresh_all (res://MainGame.gd:688)
       [3] apply_save_data (res://PlayerData.gd:163)
       [4] load_game (res://SaveGame.gd:150)
       [5] _ready (res://MainGame.gd:515)
SCRIPT ERROR: Invalid call. Nonexistent function 'objective_icon_role' in base 'GDScript'.
   at: _add_objective_row_v152 (res://MainGame.gd:2181)
   GDScript backtrace (most recent call first):
       [0] _add_objective_row_v152 (res://MainGame.gd:2181)
       [1] _rebuild_quests (res://MainGame.gd:2206)
       [2] _refresh_all (res://MainGame.gd:688)
       [3] apply_save_data (res://PlayerData.gd:163)
       [4] load_game (res://SaveGame.gd:150)
       [5] _ready (res://MainGame.gd:515)
SCRIPT ERROR: Invalid call. Nonexistent function 'style_objective_header' in base 'GDScript'.
   at: _add_objective_header_v152 (res://MainGame.gd:2166)
   GDScript backtrace (most recent call first):
       [0] _add_objective_header_v152 (res://MainGame.gd:2166)
       [1] _rebuild_quests (res://MainGame.gd:2205)
       [2] _refresh_all (res://MainGame.gd:688)
       [3] apply_save_data (res://PlayerData.gd:163)
       [4] load_game (res://SaveGame.gd:150)
       [5] _ready (res://MainGame.gd:515)
SCRIPT ERROR: Invalid call. Nonexistent function 'objective_icon_role' in base 'GDScript'.
   at: _add_objective_row_v152 (res://MainGame.gd:2181)
   GDScript backtrace (most recent call first):
       [0] _add_objective_row_v152 (res://MainGame.gd:2181)
       [1] _rebuild_quests (res://MainGame.gd:2206)
       [2] _refresh_all (res://MainGame.gd:688)
       [3] apply_save_data (res://PlayerData.gd:163)
       [4] load_game (res://SaveGame.gd:150)
       [5] _ready (res://MainGame.gd:515)
SCRIPT ERROR: Invalid call. Nonexistent function 'objective_icon_role' in base 'GDScript'.
   at: _add_objective_row_v152 (res://MainGame.gd:2181)
   GDScript backtrace (most recent call first):
       [0] _add_objective_row_v152 (res://MainGame.gd:2181)
       [1] _rebuild_quests (res://MainGame.gd:2206)
       [2] _refresh_all (res://MainGame.gd:688)
       [3] apply_save_data (res://PlayerData.gd:163)
       [4] load_game (res://SaveGame.gd:150)
       [5] _ready (res://MainGame.gd:515)
SCRIPT ERROR: Invalid call. Nonexistent function 'objective_icon_role' in base 'GDScript'.
   at: _add_objective_row_v152 (res://MainGame.gd:2181)
   GDScript backtrace (most recent call first):
       [0] _add_objective_row_v152 (res://MainGame.gd:2181)
       [1] _rebuild_quests (res://MainGame.gd:2206)
       [2] _refresh_all (res://MainGame.gd:688)
       [3] apply_save_data (res://PlayerData.gd:163)
       [4] load_game (res://SaveGame.gd:150)
       [5] _ready (res://MainGame.gd:515)
SCRIPT ERROR: Invalid call. Nonexistent function 'objective_icon_role' in base 'GDScript'.
   at: _add_objective_row_v152 (res://MainGame.gd:2181)
   GDScript backtrace (most recent call first):
       [0] _add_objective_row_v152 (res://MainGame.gd:2181)
       [1] _rebuild_quests (res://MainGame.gd:2206)
       [2] _refresh_all (res://MainGame.gd:688)
       [3] apply_save_data (res://PlayerData.gd:163)
       [4] load_game (res://SaveGame.gd:150)
       [5] _ready (res://MainGame.gd:515)
SCRIPT ERROR: Invalid call. Nonexistent function 'objective_icon_role' in base 'GDScript'.
   at: _add_objective_row_v152 (res://MainGame.gd:2181)
   GDScript backtrace (most recent call first):
       [0] _add_objective_row_v152 (res://MainGame.gd:2181)
       [1] _rebuild_quests (res://MainGame.gd:2206)
       [2] _refresh_all (res://MainGame.gd:688)
       [3] apply_save_data (res://PlayerData.gd:163)
       [4] load_game (res://SaveGame.gd:150)
       [5] _ready (res://MainGame.gd:515)
SCRIPT ERROR: Invalid call. Nonexistent function 'style_objective_header' in base 'GDScript'.
   at: _add_objective_header_v152 (res://MainGame.gd:2166)
   GDScript backtrace (most recent call first):
       [0] _add_objective_header_v152 (res://MainGame.gd:2166)
       [1] _rebuild_quests (res://MainGame.gd:2207)
       [2] _refresh_all (res://MainGame.gd:688)
       [3] apply_save_data (res://PlayerData.gd:163)
       [4] load_game (res://SaveGame.gd:150)
       [5] _ready (res://MainGame.gd:515)
SCRIPT ERROR: Invalid call. Nonexistent function 'objective_icon_role' in base 'GDScript'.
   at: _rebuild_quests (res://MainGame.gd:2214)
   GDScript backtrace (most recent call first):
       [0] _rebuild_quests (res://MainGame.gd:2214)
       [1] _refresh_all (res://MainGame.gd:688)
       [2] apply_save_data (res://PlayerData.gd:163)
       [3] load_game (res://SaveGame.gd:150)
       [4] _ready (res://MainGame.gd:515)
SCRIPT ERROR: Invalid call. Nonexistent function 'refresh_progression_state' in base 'GDScript'.
   at: _refresh_progression_p0 (res://MainGame.gd:2903)
   GDScript backtrace (most recent call first):
       [0] _refresh_progression_p0 (res://MainGame.gd:2903)
       [1] _refresh_all (res://MainGame.gd:696)
       [2] apply_save_data (res://PlayerData.gd:163)
       [3] load_game (res://SaveGame.gd:150)
       [4] _ready (res://MainGame.gd:515)
SCRIPT ERROR: Invalid call. Nonexistent function 'refresh_shop_state' in base 'GDScript'.
   at: _refresh_shop_p0 (res://MainGame.gd:2810)
   GDScript backtrace (most recent call first):
       [0] _refresh_shop_p0 (res://MainGame.gd:2810)
       [1] _refresh_all (res://MainGame.gd:697)
       [2] apply_save_data (res://PlayerData.gd:163)
       [3] load_game (res://SaveGame.gd:150)
       [4] _ready (res://MainGame.gd:515)
SCRIPT ERROR: Invalid call. Nonexistent function 'refresh_afk_state' in base 'GDScript'.
   at: _refresh_afk_p0 (res://MainGame.gd:2910)
   GDScript backtrace (most recent call first):
       [0] _refresh_afk_p0 (res://MainGame.gd:2910)
       [1] _refresh_all (res://MainGame.gd:698)
       [2] apply_save_data (res://PlayerData.gd:163)
       [3] load_game (res://SaveGame.gd:150)
       [4] _ready (res://MainGame.gd:515)
SCRIPT ERROR: Invalid call. Nonexistent function 'refresh_home_loop_state' in base 'GDScript'.
   at: _update_monster_ui (res://MainGame.gd:1219)
   GDScript backtrace (most recent call first):
       [0] _update_monster_ui (res://MainGame.gd:1219)
       [1] apply_save_data (res://PlayerData.gd:164)
       [2] load_game (res://SaveGame.gd:150)
       [3] _ready (res://MainGame.gd:515)
SCRIPT ERROR: Invalid call. Nonexistent function 'refresh_home_loop_state' in base 'GDScript'.
   at: _update_monster_ui (res://MainGame.gd:1219)
   GDScript backtrace (most recent call first):
       [0] _update_monster_ui (res://MainGame.gd:1219)
       [1] _refresh_all (res://MainGame.gd:675)
       [2] apply_save_data (res://PlayerData.gd:165)
       [3] load_game (res://SaveGame.gd:150)
       [4] _ready (res://MainGame.gd:515)
SCRIPT ERROR: Invalid call. Nonexistent function 'refresh_village_loop_state' in base 'GDScript'.
   at: _refresh_p0_village (res://MainGame.gd:2410)
   GDScript backtrace (most recent call first):
       [0] _refresh_p0_village (res://MainGame.gd:2410)
       [1] _refresh_all (res://MainGame.gd:680)
       [2] apply_save_data (res://PlayerData.gd:165)
       [3] load_game (res://SaveGame.gd:150)
       [4] _ready (res://MainGame.gd:515)
SCRIPT ERROR: Invalid call. Nonexistent function 'refresh_reward_session_state' in base 'GDScript'.
   at: _refresh_meta_ui (res://MainGame.gd:1004)
   GDScript backtrace (most recent call first):
       [0] _refresh_meta_ui (res://MainGame.gd:1004)
       [1] _refresh_all (res://MainGame.gd:683)
       [2] apply_save_data (res://PlayerData.gd:165)
       [3] load_game (res://SaveGame.gd:150)
       [4] _ready (res://MainGame.gd:515)
SCRIPT ERROR: Invalid call. Nonexistent function 'style_objective_header' in base 'GDScript'.
   at: _add_objective_header_v152 (res://MainGame.gd:2166)
   GDScript backtrace (most recent call first):
       [0] _add_objective_header_v152 (res://MainGame.gd:2166)
       [1] _rebuild_quests (res://MainGame.gd:2205)
       [2] _refresh_all (res://MainGame.gd:688)
       [3] apply_save_data (res://PlayerData.gd:165)
       [4] load_game (res://SaveGame.gd:150)
       [5] _ready (res://MainGame.gd:515)
SCRIPT ERROR: Invalid call. Nonexistent function 'objective_icon_role' in base 'GDScript'.
   at: _add_objective_row_v152 (res://MainGame.gd:2181)
   GDScript backtrace (most recent call first):
       [0] _add_objective_row_v152 (res://MainGame.gd:2181)
       [1] _rebuild_quests (res://MainGame.gd:2206)
       [2] _refresh_all (res://MainGame.gd:688)
       [3] apply_save_data (res://PlayerData.gd:165)
       [4] load_game (res://SaveGame.gd:150)
       [5] _ready (res://MainGame.gd:515)
SCRIPT ERROR: Invalid call. Nonexistent function 'objective_icon_role' in base 'GDScript'.
   at: _add_objective_row_v152 (res://MainGame.gd:2181)
   GDScript backtrace (most recent call first):
       [0] _add_objective_row_v152 (res://MainGame.gd:2181)
       [1] _rebuild_quests (res://MainGame.gd:2206)
       [2] _refresh_all (res://MainGame.gd:688)
       [3] apply_save_data (res://PlayerData.gd:165)
       [4] load_game (res://SaveGame.gd:150)
       [5] _ready (res://MainGame.gd:515)
SCRIPT ERROR: Invalid call. Nonexistent function 'objective_icon_role' in base 'GDScript'.
   at: _add_objective_row_v152 (res://MainGame.gd:2181)
   GDScript backtrace (most recent call first):
       [0] _add_objective_row_v152 (res://MainGame.gd:2181)
       [1] _rebuild_quests (res://MainGame.gd:2206)
       [2] _refresh_all (res://MainGame.gd:688)
       [3] apply_save_data (res://PlayerData.gd:165)
       [4] load_game (res://SaveGame.gd:150)
       [5] _ready (res://MainGame.gd:515)
SCRIPT ERROR: Invalid call. Nonexistent function 'style_objective_header' in base 'GDScript'.
   at: _add_objective_header_v152 (res://MainGame.gd:2166)
   GDScript backtrace (most recent call first):
       [0] _add_objective_header_v152 (res://MainGame.gd:2166)
       [1] _rebuild_quests (res://MainGame.gd:2205)
       [2] _refresh_all (res://MainGame.gd:688)
       [3] apply_save_data (res://PlayerData.gd:165)
       [4] load_game (res://SaveGame.gd:150)
       [5] _ready (res://MainGame.gd:515)
SCRIPT ERROR: Invalid call. Nonexistent function 'objective_icon_role' in base 'GDScript'.
   at: _add_objective_row_v152 (res://MainGame.gd:2181)
   GDScript backtrace (most recent call first):
       [0] _add_objective_row_v152 (res://MainGame.gd:2181)
       [1] _rebuild_quests (res://MainGame.gd:2206)
       [2] _refresh_all (res://MainGame.gd:688)
       [3] apply_save_data (res://PlayerData.gd:165)
       [4] load_game (res://SaveGame.gd:150)
       [5] _ready (res://MainGame.gd:515)
SCRIPT ERROR: Invalid call. Nonexistent function 'objective_icon_role' in base 'GDScript'.
   at: _add_objective_row_v152 (res://MainGame.gd:2181)
   GDScript backtrace (most recent call first):
       [0] _add_objective_row_v152 (res://MainGame.gd:2181)
       [1] _rebuild_quests (res://MainGame.gd:2206)
       [2] _refresh_all (res://MainGame.gd:688)
       [3] apply_save_data (res://PlayerData.gd:165)
       [4] load_game (res://SaveGame.gd:150)
       [5] _ready (res://MainGame.gd:515)
SCRIPT ERROR: Invalid call. Nonexistent function 'objective_icon_role' in base 'GDScript'.
   at: _add_objective_row_v152 (res://MainGame.gd:2181)
   GDScript backtrace (most recent call first):
       [0] _add_objective_row_v152 (res://MainGame.gd:2181)
       [1] _rebuild_quests (res://MainGame.gd:2206)
       [2] _refresh_all (res://MainGame.gd:688)
       [3] apply_save_data (res://PlayerData.gd:165)
       [4] load_game (res://SaveGame.gd:150)
       [5] _ready (res://MainGame.gd:515)
SCRIPT ERROR: Invalid call. Nonexistent function 'style_objective_header' in base 'GDScript'.
   at: _add_objective_header_v152 (res://MainGame.gd:2166)
   GDScript backtrace (most recent call first):
       [0] _add_objective_header_v152 (res://MainGame.gd:2166)
       [1] _rebuild_quests (res://MainGame.gd:2205)
       [2] _refresh_all (res://MainGame.gd:688)
       [3] apply_save_data (res://PlayerData.gd:165)
       [4] load_game (res://SaveGame.gd:150)
       [5] _ready (res://MainGame.gd:515)
SCRIPT ERROR: Invalid call. Nonexistent function 'objective_icon_role' in base 'GDScript'.
   at: _add_objective_row_v152 (res://MainGame.gd:2181)
   GDScript backtrace (most recent call first):
       [0] _add_objective_row_v152 (res://MainGame.gd:2181)
       [1] _rebuild_quests (res://MainGame.gd:2206)
       [2] _refresh_all (res://MainGame.gd:688)
       [3] apply_save_data (res://PlayerData.gd:165)
       [4] load_game (res://SaveGame.gd:150)
       [5] _ready (res://MainGame.gd:515)
SCRIPT ERROR: Invalid call. Nonexistent function 'objective_icon_role' in base 'GDScript'.
   at: _add_objective_row_v152 (res://MainGame.gd:2181)
   GDScript backtrace (most recent call first):
       [0] _add_objective_row_v152 (res://MainGame.gd:2181)
       [1] _rebuild_quests (res://MainGame.gd:2206)
       [2] _refresh_all (res://MainGame.gd:688)
       [3] apply_save_data (res://PlayerData.gd:165)
       [4] load_game (res://SaveGame.gd:150)
       [5] _ready (res://MainGame.gd:515)
SCRIPT ERROR: Invalid call. Nonexistent function 'objective_icon_role' in base 'GDScript'.
   at: _add_objective_row_v152 (res://MainGame.gd:2181)
   GDScript backtrace (most recent call first):
       [0] _add_objective_row_v152 (res://MainGame.gd:2181)
       [1] _rebuild_quests (res://MainGame.gd:2206)
       [2] _refresh_all (res://MainGame.gd:688)
       [3] apply_save_data (res://PlayerData.gd:165)
       [4] load_game (res://SaveGame.gd:150)
       [5] _ready (res://MainGame.gd:515)
SCRIPT ERROR: Invalid call. Nonexistent function 'objective_icon_role' in base 'GDScript'.
   at: _add_objective_row_v152 (res://MainGame.gd:2181)
   GDScript backtrace (most recent call first):
       [0] _add_objective_row_v152 (res://MainGame.gd:2181)
       [1] _rebuild_quests (res://MainGame.gd:2206)
       [2] _refresh_all (res://MainGame.gd:688)
       [3] apply_save_data (res://PlayerData.gd:165)
       [4] load_game (res://SaveGame.gd:150)
       [5] _ready (res://MainGame.gd:515)
SCRIPT ERROR: Invalid call. Nonexistent function 'objective_icon_role' in base 'GDScript'.
   at: _add_objective_row_v152 (res://MainGame.gd:2181)
   GDScript backtrace (most recent call first):
       [0] _add_objective_row_v152 (res://MainGame.gd:2181)
       [1] _rebuild_quests (res://MainGame.gd:2206)
       [2] _refresh_all (res://MainGame.gd:688)
       [3] apply_save_data (res://PlayerData.gd:165)
       [4] load_game (res://SaveGame.gd:150)
       [5] _ready (res://MainGame.gd:515)
SCRIPT ERROR: Invalid call. Nonexistent function 'style_objective_header' in base 'GDScript'.
   at: _add_objective_header_v152 (res://MainGame.gd:2166)
   GDScript backtrace (most recent call first):
       [0] _add_objective_header_v152 (res://MainGame.gd:2166)
       [1] _rebuild_quests (res://MainGame.gd:2207)
       [2] _refresh_all (res://MainGame.gd:688)
       [3] apply_save_data (res://PlayerData.gd:165)
       [4] load_game (res://SaveGame.gd:150)
       [5] _ready (res://MainGame.gd:515)
SCRIPT ERROR: Invalid call. Nonexistent function 'objective_icon_role' in base 'GDScript'.
   at: _rebuild_quests (res://MainGame.gd:2214)
   GDScript backtrace (most recent call first):
       [0] _rebuild_quests (res://MainGame.gd:2214)
       [1] _refresh_all (res://MainGame.gd:688)
       [2] apply_save_data (res://PlayerData.gd:165)
       [3] load_game (res://SaveGame.gd:150)
       [4] _ready (res://MainGame.gd:515)
SCRIPT ERROR: Invalid call. Nonexistent function 'refresh_progression_state' in base 'GDScript'.
   at: _refresh_progression_p0 (res://MainGame.gd:2903)
   GDScript backtrace (most recent call first):
       [0] _refresh_progression_p0 (res://MainGame.gd:2903)
       [1] _refresh_all (res://MainGame.gd:696)
       [2] apply_save_data (res://PlayerData.gd:165)
       [3] load_game (res://SaveGame.gd:150)
       [4] _ready (res://MainGame.gd:515)
SCRIPT ERROR: Invalid call. Nonexistent function 'refresh_shop_state' in base 'GDScript'.
   at: _refresh_shop_p0 (res://MainGame.gd:2810)
   GDScript backtrace (most recent call first):
       [0] _refresh_shop_p0 (res://MainGame.gd:2810)
       [1] _refresh_all (res://MainGame.gd:697)
       [2] apply_save_data (res://PlayerData.gd:165)
       [3] load_game (res://SaveGame.gd:150)
       [4] _ready (res://MainGame.gd:515)
SCRIPT ERROR: Invalid call. Nonexistent function 'refresh_afk_state' in base 'GDScript'.
   at: _refresh_afk_p0 (res://MainGame.gd:2910)
   GDScript backtrace (most recent call first):
       [0] _refresh_afk_p0 (res://MainGame.gd:2910)
       [1] _refresh_all (res://MainGame.gd:698)
       [2] apply_save_data (res://PlayerData.gd:165)
       [3] load_game (res://SaveGame.gd:150)
       [4] _ready (res://MainGame.gd:515)
SCRIPT ERROR: Invalid call. Nonexistent function 'style_objective_header' in base 'GDScript'.
   at: _add_objective_header_v152 (res://MainGame.gd:2166)
   GDScript backtrace (most recent call first):
       [0] _add_objective_header_v152 (res://MainGame.gd:2166)
       [1] _rebuild_quests (res://MainGame.gd:2205)
       [2] apply_save_data (res://QuestSystem.gd:105)
       [3] load_game (res://SaveGame.gd:153)
       [4] _ready (res://MainGame.gd:515)
SCRIPT ERROR: Invalid call. Nonexistent function 'objective_icon_role' in base 'GDScript'.
   at: _add_objective_row_v152 (res://MainGame.gd:2181)
   GDScript backtrace (most recent call first):
       [0] _add_objective_row_v152 (res://MainGame.gd:2181)
       [1] _rebuild_quests (res://MainGame.gd:2206)
       [2] apply_save_data (res://QuestSystem.gd:105)
       [3] load_game (res://SaveGame.gd:153)
       [4] _ready (res://MainGame.gd:515)
SCRIPT ERROR: Invalid call. Nonexistent function 'objective_icon_role' in base 'GDScript'.
   at: _add_objective_row_v152 (res://MainGame.gd:2181)
   GDScript backtrace (most recent call first):
       [0] _add_objective_row_v152 (res://MainGame.gd:2181)
       [1] _rebuild_quests (res://MainGame.gd:2206)
       [2] apply_save_data (res://QuestSystem.gd:105)
       [3] load_game (res://SaveGame.gd:153)
       [4] _ready (res://MainGame.gd:515)
SCRIPT ERROR: Invalid call. Nonexistent function 'objective_icon_role' in base 'GDScript'.
   at: _add_objective_row_v152 (res://MainGame.gd:2181)
   GDScript backtrace (most recent call first):
       [0] _add_objective_row_v152 (res://MainGame.gd:2181)
       [1] _rebuild_quests (res://MainGame.gd:2206)
       [2] apply_save_data (res://QuestSystem.gd:105)
       [3] load_game (res://SaveGame.gd:153)
       [4] _ready (res://MainGame.gd:515)
SCRIPT ERROR: Invalid call. Nonexistent function 'style_objective_header' in base 'GDScript'.
   at: _add_objective_header_v152 (res://MainGame.gd:2166)
   GDScript backtrace (most recent call first):
       [0] _add_objective_header_v152 (res://MainGame.gd:2166)
       [1] _rebuild_quests (res://MainGame.gd:2205)
       [2] apply_save_data (res://QuestSystem.gd:105)
       [3] load_game (res://SaveGame.gd:153)
       [4] _ready (res://MainGame.gd:515)
SCRIPT ERROR: Invalid call. Nonexistent function 'objective_icon_role' in base 'GDScript'.
   at: _add_objective_row_v152 (res://MainGame.gd:2181)
   GDScript backtrace (most recent call first):
       [0] _add_objective_row_v152 (res://MainGame.gd:2181)
       [1] _rebuild_quests (res://MainGame.gd:2206)
       [2] apply_save_data (res://QuestSystem.gd:105)
       [3] load_game (res://SaveGame.gd:153)
       [4] _ready (res://MainGame.gd:515)
SCRIPT ERROR: Invalid call. Nonexistent function 'objective_icon_role' in base 'GDScript'.
   at: _add_objective_row_v152 (res://MainGame.gd:2181)
   GDScript backtrace (most recent call first):
       [0] _add_objective_row_v152 (res://MainGame.gd:2181)
       [1] _rebuild_quests (res://MainGame.gd:2206)
       [2] apply_save_data (res://QuestSystem.gd:105)
       [3] load_game (res://SaveGame.gd:153)
       [4] _ready (res://MainGame.gd:515)
SCRIPT ERROR: Invalid call. Nonexistent function 'objective_icon_role' in base 'GDScript'.
   at: _add_objective_row_v152 (res://MainGame.gd:2181)
   GDScript backtrace (most recent call first):
       [0] _add_objective_row_v152 (res://MainGame.gd:2181)
       [1] _rebuild_quests (res://MainGame.gd:2206)
       [2] apply_save_data (res://QuestSystem.gd:105)
       [3] load_game (res://SaveGame.gd:153)
       [4] _ready (res://MainGame.gd:515)
SCRIPT ERROR: Invalid call. Nonexistent function 'style_objective_header' in base 'GDScript'.
   at: _add_objective_header_v152 (res://MainGame.gd:2166)
   GDScript backtrace (most recent call first):
       [0] _add_objective_header_v152 (res://MainGame.gd:2166)
       [1] _rebuild_quests (res://MainGame.gd:2205)
       [2] apply_save_data (res://QuestSystem.gd:105)
       [3] load_game (res://SaveGame.gd:153)
       [4] _ready (res://MainGame.gd:515)
SCRIPT ERROR: Invalid call. Nonexistent function 'objective_icon_role' in base 'GDScript'.
   at: _add_objective_row_v152 (res://MainGame.gd:2181)
   GDScript backtrace (most recent call first):
       [0] _add_objective_row_v152 (res://MainGame.gd:2181)
       [1] _rebuild_quests (res://MainGame.gd:2206)
       [2] apply_save_data (res://QuestSystem.gd:105)
       [3] load_game (res://SaveGame.gd:153)
       [4] _ready (res://MainGame.gd:515)
SCRIPT ERROR: Invalid call. Nonexistent function 'objective_icon_role' in base 'GDScript'.
   at: _add_objective_row_v152 (res://MainGame.gd:2181)
   GDScript backtrace (most recent call first):
       [0] _add_objective_row_v152 (res://MainGame.gd:2181)
       [1] _rebuild_quests (res://MainGame.gd:2206)
       [2] apply_save_data (res://QuestSystem.gd:105)
       [3] load_game (res://SaveGame.gd:153)
       [4] _ready (res://MainGame.gd:515)
SCRIPT ERROR: Invalid call. Nonexistent function 'objective_icon_role' in base 'GDScript'.
   at: _add_objective_row_v152 (res://MainGame.gd:2181)
   GDScript backtrace (most recent call first):
       [0] _add_objective_row_v152 (res://MainGame.gd:2181)
       [1] _rebuild_quests (res://MainGame.gd:2206)
       [2] apply_save_data (res://QuestSystem.gd:105)
       [3] load_game (res://SaveGame.gd:153)
       [4] _ready (res://MainGame.gd:515)
SCRIPT ERROR: Invalid call. Nonexistent function 'objective_icon_role' in base 'GDScript'.
   at: _add_objective_row_v152 (res://MainGame.gd:2181)
   GDScript backtrace (most recent call first):
       [0] _add_objective_row_v152 (res://MainGame.gd:2181)
       [1] _rebuild_quests (res://MainGame.gd:2206)
       [2] apply_save_data (res://QuestSystem.gd:105)
       [3] load_game (res://SaveGame.gd:153)
       [4] _ready (res://MainGame.gd:515)
SCRIPT ERROR: Invalid call. Nonexistent function 'objective_icon_role' in base 'GDScript'.
   at: _add_objective_row_v152 (res://MainGame.gd:2181)
   GDScript backtrace (most recent call first):
       [0] _add_objective_row_v152 (res://MainGame.gd:2181)
       [1] _rebuild_quests (res://MainGame.gd:2206)
       [2] apply_save_data (res://QuestSystem.gd:105)
       [3] load_game (res://SaveGame.gd:153)
       [4] _ready (res://MainGame.gd:515)
SCRIPT ERROR: Invalid call. Nonexistent function 'style_objective_header' in base 'GDScript'.
   at: _add_objective_header_v152 (res://MainGame.gd:2166)
   GDScript backtrace (most recent call first):
       [0] _add_objective_header_v152 (res://MainGame.gd:2166)
       [1] _rebuild_quests (res://MainGame.gd:2207)
       [2] apply_save_data (res://QuestSystem.gd:105)
       [3] load_game (res://SaveGame.gd:153)
       [4] _ready (res://MainGame.gd:515)
SCRIPT ERROR: Invalid call. Nonexistent function 'objective_icon_role' in base 'GDScript'.
   at: _rebuild_quests (res://MainGame.gd:2214)
   GDScript backtrace (most recent call first):
       [0] _rebuild_quests (res://MainGame.gd:2214)
       [1] apply_save_data (res://QuestSystem.gd:105)
       [2] load_game (res://SaveGame.gd:153)
       [3] _ready (res://MainGame.gd:515)
SCRIPT ERROR: Invalid call. Nonexistent function 'refresh_village_loop_state' in base 'GDScript'.
   at: _refresh_p0_village (res://MainGame.gd:2410)
   GDScript backtrace (most recent call first):
       [0] _refresh_p0_village (res://MainGame.gd:2410)
       [1] apply_save_data (res://P0VillageSystem.gd:233)
       [2] load_game (res://SaveGame.gd:154)
       [3] _ready (res://MainGame.gd:515)
SCRIPT ERROR: Invalid call. Nonexistent function 'refresh_village_loop_state' in base 'GDScript'.
   at: _refresh_p0_village (res://MainGame.gd:2410)
   GDScript backtrace (most recent call first):
       [0] _refresh_p0_village (res://MainGame.gd:2410)
       [1] apply_save_data (res://VillageProgressionSystem.gd:179)
       [2] load_game (res://SaveGame.gd:155)
       [3] _ready (res://MainGame.gd:515)
SCRIPT ERROR: Invalid call. Nonexistent function 'refresh_reward_session_state' in base 'GDScript'.
   at: _refresh_meta_ui (res://MainGame.gd:1004)
   GDScript backtrace (most recent call first):
       [0] _refresh_meta_ui (res://MainGame.gd:1004)
       [1] apply_save_data (res://MetaProgressSystem.gd:137)
       [2] load_game (res://SaveGame.gd:162)
       [3] _ready (res://MainGame.gd:515)
SCRIPT ERROR: Trying to assign an array of type "Array" to a variable of type "Array[int]".
   at: apply_save_data (res://PuzzleSystem.gd:162)
   GDScript backtrace (most recent call first):
       [0] apply_save_data (res://PuzzleSystem.gd:162)
       [1] load_game (res://SaveGame.gd:164)
       [2] _ready (res://MainGame.gd:515)
SCRIPT ERROR: Invalid call. Nonexistent function 'style_objective_header' in base 'GDScript'.
   at: _add_objective_header_v152 (res://MainGame.gd:2166)
   GDScript backtrace (most recent call first):
       [0] _add_objective_header_v152 (res://MainGame.gd:2166)
       [1] _rebuild_quests (res://MainGame.gd:2205)
       [2] apply_save_data (res://ObjectiveSystem.gd:127)
       [3] load_game (res://SaveGame.gd:169)
       [4] _ready (res://MainGame.gd:515)
SCRIPT ERROR: Invalid call. Nonexistent function 'objective_icon_role' in base 'GDScript'.
   at: _add_objective_row_v152 (res://MainGame.gd:2181)
   GDScript backtrace (most recent call first):
       [0] _add_objective_row_v152 (res://MainGame.gd:2181)
       [1] _rebuild_quests (res://MainGame.gd:2206)
       [2] apply_save_data (res://ObjectiveSystem.gd:127)
       [3] load_game (res://SaveGame.gd:169)
       [4] _ready (res://MainGame.gd:515)
SCRIPT ERROR: Invalid call. Nonexistent function 'objective_icon_role' in base 'GDScript'.
   at: _add_objective_row_v152 (res://MainGame.gd:2181)
   GDScript backtrace (most recent call first):
       [0] _add_objective_row_v152 (res://MainGame.gd:2181)
       [1] _rebuild_quests (res://MainGame.gd:2206)
       [2] apply_save_data (res://ObjectiveSystem.gd:127)
       [3] load_game (res://SaveGame.gd:169)
       [4] _ready (res://MainGame.gd:515)
SCRIPT ERROR: Invalid call. Nonexistent function 'objective_icon_role' in base 'GDScript'.
   at: _add_objective_row_v152 (res://MainGame.gd:2181)
   GDScript backtrace (most recent call first):
       [0] _add_objective_row_v152 (res://MainGame.gd:2181)
       [1] _rebuild_quests (res://MainGame.gd:2206)
       [2] apply_save_data (res://ObjectiveSystem.gd:127)
       [3] load_game (res://SaveGame.gd:169)
       [4] _ready (res://MainGame.gd:515)
SCRIPT ERROR: Invalid call. Nonexistent function 'style_objective_header' in base 'GDScript'.
   at: _add_objective_header_v152 (res://MainGame.gd:2166)
   GDScript backtrace (most recent call first):
       [0] _add_objective_header_v152 (res://MainGame.gd:2166)
       [1] _rebuild_quests (res://MainGame.gd:2205)
       [2] apply_save_data (res://ObjectiveSystem.gd:127)
       [3] load_game (res://SaveGame.gd:169)
       [4] _ready (res://MainGame.gd:515)
SCRIPT ERROR: Invalid call. Nonexistent function 'objective_icon_role' in base 'GDScript'.
   at: _add_objective_row_v152 (res://MainGame.gd:2181)
   GDScript backtrace (most recent call first):
       [0] _add_objective_row_v152 (res://MainGame.gd:2181)
       [1] _rebuild_quests (res://MainGame.gd:2206)
       [2] apply_save_data (res://ObjectiveSystem.gd:127)
       [3] load_game (res://SaveGame.gd:169)
       [4] _ready (res://MainGame.gd:515)
SCRIPT ERROR: Invalid call. Nonexistent function 'objective_icon_role' in base 'GDScript'.
   at: _add_objective_row_v152 (res://MainGame.gd:2181)
   GDScript backtrace (most recent call first):
       [0] _add_objective_row_v152 (res://MainGame.gd:2181)
       [1] _rebuild_quests (res://MainGame.gd:2206)
       [2] apply_save_data (res://ObjectiveSystem.gd:127)
       [3] load_game (res://SaveGame.gd:169)
       [4] _ready (res://MainGame.gd:515)
SCRIPT ERROR: Invalid call. Nonexistent function 'objective_icon_role' in base 'GDScript'.
   at: _add_objective_row_v152 (res://MainGame.gd:2181)
   GDScript backtrace (most recent call first):
       [0] _add_objective_row_v152 (res://MainGame.gd:2181)
       [1] _rebuild_quests (res://MainGame.gd:2206)
       [2] apply_save_data (res://ObjectiveSystem.gd:127)
       [3] load_game (res://SaveGame.gd:169)
       [4] _ready (res://MainGame.gd:515)
SCRIPT ERROR: Invalid call. Nonexistent function 'style_objective_header' in base 'GDScript'.
   at: _add_objective_header_v152 (res://MainGame.gd:2166)
   GDScript backtrace (most recent call first):
       [0] _add_objective_header_v152 (res://MainGame.gd:2166)
       [1] _rebuild_quests (res://MainGame.gd:2205)
       [2] apply_save_data (res://ObjectiveSystem.gd:127)
       [3] load_game (res://SaveGame.gd:169)
       [4] _ready (res://MainGame.gd:515)
SCRIPT ERROR: Invalid call. Nonexistent function 'objective_icon_role' in base 'GDScript'.
   at: _add_objective_row_v152 (res://MainGame.gd:2181)
   GDScript backtrace (most recent call first):
       [0] _add_objective_row_v152 (res://MainGame.gd:2181)
       [1] _rebuild_quests (res://MainGame.gd:2206)
       [2] apply_save_data (res://ObjectiveSystem.gd:127)
       [3] load_game (res://SaveGame.gd:169)
       [4] _ready (res://MainGame.gd:515)
SCRIPT ERROR: Invalid call. Nonexistent function 'objective_icon_role' in base 'GDScript'.
   at: _add_objective_row_v152 (res://MainGame.gd:2181)
   GDScript backtrace (most recent call first):
       [0] _add_objective_row_v152 (res://MainGame.gd:2181)
       [1] _rebuild_quests (res://MainGame.gd:2206)
       [2] apply_save_data (res://ObjectiveSystem.gd:127)
       [3] load_game (res://SaveGame.gd:169)
       [4] _ready (res://MainGame.gd:515)
SCRIPT ERROR: Invalid call. Nonexistent function 'objective_icon_role' in base 'GDScript'.
   at: _add_objective_row_v152 (res://MainGame.gd:2181)
   GDScript backtrace (most recent call first):
       [0] _add_objective_row_v152 (res://MainGame.gd:2181)
       [1] _rebuild_quests (res://MainGame.gd:2206)
       [2] apply_save_data (res://ObjectiveSystem.gd:127)
       [3] load_game (res://SaveGame.gd:169)
       [4] _ready (res://MainGame.gd:515)
SCRIPT ERROR: Invalid call. Nonexistent function 'objective_icon_role' in base 'GDScript'.
   at: _add_objective_row_v152 (res://MainGame.gd:2181)
   GDScript backtrace (most recent call first):
       [0] _add_objective_row_v152 (res://MainGame.gd:2181)
       [1] _rebuild_quests (res://MainGame.gd:2206)
       [2] apply_save_data (res://ObjectiveSystem.gd:127)
       [3] load_game (res://SaveGame.gd:169)
       [4] _ready (res://MainGame.gd:515)
SCRIPT ERROR: Invalid call. Nonexistent function 'objective_icon_role' in base 'GDScript'.
   at: _add_objective_row_v152 (res://MainGame.gd:2181)
   GDScript backtrace (most recent call first):
       [0] _add_objective_row_v152 (res://MainGame.gd:2181)
       [1] _rebuild_quests (res://MainGame.gd:2206)
       [2] apply_save_data (res://ObjectiveSystem.gd:127)
       [3] load_game (res://SaveGame.gd:169)
       [4] _ready (res://MainGame.gd:515)
SCRIPT ERROR: Invalid call. Nonexistent function 'style_objective_header' in base 'GDScript'.
   at: _add_objective_header_v152 (res://MainGame.gd:2166)
   GDScript backtrace (most recent call first):
       [0] _add_objective_header_v152 (res://MainGame.gd:2166)
       [1] _rebuild_quests (res://MainGame.gd:2207)
       [2] apply_save_data (res://ObjectiveSystem.gd:127)
       [3] load_game (res://SaveGame.gd:169)
       [4] _ready (res://MainGame.gd:515)
SCRIPT ERROR: Invalid call. Nonexistent function 'objective_icon_role' in base 'GDScript'.
   at: _rebuild_quests (res://MainGame.gd:2214)
   GDScript backtrace (most recent call first):
       [0] _rebuild_quests (res://MainGame.gd:2214)
       [1] apply_save_data (res://ObjectiveSystem.gd:127)
       [2] load_game (res://SaveGame.gd:169)
       [3] _ready (res://MainGame.gd:515)
SCRIPT ERROR: Invalid call. Nonexistent function 'lane_layout' in base 'GDScript'.
   at: _update_lane_ui (res://MainGame.gd:1958)
   GDScript backtrace (most recent call first):
       [0] _update_lane_ui (res://MainGame.gd:1958)
       [1] apply_save_data (res://LaneAttackSystem.gd:195)
       [2] load_game (res://SaveGame.gd:170)
       [3] _ready (res://MainGame.gd:515)
SCRIPT ERROR: Invalid call. Nonexistent function 'refresh_afk_state' in base 'GDScript'.
   at: _refresh_afk_p0 (res://MainGame.gd:2910)
   GDScript backtrace (most recent call first):
       [0] _refresh_afk_p0 (res://MainGame.gd:2910)
       [1] apply_save_data (res://AfkRewardSystem.gd:73)
       [2] load_game (res://SaveGame.gd:172)
       [3] _ready (res://MainGame.gd:515)
ERROR: P0 violation: Daily visible
   at: push_error (core/variant/variant_utility.cpp:1023)
   GDScript backtrace (most recent call first):
       [0] log_contract_status (res://CoreAcceptanceService.gd:52)
       [1] _ready (res://MainGame.gd:526)
ERROR: P0 violation: Quests visible
   at: push_error (core/variant/variant_utility.cpp:1023)
   GDScript backtrace (most recent call first):
       [0] log_contract_status (res://CoreAcceptanceService.gd:52)
[CORE_ANALYTICS] {"event":"core_session_start","payload":{"gold":300,"monster_level":1,"save_recovered":false,"seconds_away":0,"spins":10},"time_unix":1789103608.087}
       [1] _ready (res://MainGame.gd:526)
ERROR: P0 violation: Heroes visible
   at: push_error (core/variant/variant_utility.cpp:1023)
   GDScript backtrace (most recent call first):
       [0] log_contract_status (res://CoreAcceptanceService.gd:52)
       [1] _ready (res://MainGame.gd:526)
ERROR: P0 violation: Hero Auto-DPS active
   at: push_error (core/variant/variant_utility.cpp:1023)
   GDScript backtrace (most recent call first):
       [0] log_contract_status (res://CoreAcceptanceService.gd:52)
       [1] _ready (res://MainGame.gd:526)
SCRIPT ERROR: Invalid call. Nonexistent function 'refresh_home_loop_state' in base 'GDScript'.
   at: _update_monster_ui (res://MainGame.gd:1219)
   GDScript backtrace (most recent call first):
       [0] _update_monster_ui (res://MainGame.gd:1219)
       [1] _refresh_all (res://MainGame.gd:675)
       [2] _ready (res://MainGame.gd:530)
SCRIPT ERROR: Invalid call. Nonexistent function 'refresh_village_loop_state' in base 'GDScript'.
   at: _refresh_p0_village (res://MainGame.gd:2410)
   GDScript backtrace (most recent call first):
       [0] _refresh_p0_village (res://MainGame.gd:2410)
       [1] _refresh_all (res://MainGame.gd:680)
       [2] _ready (res://MainGame.gd:530)
[CORE_ANALYTICS] {"event":"core_contract_fail","payload":{"errors":["P0 violation: Daily visible","P0 violation: Quests visible","P0 violation: Heroes visible","P0 violation: Hero Auto-DPS active"]},"time_unix":1789103608.088}
SCRIPT ERROR: Invalid call. Nonexistent function 'refresh_reward_session_state' in base 'GDScript'.
   at: _refresh_meta_ui (res://MainGame.gd:1004)
   GDScript backtrace (most recent call first):
       [0] _refresh_meta_ui (res://MainGame.gd:1004)
       [1] _refresh_all (res://MainGame.gd:683)
       [2] _ready (res://MainGame.gd:530)
SCRIPT ERROR: Invalid call. Nonexistent function 'style_objective_header' in base 'GDScript'.
   at: _add_objective_header_v152 (res://MainGame.gd:2166)
   GDScript backtrace (most recent call first):
       [0] _add_objective_header_v152 (res://MainGame.gd:2166)
       [1] _rebuild_quests (res://MainGame.gd:2205)
       [2] _refresh_all (res://MainGame.gd:688)
       [3] _ready (res://MainGame.gd:530)
SCRIPT ERROR: Invalid call. Nonexistent function 'objective_icon_role' in base 'GDScript'.
   at: _add_objective_row_v152 (res://MainGame.gd:2181)
   GDScript backtrace (most recent call first):
       [0] _add_objective_row_v152 (res://MainGame.gd:2181)
       [1] _rebuild_quests (res://MainGame.gd:2206)
       [2] _refresh_all (res://MainGame.gd:688)
       [3] _ready (res://MainGame.gd:530)
SCRIPT ERROR: Invalid call. Nonexistent function 'objective_icon_role' in base 'GDScript'.
   at: _add_objective_row_v152 (res://MainGame.gd:2181)
   GDScript backtrace (most recent call first):
       [0] _add_objective_row_v152 (res://MainGame.gd:2181)
       [1] _rebuild_quests (res://MainGame.gd:2206)
       [2] _refresh_all (res://MainGame.gd:688)
       [3] _ready (res://MainGame.gd:530)
SCRIPT ERROR: Invalid call. Nonexistent function 'objective_icon_role' in base 'GDScript'.
   at: _add_objective_row_v152 (res://MainGame.gd:2181)
   GDScript backtrace (most recent call first):
       [0] _add_objective_row_v152 (res://MainGame.gd:2181)
       [1] _rebuild_quests (res://MainGame.gd:2206)
       [2] _refresh_all (res://MainGame.gd:688)
       [3] _ready (res://MainGame.gd:530)
SCRIPT ERROR: Invalid call. Nonexistent function 'style_objective_header' in base 'GDScript'.
   at: _add_objective_header_v152 (res://MainGame.gd:2166)
   GDScript backtrace (most recent call first):
       [0] _add_objective_header_v152 (res://MainGame.gd:2166)
       [1] _rebuild_quests (res://MainGame.gd:2205)
       [2] _refresh_all (res://MainGame.gd:688)
       [3] _ready (res://MainGame.gd:530)
SCRIPT ERROR: Invalid call. Nonexistent function 'objective_icon_role' in base 'GDScript'.
   at: _add_objective_row_v152 (res://MainGame.gd:2181)
   GDScript backtrace (most recent call first):
       [0] _add_objective_row_v152 (res://MainGame.gd:2181)
       [1] _rebuild_quests (res://MainGame.gd:2206)
       [2] _refresh_all (res://MainGame.gd:688)
       [3] _ready (res://MainGame.gd:530)
SCRIPT ERROR: Invalid call. Nonexistent function 'objective_icon_role' in base 'GDScript'.
   at: _add_objective_row_v152 (res://MainGame.gd:2181)
   GDScript backtrace (most recent call first):
       [0] _add_objective_row_v152 (res://MainGame.gd:2181)
       [1] _rebuild_quests (res://MainGame.gd:2206)
       [2] _refresh_all (res://MainGame.gd:688)
       [3] _ready (res://MainGame.gd:530)
SCRIPT ERROR: Invalid call. Nonexistent function 'objective_icon_role' in base 'GDScript'.
   at: _add_objective_row_v152 (res://MainGame.gd:2181)
   GDScript backtrace (most recent call first):
       [0] _add_objective_row_v152 (res://MainGame.gd:2181)
       [1] _rebuild_quests (res://MainGame.gd:2206)
       [2] _refresh_all (res://MainGame.gd:688)
       [3] _ready (res://MainGame.gd:530)
SCRIPT ERROR: Invalid call. Nonexistent function 'style_objective_header' in base 'GDScript'.
   at: _add_objective_header_v152 (res://MainGame.gd:2166)
   GDScript backtrace (most recent call first):
       [0] _add_objective_header_v152 (res://MainGame.gd:2166)
       [1] _rebuild_quests (res://MainGame.gd:2205)
       [2] _refresh_all (res://MainGame.gd:688)
       [3] _ready (res://MainGame.gd:530)
SCRIPT ERROR: Invalid call. Nonexistent function 'objective_icon_role' in base 'GDScript'.
   at: _add_objective_row_v152 (res://MainGame.gd:2181)
   GDScript backtrace (most recent call first):
       [0] _add_objective_row_v152 (res://MainGame.gd:2181)
       [1] _rebuild_quests (res://MainGame.gd:2206)
       [2] _refresh_all (res://MainGame.gd:688)
       [3] _ready (res://MainGame.gd:530)
SCRIPT ERROR: Invalid call. Nonexistent function 'objective_icon_role' in base 'GDScript'.
   at: _add_objective_row_v152 (res://MainGame.gd:2181)
   GDScript backtrace (most recent call first):
       [0] _add_objective_row_v152 (res://MainGame.gd:2181)
       [1] _rebuild_quests (res://MainGame.gd:2206)
       [2] _refresh_all (res://MainGame.gd:688)
       [3] _ready (res://MainGame.gd:530)
SCRIPT ERROR: Invalid call. Nonexistent function 'objective_icon_role' in base 'GDScript'.
   at: _add_objective_row_v152 (res://MainGame.gd:2181)
   GDScript backtrace (most recent call first):
       [0] _add_objective_row_v152 (res://MainGame.gd:2181)
       [1] _rebuild_quests (res://MainGame.gd:2206)
       [2] _refresh_all (res://MainGame.gd:688)
       [3] _ready (res://MainGame.gd:530)
SCRIPT ERROR: Invalid call. Nonexistent function 'objective_icon_role' in base 'GDScript'.
   at: _add_objective_row_v152 (res://MainGame.gd:2181)
   GDScript backtrace (most recent call first):
       [0] _add_objective_row_v152 (res://MainGame.gd:2181)
       [1] _rebuild_quests (res://MainGame.gd:2206)
       [2] _refresh_all (res://MainGame.gd:688)
       [3] _ready (res://MainGame.gd:530)
SCRIPT ERROR: Invalid call. Nonexistent function 'objective_icon_role' in base 'GDScript'.
   at: _add_objective_row_v152 (res://MainGame.gd:2181)
   GDScript backtrace (most recent call first):
       [0] _add_objective_row_v152 (res://MainGame.gd:2181)
       [1] _rebuild_quests (res://MainGame.gd:2206)
       [2] _refresh_all (res://MainGame.gd:688)
       [3] _ready (res://MainGame.gd:530)
SCRIPT ERROR: Invalid call. Nonexistent function 'style_objective_header' in base 'GDScript'.
   at: _add_objective_header_v152 (res://MainGame.gd:2166)
   GDScript backtrace (most recent call first):
       [0] _add_objective_header_v152 (res://MainGame.gd:2166)
       [1] _rebuild_quests (res://MainGame.gd:2207)
       [2] _refresh_all (res://MainGame.gd:688)
       [3] _ready (res://MainGame.gd:530)
SCRIPT ERROR: Invalid call. Nonexistent function 'objective_icon_role' in base 'GDScript'.
   at: _rebuild_quests (res://MainGame.gd:2214)
   GDScript backtrace (most recent call first):
       [0] _rebuild_quests (res://MainGame.gd:2214)
       [1] _refresh_all (res://MainGame.gd:688)
       [2] _ready (res://MainGame.gd:530)
SCRIPT ERROR: Invalid call. Nonexistent function 'refresh_progression_state' in base 'GDScript'.
   at: _refresh_progression_p0 (res://MainGame.gd:2903)
   GDScript backtrace (most recent call first):
       [0] _refresh_progression_p0 (res://MainGame.gd:2903)
       [1] _refresh_all (res://MainGame.gd:696)
       [2] _ready (res://MainGame.gd:530)
SCRIPT ERROR: Invalid call. Nonexistent function 'refresh_shop_state' in base 'GDScript'.
   at: _refresh_shop_p0 (res://MainGame.gd:2810)
   GDScript backtrace (most recent call first):
       [0] _refresh_shop_p0 (res://MainGame.gd:2810)
       [1] _refresh_all (res://MainGame.gd:697)
       [2] _ready (res://MainGame.gd:530)
SCRIPT ERROR: Invalid call. Nonexistent function 'refresh_afk_state' in base 'GDScript'.
   at: _refresh_afk_p0 (res://MainGame.gd:2910)
   GDScript backtrace (most recent call first):
       [0] _refresh_afk_p0 (res://MainGame.gd:2910)
       [1] _refresh_all (res://MainGame.gd:698)
       [2] _ready (res://MainGame.gd:530)
SCRIPT ERROR: Invalid call. Nonexistent function 'style_objective_header' in base 'GDScript'.
   at: _add_objective_header_v152 (res://MainGame.gd:2166)
   GDScript backtrace (most recent call first):
       [0] _add_objective_header_v152 (res://MainGame.gd:2166)
       [1] _rebuild_quests (res://MainGame.gd:2205)
       [2] _ready (res://MainGame.gd:532)
SCRIPT ERROR: Invalid call. Nonexistent function 'objective_icon_role' in base 'GDScript'.
   at: _add_objective_row_v152 (res://MainGame.gd:2181)
   GDScript backtrace (most recent call first):
       [0] _add_objective_row_v152 (res://MainGame.gd:2181)
       [1] _rebuild_quests (res://MainGame.gd:2206)
       [2] _ready (res://MainGame.gd:532)
SCRIPT ERROR: Invalid call. Nonexistent function 'objective_icon_role' in base 'GDScript'.
   at: _add_objective_row_v152 (res://MainGame.gd:2181)
   GDScript backtrace (most recent call first):
       [0] _add_objective_row_v152 (res://MainGame.gd:2181)
       [1] _rebuild_quests (res://MainGame.gd:2206)
       [2] _ready (res://MainGame.gd:532)
SCRIPT ERROR: Invalid call. Nonexistent function 'objective_icon_role' in base 'GDScript'.
   at: _add_objective_row_v152 (res://MainGame.gd:2181)
   GDScript backtrace (most recent call first):
       [0] _add_objective_row_v152 (res://MainGame.gd:2181)
       [1] _rebuild_quests (res://MainGame.gd:2206)
       [2] _ready (res://MainGame.gd:532)
SCRIPT ERROR: Invalid call. Nonexistent function 'style_objective_header' in base 'GDScript'.
   at: _add_objective_header_v152 (res://MainGame.gd:2166)
   GDScript backtrace (most recent call first):
       [0] _add_objective_header_v152 (res://MainGame.gd:2166)
       [1] _rebuild_quests (res://MainGame.gd:2205)
       [2] _ready (res://MainGame.gd:532)
SCRIPT ERROR: Invalid call. Nonexistent function 'objective_icon_role' in base 'GDScript'.
   at: _add_objective_row_v152 (res://MainGame.gd:2181)
   GDScript backtrace (most recent call first):
       [0] _add_objective_row_v152 (res://MainGame.gd:2181)
       [1] _rebuild_quests (res://MainGame.gd:2206)
       [2] _ready (res://MainGame.gd:532)
SCRIPT ERROR: Invalid call. Nonexistent function 'objective_icon_role' in base 'GDScript'.
   at: _add_objective_row_v152 (res://MainGame.gd:2181)
   GDScript backtrace (most recent call first):
       [0] _add_objective_row_v152 (res://MainGame.gd:2181)
       [1] _rebuild_quests (res://MainGame.gd:2206)
       [2] _ready (res://MainGame.gd:532)
SCRIPT ERROR: Invalid call. Nonexistent function 'objective_icon_role' in base 'GDScript'.
   at: _add_objective_row_v152 (res://MainGame.gd:2181)
   GDScript backtrace (most recent call first):
       [0] _add_objective_row_v152 (res://MainGame.gd:2181)
       [1] _rebuild_quests (res://MainGame.gd:2206)
       [2] _ready (res://MainGame.gd:532)
SCRIPT ERROR: Invalid call. Nonexistent function 'style_objective_header' in base 'GDScript'.
   at: _add_objective_header_v152 (res://MainGame.gd:2166)
   GDScript backtrace (most recent call first):
       [0] _add_objective_header_v152 (res://MainGame.gd:2166)
       [1] _rebuild_quests (res://MainGame.gd:2205)
       [2] _ready (res://MainGame.gd:532)
SCRIPT ERROR: Invalid call. Nonexistent function 'objective_icon_role' in base 'GDScript'.
   at: _add_objective_row_v152 (res://MainGame.gd:2181)
   GDScript backtrace (most recent call first):
       [0] _add_objective_row_v152 (res://MainGame.gd:2181)
       [1] _rebuild_quests (res://MainGame.gd:2206)
       [2] _ready (res://MainGame.gd:532)
SCRIPT ERROR: Invalid call. Nonexistent function 'objective_icon_role' in base 'GDScript'.
   at: _add_objective_row_v152 (res://MainGame.gd:2181)
   GDScript backtrace (most recent call first):
       [0] _add_objective_row_v152 (res://MainGame.gd:2181)
       [1] _rebuild_quests (res://MainGame.gd:2206)
       [2] _ready (res://MainGame.gd:532)
SCRIPT ERROR: Invalid call. Nonexistent function 'objective_icon_role' in base 'GDScript'.
   at: _add_objective_row_v152 (res://MainGame.gd:2181)
   GDScript backtrace (most recent call first):
       [0] _add_objective_row_v152 (res://MainGame.gd:2181)
       [1] _rebuild_quests (res://MainGame.gd:2206)
       [2] _ready (res://MainGame.gd:532)
SCRIPT ERROR: Invalid call. Nonexistent function 'objective_icon_role' in base 'GDScript'.
   at: _add_objective_row_v152 (res://MainGame.gd:2181)
   GDScript backtrace (most recent call first):
       [0] _add_objective_row_v152 (res://MainGame.gd:2181)
       [1] _rebuild_quests (res://MainGame.gd:2206)
       [2] _ready (res://MainGame.gd:532)
SCRIPT ERROR: Invalid call. Nonexistent function 'objective_icon_role' in base 'GDScript'.
   at: _add_objective_row_v152 (res://MainGame.gd:2181)
   GDScript backtrace (most recent call first):
       [0] _add_objective_row_v152 (res://MainGame.gd:2181)
       [1] _rebuild_quests (res://MainGame.gd:2206)
       [2] _ready (res://MainGame.gd:532)
SCRIPT ERROR: Invalid call. Nonexistent function 'style_objective_header' in base 'GDScript'.
   at: _add_objective_header_v152 (res://MainGame.gd:2166)
   GDScript backtrace (most recent call first):
       [0] _add_objective_header_v152 (res://MainGame.gd:2166)
       [1] _rebuild_quests (res://MainGame.gd:2207)
       [2] _ready (res://MainGame.gd:532)
SCRIPT ERROR: Invalid call. Nonexistent function 'objective_icon_role' in base 'GDScript'.
   at: _rebuild_quests (res://MainGame.gd:2214)
   GDScript backtrace (most recent call first):
       [0] _rebuild_quests (res://MainGame.gd:2214)
       [1] _ready (res://MainGame.gd:532)
SCRIPT ERROR: Invalid call. Nonexistent function 'set_primary_nav_state' in base 'GDScript'.
   at: _switch_view (res://MainGame.gd:1298)
   GDScript backtrace (most recent call first):
       [0] _switch_view (res://MainGame.gd:1298)
       [1] _ready (res://MainGame.gd:537)
SCRIPT ERROR: Invalid call. Nonexistent function 'set_primary_nav_state' in base 'GDScript'.
   at: _switch_view (res://MainGame.gd:1298)
   GDScript backtrace (most recent call first):
       [0] _switch_view (res://MainGame.gd:1298)
       [1] _restore_pending_spin_presentation (res://MainGame.gd:1590)
       [2] _restore_next_pending_presentation_v154 (res://MainGame.gd:594)
       [3] _ready (res://MainGame.gd:538)
[CORE_ANALYTICS] {"event":"pending_flow_resume","payload":{"count":1,"flow_version":"v1.54-runtime-flow-01","kind":"spin"},"time_unix":1789103608.113}
[CORE_ANALYTICS] {"event":"spin_presentation_resumed","payload":{"config_version":"v2.0-3reel-p0-06","reel_stop_ids":["reel_1_stop_5_bonus_spins","reel_2_stop_5_bonus_spins","reel_3_stop_5_bonus_spins"],"result_id":"spin_1789103601_1_1789108977790457","reward_id":"bonus_spins","segment_id":"bonus_spins"},"time_unix":1789103608.113}
ERROR: [P0_BOOT] Main scene setting drift: res://BootFlow.tscn
   at: push_error (core/variant/variant_utility.cpp:1023)
   GDScript backtrace (most recent call first):
       [0] complete_scene_boot (res://P0BootDiagnostics.gd:79)
       [1] _ready (res://MainGame.gd:540)
ERROR: [P0_BOOT] Core contract: P0 violation: Daily visible
   at: push_error (core/variant/variant_utility.cpp:1023)
   GDScript backtrace (most recent call first):
       [0] complete_scene_boot (res://P0BootDiagnostics.gd:79)
       [1] _ready (res://MainGame.gd:540)
ERROR: [P0_BOOT] Core contract: P0 violation: Quests visible
   at: push_error (core/variant/variant_utility.cpp:1023)
   GDScript backtrace (most recent call first):
       [0] complete_scene_boot (res://P0BootDiagnostics.gd:79)
       [1] _ready (res://MainGame.gd:540)
ERROR: [P0_BOOT] Core contract: P0 violation: Heroes visible
   at: push_error (core/variant/variant_utility.cpp:1023)
   GDScript backtrace (most recent call first):
       [0] complete_scene_boot (res://P0BootDiagnostics.gd:79)
       [1] _ready (res://MainGame.gd:540)
ERROR: [P0_BOOT] Core contract: P0 violation: Hero Auto-DPS active
   at: push_error (core/variant/variant_utility.cpp:1023)
   GDScript backtrace (most recent call first):
       [0] complete_scene_boot (res://P0BootDiagnostics.gd:79)
       [1] _ready (res://MainGame.gd:540)
ERROR: [P0_BOOT] P1 isolation: HeroSystem processing during P0
   at: push_error (core/variant/variant_utility.cpp:1023)
   GDScript backtrace (most recent call first):
       [0] complete_scene_boot (res://P0BootDiagnostics.gd:79)
       [1] _ready (res://MainGame.gd:540)
[CORE_ANALYTICS] {"event":"p0_boot_fail","payload":{"errors":["Main scene setting drift: res://BootFlow.tscn","Core contract: P0 violation: Daily visible","Core contract: P0 violation: Quests visible","Core contract: P0 violation: Heroes visible","Core contract: P0 violation: Hero Auto-DPS active","P1 isolation: HeroSystem processing during P0"]},"time_unix":1789103608.119}
SCRIPT ERROR: Invalid call. Nonexistent function 'apply' in base 'GDScript'.
   at: _apply_mobile_runtime_polish (res://MainGame.gd:552)
   GDScript backtrace (most recent call first):
       [0] _apply_mobile_runtime_polish (res://MainGame.gd:552)
[VisualRuntimeQa] main loaded=true
SCRIPT ERROR: Invalid call. Nonexistent function 'apply' in base 'GDScript'.
   at: _apply_mobile_runtime_polish (res://MainGame.gd:552)
   GDScript backtrace (most recent call first):
       [0] _apply_mobile_runtime_polish (res://MainGame.gd:552)
       [1] _capture_main_only (res://V2021VisualRuntimeQa.gd:139)
       [2] _boot_to_main_game (res://V2021VisualRuntimeQa.gd:156)
       [3] _wait_render (res://V2021VisualRuntimeQa.gd:174)
[VisualRuntimeQa] profile main_only (1080, 1920)
SCRIPT ERROR: Invalid call. Nonexistent function 'apply' in base 'GDScript'.
   at: _apply_mobile_runtime_polish (res://MainGame.gd:552)
   GDScript backtrace (most recent call first):
       [0] _apply_mobile_runtime_polish (res://MainGame.gd:552)
       [1] _on_viewport_size_changed (res://MainGame.gd:3109)
       [2] _apply_viewport (res://V2021VisualRuntimeQa.gd:166)
       [3] _capture_main_only (res://V2021VisualRuntimeQa.gd:127)
       [4] run_acceptance (res://V2021VisualRuntimeQa.gd:61)
       [5] _capture_main_only (res://V2021VisualRuntimeQa.gd:142)
       [6] _capture (res://V2021VisualRuntimeQa.gd:182)
       [7] _grab_viewport_image (res://V2021VisualRuntimeQa.gd:204)
SCRIPT ERROR: Invalid call. Nonexistent function 'refresh_home_loop_state' in base 'GDScript'.
   at: _update_monster_ui (res://MainGame.gd:1219)
   GDScript backtrace (most recent call first):
       [0] _update_monster_ui (res://MainGame.gd:1219)
       [1] _refresh_all (res://MainGame.gd:675)
       [2] @shields_setter (res://PlayerData.gd:14)
       [3] _reset_shared_state (res://P0TestHarness.gd:64)
       [4] apply_profile (res://P0TestHarness.gd:33)
       [5] _capture_main_only (res://V2021VisualRuntimeQa.gd:129)
       [6] run_acceptance (res://V2021VisualRuntimeQa.gd:61)
       [7] _capture_main_only (res://V2021VisualRuntimeQa.gd:142)
       [8] _capture (res://V2021VisualRuntimeQa.gd:182)
       [9] _grab_viewport_image (res://V2021VisualRuntimeQa.gd:204)
SCRIPT ERROR: Invalid call. Nonexistent function 'refresh_village_loop_state' in base 'GDScript'.
   at: _refresh_p0_village (res://MainGame.gd:2410)
   GDScript backtrace (most recent call first):
       [0] _refresh_p0_village (res://MainGame.gd:2410)
       [1] _refresh_all (res://MainGame.gd:680)
       [2] @shields_setter (res://PlayerData.gd:14)
       [3] _reset_shared_state (res://P0TestHarness.gd:64)
       [4] apply_profile (res://P0TestHarness.gd:33)
       [5] _capture_main_only (res://V2021VisualRuntimeQa.gd:129)
       [6] run_acceptance (res://V2021VisualRuntimeQa.gd:61)
       [7] _capture_main_only (res://V2021VisualRuntimeQa.gd:142)
       [8] _capture (res://V2021VisualRuntimeQa.gd:182)
       [9] _grab_viewport_image (res://V2021VisualRuntimeQa.gd:204)
SCRIPT ERROR: Invalid call. Nonexistent function 'refresh_reward_session_state' in base 'GDScript'.
   at: _refresh_meta_ui (res://MainGame.gd:1004)
   GDScript backtrace (most recent call first):
       [0] _refresh_meta_ui (res://MainGame.gd:1004)
       [1] _refresh_all (res://MainGame.gd:683)
       [2] @shields_setter (res://PlayerData.gd:14)
       [3] _reset_shared_state (res://P0TestHarness.gd:64)
       [4] apply_profile (res://P0TestHarness.gd:33)
       [5] _capture_main_only (res://V2021VisualRuntimeQa.gd:129)
       [6] run_acceptance (res://V2021VisualRuntimeQa.gd:61)
       [7] _capture_main_only (res://V2021VisualRuntimeQa.gd:142)
       [8] _capture (res://V2021VisualRuntimeQa.gd:182)
       [9] _grab_viewport_image (res://V2021VisualRuntimeQa.gd:204)
SCRIPT ERROR: Invalid call. Nonexistent function 'style_objective_header' in base 'GDScript'.
   at: _add_objective_header_v152 (res://MainGame.gd:2166)
   GDScript backtrace (most recent call first):
       [0] _add_objective_header_v152 (res://MainGame.gd:2166)
       [1] _rebuild_quests (res://MainGame.gd:2205)
       [2] _refresh_all (res://MainGame.gd:688)
       [3] @shields_setter (res://PlayerData.gd:14)
       [4] _reset_shared_state (res://P0TestHarness.gd:64)
       [5] apply_profile (res://P0TestHarness.gd:33)
       [6] _capture_main_only (res://V2021VisualRuntimeQa.gd:129)
       [7] run_acceptance (res://V2021VisualRuntimeQa.gd:61)
       [8] _capture_main_only (res://V2021VisualRuntimeQa.gd:142)
       [9] _capture (res://V2021VisualRuntimeQa.gd:182)
       [10] _grab_viewport_image (res://V2021VisualRuntimeQa.gd:204)
SCRIPT ERROR: Invalid call. Nonexistent function 'objective_icon_role' in base 'GDScript'.
   at: _add_objective_row_v152 (res://MainGame.gd:2181)
   GDScript backtrace (most recent call first):
       [0] _add_objective_row_v152 (res://MainGame.gd:2181)
       [1] _rebuild_quests (res://MainGame.gd:2206)
       [2] _refresh_all (res://MainGame.gd:688)
       [3] @shields_setter (res://PlayerData.gd:14)
       [4] _reset_shared_state (res://P0TestHarness.gd:64)
       [5] apply_profile (res://P0TestHarness.gd:33)
       [6] _capture_main_only (res://V2021VisualRuntimeQa.gd:129)
       [7] run_acceptance (res://V2021VisualRuntimeQa.gd:61)
       [8] _capture_main_only (res://V2021VisualRuntimeQa.gd:142)
       [9] _capture (res://V2021VisualRuntimeQa.gd:182)
       [10] _grab_viewport_image (res://V2021VisualRuntimeQa.gd:204)
SCRIPT ERROR: Invalid call. Nonexistent function 'objective_icon_role' in base 'GDScript'.
   at: _add_objective_row_v152 (res://MainGame.gd:2181)
   GDScript backtrace (most recent call first):
       [0] _add_objective_row_v152 (res://MainGame.gd:2181)
       [1] _rebuild_quests (res://MainGame.gd:2206)
       [2] _refresh_all (res://MainGame.gd:688)
       [3] @shields_setter (res://PlayerData.gd:14)
       [4] _reset_shared_state (res://P0TestHarness.gd:64)
       [5] apply_profile (res://P0TestHarness.gd:33)
       [6] _capture_main_only (res://V2021VisualRuntimeQa.gd:129)
       [7] run_acceptance (res://V2021VisualRuntimeQa.gd:61)
       [8] _capture_main_only (res://V2021VisualRuntimeQa.gd:142)
       [9] _capture (res://V2021VisualRuntimeQa.gd:182)
       [10] _grab_viewport_image (res://V2021VisualRuntimeQa.gd:204)
SCRIPT ERROR: Invalid call. Nonexistent function 'objective_icon_role' in base 'GDScript'.
   at: _add_objective_row_v152 (res://MainGame.gd:2181)
   GDScript backtrace (most recent call first):
       [0] _add_objective_row_v152 (res://MainGame.gd:2181)
       [1] _rebuild_quests (res://MainGame.gd:2206)
       [2] _refresh_all (res://MainGame.gd:688)
       [3] @shields_setter (res://PlayerData.gd:14)
       [4] _reset_shared_state (res://P0TestHarness.gd:64)
       [5] apply_profile (res://P0TestHarness.gd:33)
       [6] _capture_main_only (res://V2021VisualRuntimeQa.gd:129)
       [7] run_acceptance (res://V2021VisualRuntimeQa.gd:61)
       [8] _capture_main_only (res://V2021VisualRuntimeQa.gd:142)
       [9] _capture (res://V2021VisualRuntimeQa.gd:182)
       [10] _grab_viewport_image (res://V2021VisualRuntimeQa.gd:204)
SCRIPT ERROR: Invalid call. Nonexistent function 'style_objective_header' in base 'GDScript'.
   at: _add_objective_header_v152 (res://MainGame.gd:2166)
   GDScript backtrace (most recent call first):
       [0] _add_objective_header_v152 (res://MainGame.gd:2166)
       [1] _rebuild_quests (res://MainGame.gd:2205)
       [2] _refresh_all (res://MainGame.gd:688)
       [3] @shields_setter (res://PlayerData.gd:14)
       [4] _reset_shared_state (res://P0TestHarness.gd:64)
       [5] apply_profile (res://P0TestHarness.gd:33)
       [6] _capture_main_only (res://V2021VisualRuntimeQa.gd:129)
       [7] run_acceptance (res://V2021VisualRuntimeQa.gd:61)
       [8] _capture_main_only (res://V2021VisualRuntimeQa.gd:142)
       [9] _capture (res://V2021VisualRuntimeQa.gd:182)
       [10] _grab_viewport_image (res://V2021VisualRuntimeQa.gd:204)
SCRIPT ERROR: Invalid call. Nonexistent function 'objective_icon_role' in base 'GDScript'.
   at: _add_objective_row_v152 (res://MainGame.gd:2181)
   GDScript backtrace (most recent call first):
       [0] _add_objective_row_v152 (res://MainGame.gd:2181)
       [1] _rebuild_quests (res://MainGame.gd:2206)
       [2] _refresh_all (res://MainGame.gd:688)
       [3] @shields_setter (res://PlayerData.gd:14)
       [4] _reset_shared_state (res://P0TestHarness.gd:64)
       [5] apply_profile (res://P0TestHarness.gd:33)
       [6] _capture_main_only (res://V2021VisualRuntimeQa.gd:129)
       [7] run_acceptance (res://V2021VisualRuntimeQa.gd:61)
       [8] _capture_main_only (res://V2021VisualRuntimeQa.gd:142)
       [9] _capture (res://V2021VisualRuntimeQa.gd:182)
       [10] _grab_viewport_image (res://V2021VisualRuntimeQa.gd:204)
SCRIPT ERROR: Invalid call. Nonexistent function 'objective_icon_role' in base 'GDScript'.
   at: _add_objective_row_v152 (res://MainGame.gd:2181)
   GDScript backtrace (most recent call first):
       [0] _add_objective_row_v152 (res://MainGame.gd:2181)
       [1] _rebuild_quests (res://MainGame.gd:2206)
       [2] _refresh_all (res://MainGame.gd:688)
       [3] @shields_setter (res://PlayerData.gd:14)
       [4] _reset_shared_state (res://P0TestHarness.gd:64)
       [5] apply_profile (res://P0TestHarness.gd:33)
       [6] _capture_main_only (res://V2021VisualRuntimeQa.gd:129)
       [7] run_acceptance (res://V2021VisualRuntimeQa.gd:61)
       [8] _capture_main_only (res://V2021VisualRuntimeQa.gd:142)
       [9] _capture (res://V2021VisualRuntimeQa.gd:182)
       [10] _grab_viewport_image (res://V2021VisualRuntimeQa.gd:204)
SCRIPT ERROR: Invalid call. Nonexistent function 'objective_icon_role' in base 'GDScript'.
   at: _add_objective_row_v152 (res://MainGame.gd:2181)
   GDScript backtrace (most recent call first):
       [0] _add_objective_row_v152 (res://MainGame.gd:2181)
       [1] _rebuild_quests (res://MainGame.gd:2206)
       [2] _refresh_all (res://MainGame.gd:688)
       [3] @shields_setter (res://PlayerData.gd:14)
       [4] _reset_shared_state (res://P0TestHarness.gd:64)
       [5] apply_profile (res://P0TestHarness.gd:33)
       [6] _capture_main_only (res://V2021VisualRuntimeQa.gd:129)
       [7] run_acceptance (res://V2021VisualRuntimeQa.gd:61)
       [8] _capture_main_only (res://V2021VisualRuntimeQa.gd:142)
       [9] _capture (res://V2021VisualRuntimeQa.gd:182)
       [10] _grab_viewport_image (res://V2021VisualRuntimeQa.gd:204)
SCRIPT ERROR: Invalid call. Nonexistent function 'style_objective_header' in base 'GDScript'.
   at: _add_objective_header_v152 (res://MainGame.gd:2166)
   GDScript backtrace (most recent call first):
       [0] _add_objective_header_v152 (res://MainGame.gd:2166)
       [1] _rebuild_quests (res://MainGame.gd:2205)
       [2] _refresh_all (res://MainGame.gd:688)
       [3] @shields_setter (res://PlayerData.gd:14)
       [4] _reset_shared_state (res://P0TestHarness.gd:64)
       [5] apply_profile (res://P0TestHarness.gd:33)
       [6] _capture_main_only (res://V2021VisualRuntimeQa.gd:129)
       [7] run_acceptance (res://V2021VisualRuntimeQa.gd:61)
       [8] _capture_main_only (res://V2021VisualRuntimeQa.gd:142)
       [9] _capture (res://V2021VisualRuntimeQa.gd:182)
       [10] _grab_viewport_image (res://V2021VisualRuntimeQa.gd:204)
SCRIPT ERROR: Invalid call. Nonexistent function 'objective_icon_role' in base 'GDScript'.
   at: _add_objective_row_v152 (res://MainGame.gd:2181)
   GDScript backtrace (most recent call first):
       [0] _add_objective_row_v152 (res://MainGame.gd:2181)
       [1] _rebuild_quests (res://MainGame.gd:2206)
       [2] _refresh_all (res://MainGame.gd:688)
       [3] @shields_setter (res://PlayerData.gd:14)
       [4] _reset_shared_state (res://P0TestHarness.gd:64)
       [5] apply_profile (res://P0TestHarness.gd:33)
       [6] _capture_main_only (res://V2021VisualRuntimeQa.gd:129)
       [7] run_acceptance (res://V2021VisualRuntimeQa.gd:61)
       [8] _capture_main_only (res://V2021VisualRuntimeQa.gd:142)
       [9] _capture (res://V2021VisualRuntimeQa.gd:182)
       [10] _grab_viewport_image (res://V2021VisualRuntimeQa.gd:204)
SCRIPT ERROR: Invalid call. Nonexistent function 'objective_icon_role' in base 'GDScript'.
   at: _add_objective_row_v152 (res://MainGame.gd:2181)
   GDScript backtrace (most recent call first):
       [0] _add_objective_row_v152 (res://MainGame.gd:2181)
       [1] _rebuild_quests (res://MainGame.gd:2206)
       [2] _refresh_all (res://MainGame.gd:688)
       [3] @shields_setter (res://PlayerData.gd:14)
       [4] _reset_shared_state (res://P0TestHarness.gd:64)
       [5] apply_profile (res://P0TestHarness.gd:33)
       [6] _capture_main_only (res://V2021VisualRuntimeQa.gd:129)
       [7] run_acceptance (res://V2021VisualRuntimeQa.gd:61)
       [8] _capture_main_only (res://V2021VisualRuntimeQa.gd:142)
       [9] _capture (res://V2021VisualRuntimeQa.gd:182)
       [10] _grab_viewport_image (res://V2021VisualRuntimeQa.gd:204)
SCRIPT ERROR: Invalid call. Nonexistent function 'objective_icon_role' in base 'GDScript'.
   at: _add_objective_row_v152 (res://MainGame.gd:2181)
   GDScript backtrace (most recent call first):
       [0] _add_objective_row_v152 (res://MainGame.gd:2181)
       [1] _rebuild_quests (res://MainGame.gd:2206)
       [2] _refresh_all (res://MainGame.gd:688)
       [3] @shields_setter (res://PlayerData.gd:14)
       [4] _reset_shared_state (res://P0TestHarness.gd:64)
       [5] apply_profile (res://P0TestHarness.gd:33)
       [6] _capture_main_only (res://V2021VisualRuntimeQa.gd:129)
       [7] run_acceptance (res://V2021VisualRuntimeQa.gd:61)
       [8] _capture_main_only (res://V2021VisualRuntimeQa.gd:142)
       [9] _capture (res://V2021VisualRuntimeQa.gd:182)
       [10] _grab_viewport_image (res://V2021VisualRuntimeQa.gd:204)
SCRIPT ERROR: Invalid call. Nonexistent function 'objective_icon_role' in base 'GDScript'.
   at: _add_objective_row_v152 (res://MainGame.gd:2181)
   GDScript backtrace (most recent call first):
       [0] _add_objective_row_v152 (res://MainGame.gd:2181)
       [1] _rebuild_quests (res://MainGame.gd:2206)
       [2] _refresh_all (res://MainGame.gd:688)
       [3] @shields_setter (res://PlayerData.gd:14)
       [4] _reset_shared_state (res://P0TestHarness.gd:64)
       [5] apply_profile (res://P0TestHarness.gd:33)
       [6] _capture_main_only (res://V2021VisualRuntimeQa.gd:129)
       [7] run_acceptance (res://V2021VisualRuntimeQa.gd:61)
       [8] _capture_main_only (res://V2021VisualRuntimeQa.gd:142)
       [9] _capture (res://V2021VisualRuntimeQa.gd:182)
       [10] _grab_viewport_image (res://V2021VisualRuntimeQa.gd:204)
SCRIPT ERROR: Invalid call. Nonexistent function 'objective_icon_role' in base 'GDScript'.
   at: _add_objective_row_v152 (res://MainGame.gd:2181)
   GDScript backtrace (most recent call first):
       [0] _add_objective_row_v152 (res://MainGame.gd:2181)
       [1] _rebuild_quests (res://MainGame.gd:2206)
       [2] _refresh_all (res://MainGame.gd:688)
       [3] @shields_setter (res://PlayerData.gd:14)
       [4] _reset_shared_state (res://P0TestHarness.gd:64)
       [5] apply_profile (res://P0TestHarness.gd:33)
       [6] _capture_main_only (res://V2021VisualRuntimeQa.gd:129)
       [7] run_acceptance (res://V2021VisualRuntimeQa.gd:61)
       [8] _capture_main_only (res://V2021VisualRuntimeQa.gd:142)
       [9] _capture (res://V2021VisualRuntimeQa.gd:182)
       [10] _grab_viewport_image (res://V2021VisualRuntimeQa.gd:204)
SCRIPT ERROR: Invalid call. Nonexistent function 'style_objective_header' in base 'GDScript'.
   at: _add_objective_header_v152 (res://MainGame.gd:2166)
   GDScript backtrace (most recent call first):
       [0] _add_objective_header_v152 (res://MainGame.gd:2166)
       [1] _rebuild_quests (res://MainGame.gd:2207)
       [2] _refresh_all (res://MainGame.gd:688)
       [3] @shields_setter (res://PlayerData.gd:14)
       [4] _reset_shared_state (res://P0TestHarness.gd:64)
       [5] apply_profile (res://P0TestHarness.gd:33)
       [6] _capture_main_only (res://V2021VisualRuntimeQa.gd:129)
       [7] run_acceptance (res://V2021VisualRuntimeQa.gd:61)
       [8] _capture_main_only (res://V2021VisualRuntimeQa.gd:142)
       [9] _capture (res://V2021VisualRuntimeQa.gd:182)
       [10] _grab_viewport_image (res://V2021VisualRuntimeQa.gd:204)
SCRIPT ERROR: Invalid call. Nonexistent function 'objective_icon_role' in base 'GDScript'.
   at: _rebuild_quests (res://MainGame.gd:2214)
   GDScript backtrace (most recent call first):
       [0] _rebuild_quests (res://MainGame.gd:2214)
       [1] _refresh_all (res://MainGame.gd:688)
       [2] @shields_setter (res://PlayerData.gd:14)
       [3] _reset_shared_state (res://P0TestHarness.gd:64)
       [4] apply_profile (res://P0TestHarness.gd:33)
       [5] _capture_main_only (res://V2021VisualRuntimeQa.gd:129)
       [6] run_acceptance (res://V2021VisualRuntimeQa.gd:61)
       [7] _capture_main_only (res://V2021VisualRuntimeQa.gd:142)
       [8] _capture (res://V2021VisualRuntimeQa.gd:182)
       [9] _grab_viewport_image (res://V2021VisualRuntimeQa.gd:204)
SCRIPT ERROR: Invalid call. Nonexistent function 'refresh_progression_state' in base 'GDScript'.
   at: _refresh_progression_p0 (res://MainGame.gd:2903)
   GDScript backtrace (most recent call first):
       [0] _refresh_progression_p0 (res://MainGame.gd:2903)
       [1] _refresh_all (res://MainGame.gd:696)
       [2] @shields_setter (res://PlayerData.gd:14)
       [3] _reset_shared_state (res://P0TestHarness.gd:64)
       [4] apply_profile (res://P0TestHarness.gd:33)
       [5] _capture_main_only (res://V2021VisualRuntimeQa.gd:129)
       [6] run_acceptance (res://V2021VisualRuntimeQa.gd:61)
       [7] _capture_main_only (res://V2021VisualRuntimeQa.gd:142)
       [8] _capture (res://V2021VisualRuntimeQa.gd:182)
       [9] _grab_viewport_image (res://V2021VisualRuntimeQa.gd:204)
SCRIPT ERROR: Invalid call. Nonexistent function 'refresh_shop_state' in base 'GDScript'.
   at: _refresh_shop_p0 (res://MainGame.gd:2810)
   GDScript backtrace (most recent call first):
       [0] _refresh_shop_p0 (res://MainGame.gd:2810)
       [1] _refresh_all (res://MainGame.gd:697)
       [2] @shields_setter (res://PlayerData.gd:14)
       [3] _reset_shared_state (res://P0TestHarness.gd:64)
       [4] apply_profile (res://P0TestHarness.gd:33)
       [5] _capture_main_only (res://V2021VisualRuntimeQa.gd:129)
       [6] run_acceptance (res://V2021VisualRuntimeQa.gd:61)
       [7] _capture_main_only (res://V2021VisualRuntimeQa.gd:142)
       [8] _capture (res://V2021VisualRuntimeQa.gd:182)
       [9] _grab_viewport_image (res://V2021VisualRuntimeQa.gd:204)
SCRIPT ERROR: Invalid call. Nonexistent function 'refresh_afk_state' in base 'GDScript'.
   at: _refresh_afk_p0 (res://MainGame.gd:2910)
   GDScript backtrace (most recent call first):
       [0] _refresh_afk_p0 (res://MainGame.gd:2910)
       [1] _refresh_all (res://MainGame.gd:698)
       [2] @shields_setter (res://PlayerData.gd:14)
       [3] _reset_shared_state (res://P0TestHarness.gd:64)
       [4] apply_profile (res://P0TestHarness.gd:33)
       [5] _capture_main_only (res://V2021VisualRuntimeQa.gd:129)
       [6] run_acceptance (res://V2021VisualRuntimeQa.gd:61)
       [7] _capture_main_only (res://V2021VisualRuntimeQa.gd:142)
       [8] _capture (res://V2021VisualRuntimeQa.gd:182)
       [9] _grab_viewport_image (res://V2021VisualRuntimeQa.gd:204)
SCRIPT ERROR: Invalid call. Nonexistent function 'refresh_home_loop_state' in base 'GDScript'.
   at: _update_monster_ui (res://MainGame.gd:1219)
   GDScript backtrace (most recent call first):
       [0] _update_monster_ui (res://MainGame.gd:1219)
       [1] _refresh_all (res://MainGame.gd:675)
       [2] _reset_shared_state (res://P0TestHarness.gd:81)
       [3] apply_profile (res://P0TestHarness.gd:33)
       [4] _capture_main_only (res://V2021VisualRuntimeQa.gd:129)
       [5] run_acceptance (res://V2021VisualRuntimeQa.gd:61)
       [6] _capture_main_only (res://V2021VisualRuntimeQa.gd:142)
       [7] _capture (res://V2021VisualRuntimeQa.gd:182)
       [8] _grab_viewport_image (res://V2021VisualRuntimeQa.gd:204)
SCRIPT ERROR: Invalid call. Nonexistent function 'refresh_village_loop_state' in base 'GDScript'.
   at: _refresh_p0_village (res://MainGame.gd:2410)
   GDScript backtrace (most recent call first):
       [0] _refresh_p0_village (res://MainGame.gd:2410)
       [1] _refresh_all (res://MainGame.gd:680)
       [2] _reset_shared_state (res://P0TestHarness.gd:81)
       [3] apply_profile (res://P0TestHarness.gd:33)
       [4] _capture_main_only (res://V2021VisualRuntimeQa.gd:129)
       [5] run_acceptance (res://V2021VisualRuntimeQa.gd:61)
       [6] _capture_main_only (res://V2021VisualRuntimeQa.gd:142)
       [7] _capture (res://V2021VisualRuntimeQa.gd:182)
       [8] _grab_viewport_image (res://V2021VisualRuntimeQa.gd:204)
SCRIPT ERROR: Invalid call. Nonexistent function 'refresh_reward_session_state' in base 'GDScript'.
   at: _refresh_meta_ui (res://MainGame.gd:1004)
   GDScript backtrace (most recent call first):
       [0] _refresh_meta_ui (res://MainGame.gd:1004)
       [1] _refresh_all (res://MainGame.gd:683)
       [2] _reset_shared_state (res://P0TestHarness.gd:81)
       [3] apply_profile (res://P0TestHarness.gd:33)
       [4] _capture_main_only (res://V2021VisualRuntimeQa.gd:129)
       [5] run_acceptance (res://V2021VisualRuntimeQa.gd:61)
       [6] _capture_main_only (res://V2021VisualRuntimeQa.gd:142)
       [7] _capture (res://V2021VisualRuntimeQa.gd:182)
       [8] _grab_viewport_image (res://V2021VisualRuntimeQa.gd:204)
SCRIPT ERROR: Invalid call. Nonexistent function 'style_objective_header' in base 'GDScript'.
   at: _add_objective_header_v152 (res://MainGame.gd:2166)
   GDScript backtrace (most recent call first):
       [0] _add_objective_header_v152 (res://MainGame.gd:2166)
       [1] _rebuild_quests (res://MainGame.gd:2205)
       [2] _refresh_all (res://MainGame.gd:688)
       [3] _reset_shared_state (res://P0TestHarness.gd:81)
       [4] apply_profile (res://P0TestHarness.gd:33)
       [5] _capture_main_only (res://V2021VisualRuntimeQa.gd:129)
       [6] run_acceptance (res://V2021VisualRuntimeQa.gd:61)
       [7] _capture_main_only (res://V2021VisualRuntimeQa.gd:142)
       [8] _capture (res://V2021VisualRuntimeQa.gd:182)
       [9] _grab_viewport_image (res://V2021VisualRuntimeQa.gd:204)
SCRIPT ERROR: Invalid call. Nonexistent function 'objective_icon_role' in base 'GDScript'.
   at: _add_objective_row_v152 (res://MainGame.gd:2181)
   GDScript backtrace (most recent call first):
       [0] _add_objective_row_v152 (res://MainGame.gd:2181)
       [1] _rebuild_quests (res://MainGame.gd:2206)
       [2] _refresh_all (res://MainGame.gd:688)
       [3] _reset_shared_state (res://P0TestHarness.gd:81)
       [4] apply_profile (res://P0TestHarness.gd:33)
       [5] _capture_main_only (res://V2021VisualRuntimeQa.gd:129)
       [6] run_acceptance (res://V2021VisualRuntimeQa.gd:61)
       [7] _capture_main_only (res://V2021VisualRuntimeQa.gd:142)
       [8] _capture (res://V2021VisualRuntimeQa.gd:182)
       [9] _grab_viewport_image (res://V2021VisualRuntimeQa.gd:204)
SCRIPT ERROR: Invalid call. Nonexistent function 'objective_icon_role' in base 'GDScript'.
   at: _add_objective_row_v152 (res://MainGame.gd:2181)
   GDScript backtrace (most recent call first):
       [0] _add_objective_row_v152 (res://MainGame.gd:2181)
       [1] _rebuild_quests (res://MainGame.gd:2206)
       [2] _refresh_all (res://MainGame.gd:688)
       [3] _reset_shared_state (res://P0TestHarness.gd:81)
       [4] apply_profile (res://P0TestHarness.gd:33)
       [5] _capture_main_only (res://V2021VisualRuntimeQa.gd:129)
       [6] run_acceptance (res://V2021VisualRuntimeQa.gd:61)
       [7] _capture_main_only (res://V2021VisualRuntimeQa.gd:142)
       [8] _capture (res://V2021VisualRuntimeQa.gd:182)
       [9] _grab_viewport_image (res://V2021VisualRuntimeQa.gd:204)
SCRIPT ERROR: Invalid call. Nonexistent function 'objective_icon_role' in base 'GDScript'.
   at: _add_objective_row_v152 (res://MainGame.gd:2181)
   GDScript backtrace (most recent call first):
       [0] _add_objective_row_v152 (res://MainGame.gd:2181)
       [1] _rebuild_quests (res://MainGame.gd:2206)
       [2] _refresh_all (res://MainGame.gd:688)
       [3] _reset_shared_state (res://P0TestHarness.gd:81)
       [4] apply_profile (res://P0TestHarness.gd:33)
       [5] _capture_main_only (res://V2021VisualRuntimeQa.gd:129)
       [6] run_acceptance (res://V2021VisualRuntimeQa.gd:61)
       [7] _capture_main_only (res://V2021VisualRuntimeQa.gd:142)
       [8] _capture (res://V2021VisualRuntimeQa.gd:182)
       [9] _grab_viewport_image (res://V2021VisualRuntimeQa.gd:204)
SCRIPT ERROR: Invalid call. Nonexistent function 'style_objective_header' in base 'GDScript'.
   at: _add_objective_header_v152 (res://MainGame.gd:2166)
   GDScript backtrace (most recent call first):
       [0] _add_objective_header_v152 (res://MainGame.gd:2166)
       [1] _rebuild_quests (res://MainGame.gd:2205)
       [2] _refresh_all (res://MainGame.gd:688)
       [3] _reset_shared_state (res://P0TestHarness.gd:81)
       [4] apply_profile (res://P0TestHarness.gd:33)
       [5] _capture_main_only (res://V2021VisualRuntimeQa.gd:129)
       [6] run_acceptance (res://V2021VisualRuntimeQa.gd:61)
       [7] _capture_main_only (res://V2021VisualRuntimeQa.gd:142)
       [8] _capture (res://V2021VisualRuntimeQa.gd:182)
       [9] _grab_viewport_image (res://V2021VisualRuntimeQa.gd:204)
SCRIPT ERROR: Invalid call. Nonexistent function 'objective_icon_role' in base 'GDScript'.
   at: _add_objective_row_v152 (res://MainGame.gd:2181)
   GDScript backtrace (most recent call first):
       [0] _add_objective_row_v152 (res://MainGame.gd:2181)
       [1] _rebuild_quests (res://MainGame.gd:2206)
       [2] _refresh_all (res://MainGame.gd:688)
       [3] _reset_shared_state (res://P0TestHarness.gd:81)
       [4] apply_profile (res://P0TestHarness.gd:33)
       [5] _capture_main_only (res://V2021VisualRuntimeQa.gd:129)
       [6] run_acceptance (res://V2021VisualRuntimeQa.gd:61)
       [7] _capture_main_only (res://V2021VisualRuntimeQa.gd:142)
       [8] _capture (res://V2021VisualRuntimeQa.gd:182)
       [9] _grab_viewport_image (res://V2021VisualRuntimeQa.gd:204)
SCRIPT ERROR: Invalid call. Nonexistent function 'objective_icon_role' in base 'GDScript'.
   at: _add_objective_row_v152 (res://MainGame.gd:2181)
   GDScript backtrace (most recent call first):
       [0] _add_objective_row_v152 (res://MainGame.gd:2181)
       [1] _rebuild_quests (res://MainGame.gd:2206)
       [2] _refresh_all (res://MainGame.gd:688)
       [3] _reset_shared_state (res://P0TestHarness.gd:81)
       [4] apply_profile (res://P0TestHarness.gd:33)
       [5] _capture_main_only (res://V2021VisualRuntimeQa.gd:129)
       [6] run_acceptance (res://V2021VisualRuntimeQa.gd:61)
       [7] _capture_main_only (res://V2021VisualRuntimeQa.gd:142)
       [8] _capture (res://V2021VisualRuntimeQa.gd:182)
       [9] _grab_viewport_image (res://V2021VisualRuntimeQa.gd:204)
SCRIPT ERROR: Invalid call. Nonexistent function 'objective_icon_role' in base 'GDScript'.
   at: _add_objective_row_v152 (res://MainGame.gd:2181)
   GDScript backtrace (most recent call first):
       [0] _add_objective_row_v152 (res://MainGame.gd:2181)
       [1] _rebuild_quests (res://MainGame.gd:2206)
       [2] _refresh_all (res://MainGame.gd:688)
       [3] _reset_shared_state (res://P0TestHarness.gd:81)
       [4] apply_profile (res://P0TestHarness.gd:33)
       [5] _capture_main_only (res://V2021VisualRuntimeQa.gd:129)
       [6] run_acceptance (res://V2021VisualRuntimeQa.gd:61)
       [7] _capture_main_only (res://V2021VisualRuntimeQa.gd:142)
       [8] _capture (res://V2021VisualRuntimeQa.gd:182)
       [9] _grab_viewport_image (res://V2021VisualRuntimeQa.gd:204)
SCRIPT ERROR: Invalid call. Nonexistent function 'style_objective_header' in base 'GDScript'.
   at: _add_objective_header_v152 (res://MainGame.gd:2166)
   GDScript backtrace (most recent call first):
       [0] _add_objective_header_v152 (res://MainGame.gd:2166)
       [1] _rebuild_quests (res://MainGame.gd:2205)
       [2] _refresh_all (res://MainGame.gd:688)
       [3] _reset_shared_state (res://P0TestHarness.gd:81)
       [4] apply_profile (res://P0TestHarness.gd:33)
       [5] _capture_main_only (res://V2021VisualRuntimeQa.gd:129)
       [6] run_acceptance (res://V2021VisualRuntimeQa.gd:61)
       [7] _capture_main_only (res://V2021VisualRuntimeQa.gd:142)
       [8] _capture (res://V2021VisualRuntimeQa.gd:182)
       [9] _grab_viewport_image (res://V2021VisualRuntimeQa.gd:204)
SCRIPT ERROR: Invalid call. Nonexistent function 'objective_icon_role' in base 'GDScript'.
   at: _add_objective_row_v152 (res://MainGame.gd:2181)
   GDScript backtrace (most recent call first):
       [0] _add_objective_row_v152 (res://MainGame.gd:2181)
       [1] _rebuild_quests (res://MainGame.gd:2206)
       [2] _refresh_all (res://MainGame.gd:688)
       [3] _reset_shared_state (res://P0TestHarness.gd:81)
       [4] apply_profile (res://P0TestHarness.gd:33)
       [5] _capture_main_only (res://V2021VisualRuntimeQa.gd:129)
       [6] run_acceptance (res://V2021VisualRuntimeQa.gd:61)
       [7] _capture_main_only (res://V2021VisualRuntimeQa.gd:142)
       [8] _capture (res://V2021VisualRuntimeQa.gd:182)
       [9] _grab_viewport_image (res://V2021VisualRuntimeQa.gd:204)
SCRIPT ERROR: Invalid call. Nonexistent function 'objective_icon_role' in base 'GDScript'.
   at: _add_objective_row_v152 (res://MainGame.gd:2181)
   GDScript backtrace (most recent call first):
       [0] _add_objective_row_v152 (res://MainGame.gd:2181)
       [1] _rebuild_quests (res://MainGame.gd:2206)
       [2] _refresh_all (res://MainGame.gd:688)
       [3] _reset_shared_state (res://P0TestHarness.gd:81)
       [4] apply_profile (res://P0TestHarness.gd:33)
       [5] _capture_main_only (res://V2021VisualRuntimeQa.gd:129)
       [6] run_acceptance (res://V2021VisualRuntimeQa.gd:61)
       [7] _capture_main_only (res://V2021VisualRuntimeQa.gd:142)
       [8] _capture (res://V2021VisualRuntimeQa.gd:182)
       [9] _grab_viewport_image (res://V2021VisualRuntimeQa.gd:204)
SCRIPT ERROR: Invalid call. Nonexistent function 'objective_icon_role' in base 'GDScript'.
   at: _add_objective_row_v152 (res://MainGame.gd:2181)
   GDScript backtrace (most recent call first):
       [0] _add_objective_row_v152 (res://MainGame.gd:2181)
       [1] _rebuild_quests (res://MainGame.gd:2206)
       [2] _refresh_all (res://MainGame.gd:688)
       [3] _reset_shared_state (res://P0TestHarness.gd:81)
       [4] apply_profile (res://P0TestHarness.gd:33)
       [5] _capture_main_only (res://V2021VisualRuntimeQa.gd:129)
       [6] run_acceptance (res://V2021VisualRuntimeQa.gd:61)
       [7] _capture_main_only (res://V2021VisualRuntimeQa.gd:142)
       [8] _capture (res://V2021VisualRuntimeQa.gd:182)
       [9] _grab_viewport_image (res://V2021VisualRuntimeQa.gd:204)
SCRIPT ERROR: Invalid call. Nonexistent function 'objective_icon_role' in base 'GDScript'.
   at: _add_objective_row_v152 (res://MainGame.gd:2181)
   GDScript backtrace (most recent call first):
       [0] _add_objective_row_v152 (res://MainGame.gd:2181)
       [1] _rebuild_quests (res://MainGame.gd:2206)
       [2] _refresh_all (res://MainGame.gd:688)
       [3] _reset_shared_state (res://P0TestHarness.gd:81)
       [4] apply_profile (res://P0TestHarness.gd:33)
       [5] _capture_main_only (res://V2021VisualRuntimeQa.gd:129)
       [6] run_acceptance (res://V2021VisualRuntimeQa.gd:61)
       [7] _capture_main_only (res://V2021VisualRuntimeQa.gd:142)
       [8] _capture (res://V2021VisualRuntimeQa.gd:182)
       [9] _grab_viewport_image (res://V2021VisualRuntimeQa.gd:204)
SCRIPT ERROR: Invalid call. Nonexistent function 'objective_icon_role' in base 'GDScript'.
   at: _add_objective_row_v152 (res://MainGame.gd:2181)
   GDScript backtrace (most recent call first):
       [0] _add_objective_row_v152 (res://MainGame.gd:2181)
       [1] _rebuild_quests (res://MainGame.gd:2206)
       [2] _refresh_all (res://MainGame.gd:688)
       [3] _reset_shared_state (res://P0TestHarness.gd:81)
       [4] apply_profile (res://P0TestHarness.gd:33)
       [5] _capture_main_only (res://V2021VisualRuntimeQa.gd:129)
       [6] run_acceptance (res://V2021VisualRuntimeQa.gd:61)
       [7] _capture_main_only (res://V2021VisualRuntimeQa.gd:142)
       [8] _capture (res://V2021VisualRuntimeQa.gd:182)
       [9] _grab_viewport_image (res://V2021VisualRuntimeQa.gd:204)
SCRIPT ERROR: Invalid call. Nonexistent function 'style_objective_header' in base 'GDScript'.
   at: _add_objective_header_v152 (res://MainGame.gd:2166)
   GDScript backtrace (most recent call first):
       [0] _add_objective_header_v152 (res://MainGame.gd:2166)
       [1] _rebuild_quests (res://MainGame.gd:2207)
       [2] _refresh_all (res://MainGame.gd:688)
       [3] _reset_shared_state (res://P0TestHarness.gd:81)
       [4] apply_profile (res://P0TestHarness.gd:33)
       [5] _capture_main_only (res://V2021VisualRuntimeQa.gd:129)
       [6] run_acceptance (res://V2021VisualRuntimeQa.gd:61)
       [7] _capture_main_only (res://V2021VisualRuntimeQa.gd:142)
       [8] _capture (res://V2021VisualRuntimeQa.gd:182)
       [9] _grab_viewport_image (res://V2021VisualRuntimeQa.gd:204)
SCRIPT ERROR: Invalid call. Nonexistent function 'objective_icon_role' in base 'GDScript'.
   at: _rebuild_quests (res://MainGame.gd:2214)
   GDScript backtrace (most recent call first):
       [0] _rebuild_quests (res://MainGame.gd:2214)
       [1] _refresh_all (res://MainGame.gd:688)
       [2] _reset_shared_state (res://P0TestHarness.gd:81)
       [3] apply_profile (res://P0TestHarness.gd:33)
       [4] _capture_main_only (res://V2021VisualRuntimeQa.gd:129)
       [5] run_acceptance (res://V2021VisualRuntimeQa.gd:61)
       [6] _capture_main_only (res://V2021VisualRuntimeQa.gd:142)
       [7] _capture (res://V2021VisualRuntimeQa.gd:182)
       [8] _grab_viewport_image (res://V2021VisualRuntimeQa.gd:204)
SCRIPT ERROR: Invalid call. Nonexistent function 'refresh_progression_state' in base 'GDScript'.
   at: _refresh_progression_p0 (res://MainGame.gd:2903)
   GDScript backtrace (most recent call first):
       [0] _refresh_progression_p0 (res://MainGame.gd:2903)
       [1] _refresh_all (res://MainGame.gd:696)
       [2] _reset_shared_state (res://P0TestHarness.gd:81)
       [3] apply_profile (res://P0TestHarness.gd:33)
       [4] _capture_main_only (res://V2021VisualRuntimeQa.gd:129)
       [5] run_acceptance (res://V2021VisualRuntimeQa.gd:61)
       [6] _capture_main_only (res://V2021VisualRuntimeQa.gd:142)
       [7] _capture (res://V2021VisualRuntimeQa.gd:182)
       [8] _grab_viewport_image (res://V2021VisualRuntimeQa.gd:204)
SCRIPT ERROR: Invalid call. Nonexistent function 'refresh_shop_state' in base 'GDScript'.
   at: _refresh_shop_p0 (res://MainGame.gd:2810)
   GDScript backtrace (most recent call first):
       [0] _refresh_shop_p0 (res://MainGame.gd:2810)
       [1] _refresh_all (res://MainGame.gd:697)
       [2] _reset_shared_state (res://P0TestHarness.gd:81)
       [3] apply_profile (res://P0TestHarness.gd:33)
       [4] _capture_main_only (res://V2021VisualRuntimeQa.gd:129)
       [5] run_acceptance (res://V2021VisualRuntimeQa.gd:61)
       [6] _capture_main_only (res://V2021VisualRuntimeQa.gd:142)
       [7] _capture (res://V2021VisualRuntimeQa.gd:182)
       [8] _grab_viewport_image (res://V2021VisualRuntimeQa.gd:204)
SCRIPT ERROR: Invalid call. Nonexistent function 'refresh_afk_state' in base 'GDScript'.
   at: _refresh_afk_p0 (res://MainGame.gd:2910)
   GDScript backtrace (most recent call first):
       [0] _refresh_afk_p0 (res://MainGame.gd:2910)
       [1] _refresh_all (res://MainGame.gd:698)
       [2] _reset_shared_state (res://P0TestHarness.gd:81)
       [3] apply_profile (res://P0TestHarness.gd:33)
       [4] _capture_main_only (res://V2021VisualRuntimeQa.gd:129)
       [5] run_acceptance (res://V2021VisualRuntimeQa.gd:61)
       [6] _capture_main_only (res://V2021VisualRuntimeQa.gd:142)
       [7] _capture (res://V2021VisualRuntimeQa.gd:182)
       [8] _grab_viewport_image (res://V2021VisualRuntimeQa.gd:204)
SCRIPT ERROR: Invalid call. Nonexistent function 'refresh_home_loop_state' in base 'GDScript'.
   at: _update_monster_ui (res://MainGame.gd:1219)
   GDScript backtrace (most recent call first):
       [0] _update_monster_ui (res://MainGame.gd:1219)
       [1] _reset_shared_state (res://P0TestHarness.gd:82)
       [2] apply_profile (res://P0TestHarness.gd:33)
       [3] _capture_main_only (res://V2021VisualRuntimeQa.gd:129)
       [4] run_acceptance (res://V2021VisualRuntimeQa.gd:61)
       [5] _capture_main_only (res://V2021VisualRuntimeQa.gd:142)
       [6] _capture (res://V2021VisualRuntimeQa.gd:182)
       [7] _grab_viewport_image (res://V2021VisualRuntimeQa.gd:204)
SCRIPT ERROR: Invalid call. Nonexistent function 'refresh_home_loop_state' in base 'GDScript'.
   at: _update_monster_ui (res://MainGame.gd:1219)
   GDScript backtrace (most recent call first):
       [0] _update_monster_ui (res://MainGame.gd:1219)
       [1] _refresh_all (res://MainGame.gd:675)
       [2] _reset_shared_state (res://P0TestHarness.gd:83)
       [3] apply_profile (res://P0TestHarness.gd:33)
       [4] _capture_main_only (res://V2021VisualRuntimeQa.gd:129)
       [5] run_acceptance (res://V2021VisualRuntimeQa.gd:61)
       [6] _capture_main_only (res://V2021VisualRuntimeQa.gd:142)
       [7] _capture (res://V2021VisualRuntimeQa.gd:182)
       [8] _grab_viewport_image (res://V2021VisualRuntimeQa.gd:204)
SCRIPT ERROR: Invalid call. Nonexistent function 'refresh_village_loop_state' in base 'GDScript'.
   at: _refresh_p0_village (res://MainGame.gd:2410)
   GDScript backtrace (most recent call first):
       [0] _refresh_p0_village (res://MainGame.gd:2410)
       [1] _refresh_all (res://MainGame.gd:680)
       [2] _reset_shared_state (res://P0TestHarness.gd:83)
       [3] apply_profile (res://P0TestHarness.gd:33)
       [4] _capture_main_only (res://V2021VisualRuntimeQa.gd:129)
       [5] run_acceptance (res://V2021VisualRuntimeQa.gd:61)
       [6] _capture_main_only (res://V2021VisualRuntimeQa.gd:142)
       [7] _capture (res://V2021VisualRuntimeQa.gd:182)
       [8] _grab_viewport_image (res://V2021VisualRuntimeQa.gd:204)
SCRIPT ERROR: Invalid call. Nonexistent function 'refresh_reward_session_state' in base 'GDScript'.
   at: _refresh_meta_ui (res://MainGame.gd:1004)
   GDScript backtrace (most recent call first):
       [0] _refresh_meta_ui (res://MainGame.gd:1004)
       [1] _refresh_all (res://MainGame.gd:683)
       [2] _reset_shared_state (res://P0TestHarness.gd:83)
       [3] apply_profile (res://P0TestHarness.gd:33)
       [4] _capture_main_only (res://V2021VisualRuntimeQa.gd:129)
       [5] run_acceptance (res://V2021VisualRuntimeQa.gd:61)
       [6] _capture_main_only (res://V2021VisualRuntimeQa.gd:142)
       [7] _capture (res://V2021VisualRuntimeQa.gd:182)
       [8] _grab_viewport_image (res://V2021VisualRuntimeQa.gd:204)
SCRIPT ERROR: Invalid call. Nonexistent function 'style_objective_header' in base 'GDScript'.
   at: _add_objective_header_v152 (res://MainGame.gd:2166)
   GDScript backtrace (most recent call first):
       [0] _add_objective_header_v152 (res://MainGame.gd:2166)
       [1] _rebuild_quests (res://MainGame.gd:2205)
       [2] _refresh_all (res://MainGame.gd:688)
       [3] _reset_shared_state (res://P0TestHarness.gd:83)
       [4] apply_profile (res://P0TestHarness.gd:33)
       [5] _capture_main_only (res://V2021VisualRuntimeQa.gd:129)
       [6] run_acceptance (res://V2021VisualRuntimeQa.gd:61)
       [7] _capture_main_only (res://V2021VisualRuntimeQa.gd:142)
       [8] _capture (res://V2021VisualRuntimeQa.gd:182)
       [9] _grab_viewport_image (res://V2021VisualRuntimeQa.gd:204)
SCRIPT ERROR: Invalid call. Nonexistent function 'objective_icon_role' in base 'GDScript'.
   at: _add_objective_row_v152 (res://MainGame.gd:2181)
   GDScript backtrace (most recent call first):
       [0] _add_objective_row_v152 (res://MainGame.gd:2181)
       [1] _rebuild_quests (res://MainGame.gd:2206)
       [2] _refresh_all (res://MainGame.gd:688)
       [3] _reset_shared_state (res://P0TestHarness.gd:83)
       [4] apply_profile (res://P0TestHarness.gd:33)
       [5] _capture_main_only (res://V2021VisualRuntimeQa.gd:129)
       [6] run_acceptance (res://V2021VisualRuntimeQa.gd:61)
       [7] _capture_main_only (res://V2021VisualRuntimeQa.gd:142)
       [8] _capture (res://V2021VisualRuntimeQa.gd:182)
       [9] _grab_viewport_image (res://V2021VisualRuntimeQa.gd:204)
SCRIPT ERROR: Invalid call. Nonexistent function 'objective_icon_role' in base 'GDScript'.
   at: _add_objective_row_v152 (res://MainGame.gd:2181)
   GDScript backtrace (most recent call first):
       [0] _add_objective_row_v152 (res://MainGame.gd:2181)
       [1] _rebuild_quests (res://MainGame.gd:2206)
       [2] _refresh_all (res://MainGame.gd:688)
       [3] _reset_shared_state (res://P0TestHarness.gd:83)
       [4] apply_profile (res://P0TestHarness.gd:33)
       [5] _capture_main_only (res://V2021VisualRuntimeQa.gd:129)
       [6] run_acceptance (res://V2021VisualRuntimeQa.gd:61)
       [7] _capture_main_only (res://V2021VisualRuntimeQa.gd:142)
       [8] _capture (res://V2021VisualRuntimeQa.gd:182)
       [9] _grab_viewport_image (res://V2021VisualRuntimeQa.gd:204)
SCRIPT ERROR: Invalid call. Nonexistent function 'objective_icon_role' in base 'GDScript'.
   at: _add_objective_row_v152 (res://MainGame.gd:2181)
   GDScript backtrace (most recent call first):
       [0] _add_objective_row_v152 (res://MainGame.gd:2181)
       [1] _rebuild_quests (res://MainGame.gd:2206)
       [2] _refresh_all (res://MainGame.gd:688)
       [3] _reset_shared_state (res://P0TestHarness.gd:83)
       [4] apply_profile (res://P0TestHarness.gd:33)
       [5] _capture_main_only (res://V2021VisualRuntimeQa.gd:129)
       [6] run_acceptance (res://V2021VisualRuntimeQa.gd:61)
       [7] _capture_main_only (res://V2021VisualRuntimeQa.gd:142)
       [8] _capture (res://V2021VisualRuntimeQa.gd:182)
       [9] _grab_viewport_image (res://V2021VisualRuntimeQa.gd:204)
SCRIPT ERROR: Invalid call. Nonexistent function 'style_objective_header' in base 'GDScript'.
   at: _add_objective_header_v152 (res://MainGame.gd:2166)
   GDScript backtrace (most recent call first):
       [0] _add_objective_header_v152 (res://MainGame.gd:2166)
       [1] _rebuild_quests (res://MainGame.gd:2205)
       [2] _refresh_all (res://MainGame.gd:688)
       [3] _reset_shared_state (res://P0TestHarness.gd:83)
       [4] apply_profile (res://P0TestHarness.gd:33)
       [5] _capture_main_only (res://V2021VisualRuntimeQa.gd:129)
       [6] run_acceptance (res://V2021VisualRuntimeQa.gd:61)
       [7] _capture_main_only (res://V2021VisualRuntimeQa.gd:142)
       [8] _capture (res://V2021VisualRuntimeQa.gd:182)
       [9] _grab_viewport_image (res://V2021VisualRuntimeQa.gd:204)
SCRIPT ERROR: Invalid call. Nonexistent function 'objective_icon_role' in base 'GDScript'.
   at: _add_objective_row_v152 (res://MainGame.gd:2181)
   GDScript backtrace (most recent call first):
       [0] _add_objective_row_v152 (res://MainGame.gd:2181)
       [1] _rebuild_quests (res://MainGame.gd:2206)
       [2] _refresh_all (res://MainGame.gd:688)
       [3] _reset_shared_state (res://P0TestHarness.gd:83)
       [4] apply_profile (res://P0TestHarness.gd:33)
       [5] _capture_main_only (res://V2021VisualRuntimeQa.gd:129)
       [6] run_acceptance (res://V2021VisualRuntimeQa.gd:61)
       [7] _capture_main_only (res://V2021VisualRuntimeQa.gd:142)
       [8] _capture (res://V2021VisualRuntimeQa.gd:182)
       [9] _grab_viewport_image (res://V2021VisualRuntimeQa.gd:204)
SCRIPT ERROR: Invalid call. Nonexistent function 'objective_icon_role' in base 'GDScript'.
   at: _add_objective_row_v152 (res://MainGame.gd:2181)
   GDScript backtrace (most recent call first):
       [0] _add_objective_row_v152 (res://MainGame.gd:2181)
       [1] _rebuild_quests (res://MainGame.gd:2206)
       [2] _refresh_all (res://MainGame.gd:688)
       [3] _reset_shared_state (res://P0TestHarness.gd:83)
       [4] apply_profile (res://P0TestHarness.gd:33)
       [5] _capture_main_only (res://V2021VisualRuntimeQa.gd:129)
       [6] run_acceptance (res://V2021VisualRuntimeQa.gd:61)
       [7] _capture_main_only (res://V2021VisualRuntimeQa.gd:142)
       [8] _capture (res://V2021VisualRuntimeQa.gd:182)
       [9] _grab_viewport_image (res://V2021VisualRuntimeQa.gd:204)
SCRIPT ERROR: Invalid call. Nonexistent function 'objective_icon_role' in base 'GDScript'.
   at: _add_objective_row_v152 (res://MainGame.gd:2181)
   GDScript backtrace (most recent call first):
       [0] _add_objective_row_v152 (res://MainGame.gd:2181)
       [1] _rebuild_quests (res://MainGame.gd:2206)
       [2] _refresh_all (res://MainGame.gd:688)
       [3] _reset_shared_state (res://P0TestHarness.gd:83)
       [4] apply_profile (res://P0TestHarness.gd:33)
       [5] _capture_main_only (res://V2021VisualRuntimeQa.gd:129)
       [6] run_acceptance (res://V2021VisualRuntimeQa.gd:61)
       [7] _capture_main_only (res://V2021VisualRuntimeQa.gd:142)
       [8] _capture (res://V2021VisualRuntimeQa.gd:182)
       [9] _grab_viewport_image (res://V2021VisualRuntimeQa.gd:204)
SCRIPT ERROR: Invalid call. Nonexistent function 'style_objective_header' in base 'GDScript'.
   at: _add_objective_header_v152 (res://MainGame.gd:2166)
   GDScript backtrace (most recent call first):
       [0] _add_objective_header_v152 (res://MainGame.gd:2166)
       [1] _rebuild_quests (res://MainGame.gd:2205)
       [2] _refresh_all (res://MainGame.gd:688)
       [3] _reset_shared_state (res://P0TestHarness.gd:83)
       [4] apply_profile (res://P0TestHarness.gd:33)
       [5] _capture_main_only (res://V2021VisualRuntimeQa.gd:129)
       [6] run_acceptance (res://V2021VisualRuntimeQa.gd:61)
       [7] _capture_main_only (res://V2021VisualRuntimeQa.gd:142)
       [8] _capture (res://V2021VisualRuntimeQa.gd:182)
       [9] _grab_viewport_image (res://V2021VisualRuntimeQa.gd:204)
SCRIPT ERROR: Invalid call. Nonexistent function 'objective_icon_role' in base 'GDScript'.
   at: _add_objective_row_v152 (res://MainGame.gd:2181)
   GDScript backtrace (most recent call first):
       [0] _add_objective_row_v152 (res://MainGame.gd:2181)
       [1] _rebuild_quests (res://MainGame.gd:2206)
       [2] _refresh_all (res://MainGame.gd:688)
       [3] _reset_shared_state (res://P0TestHarness.gd:83)
       [4] apply_profile (res://P0TestHarness.gd:33)
       [5] _capture_main_only (res://V2021VisualRuntimeQa.gd:129)
       [6] run_acceptance (res://V2021VisualRuntimeQa.gd:61)
       [7] _capture_main_only (res://V2021VisualRuntimeQa.gd:142)
       [8] _capture (res://V2021VisualRuntimeQa.gd:182)
       [9] _grab_viewport_image (res://V2021VisualRuntimeQa.gd:204)
SCRIPT ERROR: Invalid call. Nonexistent function 'objective_icon_role' in base 'GDScript'.
   at: _add_objective_row_v152 (res://MainGame.gd:2181)
   GDScript backtrace (most recent call first):
       [0] _add_objective_row_v152 (res://MainGame.gd:2181)
       [1] _rebuild_quests (res://MainGame.gd:2206)
       [2] _refresh_all (res://MainGame.gd:688)
       [3] _reset_shared_state (res://P0TestHarness.gd:83)
       [4] apply_profile (res://P0TestHarness.gd:33)
       [5] _capture_main_only (res://V2021VisualRuntimeQa.gd:129)
       [6] run_acceptance (res://V2021VisualRuntimeQa.gd:61)
       [7] _capture_main_only (res://V2021VisualRuntimeQa.gd:142)
       [8] _capture (res://V2021VisualRuntimeQa.gd:182)
       [9] _grab_viewport_image (res://V2021VisualRuntimeQa.gd:204)
SCRIPT ERROR: Invalid call. Nonexistent function 'objective_icon_role' in base 'GDScript'.
   at: _add_objective_row_v152 (res://MainGame.gd:2181)
   GDScript backtrace (most recent call first):
       [0] _add_objective_row_v152 (res://MainGame.gd:2181)
       [1] _rebuild_quests (res://MainGame.gd:2206)
       [2] _refresh_all (res://MainGame.gd:688)
       [3] _reset_shared_state (res://P0TestHarness.gd:83)
       [4] apply_profile (res://P0TestHarness.gd:33)
       [5] _capture_main_only (res://V2021VisualRuntimeQa.gd:129)
       [6] run_acceptance (res://V2021VisualRuntimeQa.gd:61)
       [7] _capture_main_only (res://V2021VisualRuntimeQa.gd:142)
       [8] _capture (res://V2021VisualRuntimeQa.gd:182)
       [9] _grab_viewport_image (res://V2021VisualRuntimeQa.gd:204)
SCRIPT ERROR: Invalid call. Nonexistent function 'objective_icon_role' in base 'GDScript'.
   at: _add_objective_row_v152 (res://MainGame.gd:2181)
   GDScript backtrace (most recent call first):
       [0] _add_objective_row_v152 (res://MainGame.gd:2181)
       [1] _rebuild_quests (res://MainGame.gd:2206)
       [2] _refresh_all (res://MainGame.gd:688)
       [3] _reset_shared_state (res://P0TestHarness.gd:83)
       [4] apply_profile (res://P0TestHarness.gd:33)
       [5] _capture_main_only (res://V2021VisualRuntimeQa.gd:129)
       [6] run_acceptance (res://V2021VisualRuntimeQa.gd:61)
       [7] _capture_main_only (res://V2021VisualRuntimeQa.gd:142)
       [8] _capture (res://V2021VisualRuntimeQa.gd:182)
       [9] _grab_viewport_image (res://V2021VisualRuntimeQa.gd:204)
SCRIPT ERROR: Invalid call. Nonexistent function 'objective_icon_role' in base 'GDScript'.
   at: _add_objective_row_v152 (res://MainGame.gd:2181)
   GDScript backtrace (most recent call first):
       [0] _add_objective_row_v152 (res://MainGame.gd:2181)
       [1] _rebuild_quests (res://MainGame.gd:2206)
       [2] _refresh_all (res://MainGame.gd:688)
       [3] _reset_shared_state (res://P0TestHarness.gd:83)
       [4] apply_profile (res://P0TestHarness.gd:33)
       [5] _capture_main_only (res://V2021VisualRuntimeQa.gd:129)
       [6] run_acceptance (res://V2021VisualRuntimeQa.gd:61)
       [7] _capture_main_only (res://V2021VisualRuntimeQa.gd:142)
       [8] _capture (res://V2021VisualRuntimeQa.gd:182)
       [9] _grab_viewport_image (res://V2021VisualRuntimeQa.gd:204)
SCRIPT ERROR: Invalid call. Nonexistent function 'style_objective_header' in base 'GDScript'.
   at: _add_objective_header_v152 (res://MainGame.gd:2166)
   GDScript backtrace (most recent call first):
       [0] _add_objective_header_v152 (res://MainGame.gd:2166)
       [1] _rebuild_quests (res://MainGame.gd:2207)
       [2] _refresh_all (res://MainGame.gd:688)
       [3] _reset_shared_state (res://P0TestHarness.gd:83)
       [4] apply_profile (res://P0TestHarness.gd:33)
       [5] _capture_main_only (res://V2021VisualRuntimeQa.gd:129)
       [6] run_acceptance (res://V2021VisualRuntimeQa.gd:61)
       [7] _capture_main_only (res://V2021VisualRuntimeQa.gd:142)
       [8] _capture (res://V2021VisualRuntimeQa.gd:182)
       [9] _grab_viewport_image (res://V2021VisualRuntimeQa.gd:204)
SCRIPT ERROR: Invalid call. Nonexistent function 'objective_icon_role' in base 'GDScript'.
   at: _rebuild_quests (res://MainGame.gd:2214)
   GDScript backtrace (most recent call first):
       [0] _rebuild_quests (res://MainGame.gd:2214)
       [1] _refresh_all (res://MainGame.gd:688)
       [2] _reset_shared_state (res://P0TestHarness.gd:83)
       [3] apply_profile (res://P0TestHarness.gd:33)
       [4] _capture_main_only (res://V2021VisualRuntimeQa.gd:129)
       [5] run_acceptance (res://V2021VisualRuntimeQa.gd:61)
       [6] _capture_main_only (res://V2021VisualRuntimeQa.gd:142)
       [7] _capture (res://V2021VisualRuntimeQa.gd:182)
       [8] _grab_viewport_image (res://V2021VisualRuntimeQa.gd:204)
SCRIPT ERROR: Invalid call. Nonexistent function 'refresh_progression_state' in base 'GDScript'.
   at: _refresh_progression_p0 (res://MainGame.gd:2903)
   GDScript backtrace (most recent call first):
       [0] _refresh_progression_p0 (res://MainGame.gd:2903)
       [1] _refresh_all (res://MainGame.gd:696)
       [2] _reset_shared_state (res://P0TestHarness.gd:83)
       [3] apply_profile (res://P0TestHarness.gd:33)
       [4] _capture_main_only (res://V2021VisualRuntimeQa.gd:129)
       [5] run_acceptance (res://V2021VisualRuntimeQa.gd:61)
       [6] _capture_main_only (res://V2021VisualRuntimeQa.gd:142)
       [7] _capture (res://V2021VisualRuntimeQa.gd:182)
       [8] _grab_viewport_image (res://V2021VisualRuntimeQa.gd:204)
SCRIPT ERROR: Invalid call. Nonexistent function 'refresh_shop_state' in base 'GDScript'.
   at: _refresh_shop_p0 (res://MainGame.gd:2810)
   GDScript backtrace (most recent call first):
       [0] _refresh_shop_p0 (res://MainGame.gd:2810)
       [1] _refresh_all (res://MainGame.gd:697)
       [2] _reset_shared_state (res://P0TestHarness.gd:83)
       [3] apply_profile (res://P0TestHarness.gd:33)
       [4] _capture_main_only (res://V2021VisualRuntimeQa.gd:129)
       [5] run_acceptance (res://V2021VisualRuntimeQa.gd:61)
       [6] _capture_main_only (res://V2021VisualRuntimeQa.gd:142)
       [7] _capture (res://V2021VisualRuntimeQa.gd:182)
       [8] _grab_viewport_image (res://V2021VisualRuntimeQa.gd:204)
SCRIPT ERROR: Invalid call. Nonexistent function 'refresh_afk_state' in base 'GDScript'.
   at: _refresh_afk_p0 (res://MainGame.gd:2910)
   GDScript backtrace (most recent call first):
       [0] _refresh_afk_p0 (res://MainGame.gd:2910)
       [1] _refresh_all (res://MainGame.gd:698)
       [2] _reset_shared_state (res://P0TestHarness.gd:83)
       [3] apply_profile (res://P0TestHarness.gd:33)
       [4] _capture_main_only (res://V2021VisualRuntimeQa.gd:129)
       [5] run_acceptance (res://V2021VisualRuntimeQa.gd:61)
       [6] _capture_main_only (res://V2021VisualRuntimeQa.gd:142)
       [7] _capture (res://V2021VisualRuntimeQa.gd:182)
       [8] _grab_viewport_image (res://V2021VisualRuntimeQa.gd:204)
SCRIPT ERROR: Invalid call. Nonexistent function 'refresh_village_loop_state' in base 'GDScript'.
   at: _refresh_p0_village (res://MainGame.gd:2410)
   GDScript backtrace (most recent call first):
       [0] _refresh_p0_village (res://MainGame.gd:2410)
       [1] _reset_shared_state (res://P0TestHarness.gd:84)
       [2] apply_profile (res://P0TestHarness.gd:33)
       [3] _capture_main_only (res://V2021VisualRuntimeQa.gd:129)
       [4] run_acceptance (res://V2021VisualRuntimeQa.gd:61)
       [5] _capture_main_only (res://V2021VisualRuntimeQa.gd:142)
       [6] _capture (res://V2021VisualRuntimeQa.gd:182)
       [7] _grab_viewport_image (res://V2021VisualRuntimeQa.gd:204)
[CORE_ANALYTICS] {"event":"test_profile_applied","payload":{"profile":"fresh"},"time_unix":1789103610.192}
[CORE_ANALYTICS] {"event":"game_start","payload":{},"time_unix":1789103610.456}
SCRIPT ERROR: Invalid call. Nonexistent function 'refresh_home_loop_state' in base 'GDScript'.
   at: _update_monster_ui (res://MainGame.gd:1219)
   GDScript backtrace (most recent call first):
       [0] _update_monster_ui (res://MainGame.gd:1219)
       [1] _refresh_all (res://MainGame.gd:675)
       [2] @shields_setter (res://PlayerData.gd:14)
       [3] apply_save_data (res://PlayerData.gd:150)
       [4] load_game (res://SaveGame.gd:150)
       [5] _ready (res://MainGame.gd:515)
SCRIPT ERROR: Invalid call. Nonexistent function 'refresh_village_loop_state' in base 'GDScript'.
   at: _refresh_p0_village (res://MainGame.gd:2410)
   GDScript backtrace (most recent call first):
       [0] _refresh_p0_village (res://MainGame.gd:2410)
       [1] _refresh_all (res://MainGame.gd:680)
       [2] @shields_setter (res://PlayerData.gd:14)
       [3] apply_save_data (res://PlayerData.gd:150)
       [4] load_game (res://SaveGame.gd:150)
       [5] _ready (res://MainGame.gd:515)
SCRIPT ERROR: Invalid call. Nonexistent function 'refresh_reward_session_state' in base 'GDScript'.
   at: _refresh_meta_ui (res://MainGame.gd:1004)
   GDScript backtrace (most recent call first):
       [0] _refresh_meta_ui (res://MainGame.gd:1004)
       [1] _refresh_all (res://MainGame.gd:683)
       [2] @shields_setter (res://PlayerData.gd:14)
       [3] apply_save_data (res://PlayerData.gd:150)
       [4] load_game (res://SaveGame.gd:150)
       [5] _ready (res://MainGame.gd:515)
SCRIPT ERROR: Invalid call. Nonexistent function 'style_objective_header' in base 'GDScript'.
   at: _add_objective_header_v152 (res://MainGame.gd:2166)
   GDScript backtrace (most recent call first):
       [0] _add_objective_header_v152 (res://MainGame.gd:2166)
       [1] _rebuild_quests (res://MainGame.gd:2205)
       [2] _refresh_all (res://MainGame.gd:688)
       [3] @shields_setter (res://PlayerData.gd:14)
       [4] apply_save_data (res://PlayerData.gd:150)
       [5] load_game (res://SaveGame.gd:150)
       [6] _ready (res://MainGame.gd:515)
SCRIPT ERROR: Invalid call. Nonexistent function 'objective_icon_role' in base 'GDScript'.
   at: _add_objective_row_v152 (res://MainGame.gd:2181)
   GDScript backtrace (most recent call first):
       [0] _add_objective_row_v152 (res://MainGame.gd:2181)
       [1] _rebuild_quests (res://MainGame.gd:2206)
       [2] _refresh_all (res://MainGame.gd:688)
       [3] @shields_setter (res://PlayerData.gd:14)
       [4] apply_save_data (res://PlayerData.gd:150)
       [5] load_game (res://SaveGame.gd:150)
       [6] _ready (res://MainGame.gd:515)
SCRIPT ERROR: Invalid call. Nonexistent function 'objective_icon_role' in base 'GDScript'.
   at: _add_objective_row_v152 (res://MainGame.gd:2181)
   GDScript backtrace (most recent call first):
       [0] _add_objective_row_v152 (res://MainGame.gd:2181)
       [1] _rebuild_quests (res://MainGame.gd:2206)
       [2] _refresh_all (res://MainGame.gd:688)
       [3] @shields_setter (res://PlayerData.gd:14)
       [4] apply_save_data (res://PlayerData.gd:150)
       [5] load_game (res://SaveGame.gd:150)
       [6] _ready (res://MainGame.gd:515)
SCRIPT ERROR: Invalid call. Nonexistent function 'objective_icon_role' in base 'GDScript'.
   at: _add_objective_row_v152 (res://MainGame.gd:2181)
   GDScript backtrace (most recent call first):
       [0] _add_objective_row_v152 (res://MainGame.gd:2181)
       [1] _rebuild_quests (res://MainGame.gd:2206)
       [2] _refresh_all (res://MainGame.gd:688)
       [3] @shields_setter (res://PlayerData.gd:14)
       [4] apply_save_data (res://PlayerData.gd:150)
       [5] load_game (res://SaveGame.gd:150)
       [6] _ready (res://MainGame.gd:515)
SCRIPT ERROR: Invalid call. Nonexistent function 'style_objective_header' in base 'GDScript'.
   at: _add_objective_header_v152 (res://MainGame.gd:2166)
   GDScript backtrace (most recent call first):
       [0] _add_objective_header_v152 (res://MainGame.gd:2166)
       [1] _rebuild_quests (res://MainGame.gd:2205)
       [2] _refresh_all (res://MainGame.gd:688)
       [3] @shields_setter (res://PlayerData.gd:14)
       [4] apply_save_data (res://PlayerData.gd:150)
       [5] load_game (res://SaveGame.gd:150)
       [6] _ready (res://MainGame.gd:515)
SCRIPT ERROR: Invalid call. Nonexistent function 'objective_icon_role' in base 'GDScript'.
   at: _add_objective_row_v152 (res://MainGame.gd:2181)
   GDScript backtrace (most recent call first):
       [0] _add_objective_row_v152 (res://MainGame.gd:2181)
       [1] _rebuild_quests (res://MainGame.gd:2206)
       [2] _refresh_all (res://MainGame.gd:688)
       [3] @shields_setter (res://PlayerData.gd:14)
       [4] apply_save_data (res://PlayerData.gd:150)
       [5] load_game (res://SaveGame.gd:150)
       [6] _ready (res://MainGame.gd:515)
SCRIPT ERROR: Invalid call. Nonexistent function 'objective_icon_role' in base 'GDScript'.
   at: _add_objective_row_v152 (res://MainGame.gd:2181)
   GDScript backtrace (most recent call first):
       [0] _add_objective_row_v152 (res://MainGame.gd:2181)
       [1] _rebuild_quests (res://MainGame.gd:2206)
       [2] _refresh_all (res://MainGame.gd:688)
       [3] @shields_setter (res://PlayerData.gd:14)
       [4] apply_save_data (res://PlayerData.gd:150)
       [5] load_game (res://SaveGame.gd:150)
       [6] _ready (res://MainGame.gd:515)
SCRIPT ERROR: Invalid call. Nonexistent function 'objective_icon_role' in base 'GDScript'.
   at: _add_objective_row_v152 (res://MainGame.gd:2181)
   GDScript backtrace (most recent call first):
       [0] _add_objective_row_v152 (res://MainGame.gd:2181)
       [1] _rebuild_quests (res://MainGame.gd:2206)
       [2] _refresh_all (res://MainGame.gd:688)
       [3] @shields_setter (res://PlayerData.gd:14)
       [4] apply_save_data (res://PlayerData.gd:150)
       [5] load_game (res://SaveGame.gd:150)
       [6] _ready (res://MainGame.gd:515)
SCRIPT ERROR: Invalid call. Nonexistent function 'style_objective_header' in base 'GDScript'.
   at: _add_objective_header_v152 (res://MainGame.gd:2166)
   GDScript backtrace (most recent call first):
       [0] _add_objective_header_v152 (res://MainGame.gd:2166)
       [1] _rebuild_quests (res://MainGame.gd:2205)
       [2] _refresh_all (res://MainGame.gd:688)
       [3] @shields_setter (res://PlayerData.gd:14)
       [4] apply_save_data (res://PlayerData.gd:150)
       [5] load_game (res://SaveGame.gd:150)
       [6] _ready (res://MainGame.gd:515)
SCRIPT ERROR: Invalid call. Nonexistent function 'objective_icon_role' in base 'GDScript'.
   at: _add_objective_row_v152 (res://MainGame.gd:2181)
   GDScript backtrace (most recent call first):
       [0] _add_objective_row_v152 (res://MainGame.gd:2181)
       [1] _rebuild_quests (res://MainGame.gd:2206)
       [2] _refresh_all (res://MainGame.gd:688)
       [3] @shields_setter (res://PlayerData.gd:14)
       [4] apply_save_data (res://PlayerData.gd:150)
       [5] load_game (res://SaveGame.gd:150)
       [6] _ready (res://MainGame.gd:515)
SCRIPT ERROR: Invalid call. Nonexistent function 'objective_icon_role' in base 'GDScript'.
   at: _add_objective_row_v152 (res://MainGame.gd:2181)
   GDScript backtrace (most recent call first):
       [0] _add_objective_row_v152 (res://MainGame.gd:2181)
       [1] _rebuild_quests (res://MainGame.gd:2206)
       [2] _refresh_all (res://MainGame.gd:688)
       [3] @shields_setter (res://PlayerData.gd:14)
       [4] apply_save_data (res://PlayerData.gd:150)
       [5] load_game (res://SaveGame.gd:150)
       [6] _ready (res://MainGame.gd:515)
SCRIPT ERROR: Invalid call. Nonexistent function 'objective_icon_role' in base 'GDScript'.
   at: _add_objective_row_v152 (res://MainGame.gd:2181)
   GDScript backtrace (most recent call first):
       [0] _add_objective_row_v152 (res://MainGame.gd:2181)
       [1] _rebuild_quests (res://MainGame.gd:2206)
       [2] _refresh_all (res://MainGame.gd:688)
       [3] @shields_setter (res://PlayerData.gd:14)
       [4] apply_save_data (res://PlayerData.gd:150)
       [5] load_game (res://SaveGame.gd:150)
       [6] _ready (res://MainGame.gd:515)
SCRIPT ERROR: Invalid call. Nonexistent function 'objective_icon_role' in base 'GDScript'.
   at: _add_objective_row_v152 (res://MainGame.gd:2181)
   GDScript backtrace (most recent call first):
       [0] _add_objective_row_v152 (res://MainGame.gd:2181)
       [1] _rebuild_quests (res://MainGame.gd:2206)
       [2] _refresh_all (res://MainGame.gd:688)
       [3] @shields_setter (res://PlayerData.gd:14)
       [4] apply_save_data (res://PlayerData.gd:150)
       [5] load_game (res://SaveGame.gd:150)
       [6] _ready (res://MainGame.gd:515)
SCRIPT ERROR: Invalid call. Nonexistent function 'objective_icon_role' in base 'GDScript'.
   at: _add_objective_row_v152 (res://MainGame.gd:2181)
   GDScript backtrace (most recent call first):
       [0] _add_objective_row_v152 (res://MainGame.gd:2181)
       [1] _rebuild_quests (res://MainGame.gd:2206)
       [2] _refresh_all (res://MainGame.gd:688)
       [3] @shields_setter (res://PlayerData.gd:14)
       [4] apply_save_data (res://PlayerData.gd:150)
       [5] load_game (res://SaveGame.gd:150)
       [6] _ready (res://MainGame.gd:515)
SCRIPT ERROR: Invalid call. Nonexistent function 'style_objective_header' in base 'GDScript'.
   at: _add_objective_header_v152 (res://MainGame.gd:2166)
   GDScript backtrace (most recent call first):
       [0] _add_objective_header_v152 (res://MainGame.gd:2166)
       [1] _rebuild_quests (res://MainGame.gd:2207)
       [2] _refresh_all (res://MainGame.gd:688)
       [3] @shields_setter (res://PlayerData.gd:14)
       [4] apply_save_data (res://PlayerData.gd:150)
       [5] load_game (res://SaveGame.gd:150)
       [6] _ready (res://MainGame.gd:515)
SCRIPT ERROR: Invalid call. Nonexistent function 'objective_icon_role' in base 'GDScript'.
   at: _rebuild_quests (res://MainGame.gd:2214)
   GDScript backtrace (most recent call first):
       [0] _rebuild_quests (res://MainGame.gd:2214)
       [1] _refresh_all (res://MainGame.gd:688)
       [2] @shields_setter (res://PlayerData.gd:14)
       [3] apply_save_data (res://PlayerData.gd:150)
       [4] load_game (res://SaveGame.gd:150)
       [5] _ready (res://MainGame.gd:515)
SCRIPT ERROR: Invalid call. Nonexistent function 'refresh_progression_state' in base 'GDScript'.
   at: _refresh_progression_p0 (res://MainGame.gd:2903)
   GDScript backtrace (most recent call first):
       [0] _refresh_progression_p0 (res://MainGame.gd:2903)
       [1] _refresh_all (res://MainGame.gd:696)
       [2] @shields_setter (res://PlayerData.gd:14)
       [3] apply_save_data (res://PlayerData.gd:150)
       [4] load_game (res://SaveGame.gd:150)
       [5] _ready (res://MainGame.gd:515)
SCRIPT ERROR: Invalid call. Nonexistent function 'refresh_shop_state' in base 'GDScript'.
   at: _refresh_shop_p0 (res://MainGame.gd:2810)
   GDScript backtrace (most recent call first):
       [0] _refresh_shop_p0 (res://MainGame.gd:2810)
       [1] _refresh_all (res://MainGame.gd:697)
       [2] @shields_setter (res://PlayerData.gd:14)
       [3] apply_save_data (res://PlayerData.gd:150)
       [4] load_game (res://SaveGame.gd:150)
       [5] _ready (res://MainGame.gd:515)
SCRIPT ERROR: Invalid call. Nonexistent function 'refresh_afk_state' in base 'GDScript'.
   at: _refresh_afk_p0 (res://MainGame.gd:2910)
   GDScript backtrace (most recent call first):
       [0] _refresh_afk_p0 (res://MainGame.gd:2910)
       [1] _refresh_all (res://MainGame.gd:698)
       [2] @shields_setter (res://PlayerData.gd:14)
       [3] apply_save_data (res://PlayerData.gd:150)
       [4] load_game (res://SaveGame.gd:150)
       [5] _ready (res://MainGame.gd:515)
SCRIPT ERROR: Invalid call. Nonexistent function 'refresh_home_loop_state' in base 'GDScript'.
   at: _update_monster_ui (res://MainGame.gd:1219)
   GDScript backtrace (most recent call first):
       [0] _update_monster_ui (res://MainGame.gd:1219)
       [1] _refresh_all (res://MainGame.gd:675)
       [2] apply_save_data (res://PlayerData.gd:163)
       [3] load_game (res://SaveGame.gd:150)
       [4] _ready (res://MainGame.gd:515)
SCRIPT ERROR: Invalid call. Nonexistent function 'refresh_village_loop_state' in base 'GDScript'.
   at: _refresh_p0_village (res://MainGame.gd:2410)
   GDScript backtrace (most recent call first):
       [0] _refresh_p0_village (res://MainGame.gd:2410)
       [1] _refresh_all (res://MainGame.gd:680)
       [2] apply_save_data (res://PlayerData.gd:163)
       [3] load_game (res://SaveGame.gd:150)
       [4] _ready (res://MainGame.gd:515)
SCRIPT ERROR: Invalid call. Nonexistent function 'refresh_reward_session_state' in base 'GDScript'.
   at: _refresh_meta_ui (res://MainGame.gd:1004)
   GDScript backtrace (most recent call first):
       [0] _refresh_meta_ui (res://MainGame.gd:1004)
       [1] _refresh_all (res://MainGame.gd:683)
       [2] apply_save_data (res://PlayerData.gd:163)
       [3] load_game (res://SaveGame.gd:150)
       [4] _ready (res://MainGame.gd:515)
SCRIPT ERROR: Invalid call. Nonexistent function 'style_objective_header' in base 'GDScript'.
   at: _add_objective_header_v152 (res://MainGame.gd:2166)
   GDScript backtrace (most recent call first):
       [0] _add_objective_header_v152 (res://MainGame.gd:2166)
       [1] _rebuild_quests (res://MainGame.gd:2205)
       [2] _refresh_all (res://MainGame.gd:688)
       [3] apply_save_data (res://PlayerData.gd:163)
       [4] load_game (res://SaveGame.gd:150)
       [5] _ready (res://MainGame.gd:515)
SCRIPT ERROR: Invalid call. Nonexistent function 'objective_icon_role' in base 'GDScript'.
   at: _add_objective_row_v152 (res://MainGame.gd:2181)
   GDScript backtrace (most recent call first):
       [0] _add_objective_row_v152 (res://MainGame.gd:2181)
       [1] _rebuild_quests (res://MainGame.gd:2206)
       [2] _refresh_all (res://MainGame.gd:688)
       [3] apply_save_data (res://PlayerData.gd:163)
       [4] load_game (res://SaveGame.gd:150)
       [5] _ready (res://MainGame.gd:515)
SCRIPT ERROR: Invalid call. Nonexistent function 'objective_icon_role' in base 'GDScript'.
   at: _add_objective_row_v152 (res://MainGame.gd:2181)
   GDScript backtrace (most recent call first):
       [0] _add_objective_row_v152 (res://MainGame.gd:2181)
       [1] _rebuild_quests (res://MainGame.gd:2206)
       [2] _refresh_all (res://MainGame.gd:688)
       [3] apply_save_data (res://PlayerData.gd:163)
       [4] load_game (res://SaveGame.gd:150)
       [5] _ready (res://MainGame.gd:515)
SCRIPT ERROR: Invalid call. Nonexistent function 'objective_icon_role' in base 'GDScript'.
   at: _add_objective_row_v152 (res://MainGame.gd:2181)
   GDScript backtrace (most recent call first):
       [0] _add_objective_row_v152 (res://MainGame.gd:2181)
       [1] _rebuild_quests (res://MainGame.gd:2206)
       [2] _refresh_all (res://MainGame.gd:688)
       [3] apply_save_data (res://PlayerData.gd:163)
       [4] load_game (res://SaveGame.gd:150)
       [5] _ready (res://MainGame.gd:515)
SCRIPT ERROR: Invalid call. Nonexistent function 'style_objective_header' in base 'GDScript'.
   at: _add_objective_header_v152 (res://MainGame.gd:2166)
   GDScript backtrace (most recent call first):
       [0] _add_objective_header_v152 (res://MainGame.gd:2166)
       [1] _rebuild_quests (res://MainGame.gd:2205)
       [2] _refresh_all (res://MainGame.gd:688)
       [3] apply_save_data (res://PlayerData.gd:163)
       [4] load_game (res://SaveGame.gd:150)
       [5] _ready (res://MainGame.gd:515)
SCRIPT ERROR: Invalid call. Nonexistent function 'objective_icon_role' in base 'GDScript'.
   at: _add_objective_row_v152 (res://MainGame.gd:2181)
   GDScript backtrace (most recent call first):
       [0] _add_objective_row_v152 (res://MainGame.gd:2181)
       [1] _rebuild_quests (res://MainGame.gd:2206)
       [2] _refresh_all (res://MainGame.gd:688)
       [3] apply_save_data (res://PlayerData.gd:163)
       [4] load_game (res://SaveGame.gd:150)
       [5] _ready (res://MainGame.gd:515)
SCRIPT ERROR: Invalid call. Nonexistent function 'objective_icon_role' in base 'GDScript'.
   at: _add_objective_row_v152 (res://MainGame.gd:2181)
   GDScript backtrace (most recent call first):
       [0] _add_objective_row_v152 (res://MainGame.gd:2181)
       [1] _rebuild_quests (res://MainGame.gd:2206)
       [2] _refresh_all (res://MainGame.gd:688)
       [3] apply_save_data (res://PlayerData.gd:163)
       [4] load_game (res://SaveGame.gd:150)
       [5] _ready (res://MainGame.gd:515)
SCRIPT ERROR: Invalid call. Nonexistent function 'objective_icon_role' in base 'GDScript'.
   at: _add_objective_row_v152 (res://MainGame.gd:2181)
   GDScript backtrace (most recent call first):
       [0] _add_objective_row_v152 (res://MainGame.gd:2181)
       [1] _rebuild_quests (res://MainGame.gd:2206)
       [2] _refresh_all (res://MainGame.gd:688)
       [3] apply_save_data (res://PlayerData.gd:163)
       [4] load_game (res://SaveGame.gd:150)
       [5] _ready (res://MainGame.gd:515)
SCRIPT ERROR: Invalid call. Nonexistent function 'style_objective_header' in base 'GDScript'.
   at: _add_objective_header_v152 (res://MainGame.gd:2166)
   GDScript backtrace (most recent call first):
       [0] _add_objective_header_v152 (res://MainGame.gd:2166)
       [1] _rebuild_quests (res://MainGame.gd:2205)
       [2] _refresh_all (res://MainGame.gd:688)
       [3] apply_save_data (res://PlayerData.gd:163)
       [4] load_game (res://SaveGame.gd:150)
       [5] _ready (res://MainGame.gd:515)
SCRIPT ERROR: Invalid call. Nonexistent function 'objective_icon_role' in base 'GDScript'.
   at: _add_objective_row_v152 (res://MainGame.gd:2181)
   GDScript backtrace (most recent call first):
       [0] _add_objective_row_v152 (res://MainGame.gd:2181)
       [1] _rebuild_quests (res://MainGame.gd:2206)
       [2] _refresh_all (res://MainGame.gd:688)
       [3] apply_save_data (res://PlayerData.gd:163)
       [4] load_game (res://SaveGame.gd:150)
       [5] _ready (res://MainGame.gd:515)
SCRIPT ERROR: Invalid call. Nonexistent function 'objective_icon_role' in base 'GDScript'.
   at: _add_objective_row_v152 (res://MainGame.gd:2181)
   GDScript backtrace (most recent call first):
       [0] _add_objective_row_v152 (res://MainGame.gd:2181)
       [1] _rebuild_quests (res://MainGame.gd:2206)
       [2] _refresh_all (res://MainGame.gd:688)
       [3] apply_save_data (res://PlayerData.gd:163)
       [4] load_game (res://SaveGame.gd:150)
       [5] _ready (res://MainGame.gd:515)
SCRIPT ERROR: Invalid call. Nonexistent function 'objective_icon_role' in base 'GDScript'.
   at: _add_objective_row_v152 (res://MainGame.gd:2181)
   GDScript backtrace (most recent call first):
       [0] _add_objective_row_v152 (res://MainGame.gd:2181)
       [1] _rebuild_quests (res://MainGame.gd:2206)
       [2] _refresh_all (res://MainGame.gd:688)
       [3] apply_save_data (res://PlayerData.gd:163)
       [4] load_game (res://SaveGame.gd:150)
       [5] _ready (res://MainGame.gd:515)
SCRIPT ERROR: Invalid call. Nonexistent function 'objective_icon_role' in base 'GDScript'.
   at: _add_objective_row_v152 (res://MainGame.gd:2181)
   GDScript backtrace (most recent call first):
       [0] _add_objective_row_v152 (res://MainGame.gd:2181)
       [1] _rebuild_quests (res://MainGame.gd:2206)
       [2] _refresh_all (res://MainGame.gd:688)
       [3] apply_save_data (res://PlayerData.gd:163)
       [4] load_game (res://SaveGame.gd:150)
       [5] _ready (res://MainGame.gd:515)
SCRIPT ERROR: Invalid call. Nonexistent function 'objective_icon_role' in base 'GDScript'.
   at: _add_objective_row_v152 (res://MainGame.gd:2181)
   GDScript backtrace (most recent call first):
       [0] _add_objective_row_v152 (res://MainGame.gd:2181)
       [1] _rebuild_quests (res://MainGame.gd:2206)
       [2] _refresh_all (res://MainGame.gd:688)
       [3] apply_save_data (res://PlayerData.gd:163)
       [4] load_game (res://SaveGame.gd:150)
       [5] _ready (res://MainGame.gd:515)
SCRIPT ERROR: Invalid call. Nonexistent function 'style_objective_header' in base 'GDScript'.
   at: _add_objective_header_v152 (res://MainGame.gd:2166)
   GDScript backtrace (most recent call first):
       [0] _add_objective_header_v152 (res://MainGame.gd:2166)
       [1] _rebuild_quests (res://MainGame.gd:2207)
       [2] _refresh_all (res://MainGame.gd:688)
       [3] apply_save_data (res://PlayerData.gd:163)
       [4] load_game (res://SaveGame.gd:150)
       [5] _ready (res://MainGame.gd:515)
SCRIPT ERROR: Invalid call. Nonexistent function 'objective_icon_role' in base 'GDScript'.
   at: _rebuild_quests (res://MainGame.gd:2214)
   GDScript backtrace (most recent call first):
       [0] _rebuild_quests (res://MainGame.gd:2214)
       [1] _refresh_all (res://MainGame.gd:688)
       [2] apply_save_data (res://PlayerData.gd:163)
       [3] load_game (res://SaveGame.gd:150)
       [4] _ready (res://MainGame.gd:515)
SCRIPT ERROR: Invalid call. Nonexistent function 'refresh_progression_state' in base 'GDScript'.
   at: _refresh_progression_p0 (res://MainGame.gd:2903)
   GDScript backtrace (most recent call first):
       [0] _refresh_progression_p0 (res://MainGame.gd:2903)
       [1] _refresh_all (res://MainGame.gd:696)
       [2] apply_save_data (res://PlayerData.gd:163)
       [3] load_game (res://SaveGame.gd:150)
       [4] _ready (res://MainGame.gd:515)
SCRIPT ERROR: Invalid call. Nonexistent function 'refresh_shop_state' in base 'GDScript'.
   at: _refresh_shop_p0 (res://MainGame.gd:2810)
   GDScript backtrace (most recent call first):
       [0] _refresh_shop_p0 (res://MainGame.gd:2810)
       [1] _refresh_all (res://MainGame.gd:697)
       [2] apply_save_data (res://PlayerData.gd:163)
       [3] load_game (res://SaveGame.gd:150)
       [4] _ready (res://MainGame.gd:515)
SCRIPT ERROR: Invalid call. Nonexistent function 'refresh_afk_state' in base 'GDScript'.
   at: _refresh_afk_p0 (res://MainGame.gd:2910)
   GDScript backtrace (most recent call first):
       [0] _refresh_afk_p0 (res://MainGame.gd:2910)
       [1] _refresh_all (res://MainGame.gd:698)
       [2] apply_save_data (res://PlayerData.gd:163)
       [3] load_game (res://SaveGame.gd:150)
       [4] _ready (res://MainGame.gd:515)
SCRIPT ERROR: Invalid call. Nonexistent function 'refresh_home_loop_state' in base 'GDScript'.
   at: _update_monster_ui (res://MainGame.gd:1219)
   GDScript backtrace (most recent call first):
       [0] _update_monster_ui (res://MainGame.gd:1219)
       [1] apply_save_data (res://PlayerData.gd:164)
       [2] load_game (res://SaveGame.gd:150)
       [3] _ready (res://MainGame.gd:515)
SCRIPT ERROR: Invalid call. Nonexistent function 'refresh_home_loop_state' in base 'GDScript'.
   at: _update_monster_ui (res://MainGame.gd:1219)
   GDScript backtrace (most recent call first):
       [0] _update_monster_ui (res://MainGame.gd:1219)
       [1] _refresh_all (res://MainGame.gd:675)
       [2] apply_save_data (res://PlayerData.gd:165)
       [3] load_game (res://SaveGame.gd:150)
       [4] _ready (res://MainGame.gd:515)
SCRIPT ERROR: Invalid call. Nonexistent function 'refresh_village_loop_state' in base 'GDScript'.
   at: _refresh_p0_village (res://MainGame.gd:2410)
   GDScript backtrace (most recent call first):
       [0] _refresh_p0_village (res://MainGame.gd:2410)
       [1] _refresh_all (res://MainGame.gd:680)
       [2] apply_save_data (res://PlayerData.gd:165)
       [3] load_game (res://SaveGame.gd:150)
       [4] _ready (res://MainGame.gd:515)
SCRIPT ERROR: Invalid call. Nonexistent function 'refresh_reward_session_state' in base 'GDScript'.
   at: _refresh_meta_ui (res://MainGame.gd:1004)
   GDScript backtrace (most recent call first):
       [0] _refresh_meta_ui (res://MainGame.gd:1004)
       [1] _refresh_all (res://MainGame.gd:683)
       [2] apply_save_data (res://PlayerData.gd:165)
       [3] load_game (res://SaveGame.gd:150)
       [4] _ready (res://MainGame.gd:515)
SCRIPT ERROR: Invalid call. Nonexistent function 'style_objective_header' in base 'GDScript'.
   at: _add_objective_header_v152 (res://MainGame.gd:2166)
   GDScript backtrace (most recent call first):
       [0] _add_objective_header_v152 (res://MainGame.gd:2166)
       [1] _rebuild_quests (res://MainGame.gd:2205)
       [2] _refresh_all (res://MainGame.gd:688)
       [3] apply_save_data (res://PlayerData.gd:165)
       [4] load_game (res://SaveGame.gd:150)
       [5] _ready (res://MainGame.gd:515)
SCRIPT ERROR: Invalid call. Nonexistent function 'objective_icon_role' in base 'GDScript'.
   at: _add_objective_row_v152 (res://MainGame.gd:2181)
   GDScript backtrace (most recent call first):
       [0] _add_objective_row_v152 (res://MainGame.gd:2181)
       [1] _rebuild_quests (res://MainGame.gd:2206)
       [2] _refresh_all (res://MainGame.gd:688)
       [3] apply_save_data (res://PlayerData.gd:165)
       [4] load_game (res://SaveGame.gd:150)
       [5] _ready (res://MainGame.gd:515)
SCRIPT ERROR: Invalid call. Nonexistent function 'objective_icon_role' in base 'GDScript'.
   at: _add_objective_row_v152 (res://MainGame.gd:2181)
   GDScript backtrace (most recent call first):
       [0] _add_objective_row_v152 (res://MainGame.gd:2181)
       [1] _rebuild_quests (res://MainGame.gd:2206)
       [2] _refresh_all (res://MainGame.gd:688)
       [3] apply_save_data (res://PlayerData.gd:165)
       [4] load_game (res://SaveGame.gd:150)
       [5] _ready (res://MainGame.gd:515)
SCRIPT ERROR: Invalid call. Nonexistent function 'objective_icon_role' in base 'GDScript'.
   at: _add_objective_row_v152 (res://MainGame.gd:2181)
   GDScript backtrace (most recent call first):
       [0] _add_objective_row_v152 (res://MainGame.gd:2181)
       [1] _rebuild_quests (res://MainGame.gd:2206)
       [2] _refresh_all (res://MainGame.gd:688)
       [3] apply_save_data (res://PlayerData.gd:165)
       [4] load_game (res://SaveGame.gd:150)
       [5] _ready (res://MainGame.gd:515)
SCRIPT ERROR: Invalid call. Nonexistent function 'style_objective_header' in base 'GDScript'.
   at: _add_objective_header_v152 (res://MainGame.gd:2166)
   GDScript backtrace (most recent call first):
       [0] _add_objective_header_v152 (res://MainGame.gd:2166)
       [1] _rebuild_quests (res://MainGame.gd:2205)
       [2] _refresh_all (res://MainGame.gd:688)
       [3] apply_save_data (res://PlayerData.gd:165)
       [4] load_game (res://SaveGame.gd:150)
       [5] _ready (res://MainGame.gd:515)
SCRIPT ERROR: Invalid call. Nonexistent function 'objective_icon_role' in base 'GDScript'.
   at: _add_objective_row_v152 (res://MainGame.gd:2181)
   GDScript backtrace (most recent call first):
       [0] _add_objective_row_v152 (res://MainGame.gd:2181)
       [1] _rebuild_quests (res://MainGame.gd:2206)
       [2] _refresh_all (res://MainGame.gd:688)
       [3] apply_save_data (res://PlayerData.gd:165)
       [4] load_game (res://SaveGame.gd:150)
       [5] _ready (res://MainGame.gd:515)
SCRIPT ERROR: Invalid call. Nonexistent function 'objective_icon_role' in base 'GDScript'.
   at: _add_objective_row_v152 (res://MainGame.gd:2181)
   GDScript backtrace (most recent call first):
       [0] _add_objective_row_v152 (res://MainGame.gd:2181)
       [1] _rebuild_quests (res://MainGame.gd:2206)
       [2] _refresh_all (res://MainGame.gd:688)
       [3] apply_save_data (res://PlayerData.gd:165)
       [4] load_game (res://SaveGame.gd:150)
       [5] _ready (res://MainGame.gd:515)
SCRIPT ERROR: Invalid call. Nonexistent function 'objective_icon_role' in base 'GDScript'.
   at: _add_objective_row_v152 (res://MainGame.gd:2181)
   GDScript backtrace (most recent call first):
       [0] _add_objective_row_v152 (res://MainGame.gd:2181)
       [1] _rebuild_quests (res://MainGame.gd:2206)
       [2] _refresh_all (res://MainGame.gd:688)
       [3] apply_save_data (res://PlayerData.gd:165)
       [4] load_game (res://SaveGame.gd:150)
       [5] _ready (res://MainGame.gd:515)
SCRIPT ERROR: Invalid call. Nonexistent function 'style_objective_header' in base 'GDScript'.
   at: _add_objective_header_v152 (res://MainGame.gd:2166)
   GDScript backtrace (most recent call first):
       [0] _add_objective_header_v152 (res://MainGame.gd:2166)
       [1] _rebuild_quests (res://MainGame.gd:2205)
       [2] _refresh_all (res://MainGame.gd:688)
       [3] apply_save_data (res://PlayerData.gd:165)
       [4] load_game (res://SaveGame.gd:150)
       [5] _ready (res://MainGame.gd:515)
SCRIPT ERROR: Invalid call. Nonexistent function 'objective_icon_role' in base 'GDScript'.
   at: _add_objective_row_v152 (res://MainGame.gd:2181)
   GDScript backtrace (most recent call first):
       [0] _add_objective_row_v152 (res://MainGame.gd:2181)
       [1] _rebuild_quests (res://MainGame.gd:2206)
       [2] _refresh_all (res://MainGame.gd:688)
       [3] apply_save_data (res://PlayerData.gd:165)
       [4] load_game (res://SaveGame.gd:150)
       [5] _ready (res://MainGame.gd:515)
SCRIPT ERROR: Invalid call. Nonexistent function 'objective_icon_role' in base 'GDScript'.
   at: _add_objective_row_v152 (res://MainGame.gd:2181)
   GDScript backtrace (most recent call first):
       [0] _add_objective_row_v152 (res://MainGame.gd:2181)
       [1] _rebuild_quests (res://MainGame.gd:2206)
       [2] _refresh_all (res://MainGame.gd:688)
       [3] apply_save_data (res://PlayerData.gd:165)
       [4] load_game (res://SaveGame.gd:150)
       [5] _ready (res://MainGame.gd:515)
SCRIPT ERROR: Invalid call. Nonexistent function 'objective_icon_role' in base 'GDScript'.
   at: _add_objective_row_v152 (res://MainGame.gd:2181)
   GDScript backtrace (most recent call first):
       [0] _add_objective_row_v152 (res://MainGame.gd:2181)
       [1] _rebuild_quests (res://MainGame.gd:2206)
       [2] _refresh_all (res://MainGame.gd:688)
       [3] apply_save_data (res://PlayerData.gd:165)
       [4] load_game (res://SaveGame.gd:150)
       [5] _ready (res://MainGame.gd:515)
SCRIPT ERROR: Invalid call. Nonexistent function 'objective_icon_role' in base 'GDScript'.
   at: _add_objective_row_v152 (res://MainGame.gd:2181)
   GDScript backtrace (most recent call first):
       [0] _add_objective_row_v152 (res://MainGame.gd:2181)
       [1] _rebuild_quests (res://MainGame.gd:2206)
       [2] _refresh_all (res://MainGame.gd:688)
       [3] apply_save_data (res://PlayerData.gd:165)
       [4] load_game (res://SaveGame.gd:150)
       [5] _ready (res://MainGame.gd:515)
SCRIPT ERROR: Invalid call. Nonexistent function 'objective_icon_role' in base 'GDScript'.
   at: _add_objective_row_v152 (res://MainGame.gd:2181)
   GDScript backtrace (most recent call first):
       [0] _add_objective_row_v152 (res://MainGame.gd:2181)
       [1] _rebuild_quests (res://MainGame.gd:2206)
       [2] _refresh_all (res://MainGame.gd:688)
       [3] apply_save_data (res://PlayerData.gd:165)
       [4] load_game (res://SaveGame.gd:150)
       [5] _ready (res://MainGame.gd:515)
SCRIPT ERROR: Invalid call. Nonexistent function 'style_objective_header' in base 'GDScript'.
   at: _add_objective_header_v152 (res://MainGame.gd:2166)
   GDScript backtrace (most recent call first):
       [0] _add_objective_header_v152 (res://MainGame.gd:2166)
       [1] _rebuild_quests (res://MainGame.gd:2207)
       [2] _refresh_all (res://MainGame.gd:688)
       [3] apply_save_data (res://PlayerData.gd:165)
       [4] load_game (res://SaveGame.gd:150)
       [5] _ready (res://MainGame.gd:515)
SCRIPT ERROR: Invalid call. Nonexistent function 'objective_icon_role' in base 'GDScript'.
   at: _rebuild_quests (res://MainGame.gd:2214)
   GDScript backtrace (most recent call first):
       [0] _rebuild_quests (res://MainGame.gd:2214)
       [1] _refresh_all (res://MainGame.gd:688)
       [2] apply_save_data (res://PlayerData.gd:165)
       [3] load_game (res://SaveGame.gd:150)
       [4] _ready (res://MainGame.gd:515)
SCRIPT ERROR: Invalid call. Nonexistent function 'refresh_progression_state' in base 'GDScript'.
   at: _refresh_progression_p0 (res://MainGame.gd:2903)
   GDScript backtrace (most recent call first):
       [0] _refresh_progression_p0 (res://MainGame.gd:2903)
       [1] _refresh_all (res://MainGame.gd:696)
       [2] apply_save_data (res://PlayerData.gd:165)
       [3] load_game (res://SaveGame.gd:150)
       [4] _ready (res://MainGame.gd:515)
SCRIPT ERROR: Invalid call. Nonexistent function 'refresh_shop_state' in base 'GDScript'.
   at: _refresh_shop_p0 (res://MainGame.gd:2810)
   GDScript backtrace (most recent call first):
       [0] _refresh_shop_p0 (res://MainGame.gd:2810)
       [1] _refresh_all (res://MainGame.gd:697)
       [2] apply_save_data (res://PlayerData.gd:165)
       [3] load_game (res://SaveGame.gd:150)
       [4] _ready (res://MainGame.gd:515)
SCRIPT ERROR: Invalid call. Nonexistent function 'refresh_afk_state' in base 'GDScript'.
   at: _refresh_afk_p0 (res://MainGame.gd:2910)
   GDScript backtrace (most recent call first):
       [0] _refresh_afk_p0 (res://MainGame.gd:2910)
       [1] _refresh_all (res://MainGame.gd:698)
       [2] apply_save_data (res://PlayerData.gd:165)
       [3] load_game (res://SaveGame.gd:150)
       [4] _ready (res://MainGame.gd:515)
SCRIPT ERROR: Invalid call. Nonexistent function 'style_objective_header' in base 'GDScript'.
   at: _add_objective_header_v152 (res://MainGame.gd:2166)
   GDScript backtrace (most recent call first):
       [0] _add_objective_header_v152 (res://MainGame.gd:2166)
       [1] _rebuild_quests (res://MainGame.gd:2205)
       [2] apply_save_data (res://QuestSystem.gd:105)
       [3] load_game (res://SaveGame.gd:153)
       [4] _ready (res://MainGame.gd:515)
SCRIPT ERROR: Invalid call. Nonexistent function 'objective_icon_role' in base 'GDScript'.
   at: _add_objective_row_v152 (res://MainGame.gd:2181)
   GDScript backtrace (most recent call first):
       [0] _add_objective_row_v152 (res://MainGame.gd:2181)
       [1] _rebuild_quests (res://MainGame.gd:2206)
       [2] apply_save_data (res://QuestSystem.gd:105)
       [3] load_game (res://SaveGame.gd:153)
       [4] _ready (res://MainGame.gd:515)
SCRIPT ERROR: Invalid call. Nonexistent function 'objective_icon_role' in base 'GDScript'.
   at: _add_objective_row_v152 (res://MainGame.gd:2181)
   GDScript backtrace (most recent call first):
       [0] _add_objective_row_v152 (res://MainGame.gd:2181)
       [1] _rebuild_quests (res://MainGame.gd:2206)
       [2] apply_save_data (res://QuestSystem.gd:105)
       [3] load_game (res://SaveGame.gd:153)
       [4] _ready (res://MainGame.gd:515)
SCRIPT ERROR: Invalid call. Nonexistent function 'objective_icon_role' in base 'GDScript'.
   at: _add_objective_row_v152 (res://MainGame.gd:2181)
   GDScript backtrace (most recent call first):
       [0] _add_objective_row_v152 (res://MainGame.gd:2181)
       [1] _rebuild_quests (res://MainGame.gd:2206)
       [2] apply_save_data (res://QuestSystem.gd:105)
       [3] load_game (res://SaveGame.gd:153)
       [4] _ready (res://MainGame.gd:515)
SCRIPT ERROR: Invalid call. Nonexistent function 'style_objective_header' in base 'GDScript'.
   at: _add_objective_header_v152 (res://MainGame.gd:2166)
   GDScript backtrace (most recent call first):
       [0] _add_objective_header_v152 (res://MainGame.gd:2166)
       [1] _rebuild_quests (res://MainGame.gd:2205)
       [2] apply_save_data (res://QuestSystem.gd:105)
       [3] load_game (res://SaveGame.gd:153)
       [4] _ready (res://MainGame.gd:515)
SCRIPT ERROR: Invalid call. Nonexistent function 'objective_icon_role' in base 'GDScript'.
   at: _add_objective_row_v152 (res://MainGame.gd:2181)
   GDScript backtrace (most recent call first):
       [0] _add_objective_row_v152 (res://MainGame.gd:2181)
       [1] _rebuild_quests (res://MainGame.gd:2206)
       [2] apply_save_data (res://QuestSystem.gd:105)
       [3] load_game (res://SaveGame.gd:153)
       [4] _ready (res://MainGame.gd:515)
SCRIPT ERROR: Invalid call. Nonexistent function 'objective_icon_role' in base 'GDScript'.
   at: _add_objective_row_v152 (res://MainGame.gd:2181)
   GDScript backtrace (most recent call first):
       [0] _add_objective_row_v152 (res://MainGame.gd:2181)
       [1] _rebuild_quests (res://MainGame.gd:2206)
       [2] apply_save_data (res://QuestSystem.gd:105)
       [3] load_game (res://SaveGame.gd:153)
       [4] _ready (res://MainGame.gd:515)
SCRIPT ERROR: Invalid call. Nonexistent function 'objective_icon_role' in base 'GDScript'.
   at: _add_objective_row_v152 (res://MainGame.gd:2181)
   GDScript backtrace (most recent call first):
       [0] _add_objective_row_v152 (res://MainGame.gd:2181)
       [1] _rebuild_quests (res://MainGame.gd:2206)
       [2] apply_save_data (res://QuestSystem.gd:105)
       [3] load_game (res://SaveGame.gd:153)
       [4] _ready (res://MainGame.gd:515)
SCRIPT ERROR: Invalid call. Nonexistent function 'style_objective_header' in base 'GDScript'.
   at: _add_objective_header_v152 (res://MainGame.gd:2166)
   GDScript backtrace (most recent call first):
       [0] _add_objective_header_v152 (res://MainGame.gd:2166)
       [1] _rebuild_quests (res://MainGame.gd:2205)
       [2] apply_save_data (res://QuestSystem.gd:105)
       [3] load_game (res://SaveGame.gd:153)
       [4] _ready (res://MainGame.gd:515)
SCRIPT ERROR: Invalid call. Nonexistent function 'objective_icon_role' in base 'GDScript'.
   at: _add_objective_row_v152 (res://MainGame.gd:2181)
   GDScript backtrace (most recent call first):
       [0] _add_objective_row_v152 (res://MainGame.gd:2181)
       [1] _rebuild_quests (res://MainGame.gd:2206)
       [2] apply_save_data (res://QuestSystem.gd:105)
       [3] load_game (res://SaveGame.gd:153)
       [4] _ready (res://MainGame.gd:515)
SCRIPT ERROR: Invalid call. Nonexistent function 'objective_icon_role' in base 'GDScript'.
   at: _add_objective_row_v152 (res://MainGame.gd:2181)
   GDScript backtrace (most recent call first):
       [0] _add_objective_row_v152 (res://MainGame.gd:2181)
       [1] _rebuild_quests (res://MainGame.gd:2206)
       [2] apply_save_data (res://QuestSystem.gd:105)
       [3] load_game (res://SaveGame.gd:153)
       [4] _ready (res://MainGame.gd:515)
SCRIPT ERROR: Invalid call. Nonexistent function 'objective_icon_role' in base 'GDScript'.
   at: _add_objective_row_v152 (res://MainGame.gd:2181)
   GDScript backtrace (most recent call first):
       [0] _add_objective_row_v152 (res://MainGame.gd:2181)
       [1] _rebuild_quests (res://MainGame.gd:2206)
       [2] apply_save_data (res://QuestSystem.gd:105)
       [3] load_game (res://SaveGame.gd:153)
       [4] _ready (res://MainGame.gd:515)
SCRIPT ERROR: Invalid call. Nonexistent function 'objective_icon_role' in base 'GDScript'.
   at: _add_objective_row_v152 (res://MainGame.gd:2181)
   GDScript backtrace (most recent call first):
       [0] _add_objective_row_v152 (res://MainGame.gd:2181)
       [1] _rebuild_quests (res://MainGame.gd:2206)
       [2] apply_save_data (res://QuestSystem.gd:105)
       [3] load_game (res://SaveGame.gd:153)
       [4] _ready (res://MainGame.gd:515)
SCRIPT ERROR: Invalid call. Nonexistent function 'objective_icon_role' in base 'GDScript'.
   at: _add_objective_row_v152 (res://MainGame.gd:2181)
   GDScript backtrace (most recent call first):
       [0] _add_objective_row_v152 (res://MainGame.gd:2181)
       [1] _rebuild_quests (res://MainGame.gd:2206)
       [2] apply_save_data (res://QuestSystem.gd:105)
       [3] load_game (res://SaveGame.gd:153)
       [4] _ready (res://MainGame.gd:515)
SCRIPT ERROR: Invalid call. Nonexistent function 'style_objective_header' in base 'GDScript'.
   at: _add_objective_header_v152 (res://MainGame.gd:2166)
   GDScript backtrace (most recent call first):
       [0] _add_objective_header_v152 (res://MainGame.gd:2166)
       [1] _rebuild_quests (res://MainGame.gd:2207)
       [2] apply_save_data (res://QuestSystem.gd:105)
       [3] load_game (res://SaveGame.gd:153)
       [4] _ready (res://MainGame.gd:515)
SCRIPT ERROR: Invalid call. Nonexistent function 'objective_icon_role' in base 'GDScript'.
   at: _rebuild_quests (res://MainGame.gd:2214)
   GDScript backtrace (most recent call first):
       [0] _rebuild_quests (res://MainGame.gd:2214)
       [1] apply_save_data (res://QuestSystem.gd:105)
       [2] load_game (res://SaveGame.gd:153)
       [3] _ready (res://MainGame.gd:515)
SCRIPT ERROR: Invalid call. Nonexistent function 'refresh_village_loop_state' in base 'GDScript'.
   at: _refresh_p0_village (res://MainGame.gd:2410)
   GDScript backtrace (most recent call first):
       [0] _refresh_p0_village (res://MainGame.gd:2410)
       [1] apply_save_data (res://P0VillageSystem.gd:233)
       [2] load_game (res://SaveGame.gd:154)
       [3] _ready (res://MainGame.gd:515)
SCRIPT ERROR: Invalid call. Nonexistent function 'refresh_village_loop_state' in base 'GDScript'.
   at: _refresh_p0_village (res://MainGame.gd:2410)
   GDScript backtrace (most recent call first):
       [0] _refresh_p0_village (res://MainGame.gd:2410)
       [1] apply_save_data (res://VillageProgressionSystem.gd:179)
       [2] load_game (res://SaveGame.gd:155)
       [3] _ready (res://MainGame.gd:515)
SCRIPT ERROR: Invalid call. Nonexistent function 'refresh_reward_session_state' in base 'GDScript'.
   at: _refresh_meta_ui (res://MainGame.gd:1004)
   GDScript backtrace (most recent call first):
       [0] _refresh_meta_ui (res://MainGame.gd:1004)
       [1] apply_save_data (res://MetaProgressSystem.gd:137)
       [2] load_game (res://SaveGame.gd:162)
       [3] _ready (res://MainGame.gd:515)
SCRIPT ERROR: Trying to assign an array of type "Array" to a variable of type "Array[int]".
   at: apply_save_data (res://PuzzleSystem.gd:162)
   GDScript backtrace (most recent call first):
       [0] apply_save_data (res://PuzzleSystem.gd:162)
       [1] load_game (res://SaveGame.gd:164)
       [2] _ready (res://MainGame.gd:515)
SCRIPT ERROR: Invalid call. Nonexistent function 'style_objective_header' in base 'GDScript'.
   at: _add_objective_header_v152 (res://MainGame.gd:2166)
   GDScript backtrace (most recent call first):
       [0] _add_objective_header_v152 (res://MainGame.gd:2166)
       [1] _rebuild_quests (res://MainGame.gd:2205)
       [2] apply_save_data (res://ObjectiveSystem.gd:127)
       [3] load_game (res://SaveGame.gd:169)
       [4] _ready (res://MainGame.gd:515)
SCRIPT ERROR: Invalid call. Nonexistent function 'objective_icon_role' in base 'GDScript'.
   at: _add_objective_row_v152 (res://MainGame.gd:2181)
   GDScript backtrace (most recent call first):
       [0] _add_objective_row_v152 (res://MainGame.gd:2181)
       [1] _rebuild_quests (res://MainGame.gd:2206)
       [2] apply_save_data (res://ObjectiveSystem.gd:127)
       [3] load_game (res://SaveGame.gd:169)
       [4] _ready (res://MainGame.gd:515)
SCRIPT ERROR: Invalid call. Nonexistent function 'objective_icon_role' in base 'GDScript'.
   at: _add_objective_row_v152 (res://MainGame.gd:2181)
   GDScript backtrace (most recent call first):
       [0] _add_objective_row_v152 (res://MainGame.gd:2181)
       [1] _rebuild_quests (res://MainGame.gd:2206)
       [2] apply_save_data (res://ObjectiveSystem.gd:127)
       [3] load_game (res://SaveGame.gd:169)
       [4] _ready (res://MainGame.gd:515)
SCRIPT ERROR: Invalid call. Nonexistent function 'objective_icon_role' in base 'GDScript'.
   at: _add_objective_row_v152 (res://MainGame.gd:2181)
   GDScript backtrace (most recent call first):
       [0] _add_objective_row_v152 (res://MainGame.gd:2181)
       [1] _rebuild_quests (res://MainGame.gd:2206)
       [2] apply_save_data (res://ObjectiveSystem.gd:127)
       [3] load_game (res://SaveGame.gd:169)
       [4] _ready (res://MainGame.gd:515)
SCRIPT ERROR: Invalid call. Nonexistent function 'style_objective_header' in base 'GDScript'.
   at: _add_objective_header_v152 (res://MainGame.gd:2166)
   GDScript backtrace (most recent call first):
       [0] _add_objective_header_v152 (res://MainGame.gd:2166)
       [1] _rebuild_quests (res://MainGame.gd:2205)
       [2] apply_save_data (res://ObjectiveSystem.gd:127)
       [3] load_game (res://SaveGame.gd:169)
       [4] _ready (res://MainGame.gd:515)
SCRIPT ERROR: Invalid call. Nonexistent function 'objective_icon_role' in base 'GDScript'.
   at: _add_objective_row_v152 (res://MainGame.gd:2181)
   GDScript backtrace (most recent call first):
       [0] _add_objective_row_v152 (res://MainGame.gd:2181)
       [1] _rebuild_quests (res://MainGame.gd:2206)
       [2] apply_save_data (res://ObjectiveSystem.gd:127)
       [3] load_game (res://SaveGame.gd:169)
       [4] _ready (res://MainGame.gd:515)
SCRIPT ERROR: Invalid call. Nonexistent function 'objective_icon_role' in base 'GDScript'.
   at: _add_objective_row_v152 (res://MainGame.gd:2181)
   GDScript backtrace (most recent call first):
       [0] _add_objective_row_v152 (res://MainGame.gd:2181)
       [1] _rebuild_quests (res://MainGame.gd:2206)
       [2] apply_save_data (res://ObjectiveSystem.gd:127)
       [3] load_game (res://SaveGame.gd:169)
       [4] _ready (res://MainGame.gd:515)
SCRIPT ERROR: Invalid call. Nonexistent function 'objective_icon_role' in base 'GDScript'.
   at: _add_objective_row_v152 (res://MainGame.gd:2181)
   GDScript backtrace (most recent call first):
       [0] _add_objective_row_v152 (res://MainGame.gd:2181)
       [1] _rebuild_quests (res://MainGame.gd:2206)
       [2] apply_save_data (res://ObjectiveSystem.gd:127)
       [3] load_game (res://SaveGame.gd:169)
       [4] _ready (res://MainGame.gd:515)
SCRIPT ERROR: Invalid call. Nonexistent function 'style_objective_header' in base 'GDScript'.
   at: _add_objective_header_v152 (res://MainGame.gd:2166)
   GDScript backtrace (most recent call first):
       [0] _add_objective_header_v152 (res://MainGame.gd:2166)
       [1] _rebuild_quests (res://MainGame.gd:2205)
       [2] apply_save_data (res://ObjectiveSystem.gd:127)
       [3] load_game (res://SaveGame.gd:169)
       [4] _ready (res://MainGame.gd:515)
SCRIPT ERROR: Invalid call. Nonexistent function 'objective_icon_role' in base 'GDScript'.
   at: _add_objective_row_v152 (res://MainGame.gd:2181)
   GDScript backtrace (most recent call first):
       [0] _add_objective_row_v152 (res://MainGame.gd:2181)
       [1] _rebuild_quests (res://MainGame.gd:2206)
       [2] apply_save_data (res://ObjectiveSystem.gd:127)
       [3] load_game (res://SaveGame.gd:169)
       [4] _ready (res://MainGame.gd:515)
SCRIPT ERROR: Invalid call. Nonexistent function 'objective_icon_role' in base 'GDScript'.
   at: _add_objective_row_v152 (res://MainGame.gd:2181)
   GDScript backtrace (most recent call first):
       [0] _add_objective_row_v152 (res://MainGame.gd:2181)
       [1] _rebuild_quests (res://MainGame.gd:2206)
       [2] apply_save_data (res://ObjectiveSystem.gd:127)
       [3] load_game (res://SaveGame.gd:169)
       [4] _ready (res://MainGame.gd:515)
SCRIPT ERROR: Invalid call. Nonexistent function 'objective_icon_role' in base 'GDScript'.
   at: _add_objective_row_v152 (res://MainGame.gd:2181)
   GDScript backtrace (most recent call first):
       [0] _add_objective_row_v152 (res://MainGame.gd:2181)
       [1] _rebuild_quests (res://MainGame.gd:2206)
       [2] apply_save_data (res://ObjectiveSystem.gd:127)
       [3] load_game (res://SaveGame.gd:169)
       [4] _ready (res://MainGame.gd:515)
SCRIPT ERROR: Invalid call. Nonexistent function 'objective_icon_role' in base 'GDScript'.
   at: _add_objective_row_v152 (res://MainGame.gd:2181)
   GDScript backtrace (most recent call first):
       [0] _add_objective_row_v152 (res://MainGame.gd:2181)
       [1] _rebuild_quests (res://MainGame.gd:2206)
       [2] apply_save_data (res://ObjectiveSystem.gd:127)
       [3] load_game (res://SaveGame.gd:169)
       [4] _ready (res://MainGame.gd:515)
SCRIPT ERROR: Invalid call. Nonexistent function 'objective_icon_role' in base 'GDScript'.
   at: _add_objective_row_v152 (res://MainGame.gd:2181)
   GDScript backtrace (most recent call first):
       [0] _add_objective_row_v152 (res://MainGame.gd:2181)
       [1] _rebuild_quests (res://MainGame.gd:2206)
       [2] apply_save_data (res://ObjectiveSystem.gd:127)
       [3] load_game (res://SaveGame.gd:169)
       [4] _ready (res://MainGame.gd:515)
SCRIPT ERROR: Invalid call. Nonexistent function 'style_objective_header' in base 'GDScript'.
   at: _add_objective_header_v152 (res://MainGame.gd:2166)
   GDScript backtrace (most recent call first):
       [0] _add_objective_header_v152 (res://MainGame.gd:2166)
       [1] _rebuild_quests (res://MainGame.gd:2207)
       [2] apply_save_data (res://ObjectiveSystem.gd:127)
       [3] load_game (res://SaveGame.gd:169)
       [4] _ready (res://MainGame.gd:515)
SCRIPT ERROR: Invalid call. Nonexistent function 'objective_icon_role' in base 'GDScript'.
   at: _rebuild_quests (res://MainGame.gd:2214)
   GDScript backtrace (most recent call first):
       [0] _rebuild_quests (res://MainGame.gd:2214)
       [1] apply_save_data (res://ObjectiveSystem.gd:127)
       [2] load_game (res://SaveGame.gd:169)
       [3] _ready (res://MainGame.gd:515)
SCRIPT ERROR: Invalid call. Nonexistent function 'lane_layout' in base 'GDScript'.
   at: _update_lane_ui (res://MainGame.gd:1958)
   GDScript backtrace (most recent call first):
       [0] _update_lane_ui (res://MainGame.gd:1958)
       [1] apply_save_data (res://LaneAttackSystem.gd:195)
       [2] load_game (res://SaveGame.gd:170)
       [3] _ready (res://MainGame.gd:515)
SCRIPT ERROR: Invalid call. Nonexistent function 'refresh_afk_state' in base 'GDScript'.
   at: _refresh_afk_p0 (res://MainGame.gd:2910)
   GDScript backtrace (most recent call first):
       [0] _refresh_afk_p0 (res://MainGame.gd:2910)
       [1] apply_save_data (res://AfkRewardSystem.gd:73)
       [2] load_game (res://SaveGame.gd:172)
       [3] _ready (res://MainGame.gd:515)
[CORE_ANALYTICS] {"event":"core_session_start","payload":{"gold":300,"monster_level":1,"save_recovered":false,"seconds_away":0,"spins":10},"time_unix":1789103610.572}
ERROR: P0 violation: Daily visible
   at: push_error (core/variant/variant_utility.cpp:1023)
   GDScript backtrace (most recent call first):
       [0] log_contract_status (res://CoreAcceptanceService.gd:52)
       [1] _ready (res://MainGame.gd:526)
ERROR: P0 violation: Quests visible
   at: push_error (core/variant/variant_utility.cpp:1023)
   GDScript backtrace (most recent call first):
       [0] log_contract_status (res://CoreAcceptanceService.gd:52)
       [1] _ready (res://MainGame.gd:526)
ERROR: P0 violation: Heroes visible
   at: push_error (core/variant/variant_utility.cpp:1023)
   GDScript backtrace (most recent call first):
       [0] log_contract_status (res://CoreAcceptanceService.gd:52)
       [1] _ready (res://MainGame.gd:526)
ERROR: P0 violation: Hero Auto-DPS active
   at: push_error (core/variant/variant_utility.cpp:1023)
   GDScript backtrace (most recent call first):
       [0] log_contract_status (res://CoreAcceptanceService.gd:52)
       [1] _ready (res://MainGame.gd:526)
[CORE_ANALYTICS] {"event":"core_contract_fail","payload":{"errors":["P0 violation: Daily visible","P0 violation: Quests visible","P0 violation: Heroes visible","P0 violation: Hero Auto-DPS active"]},"time_unix":1789103610.575}
SCRIPT ERROR: Invalid call. Nonexistent function 'refresh_home_loop_state' in base 'GDScript'.
   at: _update_monster_ui (res://MainGame.gd:1219)
   GDScript backtrace (most recent call first):
       [0] _update_monster_ui (res://MainGame.gd:1219)
       [1] _refresh_all (res://MainGame.gd:675)
       [2] _ready (res://MainGame.gd:530)
SCRIPT ERROR: Invalid call. Nonexistent function 'refresh_village_loop_state' in base 'GDScript'.
   at: _refresh_p0_village (res://MainGame.gd:2410)
   GDScript backtrace (most recent call first):
       [0] _refresh_p0_village (res://MainGame.gd:2410)
       [1] _refresh_all (res://MainGame.gd:680)
       [2] _ready (res://MainGame.gd:530)
SCRIPT ERROR: Invalid call. Nonexistent function 'refresh_reward_session_state' in base 'GDScript'.
   at: _refresh_meta_ui (res://MainGame.gd:1004)
   GDScript backtrace (most recent call first):
       [0] _refresh_meta_ui (res://MainGame.gd:1004)
       [1] _refresh_all (res://MainGame.gd:683)
       [2] _ready (res://MainGame.gd:530)
SCRIPT ERROR: Invalid call. Nonexistent function 'style_objective_header' in base 'GDScript'.
   at: _add_objective_header_v152 (res://MainGame.gd:2166)
   GDScript backtrace (most recent call first):
       [0] _add_objective_header_v152 (res://MainGame.gd:2166)
       [1] _rebuild_quests (res://MainGame.gd:2205)
       [2] _refresh_all (res://MainGame.gd:688)
       [3] _ready (res://MainGame.gd:530)
SCRIPT ERROR: Invalid call. Nonexistent function 'objective_icon_role' in base 'GDScript'.
   at: _add_objective_row_v152 (res://MainGame.gd:2181)
   GDScript backtrace (most recent call first):
       [0] _add_objective_row_v152 (res://MainGame.gd:2181)
       [1] _rebuild_quests (res://MainGame.gd:2206)
       [2] _refresh_all (res://MainGame.gd:688)
       [3] _ready (res://MainGame.gd:530)
SCRIPT ERROR: Invalid call. Nonexistent function 'objective_icon_role' in base 'GDScript'.
   at: _add_objective_row_v152 (res://MainGame.gd:2181)
   GDScript backtrace (most recent call first):
       [0] _add_objective_row_v152 (res://MainGame.gd:2181)
       [1] _rebuild_quests (res://MainGame.gd:2206)
       [2] _refresh_all (res://MainGame.gd:688)
       [3] _ready (res://MainGame.gd:530)
SCRIPT ERROR: Invalid call. Nonexistent function 'objective_icon_role' in base 'GDScript'.
   at: _add_objective_row_v152 (res://MainGame.gd:2181)
   GDScript backtrace (most recent call first):
       [0] _add_objective_row_v152 (res://MainGame.gd:2181)
       [1] _rebuild_quests (res://MainGame.gd:2206)
       [2] _refresh_all (res://MainGame.gd:688)
       [3] _ready (res://MainGame.gd:530)
SCRIPT ERROR: Invalid call. Nonexistent function 'style_objective_header' in base 'GDScript'.
   at: _add_objective_header_v152 (res://MainGame.gd:2166)
   GDScript backtrace (most recent call first):
       [0] _add_objective_header_v152 (res://MainGame.gd:2166)
       [1] _rebuild_quests (res://MainGame.gd:2205)
       [2] _refresh_all (res://MainGame.gd:688)
       [3] _ready (res://MainGame.gd:530)
SCRIPT ERROR: Invalid call. Nonexistent function 'objective_icon_role' in base 'GDScript'.
   at: _add_objective_row_v152 (res://MainGame.gd:2181)
   GDScript backtrace (most recent call first):
       [0] _add_objective_row_v152 (res://MainGame.gd:2181)
       [1] _rebuild_quests (res://MainGame.gd:2206)
       [2] _refresh_all (res://MainGame.gd:688)
       [3] _ready (res://MainGame.gd:530)
SCRIPT ERROR: Invalid call. Nonexistent function 'objective_icon_role' in base 'GDScript'.
   at: _add_objective_row_v152 (res://MainGame.gd:2181)
   GDScript backtrace (most recent call first):
       [0] _add_objective_row_v152 (res://MainGame.gd:2181)
       [1] _rebuild_quests (res://MainGame.gd:2206)
       [2] _refresh_all (res://MainGame.gd:688)
       [3] _ready (res://MainGame.gd:530)
SCRIPT ERROR: Invalid call. Nonexistent function 'objective_icon_role' in base 'GDScript'.
   at: _add_objective_row_v152 (res://MainGame.gd:2181)
   GDScript backtrace (most recent call first):
       [0] _add_objective_row_v152 (res://MainGame.gd:2181)
       [1] _rebuild_quests (res://MainGame.gd:2206)
       [2] _refresh_all (res://MainGame.gd:688)
       [3] _ready (res://MainGame.gd:530)
SCRIPT ERROR: Invalid call. Nonexistent function 'style_objective_header' in base 'GDScript'.
   at: _add_objective_header_v152 (res://MainGame.gd:2166)
   GDScript backtrace (most recent call first):
       [0] _add_objective_header_v152 (res://MainGame.gd:2166)
       [1] _rebuild_quests (res://MainGame.gd:2205)
       [2] _refresh_all (res://MainGame.gd:688)
       [3] _ready (res://MainGame.gd:530)
SCRIPT ERROR: Invalid call. Nonexistent function 'objective_icon_role' in base 'GDScript'.
   at: _add_objective_row_v152 (res://MainGame.gd:2181)
   GDScript backtrace (most recent call first):
       [0] _add_objective_row_v152 (res://MainGame.gd:2181)
       [1] _rebuild_quests (res://MainGame.gd:2206)
       [2] _refresh_all (res://MainGame.gd:688)
       [3] _ready (res://MainGame.gd:530)
SCRIPT ERROR: Invalid call. Nonexistent function 'objective_icon_role' in base 'GDScript'.
   at: _add_objective_row_v152 (res://MainGame.gd:2181)
   GDScript backtrace (most recent call first):
       [0] _add_objective_row_v152 (res://MainGame.gd:2181)
       [1] _rebuild_quests (res://MainGame.gd:2206)
       [2] _refresh_all (res://MainGame.gd:688)
       [3] _ready (res://MainGame.gd:530)
SCRIPT ERROR: Invalid call. Nonexistent function 'objective_icon_role' in base 'GDScript'.
   at: _add_objective_row_v152 (res://MainGame.gd:2181)
   GDScript backtrace (most recent call first):
       [0] _add_objective_row_v152 (res://MainGame.gd:2181)
       [1] _rebuild_quests (res://MainGame.gd:2206)
       [2] _refresh_all (res://MainGame.gd:688)
       [3] _ready (res://MainGame.gd:530)
SCRIPT ERROR: Invalid call. Nonexistent function 'objective_icon_role' in base 'GDScript'.
   at: _add_objective_row_v152 (res://MainGame.gd:2181)
   GDScript backtrace (most recent call first):
       [0] _add_objective_row_v152 (res://MainGame.gd:2181)
       [1] _rebuild_quests (res://MainGame.gd:2206)
       [2] _refresh_all (res://MainGame.gd:688)
       [3] _ready (res://MainGame.gd:530)
SCRIPT ERROR: Invalid call. Nonexistent function 'objective_icon_role' in base 'GDScript'.
   at: _add_objective_row_v152 (res://MainGame.gd:2181)
   GDScript backtrace (most recent call first):
       [0] _add_objective_row_v152 (res://MainGame.gd:2181)
       [1] _rebuild_quests (res://MainGame.gd:2206)
       [2] _refresh_all (res://MainGame.gd:688)
       [3] _ready (res://MainGame.gd:530)
SCRIPT ERROR: Invalid call. Nonexistent function 'style_objective_header' in base 'GDScript'.
   at: _add_objective_header_v152 (res://MainGame.gd:2166)
   GDScript backtrace (most recent call first):
       [0] _add_objective_header_v152 (res://MainGame.gd:2166)
       [1] _rebuild_quests (res://MainGame.gd:2207)
       [2] _refresh_all (res://MainGame.gd:688)
       [3] _ready (res://MainGame.gd:530)
SCRIPT ERROR: Invalid call. Nonexistent function 'objective_icon_role' in base 'GDScript'.
   at: _rebuild_quests (res://MainGame.gd:2214)
   GDScript backtrace (most recent call first):
       [0] _rebuild_quests (res://MainGame.gd:2214)
       [1] _refresh_all (res://MainGame.gd:688)
       [2] _ready (res://MainGame.gd:530)
SCRIPT ERROR: Invalid call. Nonexistent function 'refresh_progression_state' in base 'GDScript'.
   at: _refresh_progression_p0 (res://MainGame.gd:2903)
   GDScript backtrace (most recent call first):
       [0] _refresh_progression_p0 (res://MainGame.gd:2903)
       [1] _refresh_all (res://MainGame.gd:696)
       [2] _ready (res://MainGame.gd:530)
SCRIPT ERROR: Invalid call. Nonexistent function 'refresh_shop_state' in base 'GDScript'.
   at: _refresh_shop_p0 (res://MainGame.gd:2810)
   GDScript backtrace (most recent call first):
       [0] _refresh_shop_p0 (res://MainGame.gd:2810)
       [1] _refresh_all (res://MainGame.gd:697)
       [2] _ready (res://MainGame.gd:530)
SCRIPT ERROR: Invalid call. Nonexistent function 'refresh_afk_state' in base 'GDScript'.
   at: _refresh_afk_p0 (res://MainGame.gd:2910)
   GDScript backtrace (most recent call first):
       [0] _refresh_afk_p0 (res://MainGame.gd:2910)
       [1] _refresh_all (res://MainGame.gd:698)
       [2] _ready (res://MainGame.gd:530)
SCRIPT ERROR: Invalid call. Nonexistent function 'style_objective_header' in base 'GDScript'.
   at: _add_objective_header_v152 (res://MainGame.gd:2166)
   GDScript backtrace (most recent call first):
       [0] _add_objective_header_v152 (res://MainGame.gd:2166)
       [1] _rebuild_quests (res://MainGame.gd:2205)
       [2] _ready (res://MainGame.gd:532)
SCRIPT ERROR: Invalid call. Nonexistent function 'objective_icon_role' in base 'GDScript'.
   at: _add_objective_row_v152 (res://MainGame.gd:2181)
   GDScript backtrace (most recent call first):
       [0] _add_objective_row_v152 (res://MainGame.gd:2181)
       [1] _rebuild_quests (res://MainGame.gd:2206)
       [2] _ready (res://MainGame.gd:532)
SCRIPT ERROR: Invalid call. Nonexistent function 'objective_icon_role' in base 'GDScript'.
   at: _add_objective_row_v152 (res://MainGame.gd:2181)
   GDScript backtrace (most recent call first):
       [0] _add_objective_row_v152 (res://MainGame.gd:2181)
       [1] _rebuild_quests (res://MainGame.gd:2206)
       [2] _ready (res://MainGame.gd:532)
SCRIPT ERROR: Invalid call. Nonexistent function 'objective_icon_role' in base 'GDScript'.
   at: _add_objective_row_v152 (res://MainGame.gd:2181)
   GDScript backtrace (most recent call first):
       [0] _add_objective_row_v152 (res://MainGame.gd:2181)
       [1] _rebuild_quests (res://MainGame.gd:2206)
       [2] _ready (res://MainGame.gd:532)
SCRIPT ERROR: Invalid call. Nonexistent function 'style_objective_header' in base 'GDScript'.
   at: _add_objective_header_v152 (res://MainGame.gd:2166)
   GDScript backtrace (most recent call first):
       [0] _add_objective_header_v152 (res://MainGame.gd:2166)
       [1] _rebuild_quests (res://MainGame.gd:2205)
       [2] _ready (res://MainGame.gd:532)
SCRIPT ERROR: Invalid call. Nonexistent function 'objective_icon_role' in base 'GDScript'.
   at: _add_objective_row_v152 (res://MainGame.gd:2181)
   GDScript backtrace (most recent call first):
       [0] _add_objective_row_v152 (res://MainGame.gd:2181)
       [1] _rebuild_quests (res://MainGame.gd:2206)
       [2] _ready (res://MainGame.gd:532)
SCRIPT ERROR: Invalid call. Nonexistent function 'objective_icon_role' in base 'GDScript'.
   at: _add_objective_row_v152 (res://MainGame.gd:2181)
   GDScript backtrace (most recent call first):
       [0] _add_objective_row_v152 (res://MainGame.gd:2181)
       [1] _rebuild_quests (res://MainGame.gd:2206)
       [2] _ready (res://MainGame.gd:532)
SCRIPT ERROR: Invalid call. Nonexistent function 'objective_icon_role' in base 'GDScript'.
   at: _add_objective_row_v152 (res://MainGame.gd:2181)
   GDScript backtrace (most recent call first):
       [0] _add_objective_row_v152 (res://MainGame.gd:2181)
       [1] _rebuild_quests (res://MainGame.gd:2206)
       [2] _ready (res://MainGame.gd:532)
SCRIPT ERROR: Invalid call. Nonexistent function 'style_objective_header' in base 'GDScript'.
   at: _add_objective_header_v152 (res://MainGame.gd:2166)
   GDScript backtrace (most recent call first):
       [0] _add_objective_header_v152 (res://MainGame.gd:2166)
       [1] _rebuild_quests (res://MainGame.gd:2205)
       [2] _ready (res://MainGame.gd:532)
SCRIPT ERROR: Invalid call. Nonexistent function 'objective_icon_role' in base 'GDScript'.
   at: _add_objective_row_v152 (res://MainGame.gd:2181)
   GDScript backtrace (most recent call first):
       [0] _add_objective_row_v152 (res://MainGame.gd:2181)
       [1] _rebuild_quests (res://MainGame.gd:2206)
       [2] _ready (res://MainGame.gd:532)
SCRIPT ERROR: Invalid call. Nonexistent function 'objective_icon_role' in base 'GDScript'.
   at: _add_objective_row_v152 (res://MainGame.gd:2181)
   GDScript backtrace (most recent call first):
       [0] _add_objective_row_v152 (res://MainGame.gd:2181)
       [1] _rebuild_quests (res://MainGame.gd:2206)
       [2] _ready (res://MainGame.gd:532)
SCRIPT ERROR: Invalid call. Nonexistent function 'objective_icon_role' in base 'GDScript'.
   at: _add_objective_row_v152 (res://MainGame.gd:2181)
   GDScript backtrace (most recent call first):
       [0] _add_objective_row_v152 (res://MainGame.gd:2181)
       [1] _rebuild_quests (res://MainGame.gd:2206)
       [2] _ready (res://MainGame.gd:532)
SCRIPT ERROR: Invalid call. Nonexistent function 'objective_icon_role' in base 'GDScript'.
   at: _add_objective_row_v152 (res://MainGame.gd:2181)
   GDScript backtrace (most recent call first):
       [0] _add_objective_row_v152 (res://MainGame.gd:2181)
       [1] _rebuild_quests (res://MainGame.gd:2206)
       [2] _ready (res://MainGame.gd:532)
SCRIPT ERROR: Invalid call. Nonexistent function 'objective_icon_role' in base 'GDScript'.
   at: _add_objective_row_v152 (res://MainGame.gd:2181)
   GDScript backtrace (most recent call first):
       [0] _add_objective_row_v152 (res://MainGame.gd:2181)
       [1] _rebuild_quests (res://MainGame.gd:2206)
       [2] _ready (res://MainGame.gd:532)
SCRIPT ERROR: Invalid call. Nonexistent function 'style_objective_header' in base 'GDScript'.
   at: _add_objective_header_v152 (res://MainGame.gd:2166)
   GDScript backtrace (most recent call first):
       [0] _add_objective_header_v152 (res://MainGame.gd:2166)
       [1] _rebuild_quests (res://MainGame.gd:2207)
       [2] _ready (res://MainGame.gd:532)
SCRIPT ERROR: Invalid call. Nonexistent function 'objective_icon_role' in base 'GDScript'.
   at: _rebuild_quests (res://MainGame.gd:2214)
   GDScript backtrace (most recent call first):
       [0] _rebuild_quests (res://MainGame.gd:2214)
       [1] _ready (res://MainGame.gd:532)
SCRIPT ERROR: Invalid call. Nonexistent function 'set_primary_nav_state' in base 'GDScript'.
   at: _switch_view (res://MainGame.gd:1298)
   GDScript backtrace (most recent call first):
       [0] _switch_view (res://MainGame.gd:1298)
       [1] _ready (res://MainGame.gd:537)
SCRIPT ERROR: Invalid call. Nonexistent function 'set_primary_nav_state' in base 'GDScript'.
   at: _switch_view (res://MainGame.gd:1298)
   GDScript backtrace (most recent call first):
       [0] _switch_view (res://MainGame.gd:1298)
       [1] _restore_pending_spin_presentation (res://MainGame.gd:1590)
       [2] _restore_next_pending_presentation_v154 (res://MainGame.gd:594)
       [3] _ready (res://MainGame.gd:538)
[CORE_ANALYTICS] {"event":"pending_flow_resume","payload":{"count":1,"flow_version":"v1.54-runtime-flow-01","kind":"spin"},"time_unix":1789103610.602}
[CORE_ANALYTICS] {"event":"spin_presentation_resumed","payload":{"config_version":"v2.0-3reel-p0-06","reel_stop_ids":["reel_1_stop_5_bonus_spins","reel_2_stop_5_bonus_spins","reel_3_stop_5_bonus_spins"],"result_id":"spin_1789103601_1_1789108977790457","reward_id":"bonus_spins","segment_id":"bonus_spins"},"time_unix":1789103610.603}
ERROR: [P0_BOOT] Main scene setting drift: res://BootFlow.tscn
   at: push_error (core/variant/variant_utility.cpp:1023)
   GDScript backtrace (most recent call first):
       [0] complete_scene_boot (res://P0BootDiagnostics.gd:79)
       [1] _ready (res://MainGame.gd:540)
ERROR: [P0_BOOT] Core contract: P0 violation: Daily visible
   at: push_error (core/variant/variant_utility.cpp:1023)
   GDScript backtrace (most recent call first):
       [0] complete_scene_boot (res://P0BootDiagnostics.gd:79)
       [1] _ready (res://MainGame.gd:540)
ERROR: [P0_BOOT] Core contract: P0 violation: Quests visible
   at: push_error (core/variant/variant_utility.cpp:1023)
   GDScript backtrace (most recent call first):
       [0] complete_scene_boot (res://P0BootDiagnostics.gd:79)
       [1] _ready (res://MainGame.gd:540)
ERROR: [P0_BOOT] Core contract: P0 violation: Heroes visible
   at: push_error (core/variant/variant_utility.cpp:1023)
   GDScript backtrace (most recent call first):
       [0] complete_scene_boot (res://P0BootDiagnostics.gd:79)
       [1] _ready (res://MainGame.gd:540)
ERROR: [P0_BOOT] Core contract: P0 violation: Hero Auto-DPS active
   at: push_error (core/variant/variant_utility.cpp:1023)
   GDScript backtrace (most recent call first):
       [0] complete_scene_boot (res://P0BootDiagnostics.gd:79)
       [1] _ready (res://MainGame.gd:540)
ERROR: [P0_BOOT] P1 isolation: HeroSystem processing during P0
   at: push_error (core/variant/variant_utility.cpp:1023)
   GDScript backtrace (most recent call first):
       [0] complete_scene_boot (res://P0BootDiagnostics.gd:79)
       [1] _ready (res://MainGame.gd:540)
[CORE_ANALYTICS] {"event":"p0_boot_fail","payload":{"errors":["Main scene setting drift: res://BootFlow.tscn","Core contract: P0 violation: Daily visible","Core contract: P0 violation: Quests visible","Core contract: P0 violation: Heroes visible","Core contract: P0 violation: Hero Auto-DPS active","P1 isolation: HeroSystem processing during P0"]},"time_unix":1789103610.606}
SCRIPT ERROR: Invalid call. Nonexistent function 'apply' in base 'GDScript'.
   at: _apply_mobile_runtime_polish (res://MainGame.gd:552)
   GDScript backtrace (most recent call first):
       [0] _apply_mobile_runtime_polish (res://MainGame.gd:552)
[VisualRuntimeQa] main loaded=true
SCRIPT ERROR: Invalid call. Nonexistent function 'apply' in base 'GDScript'.
   at: _apply_mobile_runtime_polish (res://MainGame.gd:552)
   GDScript backtrace (most recent call first):
       [0] _apply_mobile_runtime_polish (res://MainGame.gd:552)
       [1] _capture_main_only (res://V2021VisualRuntimeQa.gd:139)
       [2] _boot_to_main_game (res://V2021VisualRuntimeQa.gd:156)
       [3] _wait_render (res://V2021VisualRuntimeQa.gd:174)
[VisualRuntimeQa] profile main_only (1440, 3200)
SCRIPT ERROR: Invalid call. Nonexistent function 'apply' in base 'GDScript'.
   at: _apply_mobile_runtime_polish (res://MainGame.gd:552)
   GDScript backtrace (most recent call first):
       [0] _apply_mobile_runtime_polish (res://MainGame.gd:552)
       [1] _on_viewport_size_changed (res://MainGame.gd:3109)
       [2] _apply_viewport (res://V2021VisualRuntimeQa.gd:166)
       [3] _capture_main_only (res://V2021VisualRuntimeQa.gd:127)
       [4] run_acceptance (res://V2021VisualRuntimeQa.gd:61)
       [5] _capture_main_only (res://V2021VisualRuntimeQa.gd:142)
       [6] _capture (res://V2021VisualRuntimeQa.gd:182)
       [7] _grab_viewport_image (res://V2021VisualRuntimeQa.gd:204)
SCRIPT ERROR: Invalid call. Nonexistent function 'refresh_home_loop_state' in base 'GDScript'.
   at: _update_monster_ui (res://MainGame.gd:1219)
   GDScript backtrace (most recent call first):
       [0] _update_monster_ui (res://MainGame.gd:1219)
       [1] _refresh_all (res://MainGame.gd:675)
       [2] @shields_setter (res://PlayerData.gd:14)
       [3] _reset_shared_state (res://P0TestHarness.gd:64)
       [4] apply_profile (res://P0TestHarness.gd:33)
       [5] _capture_main_only (res://V2021VisualRuntimeQa.gd:129)
       [6] run_acceptance (res://V2021VisualRuntimeQa.gd:61)
       [7] _capture_main_only (res://V2021VisualRuntimeQa.gd:142)
       [8] _capture (res://V2021VisualRuntimeQa.gd:182)
       [9] _grab_viewport_image (res://V2021VisualRuntimeQa.gd:204)
SCRIPT ERROR: Invalid call. Nonexistent function 'refresh_village_loop_state' in base 'GDScript'.
   at: _refresh_p0_village (res://MainGame.gd:2410)
   GDScript backtrace (most recent call first):
       [0] _refresh_p0_village (res://MainGame.gd:2410)
       [1] _refresh_all (res://MainGame.gd:680)
       [2] @shields_setter (res://PlayerData.gd:14)
       [3] _reset_shared_state (res://P0TestHarness.gd:64)
       [4] apply_profile (res://P0TestHarness.gd:33)
       [5] _capture_main_only (res://V2021VisualRuntimeQa.gd:129)
       [6] run_acceptance (res://V2021VisualRuntimeQa.gd:61)
       [7] _capture_main_only (res://V2021VisualRuntimeQa.gd:142)
       [8] _capture (res://V2021VisualRuntimeQa.gd:182)
       [9] _grab_viewport_image (res://V2021VisualRuntimeQa.gd:204)
SCRIPT ERROR: Invalid call. Nonexistent function 'refresh_reward_session_state' in base 'GDScript'.
   at: _refresh_meta_ui (res://MainGame.gd:1004)
   GDScript backtrace (most recent call first):
       [0] _refresh_meta_ui (res://MainGame.gd:1004)
       [1] _refresh_all (res://MainGame.gd:683)
       [2] @shields_setter (res://PlayerData.gd:14)
       [3] _reset_shared_state (res://P0TestHarness.gd:64)
       [4] apply_profile (res://P0TestHarness.gd:33)
       [5] _capture_main_only (res://V2021VisualRuntimeQa.gd:129)
       [6] run_acceptance (res://V2021VisualRuntimeQa.gd:61)
       [7] _capture_main_only (res://V2021VisualRuntimeQa.gd:142)
       [8] _capture (res://V2021VisualRuntimeQa.gd:182)
       [9] _grab_viewport_image (res://V2021VisualRuntimeQa.gd:204)
SCRIPT ERROR: Invalid call. Nonexistent function 'style_objective_header' in base 'GDScript'.
   at: _add_objective_header_v152 (res://MainGame.gd:2166)
   GDScript backtrace (most recent call first):
       [0] _add_objective_header_v152 (res://MainGame.gd:2166)
       [1] _rebuild_quests (res://MainGame.gd:2205)
       [2] _refresh_all (res://MainGame.gd:688)
       [3] @shields_setter (res://PlayerData.gd:14)
       [4] _reset_shared_state (res://P0TestHarness.gd:64)
       [5] apply_profile (res://P0TestHarness.gd:33)
       [6] _capture_main_only (res://V2021VisualRuntimeQa.gd:129)
       [7] run_acceptance (res://V2021VisualRuntimeQa.gd:61)
       [8] _capture_main_only (res://V2021VisualRuntimeQa.gd:142)
       [9] _capture (res://V2021VisualRuntimeQa.gd:182)
       [10] _grab_viewport_image (res://V2021VisualRuntimeQa.gd:204)
SCRIPT ERROR: Invalid call. Nonexistent function 'objective_icon_role' in base 'GDScript'.
   at: _add_objective_row_v152 (res://MainGame.gd:2181)
   GDScript backtrace (most recent call first):
       [0] _add_objective_row_v152 (res://MainGame.gd:2181)
       [1] _rebuild_quests (res://MainGame.gd:2206)
       [2] _refresh_all (res://MainGame.gd:688)
       [3] @shields_setter (res://PlayerData.gd:14)
       [4] _reset_shared_state (res://P0TestHarness.gd:64)
       [5] apply_profile (res://P0TestHarness.gd:33)
       [6] _capture_main_only (res://V2021VisualRuntimeQa.gd:129)
       [7] run_acceptance (res://V2021VisualRuntimeQa.gd:61)
       [8] _capture_main_only (res://V2021VisualRuntimeQa.gd:142)
       [9] _capture (res://V2021VisualRuntimeQa.gd:182)
       [10] _grab_viewport_image (res://V2021VisualRuntimeQa.gd:204)
SCRIPT ERROR: Invalid call. Nonexistent function 'objective_icon_role' in base 'GDScript'.
   at: _add_objective_row_v152 (res://MainGame.gd:2181)
   GDScript backtrace (most recent call first):
       [0] _add_objective_row_v152 (res://MainGame.gd:2181)
       [1] _rebuild_quests (res://MainGame.gd:2206)
       [2] _refresh_all (res://MainGame.gd:688)
       [3] @shields_setter (res://PlayerData.gd:14)
       [4] _reset_shared_state (res://P0TestHarness.gd:64)
       [5] apply_profile (res://P0TestHarness.gd:33)
       [6] _capture_main_only (res://V2021VisualRuntimeQa.gd:129)
       [7] run_acceptance (res://V2021VisualRuntimeQa.gd:61)
       [8] _capture_main_only (res://V2021VisualRuntimeQa.gd:142)
       [9] _capture (res://V2021VisualRuntimeQa.gd:182)
       [10] _grab_viewport_image (res://V2021VisualRuntimeQa.gd:204)
SCRIPT ERROR: Invalid call. Nonexistent function 'objective_icon_role' in base 'GDScript'.
   at: _add_objective_row_v152 (res://MainGame.gd:2181)
   GDScript backtrace (most recent call first):
       [0] _add_objective_row_v152 (res://MainGame.gd:2181)
       [1] _rebuild_quests (res://MainGame.gd:2206)
       [2] _refresh_all (res://MainGame.gd:688)
       [3] @shields_setter (res://PlayerData.gd:14)
       [4] _reset_shared_state (res://P0TestHarness.gd:64)
       [5] apply_profile (res://P0TestHarness.gd:33)
       [6] _capture_main_only (res://V2021VisualRuntimeQa.gd:129)
       [7] run_acceptance (res://V2021VisualRuntimeQa.gd:61)
       [8] _capture_main_only (res://V2021VisualRuntimeQa.gd:142)
       [9] _capture (res://V2021VisualRuntimeQa.gd:182)
       [10] _grab_viewport_image (res://V2021VisualRuntimeQa.gd:204)
SCRIPT ERROR: Invalid call. Nonexistent function 'style_objective_header' in base 'GDScript'.
   at: _add_objective_header_v152 (res://MainGame.gd:2166)
   GDScript backtrace (most recent call first):
       [0] _add_objective_header_v152 (res://MainGame.gd:2166)
       [1] _rebuild_quests (res://MainGame.gd:2205)
       [2] _refresh_all (res://MainGame.gd:688)
       [3] @shields_setter (res://PlayerData.gd:14)
       [4] _reset_shared_state (res://P0TestHarness.gd:64)
       [5] apply_profile (res://P0TestHarness.gd:33)
       [6] _capture_main_only (res://V2021VisualRuntimeQa.gd:129)
       [7] run_acceptance (res://V2021VisualRuntimeQa.gd:61)
       [8] _capture_main_only (res://V2021VisualRuntimeQa.gd:142)
       [9] _capture (res://V2021VisualRuntimeQa.gd:182)
       [10] _grab_viewport_image (res://V2021VisualRuntimeQa.gd:204)
SCRIPT ERROR: Invalid call. Nonexistent function 'objective_icon_role' in base 'GDScript'.
   at: _add_objective_row_v152 (res://MainGame.gd:2181)
   GDScript backtrace (most recent call first):
       [0] _add_objective_row_v152 (res://MainGame.gd:2181)
       [1] _rebuild_quests (res://MainGame.gd:2206)
       [2] _refresh_all (res://MainGame.gd:688)
       [3] @shields_setter (res://PlayerData.gd:14)
       [4] _reset_shared_state (res://P0TestHarness.gd:64)
       [5] apply_profile (res://P0TestHarness.gd:33)
       [6] _capture_main_only (res://V2021VisualRuntimeQa.gd:129)
       [7] run_acceptance (res://V2021VisualRuntimeQa.gd:61)
       [8] _capture_main_only (res://V2021VisualRuntimeQa.gd:142)
       [9] _capture (res://V2021VisualRuntimeQa.gd:182)
       [10] _grab_viewport_image (res://V2021VisualRuntimeQa.gd:204)
SCRIPT ERROR: Invalid call. Nonexistent function 'objective_icon_role' in base 'GDScript'.
   at: _add_objective_row_v152 (res://MainGame.gd:2181)
   GDScript backtrace (most recent call first):
       [0] _add_objective_row_v152 (res://MainGame.gd:2181)
       [1] _rebuild_quests (res://MainGame.gd:2206)
       [2] _refresh_all (res://MainGame.gd:688)
       [3] @shields_setter (res://PlayerData.gd:14)
       [4] _reset_shared_state (res://P0TestHarness.gd:64)
       [5] apply_profile (res://P0TestHarness.gd:33)
       [6] _capture_main_only (res://V2021VisualRuntimeQa.gd:129)
       [7] run_acceptance (res://V2021VisualRuntimeQa.gd:61)
       [8] _capture_main_only (res://V2021VisualRuntimeQa.gd:142)
       [9] _capture (res://V2021VisualRuntimeQa.gd:182)
       [10] _grab_viewport_image (res://V2021VisualRuntimeQa.gd:204)
SCRIPT ERROR: Invalid call. Nonexistent function 'objective_icon_role' in base 'GDScript'.
   at: _add_objective_row_v152 (res://MainGame.gd:2181)
   GDScript backtrace (most recent call first):
       [0] _add_objective_row_v152 (res://MainGame.gd:2181)
       [1] _rebuild_quests (res://MainGame.gd:2206)
       [2] _refresh_all (res://MainGame.gd:688)
       [3] @shields_setter (res://PlayerData.gd:14)
       [4] _reset_shared_state (res://P0TestHarness.gd:64)
       [5] apply_profile (res://P0TestHarness.gd:33)
       [6] _capture_main_only (res://V2021VisualRuntimeQa.gd:129)
       [7] run_acceptance (res://V2021VisualRuntimeQa.gd:61)
       [8] _capture_main_only (res://V2021VisualRuntimeQa.gd:142)
       [9] _capture (res://V2021VisualRuntimeQa.gd:182)
       [10] _grab_viewport_image (res://V2021VisualRuntimeQa.gd:204)
SCRIPT ERROR: Invalid call. Nonexistent function 'style_objective_header' in base 'GDScript'.
   at: _add_objective_header_v152 (res://MainGame.gd:2166)
   GDScript backtrace (most recent call first):
       [0] _add_objective_header_v152 (res://MainGame.gd:2166)
       [1] _rebuild_quests (res://MainGame.gd:2205)
       [2] _refresh_all (res://MainGame.gd:688)
       [3] @shields_setter (res://PlayerData.gd:14)
       [4] _reset_shared_state (res://P0TestHarness.gd:64)
       [5] apply_profile (res://P0TestHarness.gd:33)
       [6] _capture_main_only (res://V2021VisualRuntimeQa.gd:129)
       [7] run_acceptance (res://V2021VisualRuntimeQa.gd:61)
       [8] _capture_main_only (res://V2021VisualRuntimeQa.gd:142)
       [9] _capture (res://V2021VisualRuntimeQa.gd:182)
       [10] _grab_viewport_image (res://V2021VisualRuntimeQa.gd:204)
SCRIPT ERROR: Invalid call. Nonexistent function 'objective_icon_role' in base 'GDScript'.
   at: _add_objective_row_v152 (res://MainGame.gd:2181)
   GDScript backtrace (most recent call first):
       [0] _add_objective_row_v152 (res://MainGame.gd:2181)
       [1] _rebuild_quests (res://MainGame.gd:2206)
       [2] _refresh_all (res://MainGame.gd:688)
       [3] @shields_setter (res://PlayerData.gd:14)
       [4] _reset_shared_state (res://P0TestHarness.gd:64)
       [5] apply_profile (res://P0TestHarness.gd:33)
       [6] _capture_main_only (res://V2021VisualRuntimeQa.gd:129)
       [7] run_acceptance (res://V2021VisualRuntimeQa.gd:61)
       [8] _capture_main_only (res://V2021VisualRuntimeQa.gd:142)
       [9] _capture (res://V2021VisualRuntimeQa.gd:182)
       [10] _grab_viewport_image (res://V2021VisualRuntimeQa.gd:204)
SCRIPT ERROR: Invalid call. Nonexistent function 'objective_icon_role' in base 'GDScript'.
   at: _add_objective_row_v152 (res://MainGame.gd:2181)
   GDScript backtrace (most recent call first):
       [0] _add_objective_row_v152 (res://MainGame.gd:2181)
       [1] _rebuild_quests (res://MainGame.gd:2206)
       [2] _refresh_all (res://MainGame.gd:688)
       [3] @shields_setter (res://PlayerData.gd:14)
       [4] _reset_shared_state (res://P0TestHarness.gd:64)
       [5] apply_profile (res://P0TestHarness.gd:33)
       [6] _capture_main_only (res://V2021VisualRuntimeQa.gd:129)
       [7] run_acceptance (res://V2021VisualRuntimeQa.gd:61)
       [8] _capture_main_only (res://V2021VisualRuntimeQa.gd:142)
       [9] _capture (res://V2021VisualRuntimeQa.gd:182)
       [10] _grab_viewport_image (res://V2021VisualRuntimeQa.gd:204)
SCRIPT ERROR: Invalid call. Nonexistent function 'objective_icon_role' in base 'GDScript'.
   at: _add_objective_row_v152 (res://MainGame.gd:2181)
   GDScript backtrace (most recent call first):
       [0] _add_objective_row_v152 (res://MainGame.gd:2181)
       [1] _rebuild_quests (res://MainGame.gd:2206)
       [2] _refresh_all (res://MainGame.gd:688)
       [3] @shields_setter (res://PlayerData.gd:14)
       [4] _reset_shared_state (res://P0TestHarness.gd:64)
       [5] apply_profile (res://P0TestHarness.gd:33)
       [6] _capture_main_only (res://V2021VisualRuntimeQa.gd:129)
       [7] run_acceptance (res://V2021VisualRuntimeQa.gd:61)
       [8] _capture_main_only (res://V2021VisualRuntimeQa.gd:142)
       [9] _capture (res://V2021VisualRuntimeQa.gd:182)
       [10] _grab_viewport_image (res://V2021VisualRuntimeQa.gd:204)
SCRIPT ERROR: Invalid call. Nonexistent function 'objective_icon_role' in base 'GDScript'.
   at: _add_objective_row_v152 (res://MainGame.gd:2181)
   GDScript backtrace (most recent call first):
       [0] _add_objective_row_v152 (res://MainGame.gd:2181)
       [1] _rebuild_quests (res://MainGame.gd:2206)
       [2] _refresh_all (res://MainGame.gd:688)
       [3] @shields_setter (res://PlayerData.gd:14)
       [4] _reset_shared_state (res://P0TestHarness.gd:64)
       [5] apply_profile (res://P0TestHarness.gd:33)
       [6] _capture_main_only (res://V2021VisualRuntimeQa.gd:129)
       [7] run_acceptance (res://V2021VisualRuntimeQa.gd:61)
       [8] _capture_main_only (res://V2021VisualRuntimeQa.gd:142)
       [9] _capture (res://V2021VisualRuntimeQa.gd:182)
       [10] _grab_viewport_image (res://V2021VisualRuntimeQa.gd:204)
SCRIPT ERROR: Invalid call. Nonexistent function 'objective_icon_role' in base 'GDScript'.
   at: _add_objective_row_v152 (res://MainGame.gd:2181)
   GDScript backtrace (most recent call first):
       [0] _add_objective_row_v152 (res://MainGame.gd:2181)
       [1] _rebuild_quests (res://MainGame.gd:2206)
       [2] _refresh_all (res://MainGame.gd:688)
       [3] @shields_setter (res://PlayerData.gd:14)
       [4] _reset_shared_state (res://P0TestHarness.gd:64)
       [5] apply_profile (res://P0TestHarness.gd:33)
       [6] _capture_main_only (res://V2021VisualRuntimeQa.gd:129)
       [7] run_acceptance (res://V2021VisualRuntimeQa.gd:61)
       [8] _capture_main_only (res://V2021VisualRuntimeQa.gd:142)
       [9] _capture (res://V2021VisualRuntimeQa.gd:182)
       [10] _grab_viewport_image (res://V2021VisualRuntimeQa.gd:204)
SCRIPT ERROR: Invalid call. Nonexistent function 'style_objective_header' in base 'GDScript'.
   at: _add_objective_header_v152 (res://MainGame.gd:2166)
   GDScript backtrace (most recent call first):
       [0] _add_objective_header_v152 (res://MainGame.gd:2166)
       [1] _rebuild_quests (res://MainGame.gd:2207)
       [2] _refresh_all (res://MainGame.gd:688)
       [3] @shields_setter (res://PlayerData.gd:14)
       [4] _reset_shared_state (res://P0TestHarness.gd:64)
       [5] apply_profile (res://P0TestHarness.gd:33)
       [6] _capture_main_only (res://V2021VisualRuntimeQa.gd:129)
       [7] run_acceptance (res://V2021VisualRuntimeQa.gd:61)
       [8] _capture_main_only (res://V2021VisualRuntimeQa.gd:142)
       [9] _capture (res://V2021VisualRuntimeQa.gd:182)
       [10] _grab_viewport_image (res://V2021VisualRuntimeQa.gd:204)
SCRIPT ERROR: Invalid call. Nonexistent function 'objective_icon_role' in base 'GDScript'.
   at: _rebuild_quests (res://MainGame.gd:2214)
   GDScript backtrace (most recent call first):
       [0] _rebuild_quests (res://MainGame.gd:2214)
       [1] _refresh_all (res://MainGame.gd:688)
       [2] @shields_setter (res://PlayerData.gd:14)
       [3] _reset_shared_state (res://P0TestHarness.gd:64)
       [4] apply_profile (res://P0TestHarness.gd:33)
       [5] _capture_main_only (res://V2021VisualRuntimeQa.gd:129)
       [6] run_acceptance (res://V2021VisualRuntimeQa.gd:61)
       [7] _capture_main_only (res://V2021VisualRuntimeQa.gd:142)
       [8] _capture (res://V2021VisualRuntimeQa.gd:182)
       [9] _grab_viewport_image (res://V2021VisualRuntimeQa.gd:204)
SCRIPT ERROR: Invalid call. Nonexistent function 'refresh_progression_state' in base 'GDScript'.
   at: _refresh_progression_p0 (res://MainGame.gd:2903)
   GDScript backtrace (most recent call first):
       [0] _refresh_progression_p0 (res://MainGame.gd:2903)
       [1] _refresh_all (res://MainGame.gd:696)
       [2] @shields_setter (res://PlayerData.gd:14)
       [3] _reset_shared_state (res://P0TestHarness.gd:64)
       [4] apply_profile (res://P0TestHarness.gd:33)
       [5] _capture_main_only (res://V2021VisualRuntimeQa.gd:129)
       [6] run_acceptance (res://V2021VisualRuntimeQa.gd:61)
       [7] _capture_main_only (res://V2021VisualRuntimeQa.gd:142)
       [8] _capture (res://V2021VisualRuntimeQa.gd:182)
       [9] _grab_viewport_image (res://V2021VisualRuntimeQa.gd:204)
SCRIPT ERROR: Invalid call. Nonexistent function 'refresh_shop_state' in base 'GDScript'.
   at: _refresh_shop_p0 (res://MainGame.gd:2810)
   GDScript backtrace (most recent call first):
       [0] _refresh_shop_p0 (res://MainGame.gd:2810)
       [1] _refresh_all (res://MainGame.gd:697)
       [2] @shields_setter (res://PlayerData.gd:14)
       [3] _reset_shared_state (res://P0TestHarness.gd:64)
       [4] apply_profile (res://P0TestHarness.gd:33)
       [5] _capture_main_only (res://V2021VisualRuntimeQa.gd:129)
       [6] run_acceptance (res://V2021VisualRuntimeQa.gd:61)
       [7] _capture_main_only (res://V2021VisualRuntimeQa.gd:142)
       [8] _capture (res://V2021VisualRuntimeQa.gd:182)
       [9] _grab_viewport_image (res://V2021VisualRuntimeQa.gd:204)
SCRIPT ERROR: Invalid call. Nonexistent function 'refresh_afk_state' in base 'GDScript'.
   at: _refresh_afk_p0 (res://MainGame.gd:2910)
   GDScript backtrace (most recent call first):
       [0] _refresh_afk_p0 (res://MainGame.gd:2910)
       [1] _refresh_all (res://MainGame.gd:698)
       [2] @shields_setter (res://PlayerData.gd:14)
       [3] _reset_shared_state (res://P0TestHarness.gd:64)
       [4] apply_profile (res://P0TestHarness.gd:33)
       [5] _capture_main_only (res://V2021VisualRuntimeQa.gd:129)
       [6] run_acceptance (res://V2021VisualRuntimeQa.gd:61)
       [7] _capture_main_only (res://V2021VisualRuntimeQa.gd:142)
       [8] _capture (res://V2021VisualRuntimeQa.gd:182)
       [9] _grab_viewport_image (res://V2021VisualRuntimeQa.gd:204)
SCRIPT ERROR: Invalid call. Nonexistent function 'refresh_home_loop_state' in base 'GDScript'.
   at: _update_monster_ui (res://MainGame.gd:1219)
   GDScript backtrace (most recent call first):
       [0] _update_monster_ui (res://MainGame.gd:1219)
       [1] _refresh_all (res://MainGame.gd:675)
       [2] _reset_shared_state (res://P0TestHarness.gd:81)
       [3] apply_profile (res://P0TestHarness.gd:33)
       [4] _capture_main_only (res://V2021VisualRuntimeQa.gd:129)
       [5] run_acceptance (res://V2021VisualRuntimeQa.gd:61)
       [6] _capture_main_only (res://V2021VisualRuntimeQa.gd:142)
       [7] _capture (res://V2021VisualRuntimeQa.gd:182)
       [8] _grab_viewport_image (res://V2021VisualRuntimeQa.gd:204)
SCRIPT ERROR: Invalid call. Nonexistent function 'refresh_village_loop_state' in base 'GDScript'.
   at: _refresh_p0_village (res://MainGame.gd:2410)
   GDScript backtrace (most recent call first):
       [0] _refresh_p0_village (res://MainGame.gd:2410)
       [1] _refresh_all (res://MainGame.gd:680)
       [2] _reset_shared_state (res://P0TestHarness.gd:81)
       [3] apply_profile (res://P0TestHarness.gd:33)
       [4] _capture_main_only (res://V2021VisualRuntimeQa.gd:129)
       [5] run_acceptance (res://V2021VisualRuntimeQa.gd:61)
       [6] _capture_main_only (res://V2021VisualRuntimeQa.gd:142)
       [7] _capture (res://V2021VisualRuntimeQa.gd:182)
       [8] _grab_viewport_image (res://V2021VisualRuntimeQa.gd:204)
SCRIPT ERROR: Invalid call. Nonexistent function 'refresh_reward_session_state' in base 'GDScript'.
   at: _refresh_meta_ui (res://MainGame.gd:1004)
   GDScript backtrace (most recent call first):
       [0] _refresh_meta_ui (res://MainGame.gd:1004)
       [1] _refresh_all (res://MainGame.gd:683)
       [2] _reset_shared_state (res://P0TestHarness.gd:81)
       [3] apply_profile (res://P0TestHarness.gd:33)
       [4] _capture_main_only (res://V2021VisualRuntimeQa.gd:129)
       [5] run_acceptance (res://V2021VisualRuntimeQa.gd:61)
       [6] _capture_main_only (res://V2021VisualRuntimeQa.gd:142)
       [7] _capture (res://V2021VisualRuntimeQa.gd:182)
       [8] _grab_viewport_image (res://V2021VisualRuntimeQa.gd:204)
SCRIPT ERROR: Invalid call. Nonexistent function 'style_objective_header' in base 'GDScript'.
   at: _add_objective_header_v152 (res://MainGame.gd:2166)
   GDScript backtrace (most recent call first):
       [0] _add_objective_header_v152 (res://MainGame.gd:2166)
       [1] _rebuild_quests (res://MainGame.gd:2205)
       [2] _refresh_all (res://MainGame.gd:688)
       [3] _reset_shared_state (res://P0TestHarness.gd:81)
       [4] apply_profile (res://P0TestHarness.gd:33)
       [5] _capture_main_only (res://V2021VisualRuntimeQa.gd:129)
       [6] run_acceptance (res://V2021VisualRuntimeQa.gd:61)
       [7] _capture_main_only (res://V2021VisualRuntimeQa.gd:142)
       [8] _capture (res://V2021VisualRuntimeQa.gd:182)
       [9] _grab_viewport_image (res://V2021VisualRuntimeQa.gd:204)
SCRIPT ERROR: Invalid call. Nonexistent function 'objective_icon_role' in base 'GDScript'.
   at: _add_objective_row_v152 (res://MainGame.gd:2181)
   GDScript backtrace (most recent call first):
       [0] _add_objective_row_v152 (res://MainGame.gd:2181)
       [1] _rebuild_quests (res://MainGame.gd:2206)
       [2] _refresh_all (res://MainGame.gd:688)
       [3] _reset_shared_state (res://P0TestHarness.gd:81)
       [4] apply_profile (res://P0TestHarness.gd:33)
       [5] _capture_main_only (res://V2021VisualRuntimeQa.gd:129)
       [6] run_acceptance (res://V2021VisualRuntimeQa.gd:61)
       [7] _capture_main_only (res://V2021VisualRuntimeQa.gd:142)
       [8] _capture (res://V2021VisualRuntimeQa.gd:182)
       [9] _grab_viewport_image (res://V2021VisualRuntimeQa.gd:204)
SCRIPT ERROR: Invalid call. Nonexistent function 'objective_icon_role' in base 'GDScript'.
   at: _add_objective_row_v152 (res://MainGame.gd:2181)
   GDScript backtrace (most recent call first):
       [0] _add_objective_row_v152 (res://MainGame.gd:2181)
       [1] _rebuild_quests (res://MainGame.gd:2206)
       [2] _refresh_all (res://MainGame.gd:688)
       [3] _reset_shared_state (res://P0TestHarness.gd:81)
       [4] apply_profile (res://P0TestHarness.gd:33)
       [5] _capture_main_only (res://V2021VisualRuntimeQa.gd:129)
       [6] run_acceptance (res://V2021VisualRuntimeQa.gd:61)
       [7] _capture_main_only (res://V2021VisualRuntimeQa.gd:142)
       [8] _capture (res://V2021VisualRuntimeQa.gd:182)
       [9] _grab_viewport_image (res://V2021VisualRuntimeQa.gd:204)
SCRIPT ERROR: Invalid call. Nonexistent function 'objective_icon_role' in base 'GDScript'.
   at: _add_objective_row_v152 (res://MainGame.gd:2181)
   GDScript backtrace (most recent call first):
       [0] _add_objective_row_v152 (res://MainGame.gd:2181)
       [1] _rebuild_quests (res://MainGame.gd:2206)
       [2] _refresh_all (res://MainGame.gd:688)
       [3] _reset_shared_state (res://P0TestHarness.gd:81)
       [4] apply_profile (res://P0TestHarness.gd:33)
       [5] _capture_main_only (res://V2021VisualRuntimeQa.gd:129)
       [6] run_acceptance (res://V2021VisualRuntimeQa.gd:61)
       [7] _capture_main_only (res://V2021VisualRuntimeQa.gd:142)
       [8] _capture (res://V2021VisualRuntimeQa.gd:182)
       [9] _grab_viewport_image (res://V2021VisualRuntimeQa.gd:204)
SCRIPT ERROR: Invalid call. Nonexistent function 'style_objective_header' in base 'GDScript'.
   at: _add_objective_header_v152 (res://MainGame.gd:2166)
   GDScript backtrace (most recent call first):
       [0] _add_objective_header_v152 (res://MainGame.gd:2166)
       [1] _rebuild_quests (res://MainGame.gd:2205)
       [2] _refresh_all (res://MainGame.gd:688)
       [3] _reset_shared_state (res://P0TestHarness.gd:81)
       [4] apply_profile (res://P0TestHarness.gd:33)
       [5] _capture_main_only (res://V2021VisualRuntimeQa.gd:129)
       [6] run_acceptance (res://V2021VisualRuntimeQa.gd:61)
       [7] _capture_main_only (res://V2021VisualRuntimeQa.gd:142)
       [8] _capture (res://V2021VisualRuntimeQa.gd:182)
       [9] _grab_viewport_image (res://V2021VisualRuntimeQa.gd:204)
SCRIPT ERROR: Invalid call. Nonexistent function 'objective_icon_role' in base 'GDScript'.
   at: _add_objective_row_v152 (res://MainGame.gd:2181)
   GDScript backtrace (most recent call first):
       [0] _add_objective_row_v152 (res://MainGame.gd:2181)
       [1] _rebuild_quests (res://MainGame.gd:2206)
       [2] _refresh_all (res://MainGame.gd:688)
       [3] _reset_shared_state (res://P0TestHarness.gd:81)
       [4] apply_profile (res://P0TestHarness.gd:33)
       [5] _capture_main_only (res://V2021VisualRuntimeQa.gd:129)
       [6] run_acceptance (res://V2021VisualRuntimeQa.gd:61)
       [7] _capture_main_only (res://V2021VisualRuntimeQa.gd:142)
       [8] _capture (res://V2021VisualRuntimeQa.gd:182)
       [9] _grab_viewport_image (res://V2021VisualRuntimeQa.gd:204)
SCRIPT ERROR: Invalid call. Nonexistent function 'objective_icon_role' in base 'GDScript'.
   at: _add_objective_row_v152 (res://MainGame.gd:2181)
   GDScript backtrace (most recent call first):
       [0] _add_objective_row_v152 (res://MainGame.gd:2181)
       [1] _rebuild_quests (res://MainGame.gd:2206)
       [2] _refresh_all (res://MainGame.gd:688)
       [3] _reset_shared_state (res://P0TestHarness.gd:81)
       [4] apply_profile (res://P0TestHarness.gd:33)
       [5] _capture_main_only (res://V2021VisualRuntimeQa.gd:129)
       [6] run_acceptance (res://V2021VisualRuntimeQa.gd:61)
       [7] _capture_main_only (res://V2021VisualRuntimeQa.gd:142)
       [8] _capture (res://V2021VisualRuntimeQa.gd:182)
       [9] _grab_viewport_image (res://V2021VisualRuntimeQa.gd:204)
SCRIPT ERROR: Invalid call. Nonexistent function 'objective_icon_role' in base 'GDScript'.
   at: _add_objective_row_v152 (res://MainGame.gd:2181)
   GDScript backtrace (most recent call first):
       [0] _add_objective_row_v152 (res://MainGame.gd:2181)
       [1] _rebuild_quests (res://MainGame.gd:2206)
       [2] _refresh_all (res://MainGame.gd:688)
       [3] _reset_shared_state (res://P0TestHarness.gd:81)
       [4] apply_profile (res://P0TestHarness.gd:33)
       [5] _capture_main_only (res://V2021VisualRuntimeQa.gd:129)
       [6] run_acceptance (res://V2021VisualRuntimeQa.gd:61)
       [7] _capture_main_only (res://V2021VisualRuntimeQa.gd:142)
       [8] _capture (res://V2021VisualRuntimeQa.gd:182)
       [9] _grab_viewport_image (res://V2021VisualRuntimeQa.gd:204)
SCRIPT ERROR: Invalid call. Nonexistent function 'style_objective_header' in base 'GDScript'.
   at: _add_objective_header_v152 (res://MainGame.gd:2166)
   GDScript backtrace (most recent call first):
       [0] _add_objective_header_v152 (res://MainGame.gd:2166)
       [1] _rebuild_quests (res://MainGame.gd:2205)
       [2] _refresh_all (res://MainGame.gd:688)
       [3] _reset_shared_state (res://P0TestHarness.gd:81)
       [4] apply_profile (res://P0TestHarness.gd:33)
       [5] _capture_main_only (res://V2021VisualRuntimeQa.gd:129)
       [6] run_acceptance (res://V2021VisualRuntimeQa.gd:61)
       [7] _capture_main_only (res://V2021VisualRuntimeQa.gd:142)
       [8] _capture (res://V2021VisualRuntimeQa.gd:182)
       [9] _grab_viewport_image (res://V2021VisualRuntimeQa.gd:204)
SCRIPT ERROR: Invalid call. Nonexistent function 'objective_icon_role' in base 'GDScript'.
   at: _add_objective_row_v152 (res://MainGame.gd:2181)
   GDScript backtrace (most recent call first):
       [0] _add_objective_row_v152 (res://MainGame.gd:2181)
       [1] _rebuild_quests (res://MainGame.gd:2206)
       [2] _refresh_all (res://MainGame.gd:688)
       [3] _reset_shared_state (res://P0TestHarness.gd:81)
       [4] apply_profile (res://P0TestHarness.gd:33)
       [5] _capture_main_only (res://V2021VisualRuntimeQa.gd:129)
       [6] run_acceptance (res://V2021VisualRuntimeQa.gd:61)
       [7] _capture_main_only (res://V2021VisualRuntimeQa.gd:142)
       [8] _capture (res://V2021VisualRuntimeQa.gd:182)
       [9] _grab_viewport_image (res://V2021VisualRuntimeQa.gd:204)
SCRIPT ERROR: Invalid call. Nonexistent function 'objective_icon_role' in base 'GDScript'.
   at: _add_objective_row_v152 (res://MainGame.gd:2181)
   GDScript backtrace (most recent call first):
       [0] _add_objective_row_v152 (res://MainGame.gd:2181)
       [1] _rebuild_quests (res://MainGame.gd:2206)
       [2] _refresh_all (res://MainGame.gd:688)
       [3] _reset_shared_state (res://P0TestHarness.gd:81)
       [4] apply_profile (res://P0TestHarness.gd:33)
       [5] _capture_main_only (res://V2021VisualRuntimeQa.gd:129)
       [6] run_acceptance (res://V2021VisualRuntimeQa.gd:61)
       [7] _capture_main_only (res://V2021VisualRuntimeQa.gd:142)
       [8] _capture (res://V2021VisualRuntimeQa.gd:182)
       [9] _grab_viewport_image (res://V2021VisualRuntimeQa.gd:204)
SCRIPT ERROR: Invalid call. Nonexistent function 'objective_icon_role' in base 'GDScript'.
   at: _add_objective_row_v152 (res://MainGame.gd:2181)
   GDScript backtrace (most recent call first):
       [0] _add_objective_row_v152 (res://MainGame.gd:2181)
       [1] _rebuild_quests (res://MainGame.gd:2206)
       [2] _refresh_all (res://MainGame.gd:688)
       [3] _reset_shared_state (res://P0TestHarness.gd:81)
       [4] apply_profile (res://P0TestHarness.gd:33)
       [5] _capture_main_only (res://V2021VisualRuntimeQa.gd:129)
       [6] run_acceptance (res://V2021VisualRuntimeQa.gd:61)
       [7] _capture_main_only (res://V2021VisualRuntimeQa.gd:142)
       [8] _capture (res://V2021VisualRuntimeQa.gd:182)
       [9] _grab_viewport_image (res://V2021VisualRuntimeQa.gd:204)
SCRIPT ERROR: Invalid call. Nonexistent function 'objective_icon_role' in base 'GDScript'.
   at: _add_objective_row_v152 (res://MainGame.gd:2181)
   GDScript backtrace (most recent call first):
       [0] _add_objective_row_v152 (res://MainGame.gd:2181)
       [1] _rebuild_quests (res://MainGame.gd:2206)
       [2] _refresh_all (res://MainGame.gd:688)
       [3] _reset_shared_state (res://P0TestHarness.gd:81)
       [4] apply_profile (res://P0TestHarness.gd:33)
       [5] _capture_main_only (res://V2021VisualRuntimeQa.gd:129)
       [6] run_acceptance (res://V2021VisualRuntimeQa.gd:61)
       [7] _capture_main_only (res://V2021VisualRuntimeQa.gd:142)
       [8] _capture (res://V2021VisualRuntimeQa.gd:182)
       [9] _grab_viewport_image (res://V2021VisualRuntimeQa.gd:204)
SCRIPT ERROR: Invalid call. Nonexistent function 'objective_icon_role' in base 'GDScript'.
   at: _add_objective_row_v152 (res://MainGame.gd:2181)
   GDScript backtrace (most recent call first):
       [0] _add_objective_row_v152 (res://MainGame.gd:2181)
       [1] _rebuild_quests (res://MainGame.gd:2206)
       [2] _refresh_all (res://MainGame.gd:688)
       [3] _reset_shared_state (res://P0TestHarness.gd:81)
       [4] apply_profile (res://P0TestHarness.gd:33)
       [5] _capture_main_only (res://V2021VisualRuntimeQa.gd:129)
       [6] run_acceptance (res://V2021VisualRuntimeQa.gd:61)
       [7] _capture_main_only (res://V2021VisualRuntimeQa.gd:142)
       [8] _capture (res://V2021VisualRuntimeQa.gd:182)
       [9] _grab_viewport_image (res://V2021VisualRuntimeQa.gd:204)
SCRIPT ERROR: Invalid call. Nonexistent function 'style_objective_header' in base 'GDScript'.
   at: _add_objective_header_v152 (res://MainGame.gd:2166)
   GDScript backtrace (most recent call first):
       [0] _add_objective_header_v152 (res://MainGame.gd:2166)
       [1] _rebuild_quests (res://MainGame.gd:2207)
       [2] _refresh_all (res://MainGame.gd:688)
       [3] _reset_shared_state (res://P0TestHarness.gd:81)
       [4] apply_profile (res://P0TestHarness.gd:33)
       [5] _capture_main_only (res://V2021VisualRuntimeQa.gd:129)
       [6] run_acceptance (res://V2021VisualRuntimeQa.gd:61)
       [7] _capture_main_only (res://V2021VisualRuntimeQa.gd:142)
       [8] _capture (res://V2021VisualRuntimeQa.gd:182)
       [9] _grab_viewport_image (res://V2021VisualRuntimeQa.gd:204)
SCRIPT ERROR: Invalid call. Nonexistent function 'objective_icon_role' in base 'GDScript'.
   at: _rebuild_quests (res://MainGame.gd:2214)
   GDScript backtrace (most recent call first):
       [0] _rebuild_quests (res://MainGame.gd:2214)
       [1] _refresh_all (res://MainGame.gd:688)
       [2] _reset_shared_state (res://P0TestHarness.gd:81)
       [3] apply_profile (res://P0TestHarness.gd:33)
       [4] _capture_main_only (res://V2021VisualRuntimeQa.gd:129)
       [5] run_acceptance (res://V2021VisualRuntimeQa.gd:61)
       [6] _capture_main_only (res://V2021VisualRuntimeQa.gd:142)
       [7] _capture (res://V2021VisualRuntimeQa.gd:182)
       [8] _grab_viewport_image (res://V2021VisualRuntimeQa.gd:204)
SCRIPT ERROR: Invalid call. Nonexistent function 'refresh_progression_state' in base 'GDScript'.
   at: _refresh_progression_p0 (res://MainGame.gd:2903)
   GDScript backtrace (most recent call first):
       [0] _refresh_progression_p0 (res://MainGame.gd:2903)
       [1] _refresh_all (res://MainGame.gd:696)
       [2] _reset_shared_state (res://P0TestHarness.gd:81)
       [3] apply_profile (res://P0TestHarness.gd:33)
       [4] _capture_main_only (res://V2021VisualRuntimeQa.gd:129)
       [5] run_acceptance (res://V2021VisualRuntimeQa.gd:61)
       [6] _capture_main_only (res://V2021VisualRuntimeQa.gd:142)
       [7] _capture (res://V2021VisualRuntimeQa.gd:182)
       [8] _grab_viewport_image (res://V2021VisualRuntimeQa.gd:204)
SCRIPT ERROR: Invalid call. Nonexistent function 'refresh_shop_state' in base 'GDScript'.
   at: _refresh_shop_p0 (res://MainGame.gd:2810)
   GDScript backtrace (most recent call first):
       [0] _refresh_shop_p0 (res://MainGame.gd:2810)
       [1] _refresh_all (res://MainGame.gd:697)
       [2] _reset_shared_state (res://P0TestHarness.gd:81)
       [3] apply_profile (res://P0TestHarness.gd:33)
       [4] _capture_main_only (res://V2021VisualRuntimeQa.gd:129)
       [5] run_acceptance (res://V2021VisualRuntimeQa.gd:61)
       [6] _capture_main_only (res://V2021VisualRuntimeQa.gd:142)
       [7] _capture (res://V2021VisualRuntimeQa.gd:182)
       [8] _grab_viewport_image (res://V2021VisualRuntimeQa.gd:204)
SCRIPT ERROR: Invalid call. Nonexistent function 'refresh_afk_state' in base 'GDScript'.
   at: _refresh_afk_p0 (res://MainGame.gd:2910)
   GDScript backtrace (most recent call first):
       [0] _refresh_afk_p0 (res://MainGame.gd:2910)
       [1] _refresh_all (res://MainGame.gd:698)
       [2] _reset_shared_state (res://P0TestHarness.gd:81)
       [3] apply_profile (res://P0TestHarness.gd:33)
       [4] _capture_main_only (res://V2021VisualRuntimeQa.gd:129)
       [5] run_acceptance (res://V2021VisualRuntimeQa.gd:61)
       [6] _capture_main_only (res://V2021VisualRuntimeQa.gd:142)
       [7] _capture (res://V2021VisualRuntimeQa.gd:182)
       [8] _grab_viewport_image (res://V2021VisualRuntimeQa.gd:204)
SCRIPT ERROR: Invalid call. Nonexistent function 'refresh_home_loop_state' in base 'GDScript'.
   at: _update_monster_ui (res://MainGame.gd:1219)
   GDScript backtrace (most recent call first):
       [0] _update_monster_ui (res://MainGame.gd:1219)
       [1] _reset_shared_state (res://P0TestHarness.gd:82)
       [2] apply_profile (res://P0TestHarness.gd:33)
       [3] _capture_main_only (res://V2021VisualRuntimeQa.gd:129)
       [4] run_acceptance (res://V2021VisualRuntimeQa.gd:61)
       [5] _capture_main_only (res://V2021VisualRuntimeQa.gd:142)
       [6] _capture (res://V2021VisualRuntimeQa.gd:182)
       [7] _grab_viewport_image (res://V2021VisualRuntimeQa.gd:204)
SCRIPT ERROR: Invalid call. Nonexistent function 'refresh_home_loop_state' in base 'GDScript'.
   at: _update_monster_ui (res://MainGame.gd:1219)
   GDScript backtrace (most recent call first):
       [0] _update_monster_ui (res://MainGame.gd:1219)
       [1] _refresh_all (res://MainGame.gd:675)
       [2] _reset_shared_state (res://P0TestHarness.gd:83)
       [3] apply_profile (res://P0TestHarness.gd:33)
       [4] _capture_main_only (res://V2021VisualRuntimeQa.gd:129)
       [5] run_acceptance (res://V2021VisualRuntimeQa.gd:61)
       [6] _capture_main_only (res://V2021VisualRuntimeQa.gd:142)
       [7] _capture (res://V2021VisualRuntimeQa.gd:182)
       [8] _grab_viewport_image (res://V2021VisualRuntimeQa.gd:204)
SCRIPT ERROR: Invalid call. Nonexistent function 'refresh_village_loop_state' in base 'GDScript'.
   at: _refresh_p0_village (res://MainGame.gd:2410)
   GDScript backtrace (most recent call first):
       [0] _refresh_p0_village (res://MainGame.gd:2410)
       [1] _refresh_all (res://MainGame.gd:680)
       [2] _reset_shared_state (res://P0TestHarness.gd:83)
       [3] apply_profile (res://P0TestHarness.gd:33)
       [4] _capture_main_only (res://V2021VisualRuntimeQa.gd:129)
       [5] run_acceptance (res://V2021VisualRuntimeQa.gd:61)
       [6] _capture_main_only (res://V2021VisualRuntimeQa.gd:142)
       [7] _capture (res://V2021VisualRuntimeQa.gd:182)
       [8] _grab_viewport_image (res://V2021VisualRuntimeQa.gd:204)
SCRIPT ERROR: Invalid call. Nonexistent function 'refresh_reward_session_state' in base 'GDScript'.
   at: _refresh_meta_ui (res://MainGame.gd:1004)
   GDScript backtrace (most recent call first):
       [0] _refresh_meta_ui (res://MainGame.gd:1004)
       [1] _refresh_all (res://MainGame.gd:683)
       [2] _reset_shared_state (res://P0TestHarness.gd:83)
       [3] apply_profile (res://P0TestHarness.gd:33)
       [4] _capture_main_only (res://V2021VisualRuntimeQa.gd:129)
       [5] run_acceptance (res://V2021VisualRuntimeQa.gd:61)
       [6] _capture_main_only (res://V2021VisualRuntimeQa.gd:142)
       [7] _capture (res://V2021VisualRuntimeQa.gd:182)
       [8] _grab_viewport_image (res://V2021VisualRuntimeQa.gd:204)
SCRIPT ERROR: Invalid call. Nonexistent function 'style_objective_header' in base 'GDScript'.
   at: _add_objective_header_v152 (res://MainGame.gd:2166)
   GDScript backtrace (most recent call first):
       [0] _add_objective_header_v152 (res://MainGame.gd:2166)
       [1] _rebuild_quests (res://MainGame.gd:2205)
       [2] _refresh_all (res://MainGame.gd:688)
       [3] _reset_shared_state (res://P0TestHarness.gd:83)
       [4] apply_profile (res://P0TestHarness.gd:33)
       [5] _capture_main_only (res://V2021VisualRuntimeQa.gd:129)
       [6] run_acceptance (res://V2021VisualRuntimeQa.gd:61)
       [7] _capture_main_only (res://V2021VisualRuntimeQa.gd:142)
       [8] _capture (res://V2021VisualRuntimeQa.gd:182)
       [9] _grab_viewport_image (res://V2021VisualRuntimeQa.gd:204)
SCRIPT ERROR: Invalid call. Nonexistent function 'objective_icon_role' in base 'GDScript'.
   at: _add_objective_row_v152 (res://MainGame.gd:2181)
   GDScript backtrace (most recent call first):
       [0] _add_objective_row_v152 (res://MainGame.gd:2181)
       [1] _rebuild_quests (res://MainGame.gd:2206)
       [2] _refresh_all (res://MainGame.gd:688)
       [3] _reset_shared_state (res://P0TestHarness.gd:83)
       [4] apply_profile (res://P0TestHarness.gd:33)
       [5] _capture_main_only (res://V2021VisualRuntimeQa.gd:129)
       [6] run_acceptance (res://V2021VisualRuntimeQa.gd:61)
       [7] _capture_main_only (res://V2021VisualRuntimeQa.gd:142)
       [8] _capture (res://V2021VisualRuntimeQa.gd:182)
       [9] _grab_viewport_image (res://V2021VisualRuntimeQa.gd:204)
SCRIPT ERROR: Invalid call. Nonexistent function 'objective_icon_role' in base 'GDScript'.
   at: _add_objective_row_v152 (res://MainGame.gd:2181)
   GDScript backtrace (most recent call first):
       [0] _add_objective_row_v152 (res://MainGame.gd:2181)
       [1] _rebuild_quests (res://MainGame.gd:2206)
       [2] _refresh_all (res://MainGame.gd:688)
       [3] _reset_shared_state (res://P0TestHarness.gd:83)
       [4] apply_profile (res://P0TestHarness.gd:33)
       [5] _capture_main_only (res://V2021VisualRuntimeQa.gd:129)
       [6] run_acceptance (res://V2021VisualRuntimeQa.gd:61)
       [7] _capture_main_only (res://V2021VisualRuntimeQa.gd:142)
       [8] _capture (res://V2021VisualRuntimeQa.gd:182)
       [9] _grab_viewport_image (res://V2021VisualRuntimeQa.gd:204)
SCRIPT ERROR: Invalid call. Nonexistent function 'objective_icon_role' in base 'GDScript'.
   at: _add_objective_row_v152 (res://MainGame.gd:2181)
   GDScript backtrace (most recent call first):
       [0] _add_objective_row_v152 (res://MainGame.gd:2181)
       [1] _rebuild_quests (res://MainGame.gd:2206)
       [2] _refresh_all (res://MainGame.gd:688)
       [3] _reset_shared_state (res://P0TestHarness.gd:83)
       [4] apply_profile (res://P0TestHarness.gd:33)
       [5] _capture_main_only (res://V2021VisualRuntimeQa.gd:129)
       [6] run_acceptance (res://V2021VisualRuntimeQa.gd:61)
       [7] _capture_main_only (res://V2021VisualRuntimeQa.gd:142)
       [8] _capture (res://V2021VisualRuntimeQa.gd:182)
       [9] _grab_viewport_image (res://V2021VisualRuntimeQa.gd:204)
SCRIPT ERROR: Invalid call. Nonexistent function 'style_objective_header' in base 'GDScript'.
   at: _add_objective_header_v152 (res://MainGame.gd:2166)
   GDScript backtrace (most recent call first):
       [0] _add_objective_header_v152 (res://MainGame.gd:2166)
       [1] _rebuild_quests (res://MainGame.gd:2205)
       [2] _refresh_all (res://MainGame.gd:688)
       [3] _reset_shared_state (res://P0TestHarness.gd:83)
       [4] apply_profile (res://P0TestHarness.gd:33)
       [5] _capture_main_only (res://V2021VisualRuntimeQa.gd:129)
       [6] run_acceptance (res://V2021VisualRuntimeQa.gd:61)
       [7] _capture_main_only (res://V2021VisualRuntimeQa.gd:142)
       [8] _capture (res://V2021VisualRuntimeQa.gd:182)
       [9] _grab_viewport_image (res://V2021VisualRuntimeQa.gd:204)
SCRIPT ERROR: Invalid call. Nonexistent function 'objective_icon_role' in base 'GDScript'.
   at: _add_objective_row_v152 (res://MainGame.gd:2181)
   GDScript backtrace (most recent call first):
       [0] _add_objective_row_v152 (res://MainGame.gd:2181)
       [1] _rebuild_quests (res://MainGame.gd:2206)
       [2] _refresh_all (res://MainGame.gd:688)
       [3] _reset_shared_state (res://P0TestHarness.gd:83)
       [4] apply_profile (res://P0TestHarness.gd:33)
       [5] _capture_main_only (res://V2021VisualRuntimeQa.gd:129)
       [6] run_acceptance (res://V2021VisualRuntimeQa.gd:61)
       [7] _capture_main_only (res://V2021VisualRuntimeQa.gd:142)
       [8] _capture (res://V2021VisualRuntimeQa.gd:182)
       [9] _grab_viewport_image (res://V2021VisualRuntimeQa.gd:204)
SCRIPT ERROR: Invalid call. Nonexistent function 'objective_icon_role' in base 'GDScript'.
   at: _add_objective_row_v152 (res://MainGame.gd:2181)
   GDScript backtrace (most recent call first):
       [0] _add_objective_row_v152 (res://MainGame.gd:2181)
       [1] _rebuild_quests (res://MainGame.gd:2206)
       [2] _refresh_all (res://MainGame.gd:688)
       [3] _reset_shared_state (res://P0TestHarness.gd:83)
       [4] apply_profile (res://P0TestHarness.gd:33)
       [5] _capture_main_only (res://V2021VisualRuntimeQa.gd:129)
       [6] run_acceptance (res://V2021VisualRuntimeQa.gd:61)
       [7] _capture_main_only (res://V2021VisualRuntimeQa.gd:142)
       [8] _capture (res://V2021VisualRuntimeQa.gd:182)
       [9] _grab_viewport_image (res://V2021VisualRuntimeQa.gd:204)
SCRIPT ERROR: Invalid call. Nonexistent function 'objective_icon_role' in base 'GDScript'.
   at: _add_objective_row_v152 (res://MainGame.gd:2181)
   GDScript backtrace (most recent call first):
       [0] _add_objective_row_v152 (res://MainGame.gd:2181)
       [1] _rebuild_quests (res://MainGame.gd:2206)
       [2] _refresh_all (res://MainGame.gd:688)
       [3] _reset_shared_state (res://P0TestHarness.gd:83)
       [4] apply_profile (res://P0TestHarness.gd:33)
       [5] _capture_main_only (res://V2021VisualRuntimeQa.gd:129)
       [6] run_acceptance (res://V2021VisualRuntimeQa.gd:61)
       [7] _capture_main_only (res://V2021VisualRuntimeQa.gd:142)
       [8] _capture (res://V2021VisualRuntimeQa.gd:182)
       [9] _grab_viewport_image (res://V2021VisualRuntimeQa.gd:204)
SCRIPT ERROR: Invalid call. Nonexistent function 'style_objective_header' in base 'GDScript'.
   at: _add_objective_header_v152 (res://MainGame.gd:2166)
   GDScript backtrace (most recent call first):
       [0] _add_objective_header_v152 (res://MainGame.gd:2166)
       [1] _rebuild_quests (res://MainGame.gd:2205)
       [2] _refresh_all (res://MainGame.gd:688)
       [3] _reset_shared_state (res://P0TestHarness.gd:83)
       [4] apply_profile (res://P0TestHarness.gd:33)
       [5] _capture_main_only (res://V2021VisualRuntimeQa.gd:129)
       [6] run_acceptance (res://V2021VisualRuntimeQa.gd:61)
       [7] _capture_main_only (res://V2021VisualRuntimeQa.gd:142)
       [8] _capture (res://V2021VisualRuntimeQa.gd:182)
       [9] _grab_viewport_image (res://V2021VisualRuntimeQa.gd:204)
SCRIPT ERROR: Invalid call. Nonexistent function 'objective_icon_role' in base 'GDScript'.
   at: _add_objective_row_v152 (res://MainGame.gd:2181)
   GDScript backtrace (most recent call first):
       [0] _add_objective_row_v152 (res://MainGame.gd:2181)
       [1] _rebuild_quests (res://MainGame.gd:2206)
       [2] _refresh_all (res://MainGame.gd:688)
       [3] _reset_shared_state (res://P0TestHarness.gd:83)
       [4] apply_profile (res://P0TestHarness.gd:33)
       [5] _capture_main_only (res://V2021VisualRuntimeQa.gd:129)
       [6] run_acceptance (res://V2021VisualRuntimeQa.gd:61)
       [7] _capture_main_only (res://V2021VisualRuntimeQa.gd:142)
       [8] _capture (res://V2021VisualRuntimeQa.gd:182)
       [9] _grab_viewport_image (res://V2021VisualRuntimeQa.gd:204)
SCRIPT ERROR: Invalid call. Nonexistent function 'objective_icon_role' in base 'GDScript'.
   at: _add_objective_row_v152 (res://MainGame.gd:2181)
   GDScript backtrace (most recent call first):
       [0] _add_objective_row_v152 (res://MainGame.gd:2181)
       [1] _rebuild_quests (res://MainGame.gd:2206)
       [2] _refresh_all (res://MainGame.gd:688)
       [3] _reset_shared_state (res://P0TestHarness.gd:83)
       [4] apply_profile (res://P0TestHarness.gd:33)
       [5] _capture_main_only (res://V2021VisualRuntimeQa.gd:129)
       [6] run_acceptance (res://V2021VisualRuntimeQa.gd:61)
       [7] _capture_main_only (res://V2021VisualRuntimeQa.gd:142)
       [8] _capture (res://V2021VisualRuntimeQa.gd:182)
       [9] _grab_viewport_image (res://V2021VisualRuntimeQa.gd:204)
SCRIPT ERROR: Invalid call. Nonexistent function 'objective_icon_role' in base 'GDScript'.
   at: _add_objective_row_v152 (res://MainGame.gd:2181)
   GDScript backtrace (most recent call first):
       [0] _add_objective_row_v152 (res://MainGame.gd:2181)
       [1] _rebuild_quests (res://MainGame.gd:2206)
       [2] _refresh_all (res://MainGame.gd:688)
       [3] _reset_shared_state (res://P0TestHarness.gd:83)
       [4] apply_profile (res://P0TestHarness.gd:33)
       [5] _capture_main_only (res://V2021VisualRuntimeQa.gd:129)
       [6] run_acceptance (res://V2021VisualRuntimeQa.gd:61)
       [7] _capture_main_only (res://V2021VisualRuntimeQa.gd:142)
       [8] _capture (res://V2021VisualRuntimeQa.gd:182)
       [9] _grab_viewport_image (res://V2021VisualRuntimeQa.gd:204)
SCRIPT ERROR: Invalid call. Nonexistent function 'objective_icon_role' in base 'GDScript'.
   at: _add_objective_row_v152 (res://MainGame.gd:2181)
   GDScript backtrace (most recent call first):
       [0] _add_objective_row_v152 (res://MainGame.gd:2181)
       [1] _rebuild_quests (res://MainGame.gd:2206)
       [2] _refresh_all (res://MainGame.gd:688)
       [3] _reset_shared_state (res://P0TestHarness.gd:83)
       [4] apply_profile (res://P0TestHarness.gd:33)
       [5] _capture_main_only (res://V2021VisualRuntimeQa.gd:129)
       [6] run_acceptance (res://V2021VisualRuntimeQa.gd:61)
       [7] _capture_main_only (res://V2021VisualRuntimeQa.gd:142)
       [8] _capture (res://V2021VisualRuntimeQa.gd:182)
       [9] _grab_viewport_image (res://V2021VisualRuntimeQa.gd:204)
SCRIPT ERROR: Invalid call. Nonexistent function 'objective_icon_role' in base 'GDScript'.
   at: _add_objective_row_v152 (res://MainGame.gd:2181)
   GDScript backtrace (most recent call first):
       [0] _add_objective_row_v152 (res://MainGame.gd:2181)
       [1] _rebuild_quests (res://MainGame.gd:2206)
       [2] _refresh_all (res://MainGame.gd:688)
       [3] _reset_shared_state (res://P0TestHarness.gd:83)
       [4] apply_profile (res://P0TestHarness.gd:33)
       [5] _capture_main_only (res://V2021VisualRuntimeQa.gd:129)
       [6] run_acceptance (res://V2021VisualRuntimeQa.gd:61)
       [7] _capture_main_only (res://V2021VisualRuntimeQa.gd:142)
       [8] _capture (res://V2021VisualRuntimeQa.gd:182)
       [9] _grab_viewport_image (res://V2021VisualRuntimeQa.gd:204)
SCRIPT ERROR: Invalid call. Nonexistent function 'style_objective_header' in base 'GDScript'.
   at: _add_objective_header_v152 (res://MainGame.gd:2166)
   GDScript backtrace (most recent call first):
       [0] _add_objective_header_v152 (res://MainGame.gd:2166)
       [1] _rebuild_quests (res://MainGame.gd:2207)
       [2] _refresh_all (res://MainGame.gd:688)
       [3] _reset_shared_state (res://P0TestHarness.gd:83)
       [4] apply_profile (res://P0TestHarness.gd:33)
       [5] _capture_main_only (res://V2021VisualRuntimeQa.gd:129)
       [6] run_acceptance (res://V2021VisualRuntimeQa.gd:61)
       [7] _capture_main_only (res://V2021VisualRuntimeQa.gd:142)
       [8] _capture (res://V2021VisualRuntimeQa.gd:182)
       [9] _grab_viewport_image (res://V2021VisualRuntimeQa.gd:204)
SCRIPT ERROR: Invalid call. Nonexistent function 'objective_icon_role' in base 'GDScript'.
   at: _rebuild_quests (res://MainGame.gd:2214)
   GDScript backtrace (most recent call first):
       [0] _rebuild_quests (res://MainGame.gd:2214)
       [1] _refresh_all (res://MainGame.gd:688)
       [2] _reset_shared_state (res://P0TestHarness.gd:83)
       [3] apply_profile (res://P0TestHarness.gd:33)
       [4] _capture_main_only (res://V2021VisualRuntimeQa.gd:129)
       [5] run_acceptance (res://V2021VisualRuntimeQa.gd:61)
       [6] _capture_main_only (res://V2021VisualRuntimeQa.gd:142)
       [7] _capture (res://V2021VisualRuntimeQa.gd:182)
       [8] _grab_viewport_image (res://V2021VisualRuntimeQa.gd:204)
SCRIPT ERROR: Invalid call. Nonexistent function 'refresh_progression_state' in base 'GDScript'.
   at: _refresh_progression_p0 (res://MainGame.gd:2903)
   GDScript backtrace (most recent call first):
       [0] _refresh_progression_p0 (res://MainGame.gd:2903)
       [1] _refresh_all (res://MainGame.gd:696)
       [2] _reset_shared_state (res://P0TestHarness.gd:83)
       [3] apply_profile (res://P0TestHarness.gd:33)
       [4] _capture_main_only (res://V2021VisualRuntimeQa.gd:129)
       [5] run_acceptance (res://V2021VisualRuntimeQa.gd:61)
       [6] _capture_main_only (res://V2021VisualRuntimeQa.gd:142)
       [7] _capture (res://V2021VisualRuntimeQa.gd:182)
       [8] _grab_viewport_image (res://V2021VisualRuntimeQa.gd:204)
SCRIPT ERROR: Invalid call. Nonexistent function 'refresh_shop_state' in base 'GDScript'.
   at: _refresh_shop_p0 (res://MainGame.gd:2810)
   GDScript backtrace (most recent call first):
       [0] _refresh_shop_p0 (res://MainGame.gd:2810)
       [1] _refresh_all (res://MainGame.gd:697)
       [2] _reset_shared_state (res://P0TestHarness.gd:83)
       [3] apply_profile (res://P0TestHarness.gd:33)
       [4] _capture_main_only (res://V2021VisualRuntimeQa.gd:129)
       [5] run_acceptance (res://V2021VisualRuntimeQa.gd:61)
       [6] _capture_main_only (res://V2021VisualRuntimeQa.gd:142)
       [7] _capture (res://V2021VisualRuntimeQa.gd:182)
       [8] _grab_viewport_image (res://V2021VisualRuntimeQa.gd:204)
SCRIPT ERROR: Invalid call. Nonexistent function 'refresh_afk_state' in base 'GDScript'.
   at: _refresh_afk_p0 (res://MainGame.gd:2910)
   GDScript backtrace (most recent call first):
       [0] _refresh_afk_p0 (res://MainGame.gd:2910)
       [1] _refresh_all (res://MainGame.gd:698)
       [2] _reset_shared_state (res://P0TestHarness.gd:83)
       [3] apply_profile (res://P0TestHarness.gd:33)
       [4] _capture_main_only (res://V2021VisualRuntimeQa.gd:129)
       [5] run_acceptance (res://V2021VisualRuntimeQa.gd:61)
       [6] _capture_main_only (res://V2021VisualRuntimeQa.gd:142)
       [7] _capture (res://V2021VisualRuntimeQa.gd:182)
       [8] _grab_viewport_image (res://V2021VisualRuntimeQa.gd:204)
SCRIPT ERROR: Invalid call. Nonexistent function 'refresh_village_loop_state' in base 'GDScript'.
   at: _refresh_p0_village (res://MainGame.gd:2410)
   GDScript backtrace (most recent call first):
       [0] _refresh_p0_village (res://MainGame.gd:2410)
       [1] _reset_shared_state (res://P0TestHarness.gd:84)
       [2] apply_profile (res://P0TestHarness.gd:33)
       [3] _capture_main_only (res://V2021VisualRuntimeQa.gd:129)
       [4] run_acceptance (res://V2021VisualRuntimeQa.gd:61)
       [5] _capture_main_only (res://V2021VisualRuntimeQa.gd:142)
       [6] _capture (res://V2021VisualRuntimeQa.gd:182)
       [7] _grab_viewport_image (res://V2021VisualRuntimeQa.gd:204)
[CORE_ANALYTICS] {"event":"test_profile_applied","payload":{"profile":"fresh"},"time_unix":1789103612.525}
[CORE_ANALYTICS] {"event":"game_start","payload":{},"time_unix":1789103612.791}
SCRIPT ERROR: Invalid call. Nonexistent function 'refresh_home_loop_state' in base 'GDScript'.
   at: _update_monster_ui (res://MainGame.gd:1219)
   GDScript backtrace (most recent call first):
       [0] _update_monster_ui (res://MainGame.gd:1219)
       [1] _refresh_all (res://MainGame.gd:675)
       [2] @shields_setter (res://PlayerData.gd:14)
       [3] apply_save_data (res://PlayerData.gd:150)
       [4] load_game (res://SaveGame.gd:150)
       [5] _ready (res://MainGame.gd:515)
SCRIPT ERROR: Invalid call. Nonexistent function 'refresh_village_loop_state' in base 'GDScript'.
   at: _refresh_p0_village (res://MainGame.gd:2410)
   GDScript backtrace (most recent call first):
       [0] _refresh_p0_village (res://MainGame.gd:2410)
       [1] _refresh_all (res://MainGame.gd:680)
       [2] @shields_setter (res://PlayerData.gd:14)
       [3] apply_save_data (res://PlayerData.gd:150)
       [4] load_game (res://SaveGame.gd:150)
       [5] _ready (res://MainGame.gd:515)
SCRIPT ERROR: Invalid call. Nonexistent function 'refresh_reward_session_state' in base 'GDScript'.
   at: _refresh_meta_ui (res://MainGame.gd:1004)
   GDScript backtrace (most recent call first):
       [0] _refresh_meta_ui (res://MainGame.gd:1004)
       [1] _refresh_all (res://MainGame.gd:683)
       [2] @shields_setter (res://PlayerData.gd:14)
       [3] apply_save_data (res://PlayerData.gd:150)
       [4] load_game (res://SaveGame.gd:150)
       [5] _ready (res://MainGame.gd:515)
SCRIPT ERROR: Invalid call. Nonexistent function 'style_objective_header' in base 'GDScript'.
   at: _add_objective_header_v152 (res://MainGame.gd:2166)
   GDScript backtrace (most recent call first):
       [0] _add_objective_header_v152 (res://MainGame.gd:2166)
       [1] _rebuild_quests (res://MainGame.gd:2205)
       [2] _refresh_all (res://MainGame.gd:688)
       [3] @shields_setter (res://PlayerData.gd:14)
       [4] apply_save_data (res://PlayerData.gd:150)
       [5] load_game (res://SaveGame.gd:150)
       [6] _ready (res://MainGame.gd:515)
SCRIPT ERROR: Invalid call. Nonexistent function 'objective_icon_role' in base 'GDScript'.
   at: _add_objective_row_v152 (res://MainGame.gd:2181)
   GDScript backtrace (most recent call first):
       [0] _add_objective_row_v152 (res://MainGame.gd:2181)
       [1] _rebuild_quests (res://MainGame.gd:2206)
       [2] _refresh_all (res://MainGame.gd:688)
       [3] @shields_setter (res://PlayerData.gd:14)
       [4] apply_save_data (res://PlayerData.gd:150)
       [5] load_game (res://SaveGame.gd:150)
       [6] _ready (res://MainGame.gd:515)
SCRIPT ERROR: Invalid call. Nonexistent function 'objective_icon_role' in base 'GDScript'.
   at: _add_objective_row_v152 (res://MainGame.gd:2181)
   GDScript backtrace (most recent call first):
       [0] _add_objective_row_v152 (res://MainGame.gd:2181)
       [1] _rebuild_quests (res://MainGame.gd:2206)
       [2] _refresh_all (res://MainGame.gd:688)
       [3] @shields_setter (res://PlayerData.gd:14)
       [4] apply_save_data (res://PlayerData.gd:150)
       [5] load_game (res://SaveGame.gd:150)
       [6] _ready (res://MainGame.gd:515)
SCRIPT ERROR: Invalid call. Nonexistent function 'objective_icon_role' in base 'GDScript'.
   at: _add_objective_row_v152 (res://MainGame.gd:2181)
   GDScript backtrace (most recent call first):
       [0] _add_objective_row_v152 (res://MainGame.gd:2181)
       [1] _rebuild_quests (res://MainGame.gd:2206)
       [2] _refresh_all (res://MainGame.gd:688)
       [3] @shields_setter (res://PlayerData.gd:14)
       [4] apply_save_data (res://PlayerData.gd:150)
       [5] load_game (res://SaveGame.gd:150)
       [6] _ready (res://MainGame.gd:515)
SCRIPT ERROR: Invalid call. Nonexistent function 'style_objective_header' in base 'GDScript'.
   at: _add_objective_header_v152 (res://MainGame.gd:2166)
   GDScript backtrace (most recent call first):
       [0] _add_objective_header_v152 (res://MainGame.gd:2166)
       [1] _rebuild_quests (res://MainGame.gd:2205)
       [2] _refresh_all (res://MainGame.gd:688)
       [3] @shields_setter (res://PlayerData.gd:14)
       [4] apply_save_data (res://PlayerData.gd:150)
       [5] load_game (res://SaveGame.gd:150)
       [6] _ready (res://MainGame.gd:515)
SCRIPT ERROR: Invalid call. Nonexistent function 'objective_icon_role' in base 'GDScript'.
   at: _add_objective_row_v152 (res://MainGame.gd:2181)
   GDScript backtrace (most recent call first):
       [0] _add_objective_row_v152 (res://MainGame.gd:2181)
       [1] _rebuild_quests (res://MainGame.gd:2206)
       [2] _refresh_all (res://MainGame.gd:688)
       [3] @shields_setter (res://PlayerData.gd:14)
       [4] apply_save_data (res://PlayerData.gd:150)
       [5] load_game (res://SaveGame.gd:150)
       [6] _ready (res://MainGame.gd:515)
SCRIPT ERROR: Invalid call. Nonexistent function 'objective_icon_role' in base 'GDScript'.
   at: _add_objective_row_v152 (res://MainGame.gd:2181)
   GDScript backtrace (most recent call first):
       [0] _add_objective_row_v152 (res://MainGame.gd:2181)
       [1] _rebuild_quests (res://MainGame.gd:2206)
       [2] _refresh_all (res://MainGame.gd:688)
       [3] @shields_setter (res://PlayerData.gd:14)
       [4] apply_save_data (res://PlayerData.gd:150)
       [5] load_game (res://SaveGame.gd:150)
       [6] _ready (res://MainGame.gd:515)
SCRIPT ERROR: Invalid call. Nonexistent function 'objective_icon_role' in base 'GDScript'.
   at: _add_objective_row_v152 (res://MainGame.gd:2181)
   GDScript backtrace (most recent call first):
       [0] _add_objective_row_v152 (res://MainGame.gd:2181)
       [1] _rebuild_quests (res://MainGame.gd:2206)
       [2] _refresh_all (res://MainGame.gd:688)
       [3] @shields_setter (res://PlayerData.gd:14)
       [4] apply_save_data (res://PlayerData.gd:150)
       [5] load_game (res://SaveGame.gd:150)
       [6] _ready (res://MainGame.gd:515)
SCRIPT ERROR: Invalid call. Nonexistent function 'style_objective_header' in base 'GDScript'.
   at: _add_objective_header_v152 (res://MainGame.gd:2166)
   GDScript backtrace (most recent call first):
       [0] _add_objective_header_v152 (res://MainGame.gd:2166)
       [1] _rebuild_quests (res://MainGame.gd:2205)
       [2] _refresh_all (res://MainGame.gd:688)
       [3] @shields_setter (res://PlayerData.gd:14)
       [4] apply_save_data (res://PlayerData.gd:150)
       [5] load_game (res://SaveGame.gd:150)
       [6] _ready (res://MainGame.gd:515)
SCRIPT ERROR: Invalid call. Nonexistent function 'objective_icon_role' in base 'GDScript'.
   at: _add_objective_row_v152 (res://MainGame.gd:2181)
   GDScript backtrace (most recent call first):
       [0] _add_objective_row_v152 (res://MainGame.gd:2181)
       [1] _rebuild_quests (res://MainGame.gd:2206)
       [2] _refresh_all (res://MainGame.gd:688)
       [3] @shields_setter (res://PlayerData.gd:14)
       [4] apply_save_data (res://PlayerData.gd:150)
       [5] load_game (res://SaveGame.gd:150)
       [6] _ready (res://MainGame.gd:515)
SCRIPT ERROR: Invalid call. Nonexistent function 'objective_icon_role' in base 'GDScript'.
   at: _add_objective_row_v152 (res://MainGame.gd:2181)
   GDScript backtrace (most recent call first):
       [0] _add_objective_row_v152 (res://MainGame.gd:2181)
       [1] _rebuild_quests (res://MainGame.gd:2206)
       [2] _refresh_all (res://MainGame.gd:688)
       [3] @shields_setter (res://PlayerData.gd:14)
       [4] apply_save_data (res://PlayerData.gd:150)
       [5] load_game (res://SaveGame.gd:150)
       [6] _ready (res://MainGame.gd:515)
SCRIPT ERROR: Invalid call. Nonexistent function 'objective_icon_role' in base 'GDScript'.
   at: _add_objective_row_v152 (res://MainGame.gd:2181)
   GDScript backtrace (most recent call first):
       [0] _add_objective_row_v152 (res://MainGame.gd:2181)
       [1] _rebuild_quests (res://MainGame.gd:2206)
       [2] _refresh_all (res://MainGame.gd:688)
       [3] @shields_setter (res://PlayerData.gd:14)
       [4] apply_save_data (res://PlayerData.gd:150)
       [5] load_game (res://SaveGame.gd:150)
       [6] _ready (res://MainGame.gd:515)
SCRIPT ERROR: Invalid call. Nonexistent function 'objective_icon_role' in base 'GDScript'.
   at: _add_objective_row_v152 (res://MainGame.gd:2181)
   GDScript backtrace (most recent call first):
       [0] _add_objective_row_v152 (res://MainGame.gd:2181)
       [1] _rebuild_quests (res://MainGame.gd:2206)
       [2] _refresh_all (res://MainGame.gd:688)
       [3] @shields_setter (res://PlayerData.gd:14)
       [4] apply_save_data (res://PlayerData.gd:150)
       [5] load_game (res://SaveGame.gd:150)
       [6] _ready (res://MainGame.gd:515)
SCRIPT ERROR: Invalid call. Nonexistent function 'objective_icon_role' in base 'GDScript'.
   at: _add_objective_row_v152 (res://MainGame.gd:2181)
   GDScript backtrace (most recent call first):
       [0] _add_objective_row_v152 (res://MainGame.gd:2181)
       [1] _rebuild_quests (res://MainGame.gd:2206)
       [2] _refresh_all (res://MainGame.gd:688)
       [3] @shields_setter (res://PlayerData.gd:14)
       [4] apply_save_data (res://PlayerData.gd:150)
       [5] load_game (res://SaveGame.gd:150)
       [6] _ready (res://MainGame.gd:515)
SCRIPT ERROR: Invalid call. Nonexistent function 'style_objective_header' in base 'GDScript'.
   at: _add_objective_header_v152 (res://MainGame.gd:2166)
   GDScript backtrace (most recent call first):
       [0] _add_objective_header_v152 (res://MainGame.gd:2166)
       [1] _rebuild_quests (res://MainGame.gd:2207)
       [2] _refresh_all (res://MainGame.gd:688)
       [3] @shields_setter (res://PlayerData.gd:14)
       [4] apply_save_data (res://PlayerData.gd:150)
       [5] load_game (res://SaveGame.gd:150)
       [6] _ready (res://MainGame.gd:515)
SCRIPT ERROR: Invalid call. Nonexistent function 'objective_icon_role' in base 'GDScript'.
   at: _rebuild_quests (res://MainGame.gd:2214)
   GDScript backtrace (most recent call first):
       [0] _rebuild_quests (res://MainGame.gd:2214)
       [1] _refresh_all (res://MainGame.gd:688)
       [2] @shields_setter (res://PlayerData.gd:14)
       [3] apply_save_data (res://PlayerData.gd:150)
       [4] load_game (res://SaveGame.gd:150)
       [5] _ready (res://MainGame.gd:515)
SCRIPT ERROR: Invalid call. Nonexistent function 'refresh_progression_state' in base 'GDScript'.
   at: _refresh_progression_p0 (res://MainGame.gd:2903)
   GDScript backtrace (most recent call first):
       [0] _refresh_progression_p0 (res://MainGame.gd:2903)
       [1] _refresh_all (res://MainGame.gd:696)
       [2] @shields_setter (res://PlayerData.gd:14)
       [3] apply_save_data (res://PlayerData.gd:150)
       [4] load_game (res://SaveGame.gd:150)
       [5] _ready (res://MainGame.gd:515)
SCRIPT ERROR: Invalid call. Nonexistent function 'refresh_shop_state' in base 'GDScript'.
   at: _refresh_shop_p0 (res://MainGame.gd:2810)
   GDScript backtrace (most recent call first):
       [0] _refresh_shop_p0 (res://MainGame.gd:2810)
       [1] _refresh_all (res://MainGame.gd:697)
       [2] @shields_setter (res://PlayerData.gd:14)
       [3] apply_save_data (res://PlayerData.gd:150)
       [4] load_game (res://SaveGame.gd:150)
       [5] _ready (res://MainGame.gd:515)
SCRIPT ERROR: Invalid call. Nonexistent function 'refresh_afk_state' in base 'GDScript'.
   at: _refresh_afk_p0 (res://MainGame.gd:2910)
   GDScript backtrace (most recent call first):
       [0] _refresh_afk_p0 (res://MainGame.gd:2910)
       [1] _refresh_all (res://MainGame.gd:698)
       [2] @shields_setter (res://PlayerData.gd:14)
       [3] apply_save_data (res://PlayerData.gd:150)
       [4] load_game (res://SaveGame.gd:150)
       [5] _ready (res://MainGame.gd:515)
SCRIPT ERROR: Invalid call. Nonexistent function 'refresh_home_loop_state' in base 'GDScript'.
   at: _update_monster_ui (res://MainGame.gd:1219)
   GDScript backtrace (most recent call first):
       [0] _update_monster_ui (res://MainGame.gd:1219)
       [1] _refresh_all (res://MainGame.gd:675)
       [2] apply_save_data (res://PlayerData.gd:163)
       [3] load_game (res://SaveGame.gd:150)
       [4] _ready (res://MainGame.gd:515)
SCRIPT ERROR: Invalid call. Nonexistent function 'refresh_village_loop_state' in base 'GDScript'.
   at: _refresh_p0_village (res://MainGame.gd:2410)
   GDScript backtrace (most recent call first):
       [0] _refresh_p0_village (res://MainGame.gd:2410)
       [1] _refresh_all (res://MainGame.gd:680)
       [2] apply_save_data (res://PlayerData.gd:163)
       [3] load_game (res://SaveGame.gd:150)
       [4] _ready (res://MainGame.gd:515)
SCRIPT ERROR: Invalid call. Nonexistent function 'refresh_reward_session_state' in base 'GDScript'.
   at: _refresh_meta_ui (res://MainGame.gd:1004)
   GDScript backtrace (most recent call first):
       [0] _refresh_meta_ui (res://MainGame.gd:1004)
       [1] _refresh_all (res://MainGame.gd:683)
       [2] apply_save_data (res://PlayerData.gd:163)
       [3] load_game (res://SaveGame.gd:150)
       [4] _ready (res://MainGame.gd:515)
SCRIPT ERROR: Invalid call. Nonexistent function 'style_objective_header' in base 'GDScript'.
   at: _add_objective_header_v152 (res://MainGame.gd:2166)
   GDScript backtrace (most recent call first):
       [0] _add_objective_header_v152 (res://MainGame.gd:2166)
       [1] _rebuild_quests (res://MainGame.gd:2205)
       [2] _refresh_all (res://MainGame.gd:688)
       [3] apply_save_data (res://PlayerData.gd:163)
       [4] load_game (res://SaveGame.gd:150)
       [5] _ready (res://MainGame.gd:515)
SCRIPT ERROR: Invalid call. Nonexistent function 'objective_icon_role' in base 'GDScript'.
   at: _add_objective_row_v152 (res://MainGame.gd:2181)
   GDScript backtrace (most recent call first):
       [0] _add_objective_row_v152 (res://MainGame.gd:2181)
       [1] _rebuild_quests (res://MainGame.gd:2206)
       [2] _refresh_all (res://MainGame.gd:688)
       [3] apply_save_data (res://PlayerData.gd:163)
       [4] load_game (res://SaveGame.gd:150)
       [5] _ready (res://MainGame.gd:515)
SCRIPT ERROR: Invalid call. Nonexistent function 'objective_icon_role' in base 'GDScript'.
   at: _add_objective_row_v152 (res://MainGame.gd:2181)
   GDScript backtrace (most recent call first):
       [0] _add_objective_row_v152 (res://MainGame.gd:2181)
       [1] _rebuild_quests (res://MainGame.gd:2206)
       [2] _refresh_all (res://MainGame.gd:688)
       [3] apply_save_data (res://PlayerData.gd:163)
       [4] load_game (res://SaveGame.gd:150)
       [5] _ready (res://MainGame.gd:515)
SCRIPT ERROR: Invalid call. Nonexistent function 'objective_icon_role' in base 'GDScript'.
   at: _add_objective_row_v152 (res://MainGame.gd:2181)
   GDScript backtrace (most recent call first):
       [0] _add_objective_row_v152 (res://MainGame.gd:2181)
       [1] _rebuild_quests (res://MainGame.gd:2206)
       [2] _refresh_all (res://MainGame.gd:688)
       [3] apply_save_data (res://PlayerData.gd:163)
       [4] load_game (res://SaveGame.gd:150)
       [5] _ready (res://MainGame.gd:515)
SCRIPT ERROR: Invalid call. Nonexistent function 'style_objective_header' in base 'GDScript'.
   at: _add_objective_header_v152 (res://MainGame.gd:2166)
   GDScript backtrace (most recent call first):
       [0] _add_objective_header_v152 (res://MainGame.gd:2166)
       [1] _rebuild_quests (res://MainGame.gd:2205)
       [2] _refresh_all (res://MainGame.gd:688)
       [3] apply_save_data (res://PlayerData.gd:163)
       [4] load_game (res://SaveGame.gd:150)
       [5] _ready (res://MainGame.gd:515)
SCRIPT ERROR: Invalid call. Nonexistent function 'objective_icon_role' in base 'GDScript'.
   at: _add_objective_row_v152 (res://MainGame.gd:2181)
   GDScript backtrace (most recent call first):
       [0] _add_objective_row_v152 (res://MainGame.gd:2181)
       [1] _rebuild_quests (res://MainGame.gd:2206)
       [2] _refresh_all (res://MainGame.gd:688)
       [3] apply_save_data (res://PlayerData.gd:163)
       [4] load_game (res://SaveGame.gd:150)
       [5] _ready (res://MainGame.gd:515)
SCRIPT ERROR: Invalid call. Nonexistent function 'objective_icon_role' in base 'GDScript'.
   at: _add_objective_row_v152 (res://MainGame.gd:2181)
   GDScript backtrace (most recent call first):
       [0] _add_objective_row_v152 (res://MainGame.gd:2181)
       [1] _rebuild_quests (res://MainGame.gd:2206)
       [2] _refresh_all (res://MainGame.gd:688)
       [3] apply_save_data (res://PlayerData.gd:163)
       [4] load_game (res://SaveGame.gd:150)
       [5] _ready (res://MainGame.gd:515)
SCRIPT ERROR: Invalid call. Nonexistent function 'objective_icon_role' in base 'GDScript'.
   at: _add_objective_row_v152 (res://MainGame.gd:2181)
   GDScript backtrace (most recent call first):
       [0] _add_objective_row_v152 (res://MainGame.gd:2181)
       [1] _rebuild_quests (res://MainGame.gd:2206)
       [2] _refresh_all (res://MainGame.gd:688)
       [3] apply_save_data (res://PlayerData.gd:163)
       [4] load_game (res://SaveGame.gd:150)
       [5] _ready (res://MainGame.gd:515)
SCRIPT ERROR: Invalid call. Nonexistent function 'style_objective_header' in base 'GDScript'.
   at: _add_objective_header_v152 (res://MainGame.gd:2166)
   GDScript backtrace (most recent call first):
       [0] _add_objective_header_v152 (res://MainGame.gd:2166)
       [1] _rebuild_quests (res://MainGame.gd:2205)
       [2] _refresh_all (res://MainGame.gd:688)
       [3] apply_save_data (res://PlayerData.gd:163)
       [4] load_game (res://SaveGame.gd:150)
       [5] _ready (res://MainGame.gd:515)
SCRIPT ERROR: Invalid call. Nonexistent function 'objective_icon_role' in base 'GDScript'.
   at: _add_objective_row_v152 (res://MainGame.gd:2181)
   GDScript backtrace (most recent call first):
       [0] _add_objective_row_v152 (res://MainGame.gd:2181)
       [1] _rebuild_quests (res://MainGame.gd:2206)
       [2] _refresh_all (res://MainGame.gd:688)
       [3] apply_save_data (res://PlayerData.gd:163)
       [4] load_game (res://SaveGame.gd:150)
       [5] _ready (res://MainGame.gd:515)
SCRIPT ERROR: Invalid call. Nonexistent function 'objective_icon_role' in base 'GDScript'.
   at: _add_objective_row_v152 (res://MainGame.gd:2181)
   GDScript backtrace (most recent call first):
       [0] _add_objective_row_v152 (res://MainGame.gd:2181)
       [1] _rebuild_quests (res://MainGame.gd:2206)
       [2] _refresh_all (res://MainGame.gd:688)
       [3] apply_save_data (res://PlayerData.gd:163)
       [4] load_game (res://SaveGame.gd:150)
       [5] _ready (res://MainGame.gd:515)
SCRIPT ERROR: Invalid call. Nonexistent function 'objective_icon_role' in base 'GDScript'.
   at: _add_objective_row_v152 (res://MainGame.gd:2181)
   GDScript backtrace (most recent call first):
       [0] _add_objective_row_v152 (res://MainGame.gd:2181)
       [1] _rebuild_quests (res://MainGame.gd:2206)
       [2] _refresh_all (res://MainGame.gd:688)
       [3] apply_save_data (res://PlayerData.gd:163)
       [4] load_game (res://SaveGame.gd:150)
       [5] _ready (res://MainGame.gd:515)
SCRIPT ERROR: Invalid call. Nonexistent function 'objective_icon_role' in base 'GDScript'.
   at: _add_objective_row_v152 (res://MainGame.gd:2181)
   GDScript backtrace (most recent call first):
       [0] _add_objective_row_v152 (res://MainGame.gd:2181)
       [1] _rebuild_quests (res://MainGame.gd:2206)
       [2] _refresh_all (res://MainGame.gd:688)
       [3] apply_save_data (res://PlayerData.gd:163)
       [4] load_game (res://SaveGame.gd:150)
       [5] _ready (res://MainGame.gd:515)
SCRIPT ERROR: Invalid call. Nonexistent function 'objective_icon_role' in base 'GDScript'.
   at: _add_objective_row_v152 (res://MainGame.gd:2181)
   GDScript backtrace (most recent call first):
       [0] _add_objective_row_v152 (res://MainGame.gd:2181)
       [1] _rebuild_quests (res://MainGame.gd:2206)
       [2] _refresh_all (res://MainGame.gd:688)
       [3] apply_save_data (res://PlayerData.gd:163)
       [4] load_game (res://SaveGame.gd:150)
       [5] _ready (res://MainGame.gd:515)
SCRIPT ERROR: Invalid call. Nonexistent function 'style_objective_header' in base 'GDScript'.
   at: _add_objective_header_v152 (res://MainGame.gd:2166)
   GDScript backtrace (most recent call first):
       [0] _add_objective_header_v152 (res://MainGame.gd:2166)
       [1] _rebuild_quests (res://MainGame.gd:2207)
       [2] _refresh_all (res://MainGame.gd:688)
       [3] apply_save_data (res://PlayerData.gd:163)
       [4] load_game (res://SaveGame.gd:150)
       [5] _ready (res://MainGame.gd:515)
SCRIPT ERROR: Invalid call. Nonexistent function 'objective_icon_role' in base 'GDScript'.
   at: _rebuild_quests (res://MainGame.gd:2214)
   GDScript backtrace (most recent call first):
       [0] _rebuild_quests (res://MainGame.gd:2214)
       [1] _refresh_all (res://MainGame.gd:688)
       [2] apply_save_data (res://PlayerData.gd:163)
       [3] load_game (res://SaveGame.gd:150)
       [4] _ready (res://MainGame.gd:515)
SCRIPT ERROR: Invalid call. Nonexistent function 'refresh_progression_state' in base 'GDScript'.
   at: _refresh_progression_p0 (res://MainGame.gd:2903)
   GDScript backtrace (most recent call first):
       [0] _refresh_progression_p0 (res://MainGame.gd:2903)
       [1] _refresh_all (res://MainGame.gd:696)
       [2] apply_save_data (res://PlayerData.gd:163)
       [3] load_game (res://SaveGame.gd:150)
       [4] _ready (res://MainGame.gd:515)
SCRIPT ERROR: Invalid call. Nonexistent function 'refresh_shop_state' in base 'GDScript'.
   at: _refresh_shop_p0 (res://MainGame.gd:2810)
   GDScript backtrace (most recent call first):
       [0] _refresh_shop_p0 (res://MainGame.gd:2810)
       [1] _refresh_all (res://MainGame.gd:697)
       [2] apply_save_data (res://PlayerData.gd:163)
       [3] load_game (res://SaveGame.gd:150)
       [4] _ready (res://MainGame.gd:515)
SCRIPT ERROR: Invalid call. Nonexistent function 'refresh_afk_state' in base 'GDScript'.
   at: _refresh_afk_p0 (res://MainGame.gd:2910)
   GDScript backtrace (most recent call first):
       [0] _refresh_afk_p0 (res://MainGame.gd:2910)
       [1] _refresh_all (res://MainGame.gd:698)
       [2] apply_save_data (res://PlayerData.gd:163)
       [3] load_game (res://SaveGame.gd:150)
       [4] _ready (res://MainGame.gd:515)
SCRIPT ERROR: Invalid call. Nonexistent function 'refresh_home_loop_state' in base 'GDScript'.
   at: _update_monster_ui (res://MainGame.gd:1219)
   GDScript backtrace (most recent call first):
       [0] _update_monster_ui (res://MainGame.gd:1219)
       [1] apply_save_data (res://PlayerData.gd:164)
       [2] load_game (res://SaveGame.gd:150)
       [3] _ready (res://MainGame.gd:515)
SCRIPT ERROR: Invalid call. Nonexistent function 'refresh_home_loop_state' in base 'GDScript'.
   at: _update_monster_ui (res://MainGame.gd:1219)
   GDScript backtrace (most recent call first):
       [0] _update_monster_ui (res://MainGame.gd:1219)
       [1] _refresh_all (res://MainGame.gd:675)
       [2] apply_save_data (res://PlayerData.gd:165)
       [3] load_game (res://SaveGame.gd:150)
       [4] _ready (res://MainGame.gd:515)
SCRIPT ERROR: Invalid call. Nonexistent function 'refresh_village_loop_state' in base 'GDScript'.
   at: _refresh_p0_village (res://MainGame.gd:2410)
   GDScript backtrace (most recent call first):
       [0] _refresh_p0_village (res://MainGame.gd:2410)
       [1] _refresh_all (res://MainGame.gd:680)
       [2] apply_save_data (res://PlayerData.gd:165)
       [3] load_game (res://SaveGame.gd:150)
       [4] _ready (res://MainGame.gd:515)
SCRIPT ERROR: Invalid call. Nonexistent function 'refresh_reward_session_state' in base 'GDScript'.
   at: _refresh_meta_ui (res://MainGame.gd:1004)
   GDScript backtrace (most recent call first):
       [0] _refresh_meta_ui (res://MainGame.gd:1004)
       [1] _refresh_all (res://MainGame.gd:683)
       [2] apply_save_data (res://PlayerData.gd:165)
       [3] load_game (res://SaveGame.gd:150)
       [4] _ready (res://MainGame.gd:515)
SCRIPT ERROR: Invalid call. Nonexistent function 'style_objective_header' in base 'GDScript'.
   at: _add_objective_header_v152 (res://MainGame.gd:2166)
   GDScript backtrace (most recent call first):
       [0] _add_objective_header_v152 (res://MainGame.gd:2166)
       [1] _rebuild_quests (res://MainGame.gd:2205)
       [2] _refresh_all (res://MainGame.gd:688)
       [3] apply_save_data (res://PlayerData.gd:165)
       [4] load_game (res://SaveGame.gd:150)
       [5] _ready (res://MainGame.gd:515)
SCRIPT ERROR: Invalid call. Nonexistent function 'objective_icon_role' in base 'GDScript'.
   at: _add_objective_row_v152 (res://MainGame.gd:2181)
   GDScript backtrace (most recent call first):
       [0] _add_objective_row_v152 (res://MainGame.gd:2181)
       [1] _rebuild_quests (res://MainGame.gd:2206)
       [2] _refresh_all (res://MainGame.gd:688)
       [3] apply_save_data (res://PlayerData.gd:165)
       [4] load_game (res://SaveGame.gd:150)
       [5] _ready (res://MainGame.gd:515)
SCRIPT ERROR: Invalid call. Nonexistent function 'objective_icon_role' in base 'GDScript'.
   at: _add_objective_row_v152 (res://MainGame.gd:2181)
   GDScript backtrace (most recent call first):
       [0] _add_objective_row_v152 (res://MainGame.gd:2181)
       [1] _rebuild_quests (res://MainGame.gd:2206)
       [2] _refresh_all (res://MainGame.gd:688)
       [3] apply_save_data (res://PlayerData.gd:165)
       [4] load_game (res://SaveGame.gd:150)
       [5] _ready (res://MainGame.gd:515)
SCRIPT ERROR: Invalid call. Nonexistent function 'objective_icon_role' in base 'GDScript'.
   at: _add_objective_row_v152 (res://MainGame.gd:2181)
   GDScript backtrace (most recent call first):
       [0] _add_objective_row_v152 (res://MainGame.gd:2181)
       [1] _rebuild_quests (res://MainGame.gd:2206)
       [2] _refresh_all (res://MainGame.gd:688)
       [3] apply_save_data (res://PlayerData.gd:165)
       [4] load_game (res://SaveGame.gd:150)
       [5] _ready (res://MainGame.gd:515)
SCRIPT ERROR: Invalid call. Nonexistent function 'style_objective_header' in base 'GDScript'.
   at: _add_objective_header_v152 (res://MainGame.gd:2166)
   GDScript backtrace (most recent call first):
       [0] _add_objective_header_v152 (res://MainGame.gd:2166)
       [1] _rebuild_quests (res://MainGame.gd:2205)
       [2] _refresh_all (res://MainGame.gd:688)
       [3] apply_save_data (res://PlayerData.gd:165)
       [4] load_game (res://SaveGame.gd:150)
       [5] _ready (res://MainGame.gd:515)
SCRIPT ERROR: Invalid call. Nonexistent function 'objective_icon_role' in base 'GDScript'.
   at: _add_objective_row_v152 (res://MainGame.gd:2181)
   GDScript backtrace (most recent call first):
       [0] _add_objective_row_v152 (res://MainGame.gd:2181)
       [1] _rebuild_quests (res://MainGame.gd:2206)
       [2] _refresh_all (res://MainGame.gd:688)
       [3] apply_save_data (res://PlayerData.gd:165)
       [4] load_game (res://SaveGame.gd:150)
       [5] _ready (res://MainGame.gd:515)
SCRIPT ERROR: Invalid call. Nonexistent function 'objective_icon_role' in base 'GDScript'.
   at: _add_objective_row_v152 (res://MainGame.gd:2181)
   GDScript backtrace (most recent call first):
       [0] _add_objective_row_v152 (res://MainGame.gd:2181)
       [1] _rebuild_quests (res://MainGame.gd:2206)
       [2] _refresh_all (res://MainGame.gd:688)
       [3] apply_save_data (res://PlayerData.gd:165)
       [4] load_game (res://SaveGame.gd:150)
       [5] _ready (res://MainGame.gd:515)
SCRIPT ERROR: Invalid call. Nonexistent function 'objective_icon_role' in base 'GDScript'.
   at: _add_objective_row_v152 (res://MainGame.gd:2181)
   GDScript backtrace (most recent call first):
       [0] _add_objective_row_v152 (res://MainGame.gd:2181)
       [1] _rebuild_quests (res://MainGame.gd:2206)
       [2] _refresh_all (res://MainGame.gd:688)
       [3] apply_save_data (res://PlayerData.gd:165)
       [4] load_game (res://SaveGame.gd:150)
       [5] _ready (res://MainGame.gd:515)
SCRIPT ERROR: Invalid call. Nonexistent function 'style_objective_header' in base 'GDScript'.
   at: _add_objective_header_v152 (res://MainGame.gd:2166)
   GDScript backtrace (most recent call first):
       [0] _add_objective_header_v152 (res://MainGame.gd:2166)
       [1] _rebuild_quests (res://MainGame.gd:2205)
       [2] _refresh_all (res://MainGame.gd:688)
       [3] apply_save_data (res://PlayerData.gd:165)
       [4] load_game (res://SaveGame.gd:150)
       [5] _ready (res://MainGame.gd:515)
SCRIPT ERROR: Invalid call. Nonexistent function 'objective_icon_role' in base 'GDScript'.
   at: _add_objective_row_v152 (res://MainGame.gd:2181)
   GDScript backtrace (most recent call first):
       [0] _add_objective_row_v152 (res://MainGame.gd:2181)
       [1] _rebuild_quests (res://MainGame.gd:2206)
       [2] _refresh_all (res://MainGame.gd:688)
       [3] apply_save_data (res://PlayerData.gd:165)
       [4] load_game (res://SaveGame.gd:150)
       [5] _ready (res://MainGame.gd:515)
SCRIPT ERROR: Invalid call. Nonexistent function 'objective_icon_role' in base 'GDScript'.
   at: _add_objective_row_v152 (res://MainGame.gd:2181)
   GDScript backtrace (most recent call first):
       [0] _add_objective_row_v152 (res://MainGame.gd:2181)
       [1] _rebuild_quests (res://MainGame.gd:2206)
       [2] _refresh_all (res://MainGame.gd:688)
       [3] apply_save_data (res://PlayerData.gd:165)
       [4] load_game (res://SaveGame.gd:150)
       [5] _ready (res://MainGame.gd:515)
SCRIPT ERROR: Invalid call. Nonexistent function 'objective_icon_role' in base 'GDScript'.
   at: _add_objective_row_v152 (res://MainGame.gd:2181)
   GDScript backtrace (most recent call first):
       [0] _add_objective_row_v152 (res://MainGame.gd:2181)
       [1] _rebuild_quests (res://MainGame.gd:2206)
       [2] _refresh_all (res://MainGame.gd:688)
       [3] apply_save_data (res://PlayerData.gd:165)
       [4] load_game (res://SaveGame.gd:150)
       [5] _ready (res://MainGame.gd:515)
SCRIPT ERROR: Invalid call. Nonexistent function 'objective_icon_role' in base 'GDScript'.
   at: _add_objective_row_v152 (res://MainGame.gd:2181)
   GDScript backtrace (most recent call first):
       [0] _add_objective_row_v152 (res://MainGame.gd:2181)
       [1] _rebuild_quests (res://MainGame.gd:2206)
       [2] _refresh_all (res://MainGame.gd:688)
       [3] apply_save_data (res://PlayerData.gd:165)
       [4] load_game (res://SaveGame.gd:150)
       [5] _ready (res://MainGame.gd:515)
SCRIPT ERROR: Invalid call. Nonexistent function 'objective_icon_role' in base 'GDScript'.
   at: _add_objective_row_v152 (res://MainGame.gd:2181)
   GDScript backtrace (most recent call first):
       [0] _add_objective_row_v152 (res://MainGame.gd:2181)
       [1] _rebuild_quests (res://MainGame.gd:2206)
       [2] _refresh_all (res://MainGame.gd:688)
       [3] apply_save_data (res://PlayerData.gd:165)
       [4] load_game (res://SaveGame.gd:150)
       [5] _ready (res://MainGame.gd:515)
SCRIPT ERROR: Invalid call. Nonexistent function 'style_objective_header' in base 'GDScript'.
   at: _add_objective_header_v152 (res://MainGame.gd:2166)
   GDScript backtrace (most recent call first):
       [0] _add_objective_header_v152 (res://MainGame.gd:2166)
       [1] _rebuild_quests (res://MainGame.gd:2207)
       [2] _refresh_all (res://MainGame.gd:688)
       [3] apply_save_data (res://PlayerData.gd:165)
       [4] load_game (res://SaveGame.gd:150)
       [5] _ready (res://MainGame.gd:515)
SCRIPT ERROR: Invalid call. Nonexistent function 'objective_icon_role' in base 'GDScript'.
   at: _rebuild_quests (res://MainGame.gd:2214)
   GDScript backtrace (most recent call first):
       [0] _rebuild_quests (res://MainGame.gd:2214)
       [1] _refresh_all (res://MainGame.gd:688)
       [2] apply_save_data (res://PlayerData.gd:165)
       [3] load_game (res://SaveGame.gd:150)
       [4] _ready (res://MainGame.gd:515)
SCRIPT ERROR: Invalid call. Nonexistent function 'refresh_progression_state' in base 'GDScript'.
   at: _refresh_progression_p0 (res://MainGame.gd:2903)
   GDScript backtrace (most recent call first):
       [0] _refresh_progression_p0 (res://MainGame.gd:2903)
       [1] _refresh_all (res://MainGame.gd:696)
       [2] apply_save_data (res://PlayerData.gd:165)
       [3] load_game (res://SaveGame.gd:150)
       [4] _ready (res://MainGame.gd:515)
SCRIPT ERROR: Invalid call. Nonexistent function 'refresh_shop_state' in base 'GDScript'.
   at: _refresh_shop_p0 (res://MainGame.gd:2810)
   GDScript backtrace (most recent call first):
       [0] _refresh_shop_p0 (res://MainGame.gd:2810)
       [1] _refresh_all (res://MainGame.gd:697)
       [2] apply_save_data (res://PlayerData.gd:165)
       [3] load_game (res://SaveGame.gd:150)
       [4] _ready (res://MainGame.gd:515)
SCRIPT ERROR: Invalid call. Nonexistent function 'refresh_afk_state' in base 'GDScript'.
   at: _refresh_afk_p0 (res://MainGame.gd:2910)
   GDScript backtrace (most recent call first):
       [0] _refresh_afk_p0 (res://MainGame.gd:2910)
       [1] _refresh_all (res://MainGame.gd:698)
       [2] apply_save_data (res://PlayerData.gd:165)
       [3] load_game (res://SaveGame.gd:150)
       [4] _ready (res://MainGame.gd:515)
SCRIPT ERROR: Invalid call. Nonexistent function 'style_objective_header' in base 'GDScript'.
   at: _add_objective_header_v152 (res://MainGame.gd:2166)
   GDScript backtrace (most recent call first):
       [0] _add_objective_header_v152 (res://MainGame.gd:2166)
       [1] _rebuild_quests (res://MainGame.gd:2205)
       [2] apply_save_data (res://QuestSystem.gd:105)
       [3] load_game (res://SaveGame.gd:153)
       [4] _ready (res://MainGame.gd:515)
SCRIPT ERROR: Invalid call. Nonexistent function 'objective_icon_role' in base 'GDScript'.
   at: _add_objective_row_v152 (res://MainGame.gd:2181)
   GDScript backtrace (most recent call first):
       [0] _add_objective_row_v152 (res://MainGame.gd:2181)
       [1] _rebuild_quests (res://MainGame.gd:2206)
       [2] apply_save_data (res://QuestSystem.gd:105)
       [3] load_game (res://SaveGame.gd:153)
       [4] _ready (res://MainGame.gd:515)
SCRIPT ERROR: Invalid call. Nonexistent function 'objective_icon_role' in base 'GDScript'.
   at: _add_objective_row_v152 (res://MainGame.gd:2181)
   GDScript backtrace (most recent call first):
       [0] _add_objective_row_v152 (res://MainGame.gd:2181)
       [1] _rebuild_quests (res://MainGame.gd:2206)
       [2] apply_save_data (res://QuestSystem.gd:105)
       [3] load_game (res://SaveGame.gd:153)
       [4] _ready (res://MainGame.gd:515)
SCRIPT ERROR: Invalid call. Nonexistent function 'objective_icon_role' in base 'GDScript'.
   at: _add_objective_row_v152 (res://MainGame.gd:2181)
   GDScript backtrace (most recent call first):
       [0] _add_objective_row_v152 (res://MainGame.gd:2181)
       [1] _rebuild_quests (res://MainGame.gd:2206)
       [2] apply_save_data (res://QuestSystem.gd:105)
       [3] load_game (res://SaveGame.gd:153)
       [4] _ready (res://MainGame.gd:515)
SCRIPT ERROR: Invalid call. Nonexistent function 'style_objective_header' in base 'GDScript'.
   at: _add_objective_header_v152 (res://MainGame.gd:2166)
   GDScript backtrace (most recent call first):
       [0] _add_objective_header_v152 (res://MainGame.gd:2166)
       [1] _rebuild_quests (res://MainGame.gd:2205)
       [2] apply_save_data (res://QuestSystem.gd:105)
       [3] load_game (res://SaveGame.gd:153)
       [4] _ready (res://MainGame.gd:515)
SCRIPT ERROR: Invalid call. Nonexistent function 'objective_icon_role' in base 'GDScript'.
   at: _add_objective_row_v152 (res://MainGame.gd:2181)
   GDScript backtrace (most recent call first):
       [0] _add_objective_row_v152 (res://MainGame.gd:2181)
       [1] _rebuild_quests (res://MainGame.gd:2206)
       [2] apply_save_data (res://QuestSystem.gd:105)
       [3] load_game (res://SaveGame.gd:153)
       [4] _ready (res://MainGame.gd:515)
SCRIPT ERROR: Invalid call. Nonexistent function 'objective_icon_role' in base 'GDScript'.
   at: _add_objective_row_v152 (res://MainGame.gd:2181)
   GDScript backtrace (most recent call first):
       [0] _add_objective_row_v152 (res://MainGame.gd:2181)
       [1] _rebuild_quests (res://MainGame.gd:2206)
       [2] apply_save_data (res://QuestSystem.gd:105)
       [3] load_game (res://SaveGame.gd:153)
       [4] _ready (res://MainGame.gd:515)
SCRIPT ERROR: Invalid call. Nonexistent function 'objective_icon_role' in base 'GDScript'.
   at: _add_objective_row_v152 (res://MainGame.gd:2181)
   GDScript backtrace (most recent call first):
       [0] _add_objective_row_v152 (res://MainGame.gd:2181)
       [1] _rebuild_quests (res://MainGame.gd:2206)
       [2] apply_save_data (res://QuestSystem.gd:105)
       [3] load_game (res://SaveGame.gd:153)
       [4] _ready (res://MainGame.gd:515)
SCRIPT ERROR: Invalid call. Nonexistent function 'style_objective_header' in base 'GDScript'.
   at: _add_objective_header_v152 (res://MainGame.gd:2166)
   GDScript backtrace (most recent call first):
       [0] _add_objective_header_v152 (res://MainGame.gd:2166)
       [1] _rebuild_quests (res://MainGame.gd:2205)
       [2] apply_save_data (res://QuestSystem.gd:105)
       [3] load_game (res://SaveGame.gd:153)
       [4] _ready (res://MainGame.gd:515)
SCRIPT ERROR: Invalid call. Nonexistent function 'objective_icon_role' in base 'GDScript'.
   at: _add_objective_row_v152 (res://MainGame.gd:2181)
   GDScript backtrace (most recent call first):
       [0] _add_objective_row_v152 (res://MainGame.gd:2181)
       [1] _rebuild_quests (res://MainGame.gd:2206)
       [2] apply_save_data (res://QuestSystem.gd:105)
       [3] load_game (res://SaveGame.gd:153)
       [4] _ready (res://MainGame.gd:515)
SCRIPT ERROR: Invalid call. Nonexistent function 'objective_icon_role' in base 'GDScript'.
   at: _add_objective_row_v152 (res://MainGame.gd:2181)
   GDScript backtrace (most recent call first):
       [0] _add_objective_row_v152 (res://MainGame.gd:2181)
       [1] _rebuild_quests (res://MainGame.gd:2206)
       [2] apply_save_data (res://QuestSystem.gd:105)
       [3] load_game (res://SaveGame.gd:153)
       [4] _ready (res://MainGame.gd:515)
SCRIPT ERROR: Invalid call. Nonexistent function 'objective_icon_role' in base 'GDScript'.
   at: _add_objective_row_v152 (res://MainGame.gd:2181)
   GDScript backtrace (most recent call first):
       [0] _add_objective_row_v152 (res://MainGame.gd:2181)
       [1] _rebuild_quests (res://MainGame.gd:2206)
       [2] apply_save_data (res://QuestSystem.gd:105)
       [3] load_game (res://SaveGame.gd:153)
       [4] _ready (res://MainGame.gd:515)
SCRIPT ERROR: Invalid call. Nonexistent function 'objective_icon_role' in base 'GDScript'.
   at: _add_objective_row_v152 (res://MainGame.gd:2181)
   GDScript backtrace (most recent call first):
       [0] _add_objective_row_v152 (res://MainGame.gd:2181)
       [1] _rebuild_quests (res://MainGame.gd:2206)
       [2] apply_save_data (res://QuestSystem.gd:105)
       [3] load_game (res://SaveGame.gd:153)
       [4] _ready (res://MainGame.gd:515)
SCRIPT ERROR: Invalid call. Nonexistent function 'objective_icon_role' in base 'GDScript'.
   at: _add_objective_row_v152 (res://MainGame.gd:2181)
   GDScript backtrace (most recent call first):
       [0] _add_objective_row_v152 (res://MainGame.gd:2181)
       [1] _rebuild_quests (res://MainGame.gd:2206)
       [2] apply_save_data (res://QuestSystem.gd:105)
       [3] load_game (res://SaveGame.gd:153)
       [4] _ready (res://MainGame.gd:515)
SCRIPT ERROR: Invalid call. Nonexistent function 'style_objective_header' in base 'GDScript'.
   at: _add_objective_header_v152 (res://MainGame.gd:2166)
   GDScript backtrace (most recent call first):
       [0] _add_objective_header_v152 (res://MainGame.gd:2166)
       [1] _rebuild_quests (res://MainGame.gd:2207)
       [2] apply_save_data (res://QuestSystem.gd:105)
       [3] load_game (res://SaveGame.gd:153)
       [4] _ready (res://MainGame.gd:515)
SCRIPT ERROR: Invalid call. Nonexistent function 'objective_icon_role' in base 'GDScript'.
   at: _rebuild_quests (res://MainGame.gd:2214)
   GDScript backtrace (most recent call first):
       [0] _rebuild_quests (res://MainGame.gd:2214)
       [1] apply_save_data (res://QuestSystem.gd:105)
       [2] load_game (res://SaveGame.gd:153)
       [3] _ready (res://MainGame.gd:515)
SCRIPT ERROR: Invalid call. Nonexistent function 'refresh_village_loop_state' in base 'GDScript'.
   at: _refresh_p0_village (res://MainGame.gd:2410)
   GDScript backtrace (most recent call first):
       [0] _refresh_p0_village (res://MainGame.gd:2410)
       [1] apply_save_data (res://P0VillageSystem.gd:233)
       [2] load_game (res://SaveGame.gd:154)
       [3] _ready (res://MainGame.gd:515)
SCRIPT ERROR: Invalid call. Nonexistent function 'refresh_village_loop_state' in base 'GDScript'.
   at: _refresh_p0_village (res://MainGame.gd:2410)
   GDScript backtrace (most recent call first):
       [0] _refresh_p0_village (res://MainGame.gd:2410)
       [1] apply_save_data (res://VillageProgressionSystem.gd:179)
       [2] load_game (res://SaveGame.gd:155)
       [3] _ready (res://MainGame.gd:515)
SCRIPT ERROR: Invalid call. Nonexistent function 'refresh_reward_session_state' in base 'GDScript'.
   at: _refresh_meta_ui (res://MainGame.gd:1004)
   GDScript backtrace (most recent call first):
       [0] _refresh_meta_ui (res://MainGame.gd:1004)
       [1] apply_save_data (res://MetaProgressSystem.gd:137)
       [2] load_game (res://SaveGame.gd:162)
       [3] _ready (res://MainGame.gd:515)
SCRIPT ERROR: Trying to assign an array of type "Array" to a variable of type "Array[int]".
   at: apply_save_data (res://PuzzleSystem.gd:162)
   GDScript backtrace (most recent call first):
       [0] apply_save_data (res://PuzzleSystem.gd:162)
       [1] load_game (res://SaveGame.gd:164)
       [2] _ready (res://MainGame.gd:515)
SCRIPT ERROR: Invalid call. Nonexistent function 'style_objective_header' in base 'GDScript'.
   at: _add_objective_header_v152 (res://MainGame.gd:2166)
   GDScript backtrace (most recent call first):
       [0] _add_objective_header_v152 (res://MainGame.gd:2166)
       [1] _rebuild_quests (res://MainGame.gd:2205)
       [2] apply_save_data (res://ObjectiveSystem.gd:127)
       [3] load_game (res://SaveGame.gd:169)
       [4] _ready (res://MainGame.gd:515)
SCRIPT ERROR: Invalid call. Nonexistent function 'objective_icon_role' in base 'GDScript'.
   at: _add_objective_row_v152 (res://MainGame.gd:2181)
   GDScript backtrace (most recent call first):
       [0] _add_objective_row_v152 (res://MainGame.gd:2181)
       [1] _rebuild_quests (res://MainGame.gd:2206)
       [2] apply_save_data (res://ObjectiveSystem.gd:127)
       [3] load_game (res://SaveGame.gd:169)
       [4] _ready (res://MainGame.gd:515)
SCRIPT ERROR: Invalid call. Nonexistent function 'objective_icon_role' in base 'GDScript'.
   at: _add_objective_row_v152 (res://MainGame.gd:2181)
   GDScript backtrace (most recent call first):
       [0] _add_objective_row_v152 (res://MainGame.gd:2181)
       [1] _rebuild_quests (res://MainGame.gd:2206)
       [2] apply_save_data (res://ObjectiveSystem.gd:127)
       [3] load_game (res://SaveGame.gd:169)
       [4] _ready (res://MainGame.gd:515)
SCRIPT ERROR: Invalid call. Nonexistent function 'objective_icon_role' in base 'GDScript'.
   at: _add_objective_row_v152 (res://MainGame.gd:2181)
   GDScript backtrace (most recent call first):
       [0] _add_objective_row_v152 (res://MainGame.gd:2181)
       [1] _rebuild_quests (res://MainGame.gd:2206)
       [2] apply_save_data (res://ObjectiveSystem.gd:127)
       [3] load_game (res://SaveGame.gd:169)
       [4] _ready (res://MainGame.gd:515)
SCRIPT ERROR: Invalid call. Nonexistent function 'style_objective_header' in base 'GDScript'.
   at: _add_objective_header_v152 (res://MainGame.gd:2166)
   GDScript backtrace (most recent call first):
       [0] _add_objective_header_v152 (res://MainGame.gd:2166)
       [1] _rebuild_quests (res://MainGame.gd:2205)
       [2] apply_save_data (res://ObjectiveSystem.gd:127)
       [3] load_game (res://SaveGame.gd:169)
       [4] _ready (res://MainGame.gd:515)
SCRIPT ERROR: Invalid call. Nonexistent function 'objective_icon_role' in base 'GDScript'.
   at: _add_objective_row_v152 (res://MainGame.gd:2181)
   GDScript backtrace (most recent call first):
       [0] _add_objective_row_v152 (res://MainGame.gd:2181)
       [1] _rebuild_quests (res://MainGame.gd:2206)
       [2] apply_save_data (res://ObjectiveSystem.gd:127)
       [3] load_game (res://SaveGame.gd:169)
       [4] _ready (res://MainGame.gd:515)
SCRIPT ERROR: Invalid call. Nonexistent function 'objective_icon_role' in base 'GDScript'.
   at: _add_objective_row_v152 (res://MainGame.gd:2181)
   GDScript backtrace (most recent call first):
       [0] _add_objective_row_v152 (res://MainGame.gd:2181)
       [1] _rebuild_quests (res://MainGame.gd:2206)
       [2] apply_save_data (res://ObjectiveSystem.gd:127)
       [3] load_game (res://SaveGame.gd:169)
       [4] _ready (res://MainGame.gd:515)
SCRIPT ERROR: Invalid call. Nonexistent function 'objective_icon_role' in base 'GDScript'.
   at: _add_objective_row_v152 (res://MainGame.gd:2181)
   GDScript backtrace (most recent call first):
       [0] _add_objective_row_v152 (res://MainGame.gd:2181)
       [1] _rebuild_quests (res://MainGame.gd:2206)
       [2] apply_save_data (res://ObjectiveSystem.gd:127)
       [3] load_game (res://SaveGame.gd:169)
       [4] _ready (res://MainGame.gd:515)
SCRIPT ERROR: Invalid call. Nonexistent function 'style_objective_header' in base 'GDScript'.
   at: _add_objective_header_v152 (res://MainGame.gd:2166)
   GDScript backtrace (most recent call first):
       [0] _add_objective_header_v152 (res://MainGame.gd:2166)
       [1] _rebuild_quests (res://MainGame.gd:2205)
       [2] apply_save_data (res://ObjectiveSystem.gd:127)
       [3] load_game (res://SaveGame.gd:169)
       [4] _ready (res://MainGame.gd:515)
SCRIPT ERROR: Invalid call. Nonexistent function 'objective_icon_role' in base 'GDScript'.
   at: _add_objective_row_v152 (res://MainGame.gd:2181)
   GDScript backtrace (most recent call first):
       [0] _add_objective_row_v152 (res://MainGame.gd:2181)
       [1] _rebuild_quests (res://MainGame.gd:2206)
       [2] apply_save_data (res://ObjectiveSystem.gd:127)
       [3] load_game (res://SaveGame.gd:169)
       [4] _ready (res://MainGame.gd:515)
SCRIPT ERROR: Invalid call. Nonexistent function 'objective_icon_role' in base 'GDScript'.
   at: _add_objective_row_v152 (res://MainGame.gd:2181)
   GDScript backtrace (most recent call first):
       [0] _add_objective_row_v152 (res://MainGame.gd:2181)
       [1] _rebuild_quests (res://MainGame.gd:2206)
       [2] apply_save_data (res://ObjectiveSystem.gd:127)
       [3] load_game (res://SaveGame.gd:169)
       [4] _ready (res://MainGame.gd:515)
SCRIPT ERROR: Invalid call. Nonexistent function 'objective_icon_role' in base 'GDScript'.
   at: _add_objective_row_v152 (res://MainGame.gd:2181)
   GDScript backtrace (most recent call first):
       [0] _add_objective_row_v152 (res://MainGame.gd:2181)
       [1] _rebuild_quests (res://MainGame.gd:2206)
       [2] apply_save_data (res://ObjectiveSystem.gd:127)
       [3] load_game (res://SaveGame.gd:169)
       [4] _ready (res://MainGame.gd:515)
SCRIPT ERROR: Invalid call. Nonexistent function 'objective_icon_role' in base 'GDScript'.
   at: _add_objective_row_v152 (res://MainGame.gd:2181)
   GDScript backtrace (most recent call first):
       [0] _add_objective_row_v152 (res://MainGame.gd:2181)
       [1] _rebuild_quests (res://MainGame.gd:2206)
       [2] apply_save_data (res://ObjectiveSystem.gd:127)
       [3] load_game (res://SaveGame.gd:169)
       [4] _ready (res://MainGame.gd:515)
SCRIPT ERROR: Invalid call. Nonexistent function 'objective_icon_role' in base 'GDScript'.
   at: _add_objective_row_v152 (res://MainGame.gd:2181)
   GDScript backtrace (most recent call first):
       [0] _add_objective_row_v152 (res://MainGame.gd:2181)
       [1] _rebuild_quests (res://MainGame.gd:2206)
       [2] apply_save_data (res://ObjectiveSystem.gd:127)
       [3] load_game (res://SaveGame.gd:169)
       [4] _ready (res://MainGame.gd:515)
SCRIPT ERROR: Invalid call. Nonexistent function 'style_objective_header' in base 'GDScript'.
   at: _add_objective_header_v152 (res://MainGame.gd:2166)
   GDScript backtrace (most recent call first):
       [0] _add_objective_header_v152 (res://MainGame.gd:2166)
       [1] _rebuild_quests (res://MainGame.gd:2207)
       [2] apply_save_data (res://ObjectiveSystem.gd:127)
       [3] load_game (res://SaveGame.gd:169)
       [4] _ready (res://MainGame.gd:515)
SCRIPT ERROR: Invalid call. Nonexistent function 'objective_icon_role' in base 'GDScript'.
   at: _rebuild_quests (res://MainGame.gd:2214)
   GDScript backtrace (most recent call first):
       [0] _rebuild_quests (res://MainGame.gd:2214)
       [1] apply_save_data (res://ObjectiveSystem.gd:127)
       [2] load_game (res://SaveGame.gd:169)
       [3] _ready (res://MainGame.gd:515)
SCRIPT ERROR: Invalid call. Nonexistent function 'lane_layout' in base 'GDScript'.
   at: _update_lane_ui (res://MainGame.gd:1958)
   GDScript backtrace (most recent call first):
       [0] _update_lane_ui (res://MainGame.gd:1958)
       [1] apply_save_data (res://LaneAttackSystem.gd:195)
       [2] load_game (res://SaveGame.gd:170)
       [3] _ready (res://MainGame.gd:515)
SCRIPT ERROR: Invalid call. Nonexistent function 'refresh_afk_state' in base 'GDScript'.
   at: _refresh_afk_p0 (res://MainGame.gd:2910)
   GDScript backtrace (most recent call first):
       [0] _refresh_afk_p0 (res://MainGame.gd:2910)
       [1] apply_save_data (res://AfkRewardSystem.gd:73)
       [2] load_game (res://SaveGame.gd:172)
       [3] _ready (res://MainGame.gd:515)
ERROR: P0 violation: Daily visible
   at: push_error (core/variant/variant_utility.cpp:1023)
   GDScript backtrace (most recent call first):
       [0] log_contract_status (res://CoreAcceptanceService.gd:52)
       [1] _ready (res://MainGame.gd:526)
ERROR: P0 violation: Quests visible
   at: push_error (core/variant/variant_utility.cpp:1023)
   GDScript backtrace (most recent call first):
       [0] log_contract_status (res://CoreAcceptanceService.gd:52)
       [1] _ready (res://MainGame.gd:526)
ERROR: P0 violation: Heroes visible
[CORE_ANALYTICS] {"event":"core_session_start","payload":{"gold":300,"monster_level":1,"save_recovered":false,"seconds_away":0,"spins":10},"time_unix":1789103612.901}
   at: push_error (core/variant/variant_utility.cpp:1023)
   GDScript backtrace (most recent call first):
       [0] log_contract_status (res://CoreAcceptanceService.gd:52)
       [1] _ready (res://MainGame.gd:526)
ERROR: P0 violation: Hero Auto-DPS active
   at: push_error (core/variant/variant_utility.cpp:1023)
   GDScript backtrace (most recent call first):
[CORE_ANALYTICS] {"event":"core_contract_fail","payload":{"errors":["P0 violation: Daily visible","P0 violation: Quests visible","P0 violation: Heroes visible","P0 violation: Hero Auto-DPS active"]},"time_unix":1789103612.903}
       [0] log_contract_status (res://CoreAcceptanceService.gd:52)
       [1] _ready (res://MainGame.gd:526)
SCRIPT ERROR: Invalid call. Nonexistent function 'refresh_home_loop_state' in base 'GDScript'.
   at: _update_monster_ui (res://MainGame.gd:1219)
   GDScript backtrace (most recent call first):
       [0] _update_monster_ui (res://MainGame.gd:1219)
       [1] _refresh_all (res://MainGame.gd:675)
       [2] _ready (res://MainGame.gd:530)
SCRIPT ERROR: Invalid call. Nonexistent function 'refresh_village_loop_state' in base 'GDScript'.
   at: _refresh_p0_village (res://MainGame.gd:2410)
   GDScript backtrace (most recent call first):
       [0] _refresh_p0_village (res://MainGame.gd:2410)
       [1] _refresh_all (res://MainGame.gd:680)
       [2] _ready (res://MainGame.gd:530)
SCRIPT ERROR: Invalid call. Nonexistent function 'refresh_reward_session_state' in base 'GDScript'.
   at: _refresh_meta_ui (res://MainGame.gd:1004)
   GDScript backtrace (most recent call first):
       [0] _refresh_meta_ui (res://MainGame.gd:1004)
       [1] _refresh_all (res://MainGame.gd:683)
       [2] _ready (res://MainGame.gd:530)
SCRIPT ERROR: Invalid call. Nonexistent function 'style_objective_header' in base 'GDScript'.
   at: _add_objective_header_v152 (res://MainGame.gd:2166)
   GDScript backtrace (most recent call first):
       [0] _add_objective_header_v152 (res://MainGame.gd:2166)
       [1] _rebuild_quests (res://MainGame.gd:2205)
       [2] _refresh_all (res://MainGame.gd:688)
       [3] _ready (res://MainGame.gd:530)
SCRIPT ERROR: Invalid call. Nonexistent function 'objective_icon_role' in base 'GDScript'.
   at: _add_objective_row_v152 (res://MainGame.gd:2181)
   GDScript backtrace (most recent call first):
       [0] _add_objective_row_v152 (res://MainGame.gd:2181)
       [1] _rebuild_quests (res://MainGame.gd:2206)
       [2] _refresh_all (res://MainGame.gd:688)
       [3] _ready (res://MainGame.gd:530)
SCRIPT ERROR: Invalid call. Nonexistent function 'objective_icon_role' in base 'GDScript'.
   at: _add_objective_row_v152 (res://MainGame.gd:2181)
   GDScript backtrace (most recent call first):
       [0] _add_objective_row_v152 (res://MainGame.gd:2181)
       [1] _rebuild_quests (res://MainGame.gd:2206)
       [2] _refresh_all (res://MainGame.gd:688)
       [3] _ready (res://MainGame.gd:530)
SCRIPT ERROR: Invalid call. Nonexistent function 'objective_icon_role' in base 'GDScript'.
   at: _add_objective_row_v152 (res://MainGame.gd:2181)
   GDScript backtrace (most recent call first):
       [0] _add_objective_row_v152 (res://MainGame.gd:2181)
       [1] _rebuild_quests (res://MainGame.gd:2206)
       [2] _refresh_all (res://MainGame.gd:688)
       [3] _ready (res://MainGame.gd:530)
SCRIPT ERROR: Invalid call. Nonexistent function 'style_objective_header' in base 'GDScript'.
   at: _add_objective_header_v152 (res://MainGame.gd:2166)
   GDScript backtrace (most recent call first):
       [0] _add_objective_header_v152 (res://MainGame.gd:2166)
       [1] _rebuild_quests (res://MainGame.gd:2205)
       [2] _refresh_all (res://MainGame.gd:688)
       [3] _ready (res://MainGame.gd:530)
SCRIPT ERROR: Invalid call. Nonexistent function 'objective_icon_role' in base 'GDScript'.
   at: _add_objective_row_v152 (res://MainGame.gd:2181)
   GDScript backtrace (most recent call first):
       [0] _add_objective_row_v152 (res://MainGame.gd:2181)
       [1] _rebuild_quests (res://MainGame.gd:2206)
       [2] _refresh_all (res://MainGame.gd:688)
       [3] _ready (res://MainGame.gd:530)
SCRIPT ERROR: Invalid call. Nonexistent function 'objective_icon_role' in base 'GDScript'.
   at: _add_objective_row_v152 (res://MainGame.gd:2181)
   GDScript backtrace (most recent call first):
       [0] _add_objective_row_v152 (res://MainGame.gd:2181)
       [1] _rebuild_quests (res://MainGame.gd:2206)
       [2] _refresh_all (res://MainGame.gd:688)
       [3] _ready (res://MainGame.gd:530)
SCRIPT ERROR: Invalid call. Nonexistent function 'objective_icon_role' in base 'GDScript'.
   at: _add_objective_row_v152 (res://MainGame.gd:2181)
   GDScript backtrace (most recent call first):
       [0] _add_objective_row_v152 (res://MainGame.gd:2181)
       [1] _rebuild_quests (res://MainGame.gd:2206)
       [2] _refresh_all (res://MainGame.gd:688)
       [3] _ready (res://MainGame.gd:530)
SCRIPT ERROR: Invalid call. Nonexistent function 'style_objective_header' in base 'GDScript'.
   at: _add_objective_header_v152 (res://MainGame.gd:2166)
   GDScript backtrace (most recent call first):
       [0] _add_objective_header_v152 (res://MainGame.gd:2166)
       [1] _rebuild_quests (res://MainGame.gd:2205)
       [2] _refresh_all (res://MainGame.gd:688)
       [3] _ready (res://MainGame.gd:530)
SCRIPT ERROR: Invalid call. Nonexistent function 'objective_icon_role' in base 'GDScript'.
   at: _add_objective_row_v152 (res://MainGame.gd:2181)
   GDScript backtrace (most recent call first):
       [0] _add_objective_row_v152 (res://MainGame.gd:2181)
       [1] _rebuild_quests (res://MainGame.gd:2206)
       [2] _refresh_all (res://MainGame.gd:688)
       [3] _ready (res://MainGame.gd:530)
SCRIPT ERROR: Invalid call. Nonexistent function 'objective_icon_role' in base 'GDScript'.
   at: _add_objective_row_v152 (res://MainGame.gd:2181)
   GDScript backtrace (most recent call first):
       [0] _add_objective_row_v152 (res://MainGame.gd:2181)
       [1] _rebuild_quests (res://MainGame.gd:2206)
       [2] _refresh_all (res://MainGame.gd:688)
       [3] _ready (res://MainGame.gd:530)
SCRIPT ERROR: Invalid call. Nonexistent function 'objective_icon_role' in base 'GDScript'.
   at: _add_objective_row_v152 (res://MainGame.gd:2181)
   GDScript backtrace (most recent call first):
       [0] _add_objective_row_v152 (res://MainGame.gd:2181)
       [1] _rebuild_quests (res://MainGame.gd:2206)
       [2] _refresh_all (res://MainGame.gd:688)
       [3] _ready (res://MainGame.gd:530)
SCRIPT ERROR: Invalid call. Nonexistent function 'objective_icon_role' in base 'GDScript'.
   at: _add_objective_row_v152 (res://MainGame.gd:2181)
   GDScript backtrace (most recent call first):
       [0] _add_objective_row_v152 (res://MainGame.gd:2181)
       [1] _rebuild_quests (res://MainGame.gd:2206)
       [2] _refresh_all (res://MainGame.gd:688)
       [3] _ready (res://MainGame.gd:530)
SCRIPT ERROR: Invalid call. Nonexistent function 'objective_icon_role' in base 'GDScript'.
   at: _add_objective_row_v152 (res://MainGame.gd:2181)
   GDScript backtrace (most recent call first):
       [0] _add_objective_row_v152 (res://MainGame.gd:2181)
       [1] _rebuild_quests (res://MainGame.gd:2206)
       [2] _refresh_all (res://MainGame.gd:688)
       [3] _ready (res://MainGame.gd:530)
SCRIPT ERROR: Invalid call. Nonexistent function 'style_objective_header' in base 'GDScript'.
   at: _add_objective_header_v152 (res://MainGame.gd:2166)
   GDScript backtrace (most recent call first):
       [0] _add_objective_header_v152 (res://MainGame.gd:2166)
       [1] _rebuild_quests (res://MainGame.gd:2207)
       [2] _refresh_all (res://MainGame.gd:688)
       [3] _ready (res://MainGame.gd:530)
SCRIPT ERROR: Invalid call. Nonexistent function 'objective_icon_role' in base 'GDScript'.
   at: _rebuild_quests (res://MainGame.gd:2214)
   GDScript backtrace (most recent call first):
       [0] _rebuild_quests (res://MainGame.gd:2214)
       [1] _refresh_all (res://MainGame.gd:688)
       [2] _ready (res://MainGame.gd:530)
SCRIPT ERROR: Invalid call. Nonexistent function 'refresh_progression_state' in base 'GDScript'.
   at: _refresh_progression_p0 (res://MainGame.gd:2903)
   GDScript backtrace (most recent call first):
       [0] _refresh_progression_p0 (res://MainGame.gd:2903)
       [1] _refresh_all (res://MainGame.gd:696)
       [2] _ready (res://MainGame.gd:530)
SCRIPT ERROR: Invalid call. Nonexistent function 'refresh_shop_state' in base 'GDScript'.
   at: _refresh_shop_p0 (res://MainGame.gd:2810)
   GDScript backtrace (most recent call first):
       [0] _refresh_shop_p0 (res://MainGame.gd:2810)
       [1] _refresh_all (res://MainGame.gd:697)
       [2] _ready (res://MainGame.gd:530)
SCRIPT ERROR: Invalid call. Nonexistent function 'refresh_afk_state' in base 'GDScript'.
   at: _refresh_afk_p0 (res://MainGame.gd:2910)
   GDScript backtrace (most recent call first):
       [0] _refresh_afk_p0 (res://MainGame.gd:2910)
       [1] _refresh_all (res://MainGame.gd:698)
       [2] _ready (res://MainGame.gd:530)
SCRIPT ERROR: Invalid call. Nonexistent function 'style_objective_header' in base 'GDScript'.
   at: _add_objective_header_v152 (res://MainGame.gd:2166)
   GDScript backtrace (most recent call first):
       [0] _add_objective_header_v152 (res://MainGame.gd:2166)
       [1] _rebuild_quests (res://MainGame.gd:2205)
       [2] _ready (res://MainGame.gd:532)
SCRIPT ERROR: Invalid call. Nonexistent function 'objective_icon_role' in base 'GDScript'.
   at: _add_objective_row_v152 (res://MainGame.gd:2181)
   GDScript backtrace (most recent call first):
       [0] _add_objective_row_v152 (res://MainGame.gd:2181)
       [1] _rebuild_quests (res://MainGame.gd:2206)
       [2] _ready (res://MainGame.gd:532)
SCRIPT ERROR: Invalid call. Nonexistent function 'objective_icon_role' in base 'GDScript'.
   at: _add_objective_row_v152 (res://MainGame.gd:2181)
   GDScript backtrace (most recent call first):
       [0] _add_objective_row_v152 (res://MainGame.gd:2181)
       [1] _rebuild_quests (res://MainGame.gd:2206)
       [2] _ready (res://MainGame.gd:532)
SCRIPT ERROR: Invalid call. Nonexistent function 'objective_icon_role' in base 'GDScript'.
   at: _add_objective_row_v152 (res://MainGame.gd:2181)
   GDScript backtrace (most recent call first):
       [0] _add_objective_row_v152 (res://MainGame.gd:2181)
       [1] _rebuild_quests (res://MainGame.gd:2206)
       [2] _ready (res://MainGame.gd:532)
SCRIPT ERROR: Invalid call. Nonexistent function 'style_objective_header' in base 'GDScript'.
   at: _add_objective_header_v152 (res://MainGame.gd:2166)
   GDScript backtrace (most recent call first):
       [0] _add_objective_header_v152 (res://MainGame.gd:2166)
       [1] _rebuild_quests (res://MainGame.gd:2205)
       [2] _ready (res://MainGame.gd:532)
SCRIPT ERROR: Invalid call. Nonexistent function 'objective_icon_role' in base 'GDScript'.
   at: _add_objective_row_v152 (res://MainGame.gd:2181)
   GDScript backtrace (most recent call first):
       [0] _add_objective_row_v152 (res://MainGame.gd:2181)
       [1] _rebuild_quests (res://MainGame.gd:2206)
       [2] _ready (res://MainGame.gd:532)
SCRIPT ERROR: Invalid call. Nonexistent function 'objective_icon_role' in base 'GDScript'.
   at: _add_objective_row_v152 (res://MainGame.gd:2181)
   GDScript backtrace (most recent call first):
       [0] _add_objective_row_v152 (res://MainGame.gd:2181)
       [1] _rebuild_quests (res://MainGame.gd:2206)
       [2] _ready (res://MainGame.gd:532)
SCRIPT ERROR: Invalid call. Nonexistent function 'objective_icon_role' in base 'GDScript'.
   at: _add_objective_row_v152 (res://MainGame.gd:2181)
   GDScript backtrace (most recent call first):
       [0] _add_objective_row_v152 (res://MainGame.gd:2181)
       [1] _rebuild_quests (res://MainGame.gd:2206)
       [2] _ready (res://MainGame.gd:532)
SCRIPT ERROR: Invalid call. Nonexistent function 'style_objective_header' in base 'GDScript'.
   at: _add_objective_header_v152 (res://MainGame.gd:2166)
   GDScript backtrace (most recent call first):
       [0] _add_objective_header_v152 (res://MainGame.gd:2166)
       [1] _rebuild_quests (res://MainGame.gd:2205)
       [2] _ready (res://MainGame.gd:532)
SCRIPT ERROR: Invalid call. Nonexistent function 'objective_icon_role' in base 'GDScript'.
   at: _add_objective_row_v152 (res://MainGame.gd:2181)
   GDScript backtrace (most recent call first):
       [0] _add_objective_row_v152 (res://MainGame.gd:2181)
       [1] _rebuild_quests (res://MainGame.gd:2206)
       [2] _ready (res://MainGame.gd:532)
SCRIPT ERROR: Invalid call. Nonexistent function 'objective_icon_role' in base 'GDScript'.
   at: _add_objective_row_v152 (res://MainGame.gd:2181)
   GDScript backtrace (most recent call first):
       [0] _add_objective_row_v152 (res://MainGame.gd:2181)
       [1] _rebuild_quests (res://MainGame.gd:2206)
       [2] _ready (res://MainGame.gd:532)
SCRIPT ERROR: Invalid call. Nonexistent function 'objective_icon_role' in base 'GDScript'.
   at: _add_objective_row_v152 (res://MainGame.gd:2181)
   GDScript backtrace (most recent call first):
       [0] _add_objective_row_v152 (res://MainGame.gd:2181)
       [1] _rebuild_quests (res://MainGame.gd:2206)
       [2] _ready (res://MainGame.gd:532)
SCRIPT ERROR: Invalid call. Nonexistent function 'objective_icon_role' in base 'GDScript'.
   at: _add_objective_row_v152 (res://MainGame.gd:2181)
   GDScript backtrace (most recent call first):
       [0] _add_objective_row_v152 (res://MainGame.gd:2181)
       [1] _rebuild_quests (res://MainGame.gd:2206)
       [2] _ready (res://MainGame.gd:532)
SCRIPT ERROR: Invalid call. Nonexistent function 'objective_icon_role' in base 'GDScript'.
   at: _add_objective_row_v152 (res://MainGame.gd:2181)
   GDScript backtrace (most recent call first):
       [0] _add_objective_row_v152 (res://MainGame.gd:2181)
       [1] _rebuild_quests (res://MainGame.gd:2206)
       [2] _ready (res://MainGame.gd:532)
SCRIPT ERROR: Invalid call. Nonexistent function 'style_objective_header' in base 'GDScript'.
   at: _add_objective_header_v152 (res://MainGame.gd:2166)
   GDScript backtrace (most recent call first):
       [0] _add_objective_header_v152 (res://MainGame.gd:2166)
       [1] _rebuild_quests (res://MainGame.gd:2207)
       [2] _ready (res://MainGame.gd:532)
SCRIPT ERROR: Invalid call. Nonexistent function 'objective_icon_role' in base 'GDScript'.
   at: _rebuild_quests (res://MainGame.gd:2214)
   GDScript backtrace (most recent call first):
       [0] _rebuild_quests (res://MainGame.gd:2214)
       [1] _ready (res://MainGame.gd:532)
SCRIPT ERROR: Invalid call. Nonexistent function 'set_primary_nav_state' in base 'GDScript'.
   at: _switch_view (res://MainGame.gd:1298)
   GDScript backtrace (most recent call first):
       [0] _switch_view (res://MainGame.gd:1298)
[CORE_ANALYTICS] {"event":"pending_flow_resume","payload":{"count":1,"flow_version":"v1.54-runtime-flow-01","kind":"spin"},"time_unix":1789103612.934}
       [1] _ready (res://MainGame.gd:537)
SCRIPT ERROR: Invalid call. Nonexistent function 'set_primary_nav_state' in base 'GDScript'.
   at: _switch_view (res://MainGame.gd:1298)
   GDScript backtrace (most recent call first):
       [0] _switch_view (res://MainGame.gd:1298)
       [1] _restore_pending_spin_presentation (res://MainGame.gd:1590)
       [2] _restore_next_pending_presentation_v154 (res://MainGame.gd:594)
       [3] _ready (res://MainGame.gd:538)
ERROR: [P0_BOOT] Main scene setting drift: res://BootFlow.tscn
   at: push_error (core/variant/variant_utility.cpp:1023)
   GDScript backtrace (most recent call first):
       [0] complete_scene_boot (res://P0BootDiagnostics.gd:79)
       [1] _ready (res://MainGame.gd:540)
ERROR: [P0_BOOT] Core contract: P0 violation: Daily visible
   at: push_error (core/variant/variant_utility.cpp:1023)
   GDScript backtrace (most recent call first):
       [0] complete_scene_boot (res://P0BootDiagnostics.gd:79)
       [1] _ready (res://MainGame.gd:540)
ERROR: [P0_BOOT] Core contract: P0 violation: Quests visible
   at: push_error (core/variant/variant_utility.cpp:1023)
   GDScript backtrace (most recent call first):
       [0] complete_scene_boot (res://P0BootDiagnostics.gd:79)
       [1] _ready (res://MainGame.gd:540)
ERROR: [P0_BOOT] Core contract: P0 violation: Heroes visible
   at: push_error (core/variant/variant_utility.cpp:1023)
   GDScript backtrace (most recent call first):
       [0] complete_scene_boot (res://P0BootDiagnostics.gd:79)
[CORE_ANALYTICS] {"event":"spin_presentation_resumed","payload":{"config_version":"v2.0-3reel-p0-06","reel_stop_ids":["reel_1_stop_5_bonus_spins","reel_2_stop_5_bonus_spins","reel_3_stop_5_bonus_spins"],"result_id":"spin_1789103601_1_1789108977790457","reward_id":"bonus_spins","segment_id":"bonus_spins"},"time_unix":1789103612.935}
       [1] _ready (res://MainGame.gd:540)
ERROR: [P0_BOOT] Core contract: P0 violation: Hero Auto-DPS active
   at: push_error (core/variant/variant_utility.cpp:1023)
   GDScript backtrace (most recent call first):
       [0] complete_scene_boot (res://P0BootDiagnostics.gd:79)
       [1] _ready (res://MainGame.gd:540)
ERROR: [P0_BOOT] P1 isolation: HeroSystem processing during P0
   at: push_error (core/variant/variant_utility.cpp:1023)
   GDScript backtrace (most recent call first):
       [0] complete_scene_boot (res://P0BootDiagnostics.gd:79)
       [1] _ready (res://MainGame.gd:540)
[CORE_ANALYTICS] {"event":"p0_boot_fail","payload":{"errors":["Main scene setting drift: res://BootFlow.tscn","Core contract: P0 violation: Daily visible","Core contract: P0 violation: Quests visible","Core contract: P0 violation: Heroes visible","Core contract: P0 violation: Hero Auto-DPS active","P1 isolation: HeroSystem processing during P0"]},"time_unix":1789103612.937}
SCRIPT ERROR: Invalid call. Nonexistent function 'apply' in base 'GDScript'.
   at: _apply_mobile_runtime_polish (res://MainGame.gd:552)
   GDScript backtrace (most recent call first):
       [0] _apply_mobile_runtime_polish (res://MainGame.gd:552)
[VisualRuntimeQa] main loaded=true
SCRIPT ERROR: Invalid call. Nonexistent function 'apply' in base 'GDScript'.
   at: _apply_mobile_runtime_polish (res://MainGame.gd:552)
   GDScript backtrace (most recent call first):
       [0] _apply_mobile_runtime_polish (res://MainGame.gd:552)
       [1] _capture_main_only (res://V2021VisualRuntimeQa.gd:139)
       [2] _boot_to_main_game (res://V2021VisualRuntimeQa.gd:156)
       [3] _wait_render (res://V2021VisualRuntimeQa.gd:174)
[VisualRuntimeQa] regression
SCRIPT ERROR: Invalid call. Nonexistent function 'refresh_home_loop_state' in base 'GDScript'.
   at: _update_monster_ui (res://MainGame.gd:1219)
   GDScript backtrace (most recent call first):
       [0] _update_monster_ui (res://MainGame.gd:1219)
       [1] _refresh_all (res://MainGame.gd:675)
       [2] @shields_setter (res://PlayerData.gd:14)
       [3] _reset_shared_state (res://P0TestHarness.gd:64)
       [4] apply_profile (res://P0TestHarness.gd:33)
       [5] _run_regression (res://V2021VisualRuntimeQa.gd:298)
       [6] run_acceptance (res://V2021VisualRuntimeQa.gd:63)
       [7] _capture_main_only (res://V2021VisualRuntimeQa.gd:142)
       [8] _capture (res://V2021VisualRuntimeQa.gd:182)
       [9] _grab_viewport_image (res://V2021VisualRuntimeQa.gd:204)
SCRIPT ERROR: Invalid call. Nonexistent function 'refresh_village_loop_state' in base 'GDScript'.
   at: _refresh_p0_village (res://MainGame.gd:2410)
   GDScript backtrace (most recent call first):
       [0] _refresh_p0_village (res://MainGame.gd:2410)
       [1] _refresh_all (res://MainGame.gd:680)
       [2] @shields_setter (res://PlayerData.gd:14)
       [3] _reset_shared_state (res://P0TestHarness.gd:64)
       [4] apply_profile (res://P0TestHarness.gd:33)
       [5] _run_regression (res://V2021VisualRuntimeQa.gd:298)
       [6] run_acceptance (res://V2021VisualRuntimeQa.gd:63)
       [7] _capture_main_only (res://V2021VisualRuntimeQa.gd:142)
       [8] _capture (res://V2021VisualRuntimeQa.gd:182)
       [9] _grab_viewport_image (res://V2021VisualRuntimeQa.gd:204)
SCRIPT ERROR: Invalid call. Nonexistent function 'refresh_reward_session_state' in base 'GDScript'.
   at: _refresh_meta_ui (res://MainGame.gd:1004)
   GDScript backtrace (most recent call first):
       [0] _refresh_meta_ui (res://MainGame.gd:1004)
       [1] _refresh_all (res://MainGame.gd:683)
       [2] @shields_setter (res://PlayerData.gd:14)
       [3] _reset_shared_state (res://P0TestHarness.gd:64)
       [4] apply_profile (res://P0TestHarness.gd:33)
       [5] _run_regression (res://V2021VisualRuntimeQa.gd:298)
       [6] run_acceptance (res://V2021VisualRuntimeQa.gd:63)
       [7] _capture_main_only (res://V2021VisualRuntimeQa.gd:142)
       [8] _capture (res://V2021VisualRuntimeQa.gd:182)
       [9] _grab_viewport_image (res://V2021VisualRuntimeQa.gd:204)
SCRIPT ERROR: Invalid call. Nonexistent function 'style_objective_header' in base 'GDScript'.
   at: _add_objective_header_v152 (res://MainGame.gd:2166)
   GDScript backtrace (most recent call first):
       [0] _add_objective_header_v152 (res://MainGame.gd:2166)
       [1] _rebuild_quests (res://MainGame.gd:2205)
       [2] _refresh_all (res://MainGame.gd:688)
       [3] @shields_setter (res://PlayerData.gd:14)
       [4] _reset_shared_state (res://P0TestHarness.gd:64)
       [5] apply_profile (res://P0TestHarness.gd:33)
       [6] _run_regression (res://V2021VisualRuntimeQa.gd:298)
       [7] run_acceptance (res://V2021VisualRuntimeQa.gd:63)
       [8] _capture_main_only (res://V2021VisualRuntimeQa.gd:142)
       [9] _capture (res://V2021VisualRuntimeQa.gd:182)
       [10] _grab_viewport_image (res://V2021VisualRuntimeQa.gd:204)
SCRIPT ERROR: Invalid call. Nonexistent function 'objective_icon_role' in base 'GDScript'.
   at: _add_objective_row_v152 (res://MainGame.gd:2181)
   GDScript backtrace (most recent call first):
       [0] _add_objective_row_v152 (res://MainGame.gd:2181)
       [1] _rebuild_quests (res://MainGame.gd:2206)
       [2] _refresh_all (res://MainGame.gd:688)
       [3] @shields_setter (res://PlayerData.gd:14)
       [4] _reset_shared_state (res://P0TestHarness.gd:64)
       [5] apply_profile (res://P0TestHarness.gd:33)
       [6] _run_regression (res://V2021VisualRuntimeQa.gd:298)
       [7] run_acceptance (res://V2021VisualRuntimeQa.gd:63)
       [8] _capture_main_only (res://V2021VisualRuntimeQa.gd:142)
       [9] _capture (res://V2021VisualRuntimeQa.gd:182)
       [10] _grab_viewport_image (res://V2021VisualRuntimeQa.gd:204)
SCRIPT ERROR: Invalid call. Nonexistent function 'objective_icon_role' in base 'GDScript'.
   at: _add_objective_row_v152 (res://MainGame.gd:2181)
   GDScript backtrace (most recent call first):
       [0] _add_objective_row_v152 (res://MainGame.gd:2181)
       [1] _rebuild_quests (res://MainGame.gd:2206)
       [2] _refresh_all (res://MainGame.gd:688)
       [3] @shields_setter (res://PlayerData.gd:14)
       [4] _reset_shared_state (res://P0TestHarness.gd:64)
       [5] apply_profile (res://P0TestHarness.gd:33)
       [6] _run_regression (res://V2021VisualRuntimeQa.gd:298)
       [7] run_acceptance (res://V2021VisualRuntimeQa.gd:63)
       [8] _capture_main_only (res://V2021VisualRuntimeQa.gd:142)
       [9] _capture (res://V2021VisualRuntimeQa.gd:182)
       [10] _grab_viewport_image (res://V2021VisualRuntimeQa.gd:204)
SCRIPT ERROR: Invalid call. Nonexistent function 'objective_icon_role' in base 'GDScript'.
   at: _add_objective_row_v152 (res://MainGame.gd:2181)
   GDScript backtrace (most recent call first):
       [0] _add_objective_row_v152 (res://MainGame.gd:2181)
       [1] _rebuild_quests (res://MainGame.gd:2206)
       [2] _refresh_all (res://MainGame.gd:688)
       [3] @shields_setter (res://PlayerData.gd:14)
       [4] _reset_shared_state (res://P0TestHarness.gd:64)
       [5] apply_profile (res://P0TestHarness.gd:33)
       [6] _run_regression (res://V2021VisualRuntimeQa.gd:298)
       [7] run_acceptance (res://V2021VisualRuntimeQa.gd:63)
       [8] _capture_main_only (res://V2021VisualRuntimeQa.gd:142)
       [9] _capture (res://V2021VisualRuntimeQa.gd:182)
       [10] _grab_viewport_image (res://V2021VisualRuntimeQa.gd:204)
SCRIPT ERROR: Invalid call. Nonexistent function 'style_objective_header' in base 'GDScript'.
   at: _add_objective_header_v152 (res://MainGame.gd:2166)
   GDScript backtrace (most recent call first):
       [0] _add_objective_header_v152 (res://MainGame.gd:2166)
       [1] _rebuild_quests (res://MainGame.gd:2205)
       [2] _refresh_all (res://MainGame.gd:688)
       [3] @shields_setter (res://PlayerData.gd:14)
       [4] _reset_shared_state (res://P0TestHarness.gd:64)
       [5] apply_profile (res://P0TestHarness.gd:33)
       [6] _run_regression (res://V2021VisualRuntimeQa.gd:298)
       [7] run_acceptance (res://V2021VisualRuntimeQa.gd:63)
       [8] _capture_main_only (res://V2021VisualRuntimeQa.gd:142)
       [9] _capture (res://V2021VisualRuntimeQa.gd:182)
       [10] _grab_viewport_image (res://V2021VisualRuntimeQa.gd:204)
SCRIPT ERROR: Invalid call. Nonexistent function 'objective_icon_role' in base 'GDScript'.
   at: _add_objective_row_v152 (res://MainGame.gd:2181)
   GDScript backtrace (most recent call first):
       [0] _add_objective_row_v152 (res://MainGame.gd:2181)
       [1] _rebuild_quests (res://MainGame.gd:2206)
       [2] _refresh_all (res://MainGame.gd:688)
       [3] @shields_setter (res://PlayerData.gd:14)
       [4] _reset_shared_state (res://P0TestHarness.gd:64)
       [5] apply_profile (res://P0TestHarness.gd:33)
       [6] _run_regression (res://V2021VisualRuntimeQa.gd:298)
       [7] run_acceptance (res://V2021VisualRuntimeQa.gd:63)
       [8] _capture_main_only (res://V2021VisualRuntimeQa.gd:142)
       [9] _capture (res://V2021VisualRuntimeQa.gd:182)
       [10] _grab_viewport_image (res://V2021VisualRuntimeQa.gd:204)
SCRIPT ERROR: Invalid call. Nonexistent function 'objective_icon_role' in base 'GDScript'.
   at: _add_objective_row_v152 (res://MainGame.gd:2181)
   GDScript backtrace (most recent call first):
       [0] _add_objective_row_v152 (res://MainGame.gd:2181)
       [1] _rebuild_quests (res://MainGame.gd:2206)
       [2] _refresh_all (res://MainGame.gd:688)
       [3] @shields_setter (res://PlayerData.gd:14)
       [4] _reset_shared_state (res://P0TestHarness.gd:64)
       [5] apply_profile (res://P0TestHarness.gd:33)
       [6] _run_regression (res://V2021VisualRuntimeQa.gd:298)
       [7] run_acceptance (res://V2021VisualRuntimeQa.gd:63)
       [8] _capture_main_only (res://V2021VisualRuntimeQa.gd:142)
       [9] _capture (res://V2021VisualRuntimeQa.gd:182)
       [10] _grab_viewport_image (res://V2021VisualRuntimeQa.gd:204)
SCRIPT ERROR: Invalid call. Nonexistent function 'objective_icon_role' in base 'GDScript'.
   at: _add_objective_row_v152 (res://MainGame.gd:2181)
   GDScript backtrace (most recent call first):
       [0] _add_objective_row_v152 (res://MainGame.gd:2181)
       [1] _rebuild_quests (res://MainGame.gd:2206)
       [2] _refresh_all (res://MainGame.gd:688)
       [3] @shields_setter (res://PlayerData.gd:14)
       [4] _reset_shared_state (res://P0TestHarness.gd:64)
       [5] apply_profile (res://P0TestHarness.gd:33)
       [6] _run_regression (res://V2021VisualRuntimeQa.gd:298)
       [7] run_acceptance (res://V2021VisualRuntimeQa.gd:63)
       [8] _capture_main_only (res://V2021VisualRuntimeQa.gd:142)
       [9] _capture (res://V2021VisualRuntimeQa.gd:182)
       [10] _grab_viewport_image (res://V2021VisualRuntimeQa.gd:204)
SCRIPT ERROR: Invalid call. Nonexistent function 'style_objective_header' in base 'GDScript'.
   at: _add_objective_header_v152 (res://MainGame.gd:2166)
   GDScript backtrace (most recent call first):
       [0] _add_objective_header_v152 (res://MainGame.gd:2166)
       [1] _rebuild_quests (res://MainGame.gd:2205)
       [2] _refresh_all (res://MainGame.gd:688)
       [3] @shields_setter (res://PlayerData.gd:14)
       [4] _reset_shared_state (res://P0TestHarness.gd:64)
       [5] apply_profile (res://P0TestHarness.gd:33)
       [6] _run_regression (res://V2021VisualRuntimeQa.gd:298)
       [7] run_acceptance (res://V2021VisualRuntimeQa.gd:63)
       [8] _capture_main_only (res://V2021VisualRuntimeQa.gd:142)
       [9] _capture (res://V2021VisualRuntimeQa.gd:182)
       [10] _grab_viewport_image (res://V2021VisualRuntimeQa.gd:204)
SCRIPT ERROR: Invalid call. Nonexistent function 'objective_icon_role' in base 'GDScript'.
   at: _add_objective_row_v152 (res://MainGame.gd:2181)
   GDScript backtrace (most recent call first):
       [0] _add_objective_row_v152 (res://MainGame.gd:2181)
       [1] _rebuild_quests (res://MainGame.gd:2206)
       [2] _refresh_all (res://MainGame.gd:688)
       [3] @shields_setter (res://PlayerData.gd:14)
       [4] _reset_shared_state (res://P0TestHarness.gd:64)
       [5] apply_profile (res://P0TestHarness.gd:33)
       [6] _run_regression (res://V2021VisualRuntimeQa.gd:298)
       [7] run_acceptance (res://V2021VisualRuntimeQa.gd:63)
       [8] _capture_main_only (res://V2021VisualRuntimeQa.gd:142)
       [9] _capture (res://V2021VisualRuntimeQa.gd:182)
       [10] _grab_viewport_image (res://V2021VisualRuntimeQa.gd:204)
SCRIPT ERROR: Invalid call. Nonexistent function 'objective_icon_role' in base 'GDScript'.
   at: _add_objective_row_v152 (res://MainGame.gd:2181)
   GDScript backtrace (most recent call first):
       [0] _add_objective_row_v152 (res://MainGame.gd:2181)
       [1] _rebuild_quests (res://MainGame.gd:2206)
       [2] _refresh_all (res://MainGame.gd:688)
       [3] @shields_setter (res://PlayerData.gd:14)
       [4] _reset_shared_state (res://P0TestHarness.gd:64)
       [5] apply_profile (res://P0TestHarness.gd:33)
       [6] _run_regression (res://V2021VisualRuntimeQa.gd:298)
       [7] run_acceptance (res://V2021VisualRuntimeQa.gd:63)
       [8] _capture_main_only (res://V2021VisualRuntimeQa.gd:142)
       [9] _capture (res://V2021VisualRuntimeQa.gd:182)
       [10] _grab_viewport_image (res://V2021VisualRuntimeQa.gd:204)
SCRIPT ERROR: Invalid call. Nonexistent function 'objective_icon_role' in base 'GDScript'.
   at: _add_objective_row_v152 (res://MainGame.gd:2181)
   GDScript backtrace (most recent call first):
       [0] _add_objective_row_v152 (res://MainGame.gd:2181)
       [1] _rebuild_quests (res://MainGame.gd:2206)
       [2] _refresh_all (res://MainGame.gd:688)
       [3] @shields_setter (res://PlayerData.gd:14)
       [4] _reset_shared_state (res://P0TestHarness.gd:64)
       [5] apply_profile (res://P0TestHarness.gd:33)
       [6] _run_regression (res://V2021VisualRuntimeQa.gd:298)
       [7] run_acceptance (res://V2021VisualRuntimeQa.gd:63)
       [8] _capture_main_only (res://V2021VisualRuntimeQa.gd:142)
       [9] _capture (res://V2021VisualRuntimeQa.gd:182)
       [10] _grab_viewport_image (res://V2021VisualRuntimeQa.gd:204)
SCRIPT ERROR: Invalid call. Nonexistent function 'objective_icon_role' in base 'GDScript'.
   at: _add_objective_row_v152 (res://MainGame.gd:2181)
   GDScript backtrace (most recent call first):
       [0] _add_objective_row_v152 (res://MainGame.gd:2181)
       [1] _rebuild_quests (res://MainGame.gd:2206)
       [2] _refresh_all (res://MainGame.gd:688)
       [3] @shields_setter (res://PlayerData.gd:14)
       [4] _reset_shared_state (res://P0TestHarness.gd:64)
       [5] apply_profile (res://P0TestHarness.gd:33)
       [6] _run_regression (res://V2021VisualRuntimeQa.gd:298)
       [7] run_acceptance (res://V2021VisualRuntimeQa.gd:63)
       [8] _capture_main_only (res://V2021VisualRuntimeQa.gd:142)
       [9] _capture (res://V2021VisualRuntimeQa.gd:182)
       [10] _grab_viewport_image (res://V2021VisualRuntimeQa.gd:204)
SCRIPT ERROR: Invalid call. Nonexistent function 'objective_icon_role' in base 'GDScript'.
   at: _add_objective_row_v152 (res://MainGame.gd:2181)
   GDScript backtrace (most recent call first):
       [0] _add_objective_row_v152 (res://MainGame.gd:2181)
       [1] _rebuild_quests (res://MainGame.gd:2206)
       [2] _refresh_all (res://MainGame.gd:688)
       [3] @shields_setter (res://PlayerData.gd:14)
       [4] _reset_shared_state (res://P0TestHarness.gd:64)
       [5] apply_profile (res://P0TestHarness.gd:33)
       [6] _run_regression (res://V2021VisualRuntimeQa.gd:298)
       [7] run_acceptance (res://V2021VisualRuntimeQa.gd:63)
       [8] _capture_main_only (res://V2021VisualRuntimeQa.gd:142)
       [9] _capture (res://V2021VisualRuntimeQa.gd:182)
       [10] _grab_viewport_image (res://V2021VisualRuntimeQa.gd:204)
SCRIPT ERROR: Invalid call. Nonexistent function 'style_objective_header' in base 'GDScript'.
   at: _add_objective_header_v152 (res://MainGame.gd:2166)
   GDScript backtrace (most recent call first):
       [0] _add_objective_header_v152 (res://MainGame.gd:2166)
       [1] _rebuild_quests (res://MainGame.gd:2207)
       [2] _refresh_all (res://MainGame.gd:688)
       [3] @shields_setter (res://PlayerData.gd:14)
       [4] _reset_shared_state (res://P0TestHarness.gd:64)
       [5] apply_profile (res://P0TestHarness.gd:33)
       [6] _run_regression (res://V2021VisualRuntimeQa.gd:298)
       [7] run_acceptance (res://V2021VisualRuntimeQa.gd:63)
       [8] _capture_main_only (res://V2021VisualRuntimeQa.gd:142)
       [9] _capture (res://V2021VisualRuntimeQa.gd:182)
       [10] _grab_viewport_image (res://V2021VisualRuntimeQa.gd:204)
SCRIPT ERROR: Invalid call. Nonexistent function 'objective_icon_role' in base 'GDScript'.
   at: _rebuild_quests (res://MainGame.gd:2214)
   GDScript backtrace (most recent call first):
       [0] _rebuild_quests (res://MainGame.gd:2214)
       [1] _refresh_all (res://MainGame.gd:688)
       [2] @shields_setter (res://PlayerData.gd:14)
       [3] _reset_shared_state (res://P0TestHarness.gd:64)
       [4] apply_profile (res://P0TestHarness.gd:33)
       [5] _run_regression (res://V2021VisualRuntimeQa.gd:298)
       [6] run_acceptance (res://V2021VisualRuntimeQa.gd:63)
       [7] _capture_main_only (res://V2021VisualRuntimeQa.gd:142)
       [8] _capture (res://V2021VisualRuntimeQa.gd:182)
       [9] _grab_viewport_image (res://V2021VisualRuntimeQa.gd:204)
SCRIPT ERROR: Invalid call. Nonexistent function 'refresh_progression_state' in base 'GDScript'.
   at: _refresh_progression_p0 (res://MainGame.gd:2903)
   GDScript backtrace (most recent call first):
       [0] _refresh_progression_p0 (res://MainGame.gd:2903)
       [1] _refresh_all (res://MainGame.gd:696)
       [2] @shields_setter (res://PlayerData.gd:14)
       [3] _reset_shared_state (res://P0TestHarness.gd:64)
       [4] apply_profile (res://P0TestHarness.gd:33)
       [5] _run_regression (res://V2021VisualRuntimeQa.gd:298)
       [6] run_acceptance (res://V2021VisualRuntimeQa.gd:63)
       [7] _capture_main_only (res://V2021VisualRuntimeQa.gd:142)
       [8] _capture (res://V2021VisualRuntimeQa.gd:182)
       [9] _grab_viewport_image (res://V2021VisualRuntimeQa.gd:204)
SCRIPT ERROR: Invalid call. Nonexistent function 'refresh_shop_state' in base 'GDScript'.
   at: _refresh_shop_p0 (res://MainGame.gd:2810)
   GDScript backtrace (most recent call first):
       [0] _refresh_shop_p0 (res://MainGame.gd:2810)
       [1] _refresh_all (res://MainGame.gd:697)
       [2] @shields_setter (res://PlayerData.gd:14)
       [3] _reset_shared_state (res://P0TestHarness.gd:64)
       [4] apply_profile (res://P0TestHarness.gd:33)
       [5] _run_regression (res://V2021VisualRuntimeQa.gd:298)
       [6] run_acceptance (res://V2021VisualRuntimeQa.gd:63)
       [7] _capture_main_only (res://V2021VisualRuntimeQa.gd:142)
       [8] _capture (res://V2021VisualRuntimeQa.gd:182)
       [9] _grab_viewport_image (res://V2021VisualRuntimeQa.gd:204)
SCRIPT ERROR: Invalid call. Nonexistent function 'refresh_afk_state' in base 'GDScript'.
   at: _refresh_afk_p0 (res://MainGame.gd:2910)
   GDScript backtrace (most recent call first):
       [0] _refresh_afk_p0 (res://MainGame.gd:2910)
       [1] _refresh_all (res://MainGame.gd:698)
       [2] @shields_setter (res://PlayerData.gd:14)
       [3] _reset_shared_state (res://P0TestHarness.gd:64)
       [4] apply_profile (res://P0TestHarness.gd:33)
       [5] _run_regression (res://V2021VisualRuntimeQa.gd:298)
       [6] run_acceptance (res://V2021VisualRuntimeQa.gd:63)
       [7] _capture_main_only (res://V2021VisualRuntimeQa.gd:142)
       [8] _capture (res://V2021VisualRuntimeQa.gd:182)
       [9] _grab_viewport_image (res://V2021VisualRuntimeQa.gd:204)
SCRIPT ERROR: Invalid call. Nonexistent function 'refresh_home_loop_state' in base 'GDScript'.
   at: _update_monster_ui (res://MainGame.gd:1219)
   GDScript backtrace (most recent call first):
       [0] _update_monster_ui (res://MainGame.gd:1219)
       [1] _refresh_all (res://MainGame.gd:675)
       [2] _reset_shared_state (res://P0TestHarness.gd:81)
       [3] apply_profile (res://P0TestHarness.gd:33)
       [4] _run_regression (res://V2021VisualRuntimeQa.gd:298)
       [5] run_acceptance (res://V2021VisualRuntimeQa.gd:63)
       [6] _capture_main_only (res://V2021VisualRuntimeQa.gd:142)
       [7] _capture (res://V2021VisualRuntimeQa.gd:182)
       [8] _grab_viewport_image (res://V2021VisualRuntimeQa.gd:204)
SCRIPT ERROR: Invalid call. Nonexistent function 'refresh_village_loop_state' in base 'GDScript'.
   at: _refresh_p0_village (res://MainGame.gd:2410)
   GDScript backtrace (most recent call first):
       [0] _refresh_p0_village (res://MainGame.gd:2410)
       [1] _refresh_all (res://MainGame.gd:680)
       [2] _reset_shared_state (res://P0TestHarness.gd:81)
       [3] apply_profile (res://P0TestHarness.gd:33)
       [4] _run_regression (res://V2021VisualRuntimeQa.gd:298)
       [5] run_acceptance (res://V2021VisualRuntimeQa.gd:63)
       [6] _capture_main_only (res://V2021VisualRuntimeQa.gd:142)
       [7] _capture (res://V2021VisualRuntimeQa.gd:182)
       [8] _grab_viewport_image (res://V2021VisualRuntimeQa.gd:204)
SCRIPT ERROR: Invalid call. Nonexistent function 'refresh_reward_session_state' in base 'GDScript'.
   at: _refresh_meta_ui (res://MainGame.gd:1004)
   GDScript backtrace (most recent call first):
       [0] _refresh_meta_ui (res://MainGame.gd:1004)
       [1] _refresh_all (res://MainGame.gd:683)
       [2] _reset_shared_state (res://P0TestHarness.gd:81)
       [3] apply_profile (res://P0TestHarness.gd:33)
       [4] _run_regression (res://V2021VisualRuntimeQa.gd:298)
       [5] run_acceptance (res://V2021VisualRuntimeQa.gd:63)
       [6] _capture_main_only (res://V2021VisualRuntimeQa.gd:142)
       [7] _capture (res://V2021VisualRuntimeQa.gd:182)
       [8] _grab_viewport_image (res://V2021VisualRuntimeQa.gd:204)
SCRIPT ERROR: Invalid call. Nonexistent function 'style_objective_header' in base 'GDScript'.
   at: _add_objective_header_v152 (res://MainGame.gd:2166)
   GDScript backtrace (most recent call first):
       [0] _add_objective_header_v152 (res://MainGame.gd:2166)
       [1] _rebuild_quests (res://MainGame.gd:2205)
       [2] _refresh_all (res://MainGame.gd:688)
       [3] _reset_shared_state (res://P0TestHarness.gd:81)
       [4] apply_profile (res://P0TestHarness.gd:33)
       [5] _run_regression (res://V2021VisualRuntimeQa.gd:298)
       [6] run_acceptance (res://V2021VisualRuntimeQa.gd:63)
       [7] _capture_main_only (res://V2021VisualRuntimeQa.gd:142)
       [8] _capture (res://V2021VisualRuntimeQa.gd:182)
       [9] _grab_viewport_image (res://V2021VisualRuntimeQa.gd:204)
SCRIPT ERROR: Invalid call. Nonexistent function 'objective_icon_role' in base 'GDScript'.
   at: _add_objective_row_v152 (res://MainGame.gd:2181)
   GDScript backtrace (most recent call first):
       [0] _add_objective_row_v152 (res://MainGame.gd:2181)
       [1] _rebuild_quests (res://MainGame.gd:2206)
       [2] _refresh_all (res://MainGame.gd:688)
       [3] _reset_shared_state (res://P0TestHarness.gd:81)
       [4] apply_profile (res://P0TestHarness.gd:33)
       [5] _run_regression (res://V2021VisualRuntimeQa.gd:298)
       [6] run_acceptance (res://V2021VisualRuntimeQa.gd:63)
       [7] _capture_main_only (res://V2021VisualRuntimeQa.gd:142)
       [8] _capture (res://V2021VisualRuntimeQa.gd:182)
       [9] _grab_viewport_image (res://V2021VisualRuntimeQa.gd:204)
SCRIPT ERROR: Invalid call. Nonexistent function 'objective_icon_role' in base 'GDScript'.
   at: _add_objective_row_v152 (res://MainGame.gd:2181)
   GDScript backtrace (most recent call first):
       [0] _add_objective_row_v152 (res://MainGame.gd:2181)
       [1] _rebuild_quests (res://MainGame.gd:2206)
       [2] _refresh_all (res://MainGame.gd:688)
       [3] _reset_shared_state (res://P0TestHarness.gd:81)
       [4] apply_profile (res://P0TestHarness.gd:33)
       [5] _run_regression (res://V2021VisualRuntimeQa.gd:298)
       [6] run_acceptance (res://V2021VisualRuntimeQa.gd:63)
       [7] _capture_main_only (res://V2021VisualRuntimeQa.gd:142)
       [8] _capture (res://V2021VisualRuntimeQa.gd:182)
       [9] _grab_viewport_image (res://V2021VisualRuntimeQa.gd:204)
SCRIPT ERROR: Invalid call. Nonexistent function 'objective_icon_role' in base 'GDScript'.
   at: _add_objective_row_v152 (res://MainGame.gd:2181)
   GDScript backtrace (most recent call first):
       [0] _add_objective_row_v152 (res://MainGame.gd:2181)
       [1] _rebuild_quests (res://MainGame.gd:2206)
       [2] _refresh_all (res://MainGame.gd:688)
       [3] _reset_shared_state (res://P0TestHarness.gd:81)
       [4] apply_profile (res://P0TestHarness.gd:33)
       [5] _run_regression (res://V2021VisualRuntimeQa.gd:298)
       [6] run_acceptance (res://V2021VisualRuntimeQa.gd:63)
       [7] _capture_main_only (res://V2021VisualRuntimeQa.gd:142)
       [8] _capture (res://V2021VisualRuntimeQa.gd:182)
       [9] _grab_viewport_image (res://V2021VisualRuntimeQa.gd:204)
SCRIPT ERROR: Invalid call. Nonexistent function 'style_objective_header' in base 'GDScript'.
   at: _add_objective_header_v152 (res://MainGame.gd:2166)
   GDScript backtrace (most recent call first):
       [0] _add_objective_header_v152 (res://MainGame.gd:2166)
       [1] _rebuild_quests (res://MainGame.gd:2205)
       [2] _refresh_all (res://MainGame.gd:688)
       [3] _reset_shared_state (res://P0TestHarness.gd:81)
       [4] apply_profile (res://P0TestHarness.gd:33)
       [5] _run_regression (res://V2021VisualRuntimeQa.gd:298)
       [6] run_acceptance (res://V2021VisualRuntimeQa.gd:63)
       [7] _capture_main_only (res://V2021VisualRuntimeQa.gd:142)
       [8] _capture (res://V2021VisualRuntimeQa.gd:182)
       [9] _grab_viewport_image (res://V2021VisualRuntimeQa.gd:204)
SCRIPT ERROR: Invalid call. Nonexistent function 'objective_icon_role' in base 'GDScript'.
   at: _add_objective_row_v152 (res://MainGame.gd:2181)
   GDScript backtrace (most recent call first):
       [0] _add_objective_row_v152 (res://MainGame.gd:2181)
       [1] _rebuild_quests (res://MainGame.gd:2206)
       [2] _refresh_all (res://MainGame.gd:688)
       [3] _reset_shared_state (res://P0TestHarness.gd:81)
       [4] apply_profile (res://P0TestHarness.gd:33)
       [5] _run_regression (res://V2021VisualRuntimeQa.gd:298)
       [6] run_acceptance (res://V2021VisualRuntimeQa.gd:63)
       [7] _capture_main_only (res://V2021VisualRuntimeQa.gd:142)
       [8] _capture (res://V2021VisualRuntimeQa.gd:182)
       [9] _grab_viewport_image (res://V2021VisualRuntimeQa.gd:204)
SCRIPT ERROR: Invalid call. Nonexistent function 'objective_icon_role' in base 'GDScript'.
   at: _add_objective_row_v152 (res://MainGame.gd:2181)
   GDScript backtrace (most recent call first):
       [0] _add_objective_row_v152 (res://MainGame.gd:2181)
       [1] _rebuild_quests (res://MainGame.gd:2206)
       [2] _refresh_all (res://MainGame.gd:688)
       [3] _reset_shared_state (res://P0TestHarness.gd:81)
       [4] apply_profile (res://P0TestHarness.gd:33)
       [5] _run_regression (res://V2021VisualRuntimeQa.gd:298)
       [6] run_acceptance (res://V2021VisualRuntimeQa.gd:63)
       [7] _capture_main_only (res://V2021VisualRuntimeQa.gd:142)
       [8] _capture (res://V2021VisualRuntimeQa.gd:182)
       [9] _grab_viewport_image (res://V2021VisualRuntimeQa.gd:204)
SCRIPT ERROR: Invalid call. Nonexistent function 'objective_icon_role' in base 'GDScript'.
   at: _add_objective_row_v152 (res://MainGame.gd:2181)
   GDScript backtrace (most recent call first):
       [0] _add_objective_row_v152 (res://MainGame.gd:2181)
       [1] _rebuild_quests (res://MainGame.gd:2206)
       [2] _refresh_all (res://MainGame.gd:688)
       [3] _reset_shared_state (res://P0TestHarness.gd:81)
       [4] apply_profile (res://P0TestHarness.gd:33)
       [5] _run_regression (res://V2021VisualRuntimeQa.gd:298)
       [6] run_acceptance (res://V2021VisualRuntimeQa.gd:63)
       [7] _capture_main_only (res://V2021VisualRuntimeQa.gd:142)
       [8] _capture (res://V2021VisualRuntimeQa.gd:182)
       [9] _grab_viewport_image (res://V2021VisualRuntimeQa.gd:204)
SCRIPT ERROR: Invalid call. Nonexistent function 'style_objective_header' in base 'GDScript'.
   at: _add_objective_header_v152 (res://MainGame.gd:2166)
   GDScript backtrace (most recent call first):
       [0] _add_objective_header_v152 (res://MainGame.gd:2166)
       [1] _rebuild_quests (res://MainGame.gd:2205)
       [2] _refresh_all (res://MainGame.gd:688)
       [3] _reset_shared_state (res://P0TestHarness.gd:81)
       [4] apply_profile (res://P0TestHarness.gd:33)
       [5] _run_regression (res://V2021VisualRuntimeQa.gd:298)
       [6] run_acceptance (res://V2021VisualRuntimeQa.gd:63)
       [7] _capture_main_only (res://V2021VisualRuntimeQa.gd:142)
       [8] _capture (res://V2021VisualRuntimeQa.gd:182)
       [9] _grab_viewport_image (res://V2021VisualRuntimeQa.gd:204)
SCRIPT ERROR: Invalid call. Nonexistent function 'objective_icon_role' in base 'GDScript'.
   at: _add_objective_row_v152 (res://MainGame.gd:2181)
   GDScript backtrace (most recent call first):
       [0] _add_objective_row_v152 (res://MainGame.gd:2181)
       [1] _rebuild_quests (res://MainGame.gd:2206)
       [2] _refresh_all (res://MainGame.gd:688)
       [3] _reset_shared_state (res://P0TestHarness.gd:81)
       [4] apply_profile (res://P0TestHarness.gd:33)
       [5] _run_regression (res://V2021VisualRuntimeQa.gd:298)
       [6] run_acceptance (res://V2021VisualRuntimeQa.gd:63)
       [7] _capture_main_only (res://V2021VisualRuntimeQa.gd:142)
       [8] _capture (res://V2021VisualRuntimeQa.gd:182)
       [9] _grab_viewport_image (res://V2021VisualRuntimeQa.gd:204)
SCRIPT ERROR: Invalid call. Nonexistent function 'objective_icon_role' in base 'GDScript'.
   at: _add_objective_row_v152 (res://MainGame.gd:2181)
   GDScript backtrace (most recent call first):
       [0] _add_objective_row_v152 (res://MainGame.gd:2181)
       [1] _rebuild_quests (res://MainGame.gd:2206)
       [2] _refresh_all (res://MainGame.gd:688)
       [3] _reset_shared_state (res://P0TestHarness.gd:81)
       [4] apply_profile (res://P0TestHarness.gd:33)
       [5] _run_regression (res://V2021VisualRuntimeQa.gd:298)
       [6] run_acceptance (res://V2021VisualRuntimeQa.gd:63)
       [7] _capture_main_only (res://V2021VisualRuntimeQa.gd:142)
       [8] _capture (res://V2021VisualRuntimeQa.gd:182)
       [9] _grab_viewport_image (res://V2021VisualRuntimeQa.gd:204)
SCRIPT ERROR: Invalid call. Nonexistent function 'objective_icon_role' in base 'GDScript'.
   at: _add_objective_row_v152 (res://MainGame.gd:2181)
   GDScript backtrace (most recent call first):
       [0] _add_objective_row_v152 (res://MainGame.gd:2181)
       [1] _rebuild_quests (res://MainGame.gd:2206)
       [2] _refresh_all (res://MainGame.gd:688)
       [3] _reset_shared_state (res://P0TestHarness.gd:81)
       [4] apply_profile (res://P0TestHarness.gd:33)
       [5] _run_regression (res://V2021VisualRuntimeQa.gd:298)
       [6] run_acceptance (res://V2021VisualRuntimeQa.gd:63)
       [7] _capture_main_only (res://V2021VisualRuntimeQa.gd:142)
       [8] _capture (res://V2021VisualRuntimeQa.gd:182)
       [9] _grab_viewport_image (res://V2021VisualRuntimeQa.gd:204)
SCRIPT ERROR: Invalid call. Nonexistent function 'objective_icon_role' in base 'GDScript'.
   at: _add_objective_row_v152 (res://MainGame.gd:2181)
   GDScript backtrace (most recent call first):
       [0] _add_objective_row_v152 (res://MainGame.gd:2181)
       [1] _rebuild_quests (res://MainGame.gd:2206)
       [2] _refresh_all (res://MainGame.gd:688)
       [3] _reset_shared_state (res://P0TestHarness.gd:81)
       [4] apply_profile (res://P0TestHarness.gd:33)
       [5] _run_regression (res://V2021VisualRuntimeQa.gd:298)
       [6] run_acceptance (res://V2021VisualRuntimeQa.gd:63)
       [7] _capture_main_only (res://V2021VisualRuntimeQa.gd:142)
       [8] _capture (res://V2021VisualRuntimeQa.gd:182)
       [9] _grab_viewport_image (res://V2021VisualRuntimeQa.gd:204)
SCRIPT ERROR: Invalid call. Nonexistent function 'objective_icon_role' in base 'GDScript'.
   at: _add_objective_row_v152 (res://MainGame.gd:2181)
   GDScript backtrace (most recent call first):
       [0] _add_objective_row_v152 (res://MainGame.gd:2181)
       [1] _rebuild_quests (res://MainGame.gd:2206)
       [2] _refresh_all (res://MainGame.gd:688)
       [3] _reset_shared_state (res://P0TestHarness.gd:81)
       [4] apply_profile (res://P0TestHarness.gd:33)
       [5] _run_regression (res://V2021VisualRuntimeQa.gd:298)
       [6] run_acceptance (res://V2021VisualRuntimeQa.gd:63)
       [7] _capture_main_only (res://V2021VisualRuntimeQa.gd:142)
       [8] _capture (res://V2021VisualRuntimeQa.gd:182)
       [9] _grab_viewport_image (res://V2021VisualRuntimeQa.gd:204)
SCRIPT ERROR: Invalid call. Nonexistent function 'style_objective_header' in base 'GDScript'.
   at: _add_objective_header_v152 (res://MainGame.gd:2166)
   GDScript backtrace (most recent call first):
       [0] _add_objective_header_v152 (res://MainGame.gd:2166)
       [1] _rebuild_quests (res://MainGame.gd:2207)
       [2] _refresh_all (res://MainGame.gd:688)
       [3] _reset_shared_state (res://P0TestHarness.gd:81)
       [4] apply_profile (res://P0TestHarness.gd:33)
       [5] _run_regression (res://V2021VisualRuntimeQa.gd:298)
       [6] run_acceptance (res://V2021VisualRuntimeQa.gd:63)
       [7] _capture_main_only (res://V2021VisualRuntimeQa.gd:142)
       [8] _capture (res://V2021VisualRuntimeQa.gd:182)
       [9] _grab_viewport_image (res://V2021VisualRuntimeQa.gd:204)
SCRIPT ERROR: Invalid call. Nonexistent function 'objective_icon_role' in base 'GDScript'.
   at: _rebuild_quests (res://MainGame.gd:2214)
   GDScript backtrace (most recent call first):
       [0] _rebuild_quests (res://MainGame.gd:2214)
       [1] _refresh_all (res://MainGame.gd:688)
       [2] _reset_shared_state (res://P0TestHarness.gd:81)
       [3] apply_profile (res://P0TestHarness.gd:33)
       [4] _run_regression (res://V2021VisualRuntimeQa.gd:298)
       [5] run_acceptance (res://V2021VisualRuntimeQa.gd:63)
       [6] _capture_main_only (res://V2021VisualRuntimeQa.gd:142)
       [7] _capture (res://V2021VisualRuntimeQa.gd:182)
       [8] _grab_viewport_image (res://V2021VisualRuntimeQa.gd:204)
SCRIPT ERROR: Invalid call. Nonexistent function 'refresh_progression_state' in base 'GDScript'.
   at: _refresh_progression_p0 (res://MainGame.gd:2903)
   GDScript backtrace (most recent call first):
       [0] _refresh_progression_p0 (res://MainGame.gd:2903)
       [1] _refresh_all (res://MainGame.gd:696)
       [2] _reset_shared_state (res://P0TestHarness.gd:81)
       [3] apply_profile (res://P0TestHarness.gd:33)
       [4] _run_regression (res://V2021VisualRuntimeQa.gd:298)
       [5] run_acceptance (res://V2021VisualRuntimeQa.gd:63)
       [6] _capture_main_only (res://V2021VisualRuntimeQa.gd:142)
       [7] _capture (res://V2021VisualRuntimeQa.gd:182)
       [8] _grab_viewport_image (res://V2021VisualRuntimeQa.gd:204)
SCRIPT ERROR: Invalid call. Nonexistent function 'refresh_shop_state' in base 'GDScript'.
   at: _refresh_shop_p0 (res://MainGame.gd:2810)
   GDScript backtrace (most recent call first):
       [0] _refresh_shop_p0 (res://MainGame.gd:2810)
       [1] _refresh_all (res://MainGame.gd:697)
       [2] _reset_shared_state (res://P0TestHarness.gd:81)
       [3] apply_profile (res://P0TestHarness.gd:33)
       [4] _run_regression (res://V2021VisualRuntimeQa.gd:298)
       [5] run_acceptance (res://V2021VisualRuntimeQa.gd:63)
       [6] _capture_main_only (res://V2021VisualRuntimeQa.gd:142)
       [7] _capture (res://V2021VisualRuntimeQa.gd:182)
       [8] _grab_viewport_image (res://V2021VisualRuntimeQa.gd:204)
SCRIPT ERROR: Invalid call. Nonexistent function 'refresh_afk_state' in base 'GDScript'.
   at: _refresh_afk_p0 (res://MainGame.gd:2910)
   GDScript backtrace (most recent call first):
       [0] _refresh_afk_p0 (res://MainGame.gd:2910)
       [1] _refresh_all (res://MainGame.gd:698)
       [2] _reset_shared_state (res://P0TestHarness.gd:81)
       [3] apply_profile (res://P0TestHarness.gd:33)
       [4] _run_regression (res://V2021VisualRuntimeQa.gd:298)
       [5] run_acceptance (res://V2021VisualRuntimeQa.gd:63)
       [6] _capture_main_only (res://V2021VisualRuntimeQa.gd:142)
       [7] _capture (res://V2021VisualRuntimeQa.gd:182)
       [8] _grab_viewport_image (res://V2021VisualRuntimeQa.gd:204)
SCRIPT ERROR: Invalid call. Nonexistent function 'refresh_home_loop_state' in base 'GDScript'.
   at: _update_monster_ui (res://MainGame.gd:1219)
   GDScript backtrace (most recent call first):
       [0] _update_monster_ui (res://MainGame.gd:1219)
       [1] _reset_shared_state (res://P0TestHarness.gd:82)
       [2] apply_profile (res://P0TestHarness.gd:33)
       [3] _run_regression (res://V2021VisualRuntimeQa.gd:298)
       [4] run_acceptance (res://V2021VisualRuntimeQa.gd:63)
       [5] _capture_main_only (res://V2021VisualRuntimeQa.gd:142)
       [6] _capture (res://V2021VisualRuntimeQa.gd:182)
       [7] _grab_viewport_image (res://V2021VisualRuntimeQa.gd:204)
SCRIPT ERROR: Invalid call. Nonexistent function 'refresh_home_loop_state' in base 'GDScript'.
   at: _update_monster_ui (res://MainGame.gd:1219)
   GDScript backtrace (most recent call first):
       [0] _update_monster_ui (res://MainGame.gd:1219)
       [1] _refresh_all (res://MainGame.gd:675)
       [2] _reset_shared_state (res://P0TestHarness.gd:83)
       [3] apply_profile (res://P0TestHarness.gd:33)
       [4] _run_regression (res://V2021VisualRuntimeQa.gd:298)
       [5] run_acceptance (res://V2021VisualRuntimeQa.gd:63)
       [6] _capture_main_only (res://V2021VisualRuntimeQa.gd:142)
       [7] _capture (res://V2021VisualRuntimeQa.gd:182)
       [8] _grab_viewport_image (res://V2021VisualRuntimeQa.gd:204)
SCRIPT ERROR: Invalid call. Nonexistent function 'refresh_village_loop_state' in base 'GDScript'.
   at: _refresh_p0_village (res://MainGame.gd:2410)
   GDScript backtrace (most recent call first):
       [0] _refresh_p0_village (res://MainGame.gd:2410)
       [1] _refresh_all (res://MainGame.gd:680)
       [2] _reset_shared_state (res://P0TestHarness.gd:83)
       [3] apply_profile (res://P0TestHarness.gd:33)
       [4] _run_regression (res://V2021VisualRuntimeQa.gd:298)
       [5] run_acceptance (res://V2021VisualRuntimeQa.gd:63)
       [6] _capture_main_only (res://V2021VisualRuntimeQa.gd:142)
       [7] _capture (res://V2021VisualRuntimeQa.gd:182)
       [8] _grab_viewport_image (res://V2021VisualRuntimeQa.gd:204)
SCRIPT ERROR: Invalid call. Nonexistent function 'refresh_reward_session_state' in base 'GDScript'.
   at: _refresh_meta_ui (res://MainGame.gd:1004)
   GDScript backtrace (most recent call first):
       [0] _refresh_meta_ui (res://MainGame.gd:1004)
       [1] _refresh_all (res://MainGame.gd:683)
       [2] _reset_shared_state (res://P0TestHarness.gd:83)
       [3] apply_profile (res://P0TestHarness.gd:33)
       [4] _run_regression (res://V2021VisualRuntimeQa.gd:298)
       [5] run_acceptance (res://V2021VisualRuntimeQa.gd:63)
       [6] _capture_main_only (res://V2021VisualRuntimeQa.gd:142)
       [7] _capture (res://V2021VisualRuntimeQa.gd:182)
       [8] _grab_viewport_image (res://V2021VisualRuntimeQa.gd:204)
SCRIPT ERROR: Invalid call. Nonexistent function 'style_objective_header' in base 'GDScript'.
   at: _add_objective_header_v152 (res://MainGame.gd:2166)
   GDScript backtrace (most recent call first):
       [0] _add_objective_header_v152 (res://MainGame.gd:2166)
       [1] _rebuild_quests (res://MainGame.gd:2205)
       [2] _refresh_all (res://MainGame.gd:688)
       [3] _reset_shared_state (res://P0TestHarness.gd:83)
       [4] apply_profile (res://P0TestHarness.gd:33)
       [5] _run_regression (res://V2021VisualRuntimeQa.gd:298)
       [6] run_acceptance (res://V2021VisualRuntimeQa.gd:63)
       [7] _capture_main_only (res://V2021VisualRuntimeQa.gd:142)
       [8] _capture (res://V2021VisualRuntimeQa.gd:182)
       [9] _grab_viewport_image (res://V2021VisualRuntimeQa.gd:204)
SCRIPT ERROR: Invalid call. Nonexistent function 'objective_icon_role' in base 'GDScript'.
   at: _add_objective_row_v152 (res://MainGame.gd:2181)
   GDScript backtrace (most recent call first):
       [0] _add_objective_row_v152 (res://MainGame.gd:2181)
       [1] _rebuild_quests (res://MainGame.gd:2206)
       [2] _refresh_all (res://MainGame.gd:688)
       [3] _reset_shared_state (res://P0TestHarness.gd:83)
       [4] apply_profile (res://P0TestHarness.gd:33)
       [5] _run_regression (res://V2021VisualRuntimeQa.gd:298)
       [6] run_acceptance (res://V2021VisualRuntimeQa.gd:63)
       [7] _capture_main_only (res://V2021VisualRuntimeQa.gd:142)
       [8] _capture (res://V2021VisualRuntimeQa.gd:182)
       [9] _grab_viewport_image (res://V2021VisualRuntimeQa.gd:204)
SCRIPT ERROR: Invalid call. Nonexistent function 'objective_icon_role' in base 'GDScript'.
   at: _add_objective_row_v152 (res://MainGame.gd:2181)
   GDScript backtrace (most recent call first):
       [0] _add_objective_row_v152 (res://MainGame.gd:2181)
       [1] _rebuild_quests (res://MainGame.gd:2206)
       [2] _refresh_all (res://MainGame.gd:688)
       [3] _reset_shared_state (res://P0TestHarness.gd:83)
       [4] apply_profile (res://P0TestHarness.gd:33)
       [5] _run_regression (res://V2021VisualRuntimeQa.gd:298)
       [6] run_acceptance (res://V2021VisualRuntimeQa.gd:63)
       [7] _capture_main_only (res://V2021VisualRuntimeQa.gd:142)
       [8] _capture (res://V2021VisualRuntimeQa.gd:182)
       [9] _grab_viewport_image (res://V2021VisualRuntimeQa.gd:204)
SCRIPT ERROR: Invalid call. Nonexistent function 'objective_icon_role' in base 'GDScript'.
   at: _add_objective_row_v152 (res://MainGame.gd:2181)
   GDScript backtrace (most recent call first):
       [0] _add_objective_row_v152 (res://MainGame.gd:2181)
       [1] _rebuild_quests (res://MainGame.gd:2206)
       [2] _refresh_all (res://MainGame.gd:688)
       [3] _reset_shared_state (res://P0TestHarness.gd:83)
       [4] apply_profile (res://P0TestHarness.gd:33)
       [5] _run_regression (res://V2021VisualRuntimeQa.gd:298)
       [6] run_acceptance (res://V2021VisualRuntimeQa.gd:63)
       [7] _capture_main_only (res://V2021VisualRuntimeQa.gd:142)
       [8] _capture (res://V2021VisualRuntimeQa.gd:182)
       [9] _grab_viewport_image (res://V2021VisualRuntimeQa.gd:204)
SCRIPT ERROR: Invalid call. Nonexistent function 'style_objective_header' in base 'GDScript'.
   at: _add_objective_header_v152 (res://MainGame.gd:2166)
   GDScript backtrace (most recent call first):
       [0] _add_objective_header_v152 (res://MainGame.gd:2166)
       [1] _rebuild_quests (res://MainGame.gd:2205)
       [2] _refresh_all (res://MainGame.gd:688)
       [3] _reset_shared_state (res://P0TestHarness.gd:83)
       [4] apply_profile (res://P0TestHarness.gd:33)
       [5] _run_regression (res://V2021VisualRuntimeQa.gd:298)
       [6] run_acceptance (res://V2021VisualRuntimeQa.gd:63)
       [7] _capture_main_only (res://V2021VisualRuntimeQa.gd:142)
       [8] _capture (res://V2021VisualRuntimeQa.gd:182)
       [9] _grab_viewport_image (res://V2021VisualRuntimeQa.gd:204)
SCRIPT ERROR: Invalid call. Nonexistent function 'objective_icon_role' in base 'GDScript'.
   at: _add_objective_row_v152 (res://MainGame.gd:2181)
   GDScript backtrace (most recent call first):
       [0] _add_objective_row_v152 (res://MainGame.gd:2181)
       [1] _rebuild_quests (res://MainGame.gd:2206)
       [2] _refresh_all (res://MainGame.gd:688)
       [3] _reset_shared_state (res://P0TestHarness.gd:83)
       [4] apply_profile (res://P0TestHarness.gd:33)
       [5] _run_regression (res://V2021VisualRuntimeQa.gd:298)
       [6] run_acceptance (res://V2021VisualRuntimeQa.gd:63)
       [7] _capture_main_only (res://V2021VisualRuntimeQa.gd:142)
       [8] _capture (res://V2021VisualRuntimeQa.gd:182)
       [9] _grab_viewport_image (res://V2021VisualRuntimeQa.gd:204)
SCRIPT ERROR: Invalid call. Nonexistent function 'objective_icon_role' in base 'GDScript'.
   at: _add_objective_row_v152 (res://MainGame.gd:2181)
   GDScript backtrace (most recent call first):
       [0] _add_objective_row_v152 (res://MainGame.gd:2181)
       [1] _rebuild_quests (res://MainGame.gd:2206)
       [2] _refresh_all (res://MainGame.gd:688)
       [3] _reset_shared_state (res://P0TestHarness.gd:83)
       [4] apply_profile (res://P0TestHarness.gd:33)
       [5] _run_regression (res://V2021VisualRuntimeQa.gd:298)
       [6] run_acceptance (res://V2021VisualRuntimeQa.gd:63)
       [7] _capture_main_only (res://V2021VisualRuntimeQa.gd:142)
       [8] _capture (res://V2021VisualRuntimeQa.gd:182)
       [9] _grab_viewport_image (res://V2021VisualRuntimeQa.gd:204)
SCRIPT ERROR: Invalid call. Nonexistent function 'objective_icon_role' in base 'GDScript'.
   at: _add_objective_row_v152 (res://MainGame.gd:2181)
   GDScript backtrace (most recent call first):
       [0] _add_objective_row_v152 (res://MainGame.gd:2181)
       [1] _rebuild_quests (res://MainGame.gd:2206)
       [2] _refresh_all (res://MainGame.gd:688)
       [3] _reset_shared_state (res://P0TestHarness.gd:83)
       [4] apply_profile (res://P0TestHarness.gd:33)
       [5] _run_regression (res://V2021VisualRuntimeQa.gd:298)
       [6] run_acceptance (res://V2021VisualRuntimeQa.gd:63)
       [7] _capture_main_only (res://V2021VisualRuntimeQa.gd:142)
       [8] _capture (res://V2021VisualRuntimeQa.gd:182)
       [9] _grab_viewport_image (res://V2021VisualRuntimeQa.gd:204)
SCRIPT ERROR: Invalid call. Nonexistent function 'style_objective_header' in base 'GDScript'.
   at: _add_objective_header_v152 (res://MainGame.gd:2166)
   GDScript backtrace (most recent call first):
       [0] _add_objective_header_v152 (res://MainGame.gd:2166)
       [1] _rebuild_quests (res://MainGame.gd:2205)
       [2] _refresh_all (res://MainGame.gd:688)
       [3] _reset_shared_state (res://P0TestHarness.gd:83)
       [4] apply_profile (res://P0TestHarness.gd:33)
       [5] _run_regression (res://V2021VisualRuntimeQa.gd:298)
       [6] run_acceptance (res://V2021VisualRuntimeQa.gd:63)
       [7] _capture_main_only (res://V2021VisualRuntimeQa.gd:142)
       [8] _capture (res://V2021VisualRuntimeQa.gd:182)
       [9] _grab_viewport_image (res://V2021VisualRuntimeQa.gd:204)
SCRIPT ERROR: Invalid call. Nonexistent function 'objective_icon_role' in base 'GDScript'.
   at: _add_objective_row_v152 (res://MainGame.gd:2181)
   GDScript backtrace (most recent call first):
       [0] _add_objective_row_v152 (res://MainGame.gd:2181)
       [1] _rebuild_quests (res://MainGame.gd:2206)
       [2] _refresh_all (res://MainGame.gd:688)
       [3] _reset_shared_state (res://P0TestHarness.gd:83)
       [4] apply_profile (res://P0TestHarness.gd:33)
       [5] _run_regression (res://V2021VisualRuntimeQa.gd:298)
       [6] run_acceptance (res://V2021VisualRuntimeQa.gd:63)
       [7] _capture_main_only (res://V2021VisualRuntimeQa.gd:142)
       [8] _capture (res://V2021VisualRuntimeQa.gd:182)
       [9] _grab_viewport_image (res://V2021VisualRuntimeQa.gd:204)
SCRIPT ERROR: Invalid call. Nonexistent function 'objective_icon_role' in base 'GDScript'.
   at: _add_objective_row_v152 (res://MainGame.gd:2181)
   GDScript backtrace (most recent call first):
       [0] _add_objective_row_v152 (res://MainGame.gd:2181)
       [1] _rebuild_quests (res://MainGame.gd:2206)
       [2] _refresh_all (res://MainGame.gd:688)
       [3] _reset_shared_state (res://P0TestHarness.gd:83)
       [4] apply_profile (res://P0TestHarness.gd:33)
       [5] _run_regression (res://V2021VisualRuntimeQa.gd:298)
       [6] run_acceptance (res://V2021VisualRuntimeQa.gd:63)
       [7] _capture_main_only (res://V2021VisualRuntimeQa.gd:142)
       [8] _capture (res://V2021VisualRuntimeQa.gd:182)
       [9] _grab_viewport_image (res://V2021VisualRuntimeQa.gd:204)
SCRIPT ERROR: Invalid call. Nonexistent function 'objective_icon_role' in base 'GDScript'.
   at: _add_objective_row_v152 (res://MainGame.gd:2181)
   GDScript backtrace (most recent call first):
       [0] _add_objective_row_v152 (res://MainGame.gd:2181)
       [1] _rebuild_quests (res://MainGame.gd:2206)
       [2] _refresh_all (res://MainGame.gd:688)
       [3] _reset_shared_state (res://P0TestHarness.gd:83)
       [4] apply_profile (res://P0TestHarness.gd:33)
       [5] _run_regression (res://V2021VisualRuntimeQa.gd:298)
       [6] run_acceptance (res://V2021VisualRuntimeQa.gd:63)
       [7] _capture_main_only (res://V2021VisualRuntimeQa.gd:142)
       [8] _capture (res://V2021VisualRuntimeQa.gd:182)
       [9] _grab_viewport_image (res://V2021VisualRuntimeQa.gd:204)
SCRIPT ERROR: Invalid call. Nonexistent function 'objective_icon_role' in base 'GDScript'.
   at: _add_objective_row_v152 (res://MainGame.gd:2181)
   GDScript backtrace (most recent call first):
       [0] _add_objective_row_v152 (res://MainGame.gd:2181)
       [1] _rebuild_quests (res://MainGame.gd:2206)
       [2] _refresh_all (res://MainGame.gd:688)
       [3] _reset_shared_state (res://P0TestHarness.gd:83)
       [4] apply_profile (res://P0TestHarness.gd:33)
       [5] _run_regression (res://V2021VisualRuntimeQa.gd:298)
       [6] run_acceptance (res://V2021VisualRuntimeQa.gd:63)
       [7] _capture_main_only (res://V2021VisualRuntimeQa.gd:142)
       [8] _capture (res://V2021VisualRuntimeQa.gd:182)
       [9] _grab_viewport_image (res://V2021VisualRuntimeQa.gd:204)
SCRIPT ERROR: Invalid call. Nonexistent function 'objective_icon_role' in base 'GDScript'.
   at: _add_objective_row_v152 (res://MainGame.gd:2181)
   GDScript backtrace (most recent call first):
       [0] _add_objective_row_v152 (res://MainGame.gd:2181)
       [1] _rebuild_quests (res://MainGame.gd:2206)
       [2] _refresh_all (res://MainGame.gd:688)
       [3] _reset_shared_state (res://P0TestHarness.gd:83)
       [4] apply_profile (res://P0TestHarness.gd:33)
       [5] _run_regression (res://V2021VisualRuntimeQa.gd:298)
       [6] run_acceptance (res://V2021VisualRuntimeQa.gd:63)
       [7] _capture_main_only (res://V2021VisualRuntimeQa.gd:142)
       [8] _capture (res://V2021VisualRuntimeQa.gd:182)
       [9] _grab_viewport_image (res://V2021VisualRuntimeQa.gd:204)
SCRIPT ERROR: Invalid call. Nonexistent function 'style_objective_header' in base 'GDScript'.
   at: _add_objective_header_v152 (res://MainGame.gd:2166)
   GDScript backtrace (most recent call first):
       [0] _add_objective_header_v152 (res://MainGame.gd:2166)
       [1] _rebuild_quests (res://MainGame.gd:2207)
       [2] _refresh_all (res://MainGame.gd:688)
       [3] _reset_shared_state (res://P0TestHarness.gd:83)
       [4] apply_profile (res://P0TestHarness.gd:33)
       [5] _run_regression (res://V2021VisualRuntimeQa.gd:298)
       [6] run_acceptance (res://V2021VisualRuntimeQa.gd:63)
       [7] _capture_main_only (res://V2021VisualRuntimeQa.gd:142)
       [8] _capture (res://V2021VisualRuntimeQa.gd:182)
       [9] _grab_viewport_image (res://V2021VisualRuntimeQa.gd:204)
SCRIPT ERROR: Invalid call. Nonexistent function 'objective_icon_role' in base 'GDScript'.
   at: _rebuild_quests (res://MainGame.gd:2214)
   GDScript backtrace (most recent call first):
       [0] _rebuild_quests (res://MainGame.gd:2214)
       [1] _refresh_all (res://MainGame.gd:688)
       [2] _reset_shared_state (res://P0TestHarness.gd:83)
       [3] apply_profile (res://P0TestHarness.gd:33)
       [4] _run_regression (res://V2021VisualRuntimeQa.gd:298)
       [5] run_acceptance (res://V2021VisualRuntimeQa.gd:63)
       [6] _capture_main_only (res://V2021VisualRuntimeQa.gd:142)
       [7] _capture (res://V2021VisualRuntimeQa.gd:182)
       [8] _grab_viewport_image (res://V2021VisualRuntimeQa.gd:204)
SCRIPT ERROR: Invalid call. Nonexistent function 'refresh_progression_state' in base 'GDScript'.
   at: _refresh_progression_p0 (res://MainGame.gd:2903)
   GDScript backtrace (most recent call first):
       [0] _refresh_progression_p0 (res://MainGame.gd:2903)
       [1] _refresh_all (res://MainGame.gd:696)
       [2] _reset_shared_state (res://P0TestHarness.gd:83)
       [3] apply_profile (res://P0TestHarness.gd:33)
       [4] _run_regression (res://V2021VisualRuntimeQa.gd:298)
       [5] run_acceptance (res://V2021VisualRuntimeQa.gd:63)
       [6] _capture_main_only (res://V2021VisualRuntimeQa.gd:142)
       [7] _capture (res://V2021VisualRuntimeQa.gd:182)
       [8] _grab_viewport_image (res://V2021VisualRuntimeQa.gd:204)
SCRIPT ERROR: Invalid call. Nonexistent function 'refresh_shop_state' in base 'GDScript'.
   at: _refresh_shop_p0 (res://MainGame.gd:2810)
   GDScript backtrace (most recent call first):
       [0] _refresh_shop_p0 (res://MainGame.gd:2810)
       [1] _refresh_all (res://MainGame.gd:697)
       [2] _reset_shared_state (res://P0TestHarness.gd:83)
       [3] apply_profile (res://P0TestHarness.gd:33)
       [4] _run_regression (res://V2021VisualRuntimeQa.gd:298)
       [5] run_acceptance (res://V2021VisualRuntimeQa.gd:63)
       [6] _capture_main_only (res://V2021VisualRuntimeQa.gd:142)
       [7] _capture (res://V2021VisualRuntimeQa.gd:182)
       [8] _grab_viewport_image (res://V2021VisualRuntimeQa.gd:204)
SCRIPT ERROR: Invalid call. Nonexistent function 'refresh_afk_state' in base 'GDScript'.
   at: _refresh_afk_p0 (res://MainGame.gd:2910)
   GDScript backtrace (most recent call first):
       [0] _refresh_afk_p0 (res://MainGame.gd:2910)
       [1] _refresh_all (res://MainGame.gd:698)
       [2] _reset_shared_state (res://P0TestHarness.gd:83)
       [3] apply_profile (res://P0TestHarness.gd:33)
       [4] _run_regression (res://V2021VisualRuntimeQa.gd:298)
       [5] run_acceptance (res://V2021VisualRuntimeQa.gd:63)
       [6] _capture_main_only (res://V2021VisualRuntimeQa.gd:142)
       [7] _capture (res://V2021VisualRuntimeQa.gd:182)
       [8] _grab_viewport_image (res://V2021VisualRuntimeQa.gd:204)
SCRIPT ERROR: Invalid call. Nonexistent function 'refresh_village_loop_state' in base 'GDScript'.
   at: _refresh_p0_village (res://MainGame.gd:2410)
   GDScript backtrace (most recent call first):
       [0] _refresh_p0_village (res://MainGame.gd:2410)
       [1] _reset_shared_state (res://P0TestHarness.gd:84)
       [2] apply_profile (res://P0TestHarness.gd:33)
       [3] _run_regression (res://V2021VisualRuntimeQa.gd:298)
       [4] run_acceptance (res://V2021VisualRuntimeQa.gd:63)
       [5] _capture_main_only (res://V2021VisualRuntimeQa.gd:142)
       [6] _capture (res://V2021VisualRuntimeQa.gd:182)
       [7] _grab_viewport_image (res://V2021VisualRuntimeQa.gd:204)
[CORE_ANALYTICS] {"event":"test_profile_applied","payload":{"profile":"fresh"},"time_unix":1789103615.767}
[CORE_ANALYTICS] {"event":"game_start","payload":{},"time_unix":1789103615.897}
SCRIPT ERROR: Invalid call. Nonexistent function 'refresh_home_loop_state' in base 'GDScript'.
   at: _update_monster_ui (res://MainGame.gd:1219)
   GDScript backtrace (most recent call first):
       [0] _update_monster_ui (res://MainGame.gd:1219)
       [1] _refresh_all (res://MainGame.gd:675)
       [2] @shields_setter (res://PlayerData.gd:14)
       [3] apply_save_data (res://PlayerData.gd:150)
       [4] load_game (res://SaveGame.gd:150)
       [5] _ready (res://MainGame.gd:515)
SCRIPT ERROR: Invalid call. Nonexistent function 'refresh_village_loop_state' in base 'GDScript'.
   at: _refresh_p0_village (res://MainGame.gd:2410)
   GDScript backtrace (most recent call first):
       [0] _refresh_p0_village (res://MainGame.gd:2410)
       [1] _refresh_all (res://MainGame.gd:680)
       [2] @shields_setter (res://PlayerData.gd:14)
       [3] apply_save_data (res://PlayerData.gd:150)
       [4] load_game (res://SaveGame.gd:150)
       [5] _ready (res://MainGame.gd:515)
SCRIPT ERROR: Invalid call. Nonexistent function 'refresh_reward_session_state' in base 'GDScript'.
   at: _refresh_meta_ui (res://MainGame.gd:1004)
   GDScript backtrace (most recent call first):
       [0] _refresh_meta_ui (res://MainGame.gd:1004)
       [1] _refresh_all (res://MainGame.gd:683)
       [2] @shields_setter (res://PlayerData.gd:14)
       [3] apply_save_data (res://PlayerData.gd:150)
       [4] load_game (res://SaveGame.gd:150)
       [5] _ready (res://MainGame.gd:515)
SCRIPT ERROR: Invalid call. Nonexistent function 'style_objective_header' in base 'GDScript'.
   at: _add_objective_header_v152 (res://MainGame.gd:2166)
   GDScript backtrace (most recent call first):
       [0] _add_objective_header_v152 (res://MainGame.gd:2166)
       [1] _rebuild_quests (res://MainGame.gd:2205)
       [2] _refresh_all (res://MainGame.gd:688)
       [3] @shields_setter (res://PlayerData.gd:14)
       [4] apply_save_data (res://PlayerData.gd:150)
       [5] load_game (res://SaveGame.gd:150)
       [6] _ready (res://MainGame.gd:515)
SCRIPT ERROR: Invalid call. Nonexistent function 'objective_icon_role' in base 'GDScript'.
   at: _add_objective_row_v152 (res://MainGame.gd:2181)
   GDScript backtrace (most recent call first):
       [0] _add_objective_row_v152 (res://MainGame.gd:2181)
       [1] _rebuild_quests (res://MainGame.gd:2206)
       [2] _refresh_all (res://MainGame.gd:688)
       [3] @shields_setter (res://PlayerData.gd:14)
       [4] apply_save_data (res://PlayerData.gd:150)
       [5] load_game (res://SaveGame.gd:150)
       [6] _ready (res://MainGame.gd:515)
SCRIPT ERROR: Invalid call. Nonexistent function 'objective_icon_role' in base 'GDScript'.
   at: _add_objective_row_v152 (res://MainGame.gd:2181)
   GDScript backtrace (most recent call first):
       [0] _add_objective_row_v152 (res://MainGame.gd:2181)
       [1] _rebuild_quests (res://MainGame.gd:2206)
       [2] _refresh_all (res://MainGame.gd:688)
       [3] @shields_setter (res://PlayerData.gd:14)
       [4] apply_save_data (res://PlayerData.gd:150)
       [5] load_game (res://SaveGame.gd:150)
       [6] _ready (res://MainGame.gd:515)
SCRIPT ERROR: Invalid call. Nonexistent function 'objective_icon_role' in base 'GDScript'.
   at: _add_objective_row_v152 (res://MainGame.gd:2181)
   GDScript backtrace (most recent call first):
       [0] _add_objective_row_v152 (res://MainGame.gd:2181)
       [1] _rebuild_quests (res://MainGame.gd:2206)
       [2] _refresh_all (res://MainGame.gd:688)
       [3] @shields_setter (res://PlayerData.gd:14)
       [4] apply_save_data (res://PlayerData.gd:150)
       [5] load_game (res://SaveGame.gd:150)
       [6] _ready (res://MainGame.gd:515)
SCRIPT ERROR: Invalid call. Nonexistent function 'style_objective_header' in base 'GDScript'.
   at: _add_objective_header_v152 (res://MainGame.gd:2166)
   GDScript backtrace (most recent call first):
       [0] _add_objective_header_v152 (res://MainGame.gd:2166)
       [1] _rebuild_quests (res://MainGame.gd:2205)
       [2] _refresh_all (res://MainGame.gd:688)
       [3] @shields_setter (res://PlayerData.gd:14)
       [4] apply_save_data (res://PlayerData.gd:150)
       [5] load_game (res://SaveGame.gd:150)
       [6] _ready (res://MainGame.gd:515)
SCRIPT ERROR: Invalid call. Nonexistent function 'objective_icon_role' in base 'GDScript'.
   at: _add_objective_row_v152 (res://MainGame.gd:2181)
   GDScript backtrace (most recent call first):
       [0] _add_objective_row_v152 (res://MainGame.gd:2181)
       [1] _rebuild_quests (res://MainGame.gd:2206)
       [2] _refresh_all (res://MainGame.gd:688)
       [3] @shields_setter (res://PlayerData.gd:14)
       [4] apply_save_data (res://PlayerData.gd:150)
       [5] load_game (res://SaveGame.gd:150)
       [6] _ready (res://MainGame.gd:515)
SCRIPT ERROR: Invalid call. Nonexistent function 'objective_icon_role' in base 'GDScript'.
   at: _add_objective_row_v152 (res://MainGame.gd:2181)
   GDScript backtrace (most recent call first):
       [0] _add_objective_row_v152 (res://MainGame.gd:2181)
       [1] _rebuild_quests (res://MainGame.gd:2206)
       [2] _refresh_all (res://MainGame.gd:688)
       [3] @shields_setter (res://PlayerData.gd:14)
       [4] apply_save_data (res://PlayerData.gd:150)
       [5] load_game (res://SaveGame.gd:150)
       [6] _ready (res://MainGame.gd:515)
SCRIPT ERROR: Invalid call. Nonexistent function 'objective_icon_role' in base 'GDScript'.
   at: _add_objective_row_v152 (res://MainGame.gd:2181)
   GDScript backtrace (most recent call first):
       [0] _add_objective_row_v152 (res://MainGame.gd:2181)
       [1] _rebuild_quests (res://MainGame.gd:2206)
       [2] _refresh_all (res://MainGame.gd:688)
       [3] @shields_setter (res://PlayerData.gd:14)
       [4] apply_save_data (res://PlayerData.gd:150)
       [5] load_game (res://SaveGame.gd:150)
       [6] _ready (res://MainGame.gd:515)
SCRIPT ERROR: Invalid call. Nonexistent function 'style_objective_header' in base 'GDScript'.
   at: _add_objective_header_v152 (res://MainGame.gd:2166)
   GDScript backtrace (most recent call first):
       [0] _add_objective_header_v152 (res://MainGame.gd:2166)
       [1] _rebuild_quests (res://MainGame.gd:2205)
       [2] _refresh_all (res://MainGame.gd:688)
       [3] @shields_setter (res://PlayerData.gd:14)
       [4] apply_save_data (res://PlayerData.gd:150)
       [5] load_game (res://SaveGame.gd:150)
       [6] _ready (res://MainGame.gd:515)
SCRIPT ERROR: Invalid call. Nonexistent function 'objective_icon_role' in base 'GDScript'.
   at: _add_objective_row_v152 (res://MainGame.gd:2181)
   GDScript backtrace (most recent call first):
       [0] _add_objective_row_v152 (res://MainGame.gd:2181)
       [1] _rebuild_quests (res://MainGame.gd:2206)
       [2] _refresh_all (res://MainGame.gd:688)
       [3] @shields_setter (res://PlayerData.gd:14)
       [4] apply_save_data (res://PlayerData.gd:150)
       [5] load_game (res://SaveGame.gd:150)
       [6] _ready (res://MainGame.gd:515)
SCRIPT ERROR: Invalid call. Nonexistent function 'objective_icon_role' in base 'GDScript'.
   at: _add_objective_row_v152 (res://MainGame.gd:2181)
   GDScript backtrace (most recent call first):
       [0] _add_objective_row_v152 (res://MainGame.gd:2181)
       [1] _rebuild_quests (res://MainGame.gd:2206)
       [2] _refresh_all (res://MainGame.gd:688)
       [3] @shields_setter (res://PlayerData.gd:14)
       [4] apply_save_data (res://PlayerData.gd:150)
       [5] load_game (res://SaveGame.gd:150)
       [6] _ready (res://MainGame.gd:515)
SCRIPT ERROR: Invalid call. Nonexistent function 'objective_icon_role' in base 'GDScript'.
   at: _add_objective_row_v152 (res://MainGame.gd:2181)
   GDScript backtrace (most recent call first):
       [0] _add_objective_row_v152 (res://MainGame.gd:2181)
       [1] _rebuild_quests (res://MainGame.gd:2206)
       [2] _refresh_all (res://MainGame.gd:688)
       [3] @shields_setter (res://PlayerData.gd:14)
       [4] apply_save_data (res://PlayerData.gd:150)
       [5] load_game (res://SaveGame.gd:150)
       [6] _ready (res://MainGame.gd:515)
SCRIPT ERROR: Invalid call. Nonexistent function 'objective_icon_role' in base 'GDScript'.
   at: _add_objective_row_v152 (res://MainGame.gd:2181)
   GDScript backtrace (most recent call first):
       [0] _add_objective_row_v152 (res://MainGame.gd:2181)
       [1] _rebuild_quests (res://MainGame.gd:2206)
       [2] _refresh_all (res://MainGame.gd:688)
       [3] @shields_setter (res://PlayerData.gd:14)
       [4] apply_save_data (res://PlayerData.gd:150)
       [5] load_game (res://SaveGame.gd:150)
       [6] _ready (res://MainGame.gd:515)
SCRIPT ERROR: Invalid call. Nonexistent function 'objective_icon_role' in base 'GDScript'.
   at: _add_objective_row_v152 (res://MainGame.gd:2181)
   GDScript backtrace (most recent call first):
       [0] _add_objective_row_v152 (res://MainGame.gd:2181)
       [1] _rebuild_quests (res://MainGame.gd:2206)
       [2] _refresh_all (res://MainGame.gd:688)
       [3] @shields_setter (res://PlayerData.gd:14)
       [4] apply_save_data (res://PlayerData.gd:150)
       [5] load_game (res://SaveGame.gd:150)
       [6] _ready (res://MainGame.gd:515)
SCRIPT ERROR: Invalid call. Nonexistent function 'style_objective_header' in base 'GDScript'.
   at: _add_objective_header_v152 (res://MainGame.gd:2166)
   GDScript backtrace (most recent call first):
       [0] _add_objective_header_v152 (res://MainGame.gd:2166)
       [1] _rebuild_quests (res://MainGame.gd:2207)
       [2] _refresh_all (res://MainGame.gd:688)
       [3] @shields_setter (res://PlayerData.gd:14)
       [4] apply_save_data (res://PlayerData.gd:150)
       [5] load_game (res://SaveGame.gd:150)
       [6] _ready (res://MainGame.gd:515)
SCRIPT ERROR: Invalid call. Nonexistent function 'objective_icon_role' in base 'GDScript'.
   at: _rebuild_quests (res://MainGame.gd:2214)
   GDScript backtrace (most recent call first):
       [0] _rebuild_quests (res://MainGame.gd:2214)
       [1] _refresh_all (res://MainGame.gd:688)
       [2] @shields_setter (res://PlayerData.gd:14)
       [3] apply_save_data (res://PlayerData.gd:150)
       [4] load_game (res://SaveGame.gd:150)
       [5] _ready (res://MainGame.gd:515)
SCRIPT ERROR: Invalid call. Nonexistent function 'refresh_progression_state' in base 'GDScript'.
   at: _refresh_progression_p0 (res://MainGame.gd:2903)
   GDScript backtrace (most recent call first):
       [0] _refresh_progression_p0 (res://MainGame.gd:2903)
       [1] _refresh_all (res://MainGame.gd:696)
       [2] @shields_setter (res://PlayerData.gd:14)
       [3] apply_save_data (res://PlayerData.gd:150)
       [4] load_game (res://SaveGame.gd:150)
       [5] _ready (res://MainGame.gd:515)
SCRIPT ERROR: Invalid call. Nonexistent function 'refresh_shop_state' in base 'GDScript'.
   at: _refresh_shop_p0 (res://MainGame.gd:2810)
   GDScript backtrace (most recent call first):
       [0] _refresh_shop_p0 (res://MainGame.gd:2810)
       [1] _refresh_all (res://MainGame.gd:697)
       [2] @shields_setter (res://PlayerData.gd:14)
       [3] apply_save_data (res://PlayerData.gd:150)
       [4] load_game (res://SaveGame.gd:150)
       [5] _ready (res://MainGame.gd:515)
SCRIPT ERROR: Invalid call. Nonexistent function 'refresh_afk_state' in base 'GDScript'.
   at: _refresh_afk_p0 (res://MainGame.gd:2910)
   GDScript backtrace (most recent call first):
       [0] _refresh_afk_p0 (res://MainGame.gd:2910)
       [1] _refresh_all (res://MainGame.gd:698)
       [2] @shields_setter (res://PlayerData.gd:14)
       [3] apply_save_data (res://PlayerData.gd:150)
       [4] load_game (res://SaveGame.gd:150)
       [5] _ready (res://MainGame.gd:515)
SCRIPT ERROR: Invalid call. Nonexistent function 'refresh_home_loop_state' in base 'GDScript'.
   at: _update_monster_ui (res://MainGame.gd:1219)
   GDScript backtrace (most recent call first):
       [0] _update_monster_ui (res://MainGame.gd:1219)
       [1] _refresh_all (res://MainGame.gd:675)
       [2] apply_save_data (res://PlayerData.gd:163)
       [3] load_game (res://SaveGame.gd:150)
       [4] _ready (res://MainGame.gd:515)
SCRIPT ERROR: Invalid call. Nonexistent function 'refresh_village_loop_state' in base 'GDScript'.
   at: _refresh_p0_village (res://MainGame.gd:2410)
   GDScript backtrace (most recent call first):
       [0] _refresh_p0_village (res://MainGame.gd:2410)
       [1] _refresh_all (res://MainGame.gd:680)
       [2] apply_save_data (res://PlayerData.gd:163)
       [3] load_game (res://SaveGame.gd:150)
       [4] _ready (res://MainGame.gd:515)
SCRIPT ERROR: Invalid call. Nonexistent function 'refresh_reward_session_state' in base 'GDScript'.
   at: _refresh_meta_ui (res://MainGame.gd:1004)
   GDScript backtrace (most recent call first):
       [0] _refresh_meta_ui (res://MainGame.gd:1004)
       [1] _refresh_all (res://MainGame.gd:683)
       [2] apply_save_data (res://PlayerData.gd:163)
       [3] load_game (res://SaveGame.gd:150)
       [4] _ready (res://MainGame.gd:515)
SCRIPT ERROR: Invalid call. Nonexistent function 'style_objective_header' in base 'GDScript'.
   at: _add_objective_header_v152 (res://MainGame.gd:2166)
   GDScript backtrace (most recent call first):
       [0] _add_objective_header_v152 (res://MainGame.gd:2166)
       [1] _rebuild_quests (res://MainGame.gd:2205)
       [2] _refresh_all (res://MainGame.gd:688)
       [3] apply_save_data (res://PlayerData.gd:163)
       [4] load_game (res://SaveGame.gd:150)
       [5] _ready (res://MainGame.gd:515)
SCRIPT ERROR: Invalid call. Nonexistent function 'objective_icon_role' in base 'GDScript'.
   at: _add_objective_row_v152 (res://MainGame.gd:2181)
   GDScript backtrace (most recent call first):
       [0] _add_objective_row_v152 (res://MainGame.gd:2181)
       [1] _rebuild_quests (res://MainGame.gd:2206)
       [2] _refresh_all (res://MainGame.gd:688)
       [3] apply_save_data (res://PlayerData.gd:163)
       [4] load_game (res://SaveGame.gd:150)
       [5] _ready (res://MainGame.gd:515)
SCRIPT ERROR: Invalid call. Nonexistent function 'objective_icon_role' in base 'GDScript'.
   at: _add_objective_row_v152 (res://MainGame.gd:2181)
   GDScript backtrace (most recent call first):
       [0] _add_objective_row_v152 (res://MainGame.gd:2181)
       [1] _rebuild_quests (res://MainGame.gd:2206)
       [2] _refresh_all (res://MainGame.gd:688)
       [3] apply_save_data (res://PlayerData.gd:163)
       [4] load_game (res://SaveGame.gd:150)
       [5] _ready (res://MainGame.gd:515)
SCRIPT ERROR: Invalid call. Nonexistent function 'objective_icon_role' in base 'GDScript'.
   at: _add_objective_row_v152 (res://MainGame.gd:2181)
   GDScript backtrace (most recent call first):
       [0] _add_objective_row_v152 (res://MainGame.gd:2181)
       [1] _rebuild_quests (res://MainGame.gd:2206)
       [2] _refresh_all (res://MainGame.gd:688)
       [3] apply_save_data (res://PlayerData.gd:163)
       [4] load_game (res://SaveGame.gd:150)
       [5] _ready (res://MainGame.gd:515)
SCRIPT ERROR: Invalid call. Nonexistent function 'style_objective_header' in base 'GDScript'.
   at: _add_objective_header_v152 (res://MainGame.gd:2166)
   GDScript backtrace (most recent call first):
       [0] _add_objective_header_v152 (res://MainGame.gd:2166)
       [1] _rebuild_quests (res://MainGame.gd:2205)
       [2] _refresh_all (res://MainGame.gd:688)
       [3] apply_save_data (res://PlayerData.gd:163)
       [4] load_game (res://SaveGame.gd:150)
       [5] _ready (res://MainGame.gd:515)
SCRIPT ERROR: Invalid call. Nonexistent function 'objective_icon_role' in base 'GDScript'.
   at: _add_objective_row_v152 (res://MainGame.gd:2181)
   GDScript backtrace (most recent call first):
       [0] _add_objective_row_v152 (res://MainGame.gd:2181)
       [1] _rebuild_quests (res://MainGame.gd:2206)
       [2] _refresh_all (res://MainGame.gd:688)
       [3] apply_save_data (res://PlayerData.gd:163)
       [4] load_game (res://SaveGame.gd:150)
       [5] _ready (res://MainGame.gd:515)
SCRIPT ERROR: Invalid call. Nonexistent function 'objective_icon_role' in base 'GDScript'.
   at: _add_objective_row_v152 (res://MainGame.gd:2181)
   GDScript backtrace (most recent call first):
       [0] _add_objective_row_v152 (res://MainGame.gd:2181)
       [1] _rebuild_quests (res://MainGame.gd:2206)
       [2] _refresh_all (res://MainGame.gd:688)
       [3] apply_save_data (res://PlayerData.gd:163)
       [4] load_game (res://SaveGame.gd:150)
       [5] _ready (res://MainGame.gd:515)
SCRIPT ERROR: Invalid call. Nonexistent function 'objective_icon_role' in base 'GDScript'.
   at: _add_objective_row_v152 (res://MainGame.gd:2181)
   GDScript backtrace (most recent call first):
       [0] _add_objective_row_v152 (res://MainGame.gd:2181)
       [1] _rebuild_quests (res://MainGame.gd:2206)
       [2] _refresh_all (res://MainGame.gd:688)
       [3] apply_save_data (res://PlayerData.gd:163)
       [4] load_game (res://SaveGame.gd:150)
       [5] _ready (res://MainGame.gd:515)
SCRIPT ERROR: Invalid call. Nonexistent function 'style_objective_header' in base 'GDScript'.
   at: _add_objective_header_v152 (res://MainGame.gd:2166)
   GDScript backtrace (most recent call first):
       [0] _add_objective_header_v152 (res://MainGame.gd:2166)
       [1] _rebuild_quests (res://MainGame.gd:2205)
       [2] _refresh_all (res://MainGame.gd:688)
       [3] apply_save_data (res://PlayerData.gd:163)
       [4] load_game (res://SaveGame.gd:150)
       [5] _ready (res://MainGame.gd:515)
SCRIPT ERROR: Invalid call. Nonexistent function 'objective_icon_role' in base 'GDScript'.
   at: _add_objective_row_v152 (res://MainGame.gd:2181)
   GDScript backtrace (most recent call first):
       [0] _add_objective_row_v152 (res://MainGame.gd:2181)
       [1] _rebuild_quests (res://MainGame.gd:2206)
       [2] _refresh_all (res://MainGame.gd:688)
       [3] apply_save_data (res://PlayerData.gd:163)
       [4] load_game (res://SaveGame.gd:150)
       [5] _ready (res://MainGame.gd:515)
SCRIPT ERROR: Invalid call. Nonexistent function 'objective_icon_role' in base 'GDScript'.
   at: _add_objective_row_v152 (res://MainGame.gd:2181)
   GDScript backtrace (most recent call first):
       [0] _add_objective_row_v152 (res://MainGame.gd:2181)
       [1] _rebuild_quests (res://MainGame.gd:2206)
       [2] _refresh_all (res://MainGame.gd:688)
       [3] apply_save_data (res://PlayerData.gd:163)
       [4] load_game (res://SaveGame.gd:150)
       [5] _ready (res://MainGame.gd:515)
SCRIPT ERROR: Invalid call. Nonexistent function 'objective_icon_role' in base 'GDScript'.
   at: _add_objective_row_v152 (res://MainGame.gd:2181)
   GDScript backtrace (most recent call first):
       [0] _add_objective_row_v152 (res://MainGame.gd:2181)
       [1] _rebuild_quests (res://MainGame.gd:2206)
       [2] _refresh_all (res://MainGame.gd:688)
       [3] apply_save_data (res://PlayerData.gd:163)
       [4] load_game (res://SaveGame.gd:150)
       [5] _ready (res://MainGame.gd:515)
SCRIPT ERROR: Invalid call. Nonexistent function 'objective_icon_role' in base 'GDScript'.
   at: _add_objective_row_v152 (res://MainGame.gd:2181)
   GDScript backtrace (most recent call first):
       [0] _add_objective_row_v152 (res://MainGame.gd:2181)
       [1] _rebuild_quests (res://MainGame.gd:2206)
       [2] _refresh_all (res://MainGame.gd:688)
       [3] apply_save_data (res://PlayerData.gd:163)
       [4] load_game (res://SaveGame.gd:150)
       [5] _ready (res://MainGame.gd:515)
SCRIPT ERROR: Invalid call. Nonexistent function 'objective_icon_role' in base 'GDScript'.
   at: _add_objective_row_v152 (res://MainGame.gd:2181)
   GDScript backtrace (most recent call first):
       [0] _add_objective_row_v152 (res://MainGame.gd:2181)
       [1] _rebuild_quests (res://MainGame.gd:2206)
       [2] _refresh_all (res://MainGame.gd:688)
       [3] apply_save_data (res://PlayerData.gd:163)
       [4] load_game (res://SaveGame.gd:150)
       [5] _ready (res://MainGame.gd:515)
SCRIPT ERROR: Invalid call. Nonexistent function 'style_objective_header' in base 'GDScript'.
   at: _add_objective_header_v152 (res://MainGame.gd:2166)
   GDScript backtrace (most recent call first):
       [0] _add_objective_header_v152 (res://MainGame.gd:2166)
       [1] _rebuild_quests (res://MainGame.gd:2207)
       [2] _refresh_all (res://MainGame.gd:688)
       [3] apply_save_data (res://PlayerData.gd:163)
       [4] load_game (res://SaveGame.gd:150)
       [5] _ready (res://MainGame.gd:515)
SCRIPT ERROR: Invalid call. Nonexistent function 'objective_icon_role' in base 'GDScript'.
   at: _rebuild_quests (res://MainGame.gd:2214)
   GDScript backtrace (most recent call first):
       [0] _rebuild_quests (res://MainGame.gd:2214)
       [1] _refresh_all (res://MainGame.gd:688)
       [2] apply_save_data (res://PlayerData.gd:163)
       [3] load_game (res://SaveGame.gd:150)
       [4] _ready (res://MainGame.gd:515)
SCRIPT ERROR: Invalid call. Nonexistent function 'refresh_progression_state' in base 'GDScript'.
   at: _refresh_progression_p0 (res://MainGame.gd:2903)
   GDScript backtrace (most recent call first):
       [0] _refresh_progression_p0 (res://MainGame.gd:2903)
       [1] _refresh_all (res://MainGame.gd:696)
       [2] apply_save_data (res://PlayerData.gd:163)
       [3] load_game (res://SaveGame.gd:150)
       [4] _ready (res://MainGame.gd:515)
SCRIPT ERROR: Invalid call. Nonexistent function 'refresh_shop_state' in base 'GDScript'.
   at: _refresh_shop_p0 (res://MainGame.gd:2810)
   GDScript backtrace (most recent call first):
       [0] _refresh_shop_p0 (res://MainGame.gd:2810)
       [1] _refresh_all (res://MainGame.gd:697)
       [2] apply_save_data (res://PlayerData.gd:163)
       [3] load_game (res://SaveGame.gd:150)
       [4] _ready (res://MainGame.gd:515)
SCRIPT ERROR: Invalid call. Nonexistent function 'refresh_afk_state' in base 'GDScript'.
   at: _refresh_afk_p0 (res://MainGame.gd:2910)
   GDScript backtrace (most recent call first):
       [0] _refresh_afk_p0 (res://MainGame.gd:2910)
       [1] _refresh_all (res://MainGame.gd:698)
       [2] apply_save_data (res://PlayerData.gd:163)
       [3] load_game (res://SaveGame.gd:150)
       [4] _ready (res://MainGame.gd:515)
SCRIPT ERROR: Invalid call. Nonexistent function 'refresh_home_loop_state' in base 'GDScript'.
   at: _update_monster_ui (res://MainGame.gd:1219)
   GDScript backtrace (most recent call first):
       [0] _update_monster_ui (res://MainGame.gd:1219)
       [1] apply_save_data (res://PlayerData.gd:164)
       [2] load_game (res://SaveGame.gd:150)
       [3] _ready (res://MainGame.gd:515)
SCRIPT ERROR: Invalid call. Nonexistent function 'refresh_home_loop_state' in base 'GDScript'.
   at: _update_monster_ui (res://MainGame.gd:1219)
   GDScript backtrace (most recent call first):
       [0] _update_monster_ui (res://MainGame.gd:1219)
       [1] _refresh_all (res://MainGame.gd:675)
       [2] apply_save_data (res://PlayerData.gd:165)
       [3] load_game (res://SaveGame.gd:150)
       [4] _ready (res://MainGame.gd:515)
SCRIPT ERROR: Invalid call. Nonexistent function 'refresh_village_loop_state' in base 'GDScript'.
   at: _refresh_p0_village (res://MainGame.gd:2410)
   GDScript backtrace (most recent call first):
       [0] _refresh_p0_village (res://MainGame.gd:2410)
       [1] _refresh_all (res://MainGame.gd:680)
       [2] apply_save_data (res://PlayerData.gd:165)
       [3] load_game (res://SaveGame.gd:150)
       [4] _ready (res://MainGame.gd:515)
SCRIPT ERROR: Invalid call. Nonexistent function 'refresh_reward_session_state' in base 'GDScript'.
   at: _refresh_meta_ui (res://MainGame.gd:1004)
   GDScript backtrace (most recent call first):
       [0] _refresh_meta_ui (res://MainGame.gd:1004)
       [1] _refresh_all (res://MainGame.gd:683)
       [2] apply_save_data (res://PlayerData.gd:165)
       [3] load_game (res://SaveGame.gd:150)
       [4] _ready (res://MainGame.gd:515)
SCRIPT ERROR: Invalid call. Nonexistent function 'style_objective_header' in base 'GDScript'.
   at: _add_objective_header_v152 (res://MainGame.gd:2166)
   GDScript backtrace (most recent call first):
       [0] _add_objective_header_v152 (res://MainGame.gd:2166)
       [1] _rebuild_quests (res://MainGame.gd:2205)
       [2] _refresh_all (res://MainGame.gd:688)
       [3] apply_save_data (res://PlayerData.gd:165)
       [4] load_game (res://SaveGame.gd:150)
       [5] _ready (res://MainGame.gd:515)
SCRIPT ERROR: Invalid call. Nonexistent function 'objective_icon_role' in base 'GDScript'.
   at: _add_objective_row_v152 (res://MainGame.gd:2181)
   GDScript backtrace (most recent call first):
       [0] _add_objective_row_v152 (res://MainGame.gd:2181)
       [1] _rebuild_quests (res://MainGame.gd:2206)
       [2] _refresh_all (res://MainGame.gd:688)
       [3] apply_save_data (res://PlayerData.gd:165)
       [4] load_game (res://SaveGame.gd:150)
       [5] _ready (res://MainGame.gd:515)
SCRIPT ERROR: Invalid call. Nonexistent function 'objective_icon_role' in base 'GDScript'.
   at: _add_objective_row_v152 (res://MainGame.gd:2181)
   GDScript backtrace (most recent call first):
       [0] _add_objective_row_v152 (res://MainGame.gd:2181)
       [1] _rebuild_quests (res://MainGame.gd:2206)
       [2] _refresh_all (res://MainGame.gd:688)
       [3] apply_save_data (res://PlayerData.gd:165)
       [4] load_game (res://SaveGame.gd:150)
       [5] _ready (res://MainGame.gd:515)
SCRIPT ERROR: Invalid call. Nonexistent function 'objective_icon_role' in base 'GDScript'.
   at: _add_objective_row_v152 (res://MainGame.gd:2181)
   GDScript backtrace (most recent call first):
       [0] _add_objective_row_v152 (res://MainGame.gd:2181)
       [1] _rebuild_quests (res://MainGame.gd:2206)
       [2] _refresh_all (res://MainGame.gd:688)
       [3] apply_save_data (res://PlayerData.gd:165)
       [4] load_game (res://SaveGame.gd:150)
       [5] _ready (res://MainGame.gd:515)
SCRIPT ERROR: Invalid call. Nonexistent function 'style_objective_header' in base 'GDScript'.
   at: _add_objective_header_v152 (res://MainGame.gd:2166)
   GDScript backtrace (most recent call first):
       [0] _add_objective_header_v152 (res://MainGame.gd:2166)
       [1] _rebuild_quests (res://MainGame.gd:2205)
       [2] _refresh_all (res://MainGame.gd:688)
       [3] apply_save_data (res://PlayerData.gd:165)
       [4] load_game (res://SaveGame.gd:150)
       [5] _ready (res://MainGame.gd:515)
SCRIPT ERROR: Invalid call. Nonexistent function 'objective_icon_role' in base 'GDScript'.
   at: _add_objective_row_v152 (res://MainGame.gd:2181)
   GDScript backtrace (most recent call first):
       [0] _add_objective_row_v152 (res://MainGame.gd:2181)
       [1] _rebuild_quests (res://MainGame.gd:2206)
       [2] _refresh_all (res://MainGame.gd:688)
       [3] apply_save_data (res://PlayerData.gd:165)
       [4] load_game (res://SaveGame.gd:150)
       [5] _ready (res://MainGame.gd:515)
SCRIPT ERROR: Invalid call. Nonexistent function 'objective_icon_role' in base 'GDScript'.
   at: _add_objective_row_v152 (res://MainGame.gd:2181)
   GDScript backtrace (most recent call first):
       [0] _add_objective_row_v152 (res://MainGame.gd:2181)
       [1] _rebuild_quests (res://MainGame.gd:2206)
       [2] _refresh_all (res://MainGame.gd:688)
       [3] apply_save_data (res://PlayerData.gd:165)
       [4] load_game (res://SaveGame.gd:150)
       [5] _ready (res://MainGame.gd:515)
SCRIPT ERROR: Invalid call. Nonexistent function 'objective_icon_role' in base 'GDScript'.
   at: _add_objective_row_v152 (res://MainGame.gd:2181)
   GDScript backtrace (most recent call first):
       [0] _add_objective_row_v152 (res://MainGame.gd:2181)
       [1] _rebuild_quests (res://MainGame.gd:2206)
       [2] _refresh_all (res://MainGame.gd:688)
       [3] apply_save_data (res://PlayerData.gd:165)
       [4] load_game (res://SaveGame.gd:150)
       [5] _ready (res://MainGame.gd:515)
SCRIPT ERROR: Invalid call. Nonexistent function 'style_objective_header' in base 'GDScript'.
   at: _add_objective_header_v152 (res://MainGame.gd:2166)
   GDScript backtrace (most recent call first):
       [0] _add_objective_header_v152 (res://MainGame.gd:2166)
       [1] _rebuild_quests (res://MainGame.gd:2205)
       [2] _refresh_all (res://MainGame.gd:688)
       [3] apply_save_data (res://PlayerData.gd:165)
       [4] load_game (res://SaveGame.gd:150)
       [5] _ready (res://MainGame.gd:515)
SCRIPT ERROR: Invalid call. Nonexistent function 'objective_icon_role' in base 'GDScript'.
   at: _add_objective_row_v152 (res://MainGame.gd:2181)
   GDScript backtrace (most recent call first):
       [0] _add_objective_row_v152 (res://MainGame.gd:2181)
       [1] _rebuild_quests (res://MainGame.gd:2206)
       [2] _refresh_all (res://MainGame.gd:688)
       [3] apply_save_data (res://PlayerData.gd:165)
       [4] load_game (res://SaveGame.gd:150)
       [5] _ready (res://MainGame.gd:515)
SCRIPT ERROR: Invalid call. Nonexistent function 'objective_icon_role' in base 'GDScript'.
   at: _add_objective_row_v152 (res://MainGame.gd:2181)
   GDScript backtrace (most recent call first):
       [0] _add_objective_row_v152 (res://MainGame.gd:2181)
       [1] _rebuild_quests (res://MainGame.gd:2206)
       [2] _refresh_all (res://MainGame.gd:688)
       [3] apply_save_data (res://PlayerData.gd:165)
       [4] load_game (res://SaveGame.gd:150)
       [5] _ready (res://MainGame.gd:515)
SCRIPT ERROR: Invalid call. Nonexistent function 'objective_icon_role' in base 'GDScript'.
   at: _add_objective_row_v152 (res://MainGame.gd:2181)
   GDScript backtrace (most recent call first):
       [0] _add_objective_row_v152 (res://MainGame.gd:2181)
       [1] _rebuild_quests (res://MainGame.gd:2206)
       [2] _refresh_all (res://MainGame.gd:688)
       [3] apply_save_data (res://PlayerData.gd:165)
       [4] load_game (res://SaveGame.gd:150)
       [5] _ready (res://MainGame.gd:515)
SCRIPT ERROR: Invalid call. Nonexistent function 'objective_icon_role' in base 'GDScript'.
   at: _add_objective_row_v152 (res://MainGame.gd:2181)
   GDScript backtrace (most recent call first):
       [0] _add_objective_row_v152 (res://MainGame.gd:2181)
       [1] _rebuild_quests (res://MainGame.gd:2206)
       [2] _refresh_all (res://MainGame.gd:688)
       [3] apply_save_data (res://PlayerData.gd:165)
       [4] load_game (res://SaveGame.gd:150)
       [5] _ready (res://MainGame.gd:515)
SCRIPT ERROR: Invalid call. Nonexistent function 'objective_icon_role' in base 'GDScript'.
   at: _add_objective_row_v152 (res://MainGame.gd:2181)
   GDScript backtrace (most recent call first):
       [0] _add_objective_row_v152 (res://MainGame.gd:2181)
       [1] _rebuild_quests (res://MainGame.gd:2206)
       [2] _refresh_all (res://MainGame.gd:688)
       [3] apply_save_data (res://PlayerData.gd:165)
       [4] load_game (res://SaveGame.gd:150)
       [5] _ready (res://MainGame.gd:515)
SCRIPT ERROR: Invalid call. Nonexistent function 'style_objective_header' in base 'GDScript'.
   at: _add_objective_header_v152 (res://MainGame.gd:2166)
   GDScript backtrace (most recent call first):
       [0] _add_objective_header_v152 (res://MainGame.gd:2166)
       [1] _rebuild_quests (res://MainGame.gd:2207)
       [2] _refresh_all (res://MainGame.gd:688)
       [3] apply_save_data (res://PlayerData.gd:165)
       [4] load_game (res://SaveGame.gd:150)
       [5] _ready (res://MainGame.gd:515)
SCRIPT ERROR: Invalid call. Nonexistent function 'objective_icon_role' in base 'GDScript'.
   at: _rebuild_quests (res://MainGame.gd:2214)
   GDScript backtrace (most recent call first):
       [0] _rebuild_quests (res://MainGame.gd:2214)
       [1] _refresh_all (res://MainGame.gd:688)
       [2] apply_save_data (res://PlayerData.gd:165)
       [3] load_game (res://SaveGame.gd:150)
       [4] _ready (res://MainGame.gd:515)
SCRIPT ERROR: Invalid call. Nonexistent function 'refresh_progression_state' in base 'GDScript'.
   at: _refresh_progression_p0 (res://MainGame.gd:2903)
   GDScript backtrace (most recent call first):
       [0] _refresh_progression_p0 (res://MainGame.gd:2903)
       [1] _refresh_all (res://MainGame.gd:696)
       [2] apply_save_data (res://PlayerData.gd:165)
       [3] load_game (res://SaveGame.gd:150)
       [4] _ready (res://MainGame.gd:515)
SCRIPT ERROR: Invalid call. Nonexistent function 'refresh_shop_state' in base 'GDScript'.
   at: _refresh_shop_p0 (res://MainGame.gd:2810)
   GDScript backtrace (most recent call first):
       [0] _refresh_shop_p0 (res://MainGame.gd:2810)
       [1] _refresh_all (res://MainGame.gd:697)
       [2] apply_save_data (res://PlayerData.gd:165)
       [3] load_game (res://SaveGame.gd:150)
       [4] _ready (res://MainGame.gd:515)
SCRIPT ERROR: Invalid call. Nonexistent function 'refresh_afk_state' in base 'GDScript'.
   at: _refresh_afk_p0 (res://MainGame.gd:2910)
   GDScript backtrace (most recent call first):
       [0] _refresh_afk_p0 (res://MainGame.gd:2910)
       [1] _refresh_all (res://MainGame.gd:698)
       [2] apply_save_data (res://PlayerData.gd:165)
       [3] load_game (res://SaveGame.gd:150)
       [4] _ready (res://MainGame.gd:515)
SCRIPT ERROR: Invalid call. Nonexistent function 'style_objective_header' in base 'GDScript'.
   at: _add_objective_header_v152 (res://MainGame.gd:2166)
   GDScript backtrace (most recent call first):
       [0] _add_objective_header_v152 (res://MainGame.gd:2166)
       [1] _rebuild_quests (res://MainGame.gd:2205)
       [2] apply_save_data (res://QuestSystem.gd:105)
       [3] load_game (res://SaveGame.gd:153)
       [4] _ready (res://MainGame.gd:515)
SCRIPT ERROR: Invalid call. Nonexistent function 'objective_icon_role' in base 'GDScript'.
   at: _add_objective_row_v152 (res://MainGame.gd:2181)
   GDScript backtrace (most recent call first):
       [0] _add_objective_row_v152 (res://MainGame.gd:2181)
       [1] _rebuild_quests (res://MainGame.gd:2206)
       [2] apply_save_data (res://QuestSystem.gd:105)
       [3] load_game (res://SaveGame.gd:153)
       [4] _ready (res://MainGame.gd:515)
SCRIPT ERROR: Invalid call. Nonexistent function 'objective_icon_role' in base 'GDScript'.
   at: _add_objective_row_v152 (res://MainGame.gd:2181)
   GDScript backtrace (most recent call first):
       [0] _add_objective_row_v152 (res://MainGame.gd:2181)
       [1] _rebuild_quests (res://MainGame.gd:2206)
       [2] apply_save_data (res://QuestSystem.gd:105)
       [3] load_game (res://SaveGame.gd:153)
       [4] _ready (res://MainGame.gd:515)
SCRIPT ERROR: Invalid call. Nonexistent function 'objective_icon_role' in base 'GDScript'.
   at: _add_objective_row_v152 (res://MainGame.gd:2181)
   GDScript backtrace (most recent call first):
       [0] _add_objective_row_v152 (res://MainGame.gd:2181)
       [1] _rebuild_quests (res://MainGame.gd:2206)
       [2] apply_save_data (res://QuestSystem.gd:105)
       [3] load_game (res://SaveGame.gd:153)
       [4] _ready (res://MainGame.gd:515)
SCRIPT ERROR: Invalid call. Nonexistent function 'style_objective_header' in base 'GDScript'.
   at: _add_objective_header_v152 (res://MainGame.gd:2166)
   GDScript backtrace (most recent call first):
       [0] _add_objective_header_v152 (res://MainGame.gd:2166)
       [1] _rebuild_quests (res://MainGame.gd:2205)
       [2] apply_save_data (res://QuestSystem.gd:105)
       [3] load_game (res://SaveGame.gd:153)
       [4] _ready (res://MainGame.gd:515)
SCRIPT ERROR: Invalid call. Nonexistent function 'objective_icon_role' in base 'GDScript'.
   at: _add_objective_row_v152 (res://MainGame.gd:2181)
   GDScript backtrace (most recent call first):
       [0] _add_objective_row_v152 (res://MainGame.gd:2181)
       [1] _rebuild_quests (res://MainGame.gd:2206)
       [2] apply_save_data (res://QuestSystem.gd:105)
       [3] load_game (res://SaveGame.gd:153)
       [4] _ready (res://MainGame.gd:515)
SCRIPT ERROR: Invalid call. Nonexistent function 'objective_icon_role' in base 'GDScript'.
   at: _add_objective_row_v152 (res://MainGame.gd:2181)
   GDScript backtrace (most recent call first):
       [0] _add_objective_row_v152 (res://MainGame.gd:2181)
       [1] _rebuild_quests (res://MainGame.gd:2206)
       [2] apply_save_data (res://QuestSystem.gd:105)
       [3] load_game (res://SaveGame.gd:153)
       [4] _ready (res://MainGame.gd:515)
SCRIPT ERROR: Invalid call. Nonexistent function 'objective_icon_role' in base 'GDScript'.
   at: _add_objective_row_v152 (res://MainGame.gd:2181)
   GDScript backtrace (most recent call first):
       [0] _add_objective_row_v152 (res://MainGame.gd:2181)
       [1] _rebuild_quests (res://MainGame.gd:2206)
       [2] apply_save_data (res://QuestSystem.gd:105)
       [3] load_game (res://SaveGame.gd:153)
       [4] _ready (res://MainGame.gd:515)
SCRIPT ERROR: Invalid call. Nonexistent function 'style_objective_header' in base 'GDScript'.
   at: _add_objective_header_v152 (res://MainGame.gd:2166)
   GDScript backtrace (most recent call first):
       [0] _add_objective_header_v152 (res://MainGame.gd:2166)
       [1] _rebuild_quests (res://MainGame.gd:2205)
       [2] apply_save_data (res://QuestSystem.gd:105)
       [3] load_game (res://SaveGame.gd:153)
       [4] _ready (res://MainGame.gd:515)
SCRIPT ERROR: Invalid call. Nonexistent function 'objective_icon_role' in base 'GDScript'.
   at: _add_objective_row_v152 (res://MainGame.gd:2181)
   GDScript backtrace (most recent call first):
       [0] _add_objective_row_v152 (res://MainGame.gd:2181)
       [1] _rebuild_quests (res://MainGame.gd:2206)
       [2] apply_save_data (res://QuestSystem.gd:105)
       [3] load_game (res://SaveGame.gd:153)
       [4] _ready (res://MainGame.gd:515)
SCRIPT ERROR: Invalid call. Nonexistent function 'objective_icon_role' in base 'GDScript'.
   at: _add_objective_row_v152 (res://MainGame.gd:2181)
   GDScript backtrace (most recent call first):
       [0] _add_objective_row_v152 (res://MainGame.gd:2181)
       [1] _rebuild_quests (res://MainGame.gd:2206)
       [2] apply_save_data (res://QuestSystem.gd:105)
       [3] load_game (res://SaveGame.gd:153)
       [4] _ready (res://MainGame.gd:515)
SCRIPT ERROR: Invalid call. Nonexistent function 'objective_icon_role' in base 'GDScript'.
   at: _add_objective_row_v152 (res://MainGame.gd:2181)
   GDScript backtrace (most recent call first):
       [0] _add_objective_row_v152 (res://MainGame.gd:2181)
       [1] _rebuild_quests (res://MainGame.gd:2206)
       [2] apply_save_data (res://QuestSystem.gd:105)
       [3] load_game (res://SaveGame.gd:153)
       [4] _ready (res://MainGame.gd:515)
SCRIPT ERROR: Invalid call. Nonexistent function 'objective_icon_role' in base 'GDScript'.
   at: _add_objective_row_v152 (res://MainGame.gd:2181)
   GDScript backtrace (most recent call first):
       [0] _add_objective_row_v152 (res://MainGame.gd:2181)
       [1] _rebuild_quests (res://MainGame.gd:2206)
       [2] apply_save_data (res://QuestSystem.gd:105)
       [3] load_game (res://SaveGame.gd:153)
       [4] _ready (res://MainGame.gd:515)
SCRIPT ERROR: Invalid call. Nonexistent function 'objective_icon_role' in base 'GDScript'.
   at: _add_objective_row_v152 (res://MainGame.gd:2181)
   GDScript backtrace (most recent call first):
       [0] _add_objective_row_v152 (res://MainGame.gd:2181)
       [1] _rebuild_quests (res://MainGame.gd:2206)
       [2] apply_save_data (res://QuestSystem.gd:105)
       [3] load_game (res://SaveGame.gd:153)
       [4] _ready (res://MainGame.gd:515)
SCRIPT ERROR: Invalid call. Nonexistent function 'style_objective_header' in base 'GDScript'.
   at: _add_objective_header_v152 (res://MainGame.gd:2166)
   GDScript backtrace (most recent call first):
       [0] _add_objective_header_v152 (res://MainGame.gd:2166)
       [1] _rebuild_quests (res://MainGame.gd:2207)
       [2] apply_save_data (res://QuestSystem.gd:105)
       [3] load_game (res://SaveGame.gd:153)
       [4] _ready (res://MainGame.gd:515)
SCRIPT ERROR: Invalid call. Nonexistent function 'objective_icon_role' in base 'GDScript'.
   at: _rebuild_quests (res://MainGame.gd:2214)
   GDScript backtrace (most recent call first):
       [0] _rebuild_quests (res://MainGame.gd:2214)
       [1] apply_save_data (res://QuestSystem.gd:105)
       [2] load_game (res://SaveGame.gd:153)
       [3] _ready (res://MainGame.gd:515)
SCRIPT ERROR: Invalid call. Nonexistent function 'refresh_village_loop_state' in base 'GDScript'.
   at: _refresh_p0_village (res://MainGame.gd:2410)
   GDScript backtrace (most recent call first):
       [0] _refresh_p0_village (res://MainGame.gd:2410)
       [1] apply_save_data (res://P0VillageSystem.gd:233)
       [2] load_game (res://SaveGame.gd:154)
       [3] _ready (res://MainGame.gd:515)
SCRIPT ERROR: Invalid call. Nonexistent function 'refresh_village_loop_state' in base 'GDScript'.
   at: _refresh_p0_village (res://MainGame.gd:2410)
   GDScript backtrace (most recent call first):
       [0] _refresh_p0_village (res://MainGame.gd:2410)
       [1] apply_save_data (res://VillageProgressionSystem.gd:179)
       [2] load_game (res://SaveGame.gd:155)
       [3] _ready (res://MainGame.gd:515)
SCRIPT ERROR: Invalid call. Nonexistent function 'refresh_reward_session_state' in base 'GDScript'.
   at: _refresh_meta_ui (res://MainGame.gd:1004)
   GDScript backtrace (most recent call first):
       [0] _refresh_meta_ui (res://MainGame.gd:1004)
       [1] apply_save_data (res://MetaProgressSystem.gd:137)
       [2] load_game (res://SaveGame.gd:162)
       [3] _ready (res://MainGame.gd:515)
SCRIPT ERROR: Trying to assign an array of type "Array" to a variable of type "Array[int]".
   at: apply_save_data (res://PuzzleSystem.gd:162)
   GDScript backtrace (most recent call first):
       [0] apply_save_data (res://PuzzleSystem.gd:162)
       [1] load_game (res://SaveGame.gd:164)
       [2] _ready (res://MainGame.gd:515)
SCRIPT ERROR: Invalid call. Nonexistent function 'style_objective_header' in base 'GDScript'.
   at: _add_objective_header_v152 (res://MainGame.gd:2166)
   GDScript backtrace (most recent call first):
       [0] _add_objective_header_v152 (res://MainGame.gd:2166)
       [1] _rebuild_quests (res://MainGame.gd:2205)
       [2] apply_save_data (res://ObjectiveSystem.gd:127)
       [3] load_game (res://SaveGame.gd:169)
       [4] _ready (res://MainGame.gd:515)
SCRIPT ERROR: Invalid call. Nonexistent function 'objective_icon_role' in base 'GDScript'.
   at: _add_objective_row_v152 (res://MainGame.gd:2181)
   GDScript backtrace (most recent call first):
       [0] _add_objective_row_v152 (res://MainGame.gd:2181)
       [1] _rebuild_quests (res://MainGame.gd:2206)
       [2] apply_save_data (res://ObjectiveSystem.gd:127)
       [3] load_game (res://SaveGame.gd:169)
       [4] _ready (res://MainGame.gd:515)
SCRIPT ERROR: Invalid call. Nonexistent function 'objective_icon_role' in base 'GDScript'.
   at: _add_objective_row_v152 (res://MainGame.gd:2181)
   GDScript backtrace (most recent call first):
       [0] _add_objective_row_v152 (res://MainGame.gd:2181)
       [1] _rebuild_quests (res://MainGame.gd:2206)
       [2] apply_save_data (res://ObjectiveSystem.gd:127)
       [3] load_game (res://SaveGame.gd:169)
       [4] _ready (res://MainGame.gd:515)
SCRIPT ERROR: Invalid call. Nonexistent function 'objective_icon_role' in base 'GDScript'.
   at: _add_objective_row_v152 (res://MainGame.gd:2181)
   GDScript backtrace (most recent call first):
       [0] _add_objective_row_v152 (res://MainGame.gd:2181)
       [1] _rebuild_quests (res://MainGame.gd:2206)
       [2] apply_save_data (res://ObjectiveSystem.gd:127)
       [3] load_game (res://SaveGame.gd:169)
       [4] _ready (res://MainGame.gd:515)
SCRIPT ERROR: Invalid call. Nonexistent function 'style_objective_header' in base 'GDScript'.
   at: _add_objective_header_v152 (res://MainGame.gd:2166)
   GDScript backtrace (most recent call first):
       [0] _add_objective_header_v152 (res://MainGame.gd:2166)
       [1] _rebuild_quests (res://MainGame.gd:2205)
       [2] apply_save_data (res://ObjectiveSystem.gd:127)
       [3] load_game (res://SaveGame.gd:169)
       [4] _ready (res://MainGame.gd:515)
SCRIPT ERROR: Invalid call. Nonexistent function 'objective_icon_role' in base 'GDScript'.
   at: _add_objective_row_v152 (res://MainGame.gd:2181)
   GDScript backtrace (most recent call first):
       [0] _add_objective_row_v152 (res://MainGame.gd:2181)
       [1] _rebuild_quests (res://MainGame.gd:2206)
       [2] apply_save_data (res://ObjectiveSystem.gd:127)
       [3] load_game (res://SaveGame.gd:169)
       [4] _ready (res://MainGame.gd:515)
SCRIPT ERROR: Invalid call. Nonexistent function 'objective_icon_role' in base 'GDScript'.
   at: _add_objective_row_v152 (res://MainGame.gd:2181)
   GDScript backtrace (most recent call first):
       [0] _add_objective_row_v152 (res://MainGame.gd:2181)
       [1] _rebuild_quests (res://MainGame.gd:2206)
       [2] apply_save_data (res://ObjectiveSystem.gd:127)
       [3] load_game (res://SaveGame.gd:169)
       [4] _ready (res://MainGame.gd:515)
SCRIPT ERROR: Invalid call. Nonexistent function 'objective_icon_role' in base 'GDScript'.
   at: _add_objective_row_v152 (res://MainGame.gd:2181)
   GDScript backtrace (most recent call first):
       [0] _add_objective_row_v152 (res://MainGame.gd:2181)
       [1] _rebuild_quests (res://MainGame.gd:2206)
       [2] apply_save_data (res://ObjectiveSystem.gd:127)
       [3] load_game (res://SaveGame.gd:169)
       [4] _ready (res://MainGame.gd:515)
SCRIPT ERROR: Invalid call. Nonexistent function 'style_objective_header' in base 'GDScript'.
   at: _add_objective_header_v152 (res://MainGame.gd:2166)
   GDScript backtrace (most recent call first):
       [0] _add_objective_header_v152 (res://MainGame.gd:2166)
       [1] _rebuild_quests (res://MainGame.gd:2205)
       [2] apply_save_data (res://ObjectiveSystem.gd:127)
       [3] load_game (res://SaveGame.gd:169)
       [4] _ready (res://MainGame.gd:515)
SCRIPT ERROR: Invalid call. Nonexistent function 'objective_icon_role' in base 'GDScript'.
   at: _add_objective_row_v152 (res://MainGame.gd:2181)
   GDScript backtrace (most recent call first):
       [0] _add_objective_row_v152 (res://MainGame.gd:2181)
       [1] _rebuild_quests (res://MainGame.gd:2206)
       [2] apply_save_data (res://ObjectiveSystem.gd:127)
       [3] load_game (res://SaveGame.gd:169)
       [4] _ready (res://MainGame.gd:515)
SCRIPT ERROR: Invalid call. Nonexistent function 'objective_icon_role' in base 'GDScript'.
   at: _add_objective_row_v152 (res://MainGame.gd:2181)
   GDScript backtrace (most recent call first):
       [0] _add_objective_row_v152 (res://MainGame.gd:2181)
       [1] _rebuild_quests (res://MainGame.gd:2206)
       [2] apply_save_data (res://ObjectiveSystem.gd:127)
       [3] load_game (res://SaveGame.gd:169)
       [4] _ready (res://MainGame.gd:515)
SCRIPT ERROR: Invalid call. Nonexistent function 'objective_icon_role' in base 'GDScript'.
   at: _add_objective_row_v152 (res://MainGame.gd:2181)
   GDScript backtrace (most recent call first):
       [0] _add_objective_row_v152 (res://MainGame.gd:2181)
       [1] _rebuild_quests (res://MainGame.gd:2206)
       [2] apply_save_data (res://ObjectiveSystem.gd:127)
       [3] load_game (res://SaveGame.gd:169)
       [4] _ready (res://MainGame.gd:515)
SCRIPT ERROR: Invalid call. Nonexistent function 'objective_icon_role' in base 'GDScript'.
   at: _add_objective_row_v152 (res://MainGame.gd:2181)
   GDScript backtrace (most recent call first):
       [0] _add_objective_row_v152 (res://MainGame.gd:2181)
       [1] _rebuild_quests (res://MainGame.gd:2206)
       [2] apply_save_data (res://ObjectiveSystem.gd:127)
       [3] load_game (res://SaveGame.gd:169)
       [4] _ready (res://MainGame.gd:515)
SCRIPT ERROR: Invalid call. Nonexistent function 'objective_icon_role' in base 'GDScript'.
   at: _add_objective_row_v152 (res://MainGame.gd:2181)
   GDScript backtrace (most recent call first):
       [0] _add_objective_row_v152 (res://MainGame.gd:2181)
       [1] _rebuild_quests (res://MainGame.gd:2206)
       [2] apply_save_data (res://ObjectiveSystem.gd:127)
       [3] load_game (res://SaveGame.gd:169)
       [4] _ready (res://MainGame.gd:515)
SCRIPT ERROR: Invalid call. Nonexistent function 'style_objective_header' in base 'GDScript'.
   at: _add_objective_header_v152 (res://MainGame.gd:2166)
   GDScript backtrace (most recent call first):
       [0] _add_objective_header_v152 (res://MainGame.gd:2166)
       [1] _rebuild_quests (res://MainGame.gd:2207)
       [2] apply_save_data (res://ObjectiveSystem.gd:127)
       [3] load_game (res://SaveGame.gd:169)
       [4] _ready (res://MainGame.gd:515)
SCRIPT ERROR: Invalid call. Nonexistent function 'objective_icon_role' in base 'GDScript'.
   at: _rebuild_quests (res://MainGame.gd:2214)
   GDScript backtrace (most recent call first):
       [0] _rebuild_quests (res://MainGame.gd:2214)
       [1] apply_save_data (res://ObjectiveSystem.gd:127)
       [2] load_game (res://SaveGame.gd:169)
       [3] _ready (res://MainGame.gd:515)
SCRIPT ERROR: Invalid call. Nonexistent function 'lane_layout' in base 'GDScript'.
   at: _update_lane_ui (res://MainGame.gd:1958)
   GDScript backtrace (most recent call first):
       [0] _update_lane_ui (res://MainGame.gd:1958)
       [1] apply_save_data (res://LaneAttackSystem.gd:195)
       [2] load_game (res://SaveGame.gd:170)
       [3] _ready (res://MainGame.gd:515)
SCRIPT ERROR: Invalid call. Nonexistent function 'refresh_afk_state' in base 'GDScript'.
   at: _refresh_afk_p0 (res://MainGame.gd:2910)
   GDScript backtrace (most recent call first):
       [0] _refresh_afk_p0 (res://MainGame.gd:2910)
       [1] apply_save_data (res://AfkRewardSystem.gd:73)
       [2] load_game (res://SaveGame.gd:172)
       [3] _ready (res://MainGame.gd:515)
[CORE_ANALYTICS] {"event":"core_session_start","payload":{"gold":300,"monster_level":1,"save_recovered":false,"seconds_away":0,"spins":10},"time_unix":1789103616.012}
ERROR: P0 violation: Daily visible
   at: push_error (core/variant/variant_utility.cpp:1023)
   GDScript backtrace (most recent call first):
       [0] log_contract_status (res://CoreAcceptanceService.gd:52)
       [1] _ready (res://MainGame.gd:526)
ERROR: P0 violation: Quests visible
   at: push_error (core/variant/variant_utility.cpp:1023)
   GDScript backtrace (most recent call first):
       [0] log_contract_status (res://CoreAcceptanceService.gd:52)
       [1] _ready (res://MainGame.gd:526)
ERROR: P0 violation: Heroes visible
   at: push_error (core/variant/variant_utility.cpp:1023)
   GDScript backtrace (most recent call first):
       [0] log_contract_status (res://CoreAcceptanceService.gd:52)
       [1] _ready (res://MainGame.gd:526)
ERROR: P0 violation: Hero Auto-DPS active
   at: push_error (core/variant/variant_utility.cpp:1023)
   GDScript backtrace (most recent call first):
       [0] log_contract_status (res://CoreAcceptanceService.gd:52)
       [1] _ready (res://MainGame.gd:526)
[CORE_ANALYTICS] {"event":"core_contract_fail","payload":{"errors":["P0 violation: Daily visible","P0 violation: Quests visible","P0 violation: Heroes visible","P0 violation: Hero Auto-DPS active"]},"time_unix":1789103616.013}
SCRIPT ERROR: Invalid call. Nonexistent function 'refresh_home_loop_state' in base 'GDScript'.
   at: _update_monster_ui (res://MainGame.gd:1219)
   GDScript backtrace (most recent call first):
       [0] _update_monster_ui (res://MainGame.gd:1219)
       [1] _refresh_all (res://MainGame.gd:675)
       [2] _ready (res://MainGame.gd:530)
SCRIPT ERROR: Invalid call. Nonexistent function 'refresh_village_loop_state' in base 'GDScript'.
   at: _refresh_p0_village (res://MainGame.gd:2410)
   GDScript backtrace (most recent call first):
       [0] _refresh_p0_village (res://MainGame.gd:2410)
       [1] _refresh_all (res://MainGame.gd:680)
       [2] _ready (res://MainGame.gd:530)
SCRIPT ERROR: Invalid call. Nonexistent function 'refresh_reward_session_state' in base 'GDScript'.
   at: _refresh_meta_ui (res://MainGame.gd:1004)
   GDScript backtrace (most recent call first):
       [0] _refresh_meta_ui (res://MainGame.gd:1004)
       [1] _refresh_all (res://MainGame.gd:683)
       [2] _ready (res://MainGame.gd:530)
SCRIPT ERROR: Invalid call. Nonexistent function 'style_objective_header' in base 'GDScript'.
   at: _add_objective_header_v152 (res://MainGame.gd:2166)
   GDScript backtrace (most recent call first):
       [0] _add_objective_header_v152 (res://MainGame.gd:2166)
       [1] _rebuild_quests (res://MainGame.gd:2205)
       [2] _refresh_all (res://MainGame.gd:688)
       [3] _ready (res://MainGame.gd:530)
SCRIPT ERROR: Invalid call. Nonexistent function 'objective_icon_role' in base 'GDScript'.
   at: _add_objective_row_v152 (res://MainGame.gd:2181)
   GDScript backtrace (most recent call first):
       [0] _add_objective_row_v152 (res://MainGame.gd:2181)
       [1] _rebuild_quests (res://MainGame.gd:2206)
       [2] _refresh_all (res://MainGame.gd:688)
       [3] _ready (res://MainGame.gd:530)
SCRIPT ERROR: Invalid call. Nonexistent function 'objective_icon_role' in base 'GDScript'.
   at: _add_objective_row_v152 (res://MainGame.gd:2181)
   GDScript backtrace (most recent call first):
       [0] _add_objective_row_v152 (res://MainGame.gd:2181)
       [1] _rebuild_quests (res://MainGame.gd:2206)
       [2] _refresh_all (res://MainGame.gd:688)
       [3] _ready (res://MainGame.gd:530)
SCRIPT ERROR: Invalid call. Nonexistent function 'objective_icon_role' in base 'GDScript'.
   at: _add_objective_row_v152 (res://MainGame.gd:2181)
   GDScript backtrace (most recent call first):
       [0] _add_objective_row_v152 (res://MainGame.gd:2181)
       [1] _rebuild_quests (res://MainGame.gd:2206)
       [2] _refresh_all (res://MainGame.gd:688)
       [3] _ready (res://MainGame.gd:530)
SCRIPT ERROR: Invalid call. Nonexistent function 'style_objective_header' in base 'GDScript'.
   at: _add_objective_header_v152 (res://MainGame.gd:2166)
   GDScript backtrace (most recent call first):
       [0] _add_objective_header_v152 (res://MainGame.gd:2166)
       [1] _rebuild_quests (res://MainGame.gd:2205)
       [2] _refresh_all (res://MainGame.gd:688)
       [3] _ready (res://MainGame.gd:530)
SCRIPT ERROR: Invalid call. Nonexistent function 'objective_icon_role' in base 'GDScript'.
   at: _add_objective_row_v152 (res://MainGame.gd:2181)
   GDScript backtrace (most recent call first):
       [0] _add_objective_row_v152 (res://MainGame.gd:2181)
       [1] _rebuild_quests (res://MainGame.gd:2206)
       [2] _refresh_all (res://MainGame.gd:688)
       [3] _ready (res://MainGame.gd:530)
SCRIPT ERROR: Invalid call. Nonexistent function 'objective_icon_role' in base 'GDScript'.
   at: _add_objective_row_v152 (res://MainGame.gd:2181)
   GDScript backtrace (most recent call first):
       [0] _add_objective_row_v152 (res://MainGame.gd:2181)
       [1] _rebuild_quests (res://MainGame.gd:2206)
       [2] _refresh_all (res://MainGame.gd:688)
       [3] _ready (res://MainGame.gd:530)
SCRIPT ERROR: Invalid call. Nonexistent function 'objective_icon_role' in base 'GDScript'.
   at: _add_objective_row_v152 (res://MainGame.gd:2181)
   GDScript backtrace (most recent call first):
       [0] _add_objective_row_v152 (res://MainGame.gd:2181)
       [1] _rebuild_quests (res://MainGame.gd:2206)
       [2] _refresh_all (res://MainGame.gd:688)
       [3] _ready (res://MainGame.gd:530)
SCRIPT ERROR: Invalid call. Nonexistent function 'style_objective_header' in base 'GDScript'.
   at: _add_objective_header_v152 (res://MainGame.gd:2166)
   GDScript backtrace (most recent call first):
       [0] _add_objective_header_v152 (res://MainGame.gd:2166)
       [1] _rebuild_quests (res://MainGame.gd:2205)
       [2] _refresh_all (res://MainGame.gd:688)
       [3] _ready (res://MainGame.gd:530)
SCRIPT ERROR: Invalid call. Nonexistent function 'objective_icon_role' in base 'GDScript'.
   at: _add_objective_row_v152 (res://MainGame.gd:2181)
   GDScript backtrace (most recent call first):
       [0] _add_objective_row_v152 (res://MainGame.gd:2181)
       [1] _rebuild_quests (res://MainGame.gd:2206)
       [2] _refresh_all (res://MainGame.gd:688)
       [3] _ready (res://MainGame.gd:530)
SCRIPT ERROR: Invalid call. Nonexistent function 'objective_icon_role' in base 'GDScript'.
   at: _add_objective_row_v152 (res://MainGame.gd:2181)
   GDScript backtrace (most recent call first):
       [0] _add_objective_row_v152 (res://MainGame.gd:2181)
       [1] _rebuild_quests (res://MainGame.gd:2206)
       [2] _refresh_all (res://MainGame.gd:688)
       [3] _ready (res://MainGame.gd:530)
SCRIPT ERROR: Invalid call. Nonexistent function 'objective_icon_role' in base 'GDScript'.
   at: _add_objective_row_v152 (res://MainGame.gd:2181)
   GDScript backtrace (most recent call first):
       [0] _add_objective_row_v152 (res://MainGame.gd:2181)
       [1] _rebuild_quests (res://MainGame.gd:2206)
       [2] _refresh_all (res://MainGame.gd:688)
       [3] _ready (res://MainGame.gd:530)
SCRIPT ERROR: Invalid call. Nonexistent function 'objective_icon_role' in base 'GDScript'.
   at: _add_objective_row_v152 (res://MainGame.gd:2181)
   GDScript backtrace (most recent call first):
       [0] _add_objective_row_v152 (res://MainGame.gd:2181)
       [1] _rebuild_quests (res://MainGame.gd:2206)
       [2] _refresh_all (res://MainGame.gd:688)
       [3] _ready (res://MainGame.gd:530)
SCRIPT ERROR: Invalid call. Nonexistent function 'objective_icon_role' in base 'GDScript'.
   at: _add_objective_row_v152 (res://MainGame.gd:2181)
   GDScript backtrace (most recent call first):
       [0] _add_objective_row_v152 (res://MainGame.gd:2181)
       [1] _rebuild_quests (res://MainGame.gd:2206)
       [2] _refresh_all (res://MainGame.gd:688)
       [3] _ready (res://MainGame.gd:530)
SCRIPT ERROR: Invalid call. Nonexistent function 'style_objective_header' in base 'GDScript'.
   at: _add_objective_header_v152 (res://MainGame.gd:2166)
   GDScript backtrace (most recent call first):
       [0] _add_objective_header_v152 (res://MainGame.gd:2166)
       [1] _rebuild_quests (res://MainGame.gd:2207)
       [2] _refresh_all (res://MainGame.gd:688)
       [3] _ready (res://MainGame.gd:530)
SCRIPT ERROR: Invalid call. Nonexistent function 'objective_icon_role' in base 'GDScript'.
   at: _rebuild_quests (res://MainGame.gd:2214)
   GDScript backtrace (most recent call first):
       [0] _rebuild_quests (res://MainGame.gd:2214)
       [1] _refresh_all (res://MainGame.gd:688)
       [2] _ready (res://MainGame.gd:530)
SCRIPT ERROR: Invalid call. Nonexistent function 'refresh_progression_state' in base 'GDScript'.
   at: _refresh_progression_p0 (res://MainGame.gd:2903)
   GDScript backtrace (most recent call first):
       [0] _refresh_progression_p0 (res://MainGame.gd:2903)
       [1] _refresh_all (res://MainGame.gd:696)
       [2] _ready (res://MainGame.gd:530)
SCRIPT ERROR: Invalid call. Nonexistent function 'refresh_shop_state' in base 'GDScript'.
   at: _refresh_shop_p0 (res://MainGame.gd:2810)
   GDScript backtrace (most recent call first):
       [0] _refresh_shop_p0 (res://MainGame.gd:2810)
       [1] _refresh_all (res://MainGame.gd:697)
       [2] _ready (res://MainGame.gd:530)
SCRIPT ERROR: Invalid call. Nonexistent function 'refresh_afk_state' in base 'GDScript'.
   at: _refresh_afk_p0 (res://MainGame.gd:2910)
   GDScript backtrace (most recent call first):
       [0] _refresh_afk_p0 (res://MainGame.gd:2910)
       [1] _refresh_all (res://MainGame.gd:698)
       [2] _ready (res://MainGame.gd:530)
SCRIPT ERROR: Invalid call. Nonexistent function 'style_objective_header' in base 'GDScript'.
   at: _add_objective_header_v152 (res://MainGame.gd:2166)
   GDScript backtrace (most recent call first):
       [0] _add_objective_header_v152 (res://MainGame.gd:2166)
       [1] _rebuild_quests (res://MainGame.gd:2205)
       [2] _ready (res://MainGame.gd:532)
SCRIPT ERROR: Invalid call. Nonexistent function 'objective_icon_role' in base 'GDScript'.
   at: _add_objective_row_v152 (res://MainGame.gd:2181)
   GDScript backtrace (most recent call first):
       [0] _add_objective_row_v152 (res://MainGame.gd:2181)
       [1] _rebuild_quests (res://MainGame.gd:2206)
       [2] _ready (res://MainGame.gd:532)
SCRIPT ERROR: Invalid call. Nonexistent function 'objective_icon_role' in base 'GDScript'.
   at: _add_objective_row_v152 (res://MainGame.gd:2181)
   GDScript backtrace (most recent call first):
       [0] _add_objective_row_v152 (res://MainGame.gd:2181)
       [1] _rebuild_quests (res://MainGame.gd:2206)
       [2] _ready (res://MainGame.gd:532)
SCRIPT ERROR: Invalid call. Nonexistent function 'objective_icon_role' in base 'GDScript'.
   at: _add_objective_row_v152 (res://MainGame.gd:2181)
   GDScript backtrace (most recent call first):
       [0] _add_objective_row_v152 (res://MainGame.gd:2181)
       [1] _rebuild_quests (res://MainGame.gd:2206)
       [2] _ready (res://MainGame.gd:532)
SCRIPT ERROR: Invalid call. Nonexistent function 'style_objective_header' in base 'GDScript'.
   at: _add_objective_header_v152 (res://MainGame.gd:2166)
   GDScript backtrace (most recent call first):
       [0] _add_objective_header_v152 (res://MainGame.gd:2166)
       [1] _rebuild_quests (res://MainGame.gd:2205)
       [2] _ready (res://MainGame.gd:532)
SCRIPT ERROR: Invalid call. Nonexistent function 'objective_icon_role' in base 'GDScript'.
   at: _add_objective_row_v152 (res://MainGame.gd:2181)
   GDScript backtrace (most recent call first):
       [0] _add_objective_row_v152 (res://MainGame.gd:2181)
       [1] _rebuild_quests (res://MainGame.gd:2206)
       [2] _ready (res://MainGame.gd:532)
SCRIPT ERROR: Invalid call. Nonexistent function 'objective_icon_role' in base 'GDScript'.
   at: _add_objective_row_v152 (res://MainGame.gd:2181)
   GDScript backtrace (most recent call first):
       [0] _add_objective_row_v152 (res://MainGame.gd:2181)
       [1] _rebuild_quests (res://MainGame.gd:2206)
       [2] _ready (res://MainGame.gd:532)
SCRIPT ERROR: Invalid call. Nonexistent function 'objective_icon_role' in base 'GDScript'.
   at: _add_objective_row_v152 (res://MainGame.gd:2181)
   GDScript backtrace (most recent call first):
       [0] _add_objective_row_v152 (res://MainGame.gd:2181)
       [1] _rebuild_quests (res://MainGame.gd:2206)
       [2] _ready (res://MainGame.gd:532)
SCRIPT ERROR: Invalid call. Nonexistent function 'style_objective_header' in base 'GDScript'.
   at: _add_objective_header_v152 (res://MainGame.gd:2166)
   GDScript backtrace (most recent call first):
       [0] _add_objective_header_v152 (res://MainGame.gd:2166)
       [1] _rebuild_quests (res://MainGame.gd:2205)
       [2] _ready (res://MainGame.gd:532)
SCRIPT ERROR: Invalid call. Nonexistent function 'objective_icon_role' in base 'GDScript'.
   at: _add_objective_row_v152 (res://MainGame.gd:2181)
   GDScript backtrace (most recent call first):
       [0] _add_objective_row_v152 (res://MainGame.gd:2181)
       [1] _rebuild_quests (res://MainGame.gd:2206)
       [2] _ready (res://MainGame.gd:532)
SCRIPT ERROR: Invalid call. Nonexistent function 'objective_icon_role' in base 'GDScript'.
   at: _add_objective_row_v152 (res://MainGame.gd:2181)
   GDScript backtrace (most recent call first):
       [0] _add_objective_row_v152 (res://MainGame.gd:2181)
       [1] _rebuild_quests (res://MainGame.gd:2206)
       [2] _ready (res://MainGame.gd:532)
SCRIPT ERROR: Invalid call. Nonexistent function 'objective_icon_role' in base 'GDScript'.
   at: _add_objective_row_v152 (res://MainGame.gd:2181)
   GDScript backtrace (most recent call first):
       [0] _add_objective_row_v152 (res://MainGame.gd:2181)
       [1] _rebuild_quests (res://MainGame.gd:2206)
       [2] _ready (res://MainGame.gd:532)
SCRIPT ERROR: Invalid call. Nonexistent function 'objective_icon_role' in base 'GDScript'.
   at: _add_objective_row_v152 (res://MainGame.gd:2181)
   GDScript backtrace (most recent call first):
       [0] _add_objective_row_v152 (res://MainGame.gd:2181)
       [1] _rebuild_quests (res://MainGame.gd:2206)
       [2] _ready (res://MainGame.gd:532)
SCRIPT ERROR: Invalid call. Nonexistent function 'objective_icon_role' in base 'GDScript'.
   at: _add_objective_row_v152 (res://MainGame.gd:2181)
   GDScript backtrace (most recent call first):
       [0] _add_objective_row_v152 (res://MainGame.gd:2181)
       [1] _rebuild_quests (res://MainGame.gd:2206)
       [2] _ready (res://MainGame.gd:532)
SCRIPT ERROR: Invalid call. Nonexistent function 'style_objective_header' in base 'GDScript'.
   at: _add_objective_header_v152 (res://MainGame.gd:2166)
   GDScript backtrace (most recent call first):
       [0] _add_objective_header_v152 (res://MainGame.gd:2166)
       [1] _rebuild_quests (res://MainGame.gd:2207)
       [2] _ready (res://MainGame.gd:532)
SCRIPT ERROR: Invalid call. Nonexistent function 'objective_icon_role' in base 'GDScript'.
   at: _rebuild_quests (res://MainGame.gd:2214)
   GDScript backtrace (most recent call first):
       [0] _rebuild_quests (res://MainGame.gd:2214)
       [1] _ready (res://MainGame.gd:532)
SCRIPT ERROR: Invalid call. Nonexistent function 'set_primary_nav_state' in base 'GDScript'.
   at: _switch_view (res://MainGame.gd:1298)
   GDScript backtrace (most recent call first):
       [0] _switch_view (res://MainGame.gd:1298)
       [1] _ready (res://MainGame.gd:537)
[CORE_ANALYTICS] {"event":"pending_flow_resume","payload":{"count":1,"flow_version":"v1.54-runtime-flow-01","kind":"spin"},"time_unix":1789103616.043}
SCRIPT ERROR: Invalid call. Nonexistent function 'set_primary_nav_state' in base 'GDScript'.
   at: _switch_view (res://MainGame.gd:1298)
   GDScript backtrace (most recent call first):
       [0] _switch_view (res://MainGame.gd:1298)
       [1] _restore_pending_spin_presentation (res://MainGame.gd:1590)
       [2] _restore_next_pending_presentation_v154 (res://MainGame.gd:594)
       [3] _ready (res://MainGame.gd:538)
[CORE_ANALYTICS] {"event":"spin_presentation_resumed","payload":{"config_version":"v2.0-3reel-p0-06","reel_stop_ids":["reel_1_stop_5_bonus_spins","reel_2_stop_5_bonus_spins","reel_3_stop_5_bonus_spins"],"result_id":"spin_1789103601_1_1789108977790457","reward_id":"bonus_spins","segment_id":"bonus_spins"},"time_unix":1789103616.044}
ERROR: [P0_BOOT] Main scene setting drift: res://BootFlow.tscn
   at: push_error (core/variant/variant_utility.cpp:1023)
   GDScript backtrace (most recent call first):
       [0] complete_scene_boot (res://P0BootDiagnostics.gd:79)
       [1] _ready (res://MainGame.gd:540)
ERROR: [P0_BOOT] Core contract: P0 violation: Daily visible
   at: push_error (core/variant/variant_utility.cpp:1023)
   GDScript backtrace (most recent call first):
       [0] complete_scene_boot (res://P0BootDiagnostics.gd:79)
       [1] _ready (res://MainGame.gd:540)
ERROR: [P0_BOOT] Core contract: P0 violation: Quests visible
   at: push_error (core/variant/variant_utility.cpp:1023)
   GDScript backtrace (most recent call first):
       [0] complete_scene_boot (res://P0BootDiagnostics.gd:79)
       [1] _ready (res://MainGame.gd:540)
ERROR: [P0_BOOT] Core contract: P0 violation: Heroes visible
   at: push_error (core/variant/variant_utility.cpp:1023)
   GDScript backtrace (most recent call first):
       [0] complete_scene_boot (res://P0BootDiagnostics.gd:79)
       [1] _ready (res://MainGame.gd:540)
ERROR: [P0_BOOT] Core contract: P0 violation: Hero Auto-DPS active
   at: push_error (core/variant/variant_utility.cpp:1023)
   GDScript backtrace (most recent call first):
       [0] complete_scene_boot (res://P0BootDiagnostics.gd:79)
       [1] _ready (res://MainGame.gd:540)
ERROR: [P0_BOOT] P1 isolation: HeroSystem processing during P0
   at: push_error (core/variant/variant_utility.cpp:1023)
   GDScript backtrace (most recent call first):
       [0] complete_scene_boot (res://P0BootDiagnostics.gd:79)
       [1] _ready (res://MainGame.gd:540)
[CORE_ANALYTICS] {"event":"p0_boot_fail","payload":{"errors":["Main scene setting drift: res://BootFlow.tscn","Core contract: P0 violation: Daily visible","Core contract: P0 violation: Quests visible","Core contract: P0 violation: Heroes visible","Core contract: P0 violation: Hero Auto-DPS active","P1 isolation: HeroSystem processing during P0"]},"time_unix":1789103616.047}
SCRIPT ERROR: Invalid call. Nonexistent function 'apply' in base 'GDScript'.
   at: _apply_mobile_runtime_polish (res://MainGame.gd:552)
   GDScript backtrace (most recent call first):
       [0] _apply_mobile_runtime_polish (res://MainGame.gd:552)
SCRIPT ERROR: Invalid call. Nonexistent function 'refresh_home_loop_state' in base 'GDScript'.
   at: _update_monster_ui (res://MainGame.gd:1219)
   GDScript backtrace (most recent call first):
       [0] _update_monster_ui (res://MainGame.gd:1219)
       [1] damage_monster (res://PlayerData.gd:94)
       [2] _on_monster_pressed (res://MainGame.gd:1311)
       [3] _run_regression (res://V2021VisualRuntimeQa.gd:308)
       [4] _wait_render (res://V2021VisualRuntimeQa.gd:174)
SCRIPT ERROR: Invalid call. Nonexistent function 'style_objective_header' in base 'GDScript'.
   at: _add_objective_header_v152 (res://MainGame.gd:2166)
   GDScript backtrace (most recent call first):
       [0] _add_objective_header_v152 (res://MainGame.gd:2166)
       [1] _rebuild_quests (res://MainGame.gd:2205)
       [2] add_progress (res://QuestSystem.gd:35)
       [3] _on_monster_pressed (res://MainGame.gd:1313)
       [4] _run_regression (res://V2021VisualRuntimeQa.gd:308)
       [5] _wait_render (res://V2021VisualRuntimeQa.gd:174)
SCRIPT ERROR: Invalid call. Nonexistent function 'objective_icon_role' in base 'GDScript'.
   at: _add_objective_row_v152 (res://MainGame.gd:2181)
   GDScript backtrace (most recent call first):
       [0] _add_objective_row_v152 (res://MainGame.gd:2181)
       [1] _rebuild_quests (res://MainGame.gd:2206)
       [2] add_progress (res://QuestSystem.gd:35)
       [3] _on_monster_pressed (res://MainGame.gd:1313)
       [4] _run_regression (res://V2021VisualRuntimeQa.gd:308)
       [5] _wait_render (res://V2021VisualRuntimeQa.gd:174)
SCRIPT ERROR: Invalid call. Nonexistent function 'objective_icon_role' in base 'GDScript'.
   at: _add_objective_row_v152 (res://MainGame.gd:2181)
   GDScript backtrace (most recent call first):
       [0] _add_objective_row_v152 (res://MainGame.gd:2181)
       [1] _rebuild_quests (res://MainGame.gd:2206)
       [2] add_progress (res://QuestSystem.gd:35)
       [3] _on_monster_pressed (res://MainGame.gd:1313)
       [4] _run_regression (res://V2021VisualRuntimeQa.gd:308)
       [5] _wait_render (res://V2021VisualRuntimeQa.gd:174)
SCRIPT ERROR: Invalid call. Nonexistent function 'objective_icon_role' in base 'GDScript'.
   at: _add_objective_row_v152 (res://MainGame.gd:2181)
   GDScript backtrace (most recent call first):
       [0] _add_objective_row_v152 (res://MainGame.gd:2181)
       [1] _rebuild_quests (res://MainGame.gd:2206)
       [2] add_progress (res://QuestSystem.gd:35)
       [3] _on_monster_pressed (res://MainGame.gd:1313)
       [4] _run_regression (res://V2021VisualRuntimeQa.gd:308)
       [5] _wait_render (res://V2021VisualRuntimeQa.gd:174)
SCRIPT ERROR: Invalid call. Nonexistent function 'style_objective_header' in base 'GDScript'.
   at: _add_objective_header_v152 (res://MainGame.gd:2166)
   GDScript backtrace (most recent call first):
       [0] _add_objective_header_v152 (res://MainGame.gd:2166)
       [1] _rebuild_quests (res://MainGame.gd:2205)
       [2] add_progress (res://QuestSystem.gd:35)
       [3] _on_monster_pressed (res://MainGame.gd:1313)
       [4] _run_regression (res://V2021VisualRuntimeQa.gd:308)
       [5] _wait_render (res://V2021VisualRuntimeQa.gd:174)
SCRIPT ERROR: Invalid call. Nonexistent function 'objective_icon_role' in base 'GDScript'.
   at: _add_objective_row_v152 (res://MainGame.gd:2181)
   GDScript backtrace (most recent call first):
       [0] _add_objective_row_v152 (res://MainGame.gd:2181)
       [1] _rebuild_quests (res://MainGame.gd:2206)
       [2] add_progress (res://QuestSystem.gd:35)
       [3] _on_monster_pressed (res://MainGame.gd:1313)
       [4] _run_regression (res://V2021VisualRuntimeQa.gd:308)
       [5] _wait_render (res://V2021VisualRuntimeQa.gd:174)
SCRIPT ERROR: Invalid call. Nonexistent function 'objective_icon_role' in base 'GDScript'.
   at: _add_objective_row_v152 (res://MainGame.gd:2181)
   GDScript backtrace (most recent call first):
       [0] _add_objective_row_v152 (res://MainGame.gd:2181)
       [1] _rebuild_quests (res://MainGame.gd:2206)
       [2] add_progress (res://QuestSystem.gd:35)
       [3] _on_monster_pressed (res://MainGame.gd:1313)
       [4] _run_regression (res://V2021VisualRuntimeQa.gd:308)
       [5] _wait_render (res://V2021VisualRuntimeQa.gd:174)
SCRIPT ERROR: Invalid call. Nonexistent function 'objective_icon_role' in base 'GDScript'.
   at: _add_objective_row_v152 (res://MainGame.gd:2181)
   GDScript backtrace (most recent call first):
       [0] _add_objective_row_v152 (res://MainGame.gd:2181)
       [1] _rebuild_quests (res://MainGame.gd:2206)
       [2] add_progress (res://QuestSystem.gd:35)
       [3] _on_monster_pressed (res://MainGame.gd:1313)
       [4] _run_regression (res://V2021VisualRuntimeQa.gd:308)
       [5] _wait_render (res://V2021VisualRuntimeQa.gd:174)
SCRIPT ERROR: Invalid call. Nonexistent function 'style_objective_header' in base 'GDScript'.
   at: _add_objective_header_v152 (res://MainGame.gd:2166)
   GDScript backtrace (most recent call first):
       [0] _add_objective_header_v152 (res://MainGame.gd:2166)
       [1] _rebuild_quests (res://MainGame.gd:2205)
       [2] add_progress (res://QuestSystem.gd:35)
       [3] _on_monster_pressed (res://MainGame.gd:1313)
       [4] _run_regression (res://V2021VisualRuntimeQa.gd:308)
       [5] _wait_render (res://V2021VisualRuntimeQa.gd:174)
SCRIPT ERROR: Invalid call. Nonexistent function 'objective_icon_role' in base 'GDScript'.
   at: _add_objective_row_v152 (res://MainGame.gd:2181)
   GDScript backtrace (most recent call first):
       [0] _add_objective_row_v152 (res://MainGame.gd:2181)
       [1] _rebuild_quests (res://MainGame.gd:2206)
       [2] add_progress (res://QuestSystem.gd:35)
       [3] _on_monster_pressed (res://MainGame.gd:1313)
       [4] _run_regression (res://V2021VisualRuntimeQa.gd:308)
       [5] _wait_render (res://V2021VisualRuntimeQa.gd:174)
SCRIPT ERROR: Invalid call. Nonexistent function 'objective_icon_role' in base 'GDScript'.
   at: _add_objective_row_v152 (res://MainGame.gd:2181)
   GDScript backtrace (most recent call first):
       [0] _add_objective_row_v152 (res://MainGame.gd:2181)
       [1] _rebuild_quests (res://MainGame.gd:2206)
       [2] add_progress (res://QuestSystem.gd:35)
       [3] _on_monster_pressed (res://MainGame.gd:1313)
       [4] _run_regression (res://V2021VisualRuntimeQa.gd:308)
       [5] _wait_render (res://V2021VisualRuntimeQa.gd:174)
SCRIPT ERROR: Invalid call. Nonexistent function 'objective_icon_role' in base 'GDScript'.
   at: _add_objective_row_v152 (res://MainGame.gd:2181)
   GDScript backtrace (most recent call first):
       [0] _add_objective_row_v152 (res://MainGame.gd:2181)
       [1] _rebuild_quests (res://MainGame.gd:2206)
       [2] add_progress (res://QuestSystem.gd:35)
       [3] _on_monster_pressed (res://MainGame.gd:1313)
       [4] _run_regression (res://V2021VisualRuntimeQa.gd:308)
       [5] _wait_render (res://V2021VisualRuntimeQa.gd:174)
SCRIPT ERROR: Invalid call. Nonexistent function 'objective_icon_role' in base 'GDScript'.
   at: _add_objective_row_v152 (res://MainGame.gd:2181)
   GDScript backtrace (most recent call first):
       [0] _add_objective_row_v152 (res://MainGame.gd:2181)
       [1] _rebuild_quests (res://MainGame.gd:2206)
       [2] add_progress (res://QuestSystem.gd:35)
       [3] _on_monster_pressed (res://MainGame.gd:1313)
       [4] _run_regression (res://V2021VisualRuntimeQa.gd:308)
       [5] _wait_render (res://V2021VisualRuntimeQa.gd:174)
SCRIPT ERROR: Invalid call. Nonexistent function 'objective_icon_role' in base 'GDScript'.
   at: _add_objective_row_v152 (res://MainGame.gd:2181)
   GDScript backtrace (most recent call first):
       [0] _add_objective_row_v152 (res://MainGame.gd:2181)
       [1] _rebuild_quests (res://MainGame.gd:2206)
       [2] add_progress (res://QuestSystem.gd:35)
       [3] _on_monster_pressed (res://MainGame.gd:1313)
       [4] _run_regression (res://V2021VisualRuntimeQa.gd:308)
       [5] _wait_render (res://V2021VisualRuntimeQa.gd:174)
SCRIPT ERROR: Invalid call. Nonexistent function 'style_objective_header' in base 'GDScript'.
   at: _add_objective_header_v152 (res://MainGame.gd:2166)
   GDScript backtrace (most recent call first):
       [0] _add_objective_header_v152 (res://MainGame.gd:2166)
       [1] _rebuild_quests (res://MainGame.gd:2207)
       [2] add_progress (res://QuestSystem.gd:35)
       [3] _on_monster_pressed (res://MainGame.gd:1313)
       [4] _run_regression (res://V2021VisualRuntimeQa.gd:308)
       [5] _wait_render (res://V2021VisualRuntimeQa.gd:174)
SCRIPT ERROR: Invalid call. Nonexistent function 'objective_icon_role' in base 'GDScript'.
   at: _rebuild_quests (res://MainGame.gd:2214)
   GDScript backtrace (most recent call first):
       [0] _rebuild_quests (res://MainGame.gd:2214)
       [1] add_progress (res://QuestSystem.gd:35)
       [2] _on_monster_pressed (res://MainGame.gd:1313)
       [3] _run_regression (res://V2021VisualRuntimeQa.gd:308)
       [4] _wait_render (res://V2021VisualRuntimeQa.gd:174)
[CORE_ANALYTICS] {"event":"wheel_open","payload":{},"time_unix":1789103616.544}
SCRIPT ERROR: Invalid call. Nonexistent function 'set_primary_nav_state' in base 'GDScript'.
   at: _switch_view (res://MainGame.gd:1298)
   GDScript backtrace (most recent call first):
       [0] _switch_view (res://MainGame.gd:1298)
       [1] _open_core_view (res://MainGame.gd:3024)
       [2] <anonymous lambda> (res://MainGame.gd:433)
       [3] _press_button (res://V2021VisualRuntimeQa.gd:259)
       [4] _run_regression (res://V2021VisualRuntimeQa.gd:311)
       [5] _wait_render (res://V2021VisualRuntimeQa.gd:174)
SCRIPT ERROR: Invalid call. Nonexistent function 'refresh_home_loop_state' in base 'GDScript'.
   at: _update_monster_ui (res://MainGame.gd:1219)
   GDScript backtrace (most recent call first):
       [0] _update_monster_ui (res://MainGame.gd:1219)
       [1] _refresh_all (res://MainGame.gd:675)
       [2] commit_spin_local (res://EconomyAuthorityService.gd:31)
       [3] spin (res://WheelSystem.gd:149)
       [4] _on_spin_pressed (res://MainGame.gd:1483)
       [5] _press_button (res://V2021VisualRuntimeQa.gd:259)
       [6] _run_regression (res://V2021VisualRuntimeQa.gd:316)
       [7] _wait_render (res://V2021VisualRuntimeQa.gd:174)
SCRIPT ERROR: Invalid call. Nonexistent function 'refresh_village_loop_state' in base 'GDScript'.
   at: _refresh_p0_village (res://MainGame.gd:2410)
   GDScript backtrace (most recent call first):
       [0] _refresh_p0_village (res://MainGame.gd:2410)
       [1] _refresh_all (res://MainGame.gd:680)
       [2] commit_spin_local (res://EconomyAuthorityService.gd:31)
       [3] spin (res://WheelSystem.gd:149)
       [4] _on_spin_pressed (res://MainGame.gd:1483)
       [5] _press_button (res://V2021VisualRuntimeQa.gd:259)
       [6] _run_regression (res://V2021VisualRuntimeQa.gd:316)
       [7] _wait_render (res://V2021VisualRuntimeQa.gd:174)
SCRIPT ERROR: Invalid call. Nonexistent function 'refresh_reward_session_state' in base 'GDScript'.
   at: _refresh_meta_ui (res://MainGame.gd:1004)
   GDScript backtrace (most recent call first):
       [0] _refresh_meta_ui (res://MainGame.gd:1004)
       [1] _refresh_all (res://MainGame.gd:683)
       [2] commit_spin_local (res://EconomyAuthorityService.gd:31)
       [3] spin (res://WheelSystem.gd:149)
       [4] _on_spin_pressed (res://MainGame.gd:1483)
       [5] _press_button (res://V2021VisualRuntimeQa.gd:259)
       [6] _run_regression (res://V2021VisualRuntimeQa.gd:316)
       [7] _wait_render (res://V2021VisualRuntimeQa.gd:174)
SCRIPT ERROR: Invalid call. Nonexistent function 'style_objective_header' in base 'GDScript'.
   at: _add_objective_header_v152 (res://MainGame.gd:2166)
   GDScript backtrace (most recent call first):
       [0] _add_objective_header_v152 (res://MainGame.gd:2166)
       [1] _rebuild_quests (res://MainGame.gd:2205)
       [2] _refresh_all (res://MainGame.gd:688)
       [3] commit_spin_local (res://EconomyAuthorityService.gd:31)
       [4] spin (res://WheelSystem.gd:149)
       [5] _on_spin_pressed (res://MainGame.gd:1483)
       [6] _press_button (res://V2021VisualRuntimeQa.gd:259)
       [7] _run_regression (res://V2021VisualRuntimeQa.gd:316)
       [8] _wait_render (res://V2021VisualRuntimeQa.gd:174)
SCRIPT ERROR: Invalid call. Nonexistent function 'objective_icon_role' in base 'GDScript'.
   at: _add_objective_row_v152 (res://MainGame.gd:2181)
   GDScript backtrace (most recent call first):
       [0] _add_objective_row_v152 (res://MainGame.gd:2181)
       [1] _rebuild_quests (res://MainGame.gd:2206)
       [2] _refresh_all (res://MainGame.gd:688)
       [3] commit_spin_local (res://EconomyAuthorityService.gd:31)
       [4] spin (res://WheelSystem.gd:149)
       [5] _on_spin_pressed (res://MainGame.gd:1483)
       [6] _press_button (res://V2021VisualRuntimeQa.gd:259)
       [7] _run_regression (res://V2021VisualRuntimeQa.gd:316)
       [8] _wait_render (res://V2021VisualRuntimeQa.gd:174)
SCRIPT ERROR: Invalid call. Nonexistent function 'objective_icon_role' in base 'GDScript'.
   at: _add_objective_row_v152 (res://MainGame.gd:2181)
   GDScript backtrace (most recent call first):
       [0] _add_objective_row_v152 (res://MainGame.gd:2181)
       [1] _rebuild_quests (res://MainGame.gd:2206)
       [2] _refresh_all (res://MainGame.gd:688)
       [3] commit_spin_local (res://EconomyAuthorityService.gd:31)
       [4] spin (res://WheelSystem.gd:149)
       [5] _on_spin_pressed (res://MainGame.gd:1483)
       [6] _press_button (res://V2021VisualRuntimeQa.gd:259)
       [7] _run_regression (res://V2021VisualRuntimeQa.gd:316)
       [8] _wait_render (res://V2021VisualRuntimeQa.gd:174)
SCRIPT ERROR: Invalid call. Nonexistent function 'objective_icon_role' in base 'GDScript'.
   at: _add_objective_row_v152 (res://MainGame.gd:2181)
   GDScript backtrace (most recent call first):
       [0] _add_objective_row_v152 (res://MainGame.gd:2181)
       [1] _rebuild_quests (res://MainGame.gd:2206)
       [2] _refresh_all (res://MainGame.gd:688)
       [3] commit_spin_local (res://EconomyAuthorityService.gd:31)
       [4] spin (res://WheelSystem.gd:149)
       [5] _on_spin_pressed (res://MainGame.gd:1483)
       [6] _press_button (res://V2021VisualRuntimeQa.gd:259)
       [7] _run_regression (res://V2021VisualRuntimeQa.gd:316)
       [8] _wait_render (res://V2021VisualRuntimeQa.gd:174)
SCRIPT ERROR: Invalid call. Nonexistent function 'style_objective_header' in base 'GDScript'.
   at: _add_objective_header_v152 (res://MainGame.gd:2166)
   GDScript backtrace (most recent call first):
       [0] _add_objective_header_v152 (res://MainGame.gd:2166)
       [1] _rebuild_quests (res://MainGame.gd:2205)
       [2] _refresh_all (res://MainGame.gd:688)
       [3] commit_spin_local (res://EconomyAuthorityService.gd:31)
       [4] spin (res://WheelSystem.gd:149)
       [5] _on_spin_pressed (res://MainGame.gd:1483)
       [6] _press_button (res://V2021VisualRuntimeQa.gd:259)
       [7] _run_regression (res://V2021VisualRuntimeQa.gd:316)
       [8] _wait_render (res://V2021VisualRuntimeQa.gd:174)
SCRIPT ERROR: Invalid call. Nonexistent function 'objective_icon_role' in base 'GDScript'.
   at: _add_objective_row_v152 (res://MainGame.gd:2181)
   GDScript backtrace (most recent call first):
       [0] _add_objective_row_v152 (res://MainGame.gd:2181)
       [1] _rebuild_quests (res://MainGame.gd:2206)
       [2] _refresh_all (res://MainGame.gd:688)
       [3] commit_spin_local (res://EconomyAuthorityService.gd:31)
       [4] spin (res://WheelSystem.gd:149)
       [5] _on_spin_pressed (res://MainGame.gd:1483)
       [6] _press_button (res://V2021VisualRuntimeQa.gd:259)
       [7] _run_regression (res://V2021VisualRuntimeQa.gd:316)
       [8] _wait_render (res://V2021VisualRuntimeQa.gd:174)
SCRIPT ERROR: Invalid call. Nonexistent function 'objective_icon_role' in base 'GDScript'.
   at: _add_objective_row_v152 (res://MainGame.gd:2181)
   GDScript backtrace (most recent call first):
       [0] _add_objective_row_v152 (res://MainGame.gd:2181)
       [1] _rebuild_quests (res://MainGame.gd:2206)
       [2] _refresh_all (res://MainGame.gd:688)
       [3] commit_spin_local (res://EconomyAuthorityService.gd:31)
       [4] spin (res://WheelSystem.gd:149)
       [5] _on_spin_pressed (res://MainGame.gd:1483)
       [6] _press_button (res://V2021VisualRuntimeQa.gd:259)
       [7] _run_regression (res://V2021VisualRuntimeQa.gd:316)
       [8] _wait_render (res://V2021VisualRuntimeQa.gd:174)
SCRIPT ERROR: Invalid call. Nonexistent function 'objective_icon_role' in base 'GDScript'.
   at: _add_objective_row_v152 (res://MainGame.gd:2181)
   GDScript backtrace (most recent call first):
       [0] _add_objective_row_v152 (res://MainGame.gd:2181)
       [1] _rebuild_quests (res://MainGame.gd:2206)
       [2] _refresh_all (res://MainGame.gd:688)
       [3] commit_spin_local (res://EconomyAuthorityService.gd:31)
       [4] spin (res://WheelSystem.gd:149)
       [5] _on_spin_pressed (res://MainGame.gd:1483)
       [6] _press_button (res://V2021VisualRuntimeQa.gd:259)
       [7] _run_regression (res://V2021VisualRuntimeQa.gd:316)
       [8] _wait_render (res://V2021VisualRuntimeQa.gd:174)
SCRIPT ERROR: Invalid call. Nonexistent function 'style_objective_header' in base 'GDScript'.
   at: _add_objective_header_v152 (res://MainGame.gd:2166)
   GDScript backtrace (most recent call first):
       [0] _add_objective_header_v152 (res://MainGame.gd:2166)
       [1] _rebuild_quests (res://MainGame.gd:2205)
       [2] _refresh_all (res://MainGame.gd:688)
       [3] commit_spin_local (res://EconomyAuthorityService.gd:31)
       [4] spin (res://WheelSystem.gd:149)
       [5] _on_spin_pressed (res://MainGame.gd:1483)
       [6] _press_button (res://V2021VisualRuntimeQa.gd:259)
       [7] _run_regression (res://V2021VisualRuntimeQa.gd:316)
       [8] _wait_render (res://V2021VisualRuntimeQa.gd:174)
SCRIPT ERROR: Invalid call. Nonexistent function 'objective_icon_role' in base 'GDScript'.
   at: _add_objective_row_v152 (res://MainGame.gd:2181)
   GDScript backtrace (most recent call first):
       [0] _add_objective_row_v152 (res://MainGame.gd:2181)
       [1] _rebuild_quests (res://MainGame.gd:2206)
       [2] _refresh_all (res://MainGame.gd:688)
       [3] commit_spin_local (res://EconomyAuthorityService.gd:31)
       [4] spin (res://WheelSystem.gd:149)
       [5] _on_spin_pressed (res://MainGame.gd:1483)
       [6] _press_button (res://V2021VisualRuntimeQa.gd:259)
       [7] _run_regression (res://V2021VisualRuntimeQa.gd:316)
       [8] _wait_render (res://V2021VisualRuntimeQa.gd:174)
SCRIPT ERROR: Invalid call. Nonexistent function 'objective_icon_role' in base 'GDScript'.
   at: _add_objective_row_v152 (res://MainGame.gd:2181)
   GDScript backtrace (most recent call first):
       [0] _add_objective_row_v152 (res://MainGame.gd:2181)
       [1] _rebuild_quests (res://MainGame.gd:2206)
       [2] _refresh_all (res://MainGame.gd:688)
       [3] commit_spin_local (res://EconomyAuthorityService.gd:31)
       [4] spin (res://WheelSystem.gd:149)
       [5] _on_spin_pressed (res://MainGame.gd:1483)
       [6] _press_button (res://V2021VisualRuntimeQa.gd:259)
       [7] _run_regression (res://V2021VisualRuntimeQa.gd:316)
       [8] _wait_render (res://V2021VisualRuntimeQa.gd:174)
SCRIPT ERROR: Invalid call. Nonexistent function 'objective_icon_role' in base 'GDScript'.
   at: _add_objective_row_v152 (res://MainGame.gd:2181)
   GDScript backtrace (most recent call first):
       [0] _add_objective_row_v152 (res://MainGame.gd:2181)
       [1] _rebuild_quests (res://MainGame.gd:2206)
       [2] _refresh_all (res://MainGame.gd:688)
       [3] commit_spin_local (res://EconomyAuthorityService.gd:31)
       [4] spin (res://WheelSystem.gd:149)
       [5] _on_spin_pressed (res://MainGame.gd:1483)
       [6] _press_button (res://V2021VisualRuntimeQa.gd:259)
       [7] _run_regression (res://V2021VisualRuntimeQa.gd:316)
       [8] _wait_render (res://V2021VisualRuntimeQa.gd:174)
SCRIPT ERROR: Invalid call. Nonexistent function 'objective_icon_role' in base 'GDScript'.
   at: _add_objective_row_v152 (res://MainGame.gd:2181)
   GDScript backtrace (most recent call first):
       [0] _add_objective_row_v152 (res://MainGame.gd:2181)
       [1] _rebuild_quests (res://MainGame.gd:2206)
       [2] _refresh_all (res://MainGame.gd:688)
       [3] commit_spin_local (res://EconomyAuthorityService.gd:31)
       [4] spin (res://WheelSystem.gd:149)
       [5] _on_spin_pressed (res://MainGame.gd:1483)
       [6] _press_button (res://V2021VisualRuntimeQa.gd:259)
       [7] _run_regression (res://V2021VisualRuntimeQa.gd:316)
       [8] _wait_render (res://V2021VisualRuntimeQa.gd:174)
SCRIPT ERROR: Invalid call. Nonexistent function 'objective_icon_role' in base 'GDScript'.
   at: _add_objective_row_v152 (res://MainGame.gd:2181)
   GDScript backtrace (most recent call first):
       [0] _add_objective_row_v152 (res://MainGame.gd:2181)
       [1] _rebuild_quests (res://MainGame.gd:2206)
       [2] _refresh_all (res://MainGame.gd:688)
       [3] commit_spin_local (res://EconomyAuthorityService.gd:31)
       [4] spin (res://WheelSystem.gd:149)
       [5] _on_spin_pressed (res://MainGame.gd:1483)
       [6] _press_button (res://V2021VisualRuntimeQa.gd:259)
       [7] _run_regression (res://V2021VisualRuntimeQa.gd:316)
       [8] _wait_render (res://V2021VisualRuntimeQa.gd:174)
SCRIPT ERROR: Invalid call. Nonexistent function 'style_objective_header' in base 'GDScript'.
   at: _add_objective_header_v152 (res://MainGame.gd:2166)
   GDScript backtrace (most recent call first):
       [0] _add_objective_header_v152 (res://MainGame.gd:2166)
       [1] _rebuild_quests (res://MainGame.gd:2207)
       [2] _refresh_all (res://MainGame.gd:688)
       [3] commit_spin_local (res://EconomyAuthorityService.gd:31)
       [4] spin (res://WheelSystem.gd:149)
       [5] _on_spin_pressed (res://MainGame.gd:1483)
       [6] _press_button (res://V2021VisualRuntimeQa.gd:259)
       [7] _run_regression (res://V2021VisualRuntimeQa.gd:316)
       [8] _wait_render (res://V2021VisualRuntimeQa.gd:174)
SCRIPT ERROR: Invalid call. Nonexistent function 'objective_icon_role' in base 'GDScript'.
   at: _rebuild_quests (res://MainGame.gd:2214)
   GDScript backtrace (most recent call first):
       [0] _rebuild_quests (res://MainGame.gd:2214)
       [1] _refresh_all (res://MainGame.gd:688)
       [2] commit_spin_local (res://EconomyAuthorityService.gd:31)
       [3] spin (res://WheelSystem.gd:149)
       [4] _on_spin_pressed (res://MainGame.gd:1483)
       [5] _press_button (res://V2021VisualRuntimeQa.gd:259)
       [6] _run_regression (res://V2021VisualRuntimeQa.gd:316)
       [7] _wait_render (res://V2021VisualRuntimeQa.gd:174)
SCRIPT ERROR: Invalid call. Nonexistent function 'refresh_progression_state' in base 'GDScript'.
   at: _refresh_progression_p0 (res://MainGame.gd:2903)
   GDScript backtrace (most recent call first):
       [0] _refresh_progression_p0 (res://MainGame.gd:2903)
       [1] _refresh_all (res://MainGame.gd:696)
       [2] commit_spin_local (res://EconomyAuthorityService.gd:31)
       [3] spin (res://WheelSystem.gd:149)
       [4] _on_spin_pressed (res://MainGame.gd:1483)
       [5] _press_button (res://V2021VisualRuntimeQa.gd:259)
       [6] _run_regression (res://V2021VisualRuntimeQa.gd:316)
       [7] _wait_render (res://V2021VisualRuntimeQa.gd:174)
SCRIPT ERROR: Invalid call. Nonexistent function 'refresh_shop_state' in base 'GDScript'.
   at: _refresh_shop_p0 (res://MainGame.gd:2810)
   GDScript backtrace (most recent call first):
       [0] _refresh_shop_p0 (res://MainGame.gd:2810)
       [1] _refresh_all (res://MainGame.gd:697)
       [2] commit_spin_local (res://EconomyAuthorityService.gd:31)
       [3] spin (res://WheelSystem.gd:149)
       [4] _on_spin_pressed (res://MainGame.gd:1483)
       [5] _press_button (res://V2021VisualRuntimeQa.gd:259)
       [6] _run_regression (res://V2021VisualRuntimeQa.gd:316)
       [7] _wait_render (res://V2021VisualRuntimeQa.gd:174)
SCRIPT ERROR: Invalid call. Nonexistent function 'refresh_afk_state' in base 'GDScript'.
   at: _refresh_afk_p0 (res://MainGame.gd:2910)
   GDScript backtrace (most recent call first):
       [0] _refresh_afk_p0 (res://MainGame.gd:2910)
       [1] _refresh_all (res://MainGame.gd:698)
       [2] commit_spin_local (res://EconomyAuthorityService.gd:31)
       [3] spin (res://WheelSystem.gd:149)
       [4] _on_spin_pressed (res://MainGame.gd:1483)
       [5] _press_button (res://V2021VisualRuntimeQa.gd:259)
       [6] _run_regression (res://V2021VisualRuntimeQa.gd:316)
       [7] _wait_render (res://V2021VisualRuntimeQa.gd:174)
[CORE_ANALYTICS] {"event":"spin_request","payload":{"config_version":"v2.0-3reel-p0-06","presentation":"three_reel_machine","spins_after_cost":9},"time_unix":1789103616.588}
SCRIPT ERROR: Invalid call. Nonexistent function 'style_objective_header' in base 'GDScript'.
   at: _add_objective_header_v152 (res://MainGame.gd:2166)
   GDScript backtrace (most recent call first):
       [0] _add_objective_header_v152 (res://MainGame.gd:2166)
       [1] _rebuild_quests (res://MainGame.gd:2205)
       [2] register_action (res://ObjectiveSystem.gd:60)
       [3] _on_spin_pressed (res://MainGame.gd:1502)
       [4] _press_button (res://V2021VisualRuntimeQa.gd:259)
       [5] _run_regression (res://V2021VisualRuntimeQa.gd:316)
       [6] _wait_render (res://V2021VisualRuntimeQa.gd:174)
SCRIPT ERROR: Invalid call. Nonexistent function 'objective_icon_role' in base 'GDScript'.
   at: _add_objective_row_v152 (res://MainGame.gd:2181)
   GDScript backtrace (most recent call first):
       [0] _add_objective_row_v152 (res://MainGame.gd:2181)
       [1] _rebuild_quests (res://MainGame.gd:2206)
       [2] register_action (res://ObjectiveSystem.gd:60)
       [3] _on_spin_pressed (res://MainGame.gd:1502)
       [4] _press_button (res://V2021VisualRuntimeQa.gd:259)
       [5] _run_regression (res://V2021VisualRuntimeQa.gd:316)
       [6] _wait_render (res://V2021VisualRuntimeQa.gd:174)
SCRIPT ERROR: Invalid call. Nonexistent function 'objective_icon_role' in base 'GDScript'.
   at: _add_objective_row_v152 (res://MainGame.gd:2181)
   GDScript backtrace (most recent call first):
       [0] _add_objective_row_v152 (res://MainGame.gd:2181)
       [1] _rebuild_quests (res://MainGame.gd:2206)
       [2] register_action (res://ObjectiveSystem.gd:60)
       [3] _on_spin_pressed (res://MainGame.gd:1502)
       [4] _press_button (res://V2021VisualRuntimeQa.gd:259)
       [5] _run_regression (res://V2021VisualRuntimeQa.gd:316)
       [6] _wait_render (res://V2021VisualRuntimeQa.gd:174)
SCRIPT ERROR: Invalid call. Nonexistent function 'objective_icon_role' in base 'GDScript'.
   at: _add_objective_row_v152 (res://MainGame.gd:2181)
   GDScript backtrace (most recent call first):
       [0] _add_objective_row_v152 (res://MainGame.gd:2181)
       [1] _rebuild_quests (res://MainGame.gd:2206)
       [2] register_action (res://ObjectiveSystem.gd:60)
       [3] _on_spin_pressed (res://MainGame.gd:1502)
       [4] _press_button (res://V2021VisualRuntimeQa.gd:259)
       [5] _run_regression (res://V2021VisualRuntimeQa.gd:316)
       [6] _wait_render (res://V2021VisualRuntimeQa.gd:174)
SCRIPT ERROR: Invalid call. Nonexistent function 'style_objective_header' in base 'GDScript'.
   at: _add_objective_header_v152 (res://MainGame.gd:2166)
   GDScript backtrace (most recent call first):
       [0] _add_objective_header_v152 (res://MainGame.gd:2166)
       [1] _rebuild_quests (res://MainGame.gd:2205)
       [2] register_action (res://ObjectiveSystem.gd:60)
       [3] _on_spin_pressed (res://MainGame.gd:1502)
       [4] _press_button (res://V2021VisualRuntimeQa.gd:259)
       [5] _run_regression (res://V2021VisualRuntimeQa.gd:316)
       [6] _wait_render (res://V2021VisualRuntimeQa.gd:174)
SCRIPT ERROR: Invalid call. Nonexistent function 'objective_icon_role' in base 'GDScript'.
   at: _add_objective_row_v152 (res://MainGame.gd:2181)
   GDScript backtrace (most recent call first):
       [0] _add_objective_row_v152 (res://MainGame.gd:2181)
       [1] _rebuild_quests (res://MainGame.gd:2206)
       [2] register_action (res://ObjectiveSystem.gd:60)
       [3] _on_spin_pressed (res://MainGame.gd:1502)
       [4] _press_button (res://V2021VisualRuntimeQa.gd:259)
       [5] _run_regression (res://V2021VisualRuntimeQa.gd:316)
       [6] _wait_render (res://V2021VisualRuntimeQa.gd:174)
SCRIPT ERROR: Invalid call. Nonexistent function 'objective_icon_role' in base 'GDScript'.
   at: _add_objective_row_v152 (res://MainGame.gd:2181)
   GDScript backtrace (most recent call first):
       [0] _add_objective_row_v152 (res://MainGame.gd:2181)
       [1] _rebuild_quests (res://MainGame.gd:2206)
       [2] register_action (res://ObjectiveSystem.gd:60)
       [3] _on_spin_pressed (res://MainGame.gd:1502)
       [4] _press_button (res://V2021VisualRuntimeQa.gd:259)
       [5] _run_regression (res://V2021VisualRuntimeQa.gd:316)
       [6] _wait_render (res://V2021VisualRuntimeQa.gd:174)
SCRIPT ERROR: Invalid call. Nonexistent function 'objective_icon_role' in base 'GDScript'.
   at: _add_objective_row_v152 (res://MainGame.gd:2181)
   GDScript backtrace (most recent call first):
       [0] _add_objective_row_v152 (res://MainGame.gd:2181)
       [1] _rebuild_quests (res://MainGame.gd:2206)
       [2] register_action (res://ObjectiveSystem.gd:60)
       [3] _on_spin_pressed (res://MainGame.gd:1502)
       [4] _press_button (res://V2021VisualRuntimeQa.gd:259)
       [5] _run_regression (res://V2021VisualRuntimeQa.gd:316)
       [6] _wait_render (res://V2021VisualRuntimeQa.gd:174)
SCRIPT ERROR: Invalid call. Nonexistent function 'style_objective_header' in base 'GDScript'.
   at: _add_objective_header_v152 (res://MainGame.gd:2166)
   GDScript backtrace (most recent call first):
       [0] _add_objective_header_v152 (res://MainGame.gd:2166)
       [1] _rebuild_quests (res://MainGame.gd:2205)
       [2] register_action (res://ObjectiveSystem.gd:60)
       [3] _on_spin_pressed (res://MainGame.gd:1502)
       [4] _press_button (res://V2021VisualRuntimeQa.gd:259)
       [5] _run_regression (res://V2021VisualRuntimeQa.gd:316)
       [6] _wait_render (res://V2021VisualRuntimeQa.gd:174)
SCRIPT ERROR: Invalid call. Nonexistent function 'objective_icon_role' in base 'GDScript'.
   at: _add_objective_row_v152 (res://MainGame.gd:2181)
   GDScript backtrace (most recent call first):
       [0] _add_objective_row_v152 (res://MainGame.gd:2181)
       [1] _rebuild_quests (res://MainGame.gd:2206)
       [2] register_action (res://ObjectiveSystem.gd:60)
       [3] _on_spin_pressed (res://MainGame.gd:1502)
       [4] _press_button (res://V2021VisualRuntimeQa.gd:259)
       [5] _run_regression (res://V2021VisualRuntimeQa.gd:316)
       [6] _wait_render (res://V2021VisualRuntimeQa.gd:174)
SCRIPT ERROR: Invalid call. Nonexistent function 'objective_icon_role' in base 'GDScript'.
   at: _add_objective_row_v152 (res://MainGame.gd:2181)
   GDScript backtrace (most recent call first):
       [0] _add_objective_row_v152 (res://MainGame.gd:2181)
       [1] _rebuild_quests (res://MainGame.gd:2206)
       [2] register_action (res://ObjectiveSystem.gd:60)
       [3] _on_spin_pressed (res://MainGame.gd:1502)
       [4] _press_button (res://V2021VisualRuntimeQa.gd:259)
       [5] _run_regression (res://V2021VisualRuntimeQa.gd:316)
       [6] _wait_render (res://V2021VisualRuntimeQa.gd:174)
SCRIPT ERROR: Invalid call. Nonexistent function 'objective_icon_role' in base 'GDScript'.
   at: _add_objective_row_v152 (res://MainGame.gd:2181)
   GDScript backtrace (most recent call first):
       [0] _add_objective_row_v152 (res://MainGame.gd:2181)
       [1] _rebuild_quests (res://MainGame.gd:2206)
       [2] register_action (res://ObjectiveSystem.gd:60)
       [3] _on_spin_pressed (res://MainGame.gd:1502)
       [4] _press_button (res://V2021VisualRuntimeQa.gd:259)
       [5] _run_regression (res://V2021VisualRuntimeQa.gd:316)
       [6] _wait_render (res://V2021VisualRuntimeQa.gd:174)
SCRIPT ERROR: Invalid call. Nonexistent function 'objective_icon_role' in base 'GDScript'.
   at: _add_objective_row_v152 (res://MainGame.gd:2181)
   GDScript backtrace (most recent call first):
       [0] _add_objective_row_v152 (res://MainGame.gd:2181)
       [1] _rebuild_quests (res://MainGame.gd:2206)
       [2] register_action (res://ObjectiveSystem.gd:60)
       [3] _on_spin_pressed (res://MainGame.gd:1502)
       [4] _press_button (res://V2021VisualRuntimeQa.gd:259)
       [5] _run_regression (res://V2021VisualRuntimeQa.gd:316)
       [6] _wait_render (res://V2021VisualRuntimeQa.gd:174)
SCRIPT ERROR: Invalid call. Nonexistent function 'objective_icon_role' in base 'GDScript'.
   at: _add_objective_row_v152 (res://MainGame.gd:2181)
   GDScript backtrace (most recent call first):
       [0] _add_objective_row_v152 (res://MainGame.gd:2181)
       [1] _rebuild_quests (res://MainGame.gd:2206)
       [2] register_action (res://ObjectiveSystem.gd:60)
       [3] _on_spin_pressed (res://MainGame.gd:1502)
       [4] _press_button (res://V2021VisualRuntimeQa.gd:259)
       [5] _run_regression (res://V2021VisualRuntimeQa.gd:316)
       [6] _wait_render (res://V2021VisualRuntimeQa.gd:174)
SCRIPT ERROR: Invalid call. Nonexistent function 'style_objective_header' in base 'GDScript'.
   at: _add_objective_header_v152 (res://MainGame.gd:2166)
   GDScript backtrace (most recent call first):
       [0] _add_objective_header_v152 (res://MainGame.gd:2166)
       [1] _rebuild_quests (res://MainGame.gd:2207)
       [2] register_action (res://ObjectiveSystem.gd:60)
       [3] _on_spin_pressed (res://MainGame.gd:1502)
       [4] _press_button (res://V2021VisualRuntimeQa.gd:259)
       [5] _run_regression (res://V2021VisualRuntimeQa.gd:316)
       [6] _wait_render (res://V2021VisualRuntimeQa.gd:174)
SCRIPT ERROR: Invalid call. Nonexistent function 'objective_icon_role' in base 'GDScript'.
   at: _rebuild_quests (res://MainGame.gd:2214)
   GDScript backtrace (most recent call first):
       [0] _rebuild_quests (res://MainGame.gd:2214)
       [1] register_action (res://ObjectiveSystem.gd:60)
       [2] _on_spin_pressed (res://MainGame.gd:1502)
       [3] _press_button (res://V2021VisualRuntimeQa.gd:259)
       [4] _run_regression (res://V2021VisualRuntimeQa.gd:316)
       [5] _wait_render (res://V2021VisualRuntimeQa.gd:174)
SCRIPT ERROR: Invalid call. Nonexistent function 'style_objective_header' in base 'GDScript'.
   at: _add_objective_header_v152 (res://MainGame.gd:2166)
   GDScript backtrace (most recent call first):
       [0] _add_objective_header_v152 (res://MainGame.gd:2166)
       [1] _rebuild_quests (res://MainGame.gd:2205)
       [2] add_progress (res://QuestSystem.gd:35)
       [3] _on_spin_pressed (res://MainGame.gd:1504)
       [4] _press_button (res://V2021VisualRuntimeQa.gd:259)
       [5] _run_regression (res://V2021VisualRuntimeQa.gd:316)
       [6] _wait_render (res://V2021VisualRuntimeQa.gd:174)
SCRIPT ERROR: Invalid call. Nonexistent function 'objective_icon_role' in base 'GDScript'.
   at: _add_objective_row_v152 (res://MainGame.gd:2181)
   GDScript backtrace (most recent call first):
       [0] _add_objective_row_v152 (res://MainGame.gd:2181)
       [1] _rebuild_quests (res://MainGame.gd:2206)
       [2] add_progress (res://QuestSystem.gd:35)
       [3] _on_spin_pressed (res://MainGame.gd:1504)
       [4] _press_button (res://V2021VisualRuntimeQa.gd:259)
       [5] _run_regression (res://V2021VisualRuntimeQa.gd:316)
       [6] _wait_render (res://V2021VisualRuntimeQa.gd:174)
SCRIPT ERROR: Invalid call. Nonexistent function 'objective_icon_role' in base 'GDScript'.
   at: _add_objective_row_v152 (res://MainGame.gd:2181)
   GDScript backtrace (most recent call first):
       [0] _add_objective_row_v152 (res://MainGame.gd:2181)
       [1] _rebuild_quests (res://MainGame.gd:2206)
       [2] add_progress (res://QuestSystem.gd:35)
       [3] _on_spin_pressed (res://MainGame.gd:1504)
       [4] _press_button (res://V2021VisualRuntimeQa.gd:259)
       [5] _run_regression (res://V2021VisualRuntimeQa.gd:316)
       [6] _wait_render (res://V2021VisualRuntimeQa.gd:174)
SCRIPT ERROR: Invalid call. Nonexistent function 'objective_icon_role' in base 'GDScript'.
   at: _add_objective_row_v152 (res://MainGame.gd:2181)
   GDScript backtrace (most recent call first):
       [0] _add_objective_row_v152 (res://MainGame.gd:2181)
       [1] _rebuild_quests (res://MainGame.gd:2206)
       [2] add_progress (res://QuestSystem.gd:35)
       [3] _on_spin_pressed (res://MainGame.gd:1504)
       [4] _press_button (res://V2021VisualRuntimeQa.gd:259)
       [5] _run_regression (res://V2021VisualRuntimeQa.gd:316)
       [6] _wait_render (res://V2021VisualRuntimeQa.gd:174)
SCRIPT ERROR: Invalid call. Nonexistent function 'style_objective_header' in base 'GDScript'.
   at: _add_objective_header_v152 (res://MainGame.gd:2166)
   GDScript backtrace (most recent call first):
       [0] _add_objective_header_v152 (res://MainGame.gd:2166)
       [1] _rebuild_quests (res://MainGame.gd:2205)
       [2] add_progress (res://QuestSystem.gd:35)
       [3] _on_spin_pressed (res://MainGame.gd:1504)
       [4] _press_button (res://V2021VisualRuntimeQa.gd:259)
       [5] _run_regression (res://V2021VisualRuntimeQa.gd:316)
       [6] _wait_render (res://V2021VisualRuntimeQa.gd:174)
SCRIPT ERROR: Invalid call. Nonexistent function 'objective_icon_role' in base 'GDScript'.
   at: _add_objective_row_v152 (res://MainGame.gd:2181)
   GDScript backtrace (most recent call first):
       [0] _add_objective_row_v152 (res://MainGame.gd:2181)
       [1] _rebuild_quests (res://MainGame.gd:2206)
       [2] add_progress (res://QuestSystem.gd:35)
       [3] _on_spin_pressed (res://MainGame.gd:1504)
       [4] _press_button (res://V2021VisualRuntimeQa.gd:259)
       [5] _run_regression (res://V2021VisualRuntimeQa.gd:316)
       [6] _wait_render (res://V2021VisualRuntimeQa.gd:174)
SCRIPT ERROR: Invalid call. Nonexistent function 'objective_icon_role' in base 'GDScript'.
   at: _add_objective_row_v152 (res://MainGame.gd:2181)
   GDScript backtrace (most recent call first):
       [0] _add_objective_row_v152 (res://MainGame.gd:2181)
       [1] _rebuild_quests (res://MainGame.gd:2206)
       [2] add_progress (res://QuestSystem.gd:35)
       [3] _on_spin_pressed (res://MainGame.gd:1504)
       [4] _press_button (res://V2021VisualRuntimeQa.gd:259)
       [5] _run_regression (res://V2021VisualRuntimeQa.gd:316)
       [6] _wait_render (res://V2021VisualRuntimeQa.gd:174)
SCRIPT ERROR: Invalid call. Nonexistent function 'objective_icon_role' in base 'GDScript'.
   at: _add_objective_row_v152 (res://MainGame.gd:2181)
   GDScript backtrace (most recent call first):
       [0] _add_objective_row_v152 (res://MainGame.gd:2181)
       [1] _rebuild_quests (res://MainGame.gd:2206)
       [2] add_progress (res://QuestSystem.gd:35)
       [3] _on_spin_pressed (res://MainGame.gd:1504)
       [4] _press_button (res://V2021VisualRuntimeQa.gd:259)
       [5] _run_regression (res://V2021VisualRuntimeQa.gd:316)
       [6] _wait_render (res://V2021VisualRuntimeQa.gd:174)
SCRIPT ERROR: Invalid call. Nonexistent function 'style_objective_header' in base 'GDScript'.
   at: _add_objective_header_v152 (res://MainGame.gd:2166)
   GDScript backtrace (most recent call first):
       [0] _add_objective_header_v152 (res://MainGame.gd:2166)
       [1] _rebuild_quests (res://MainGame.gd:2205)
       [2] add_progress (res://QuestSystem.gd:35)
       [3] _on_spin_pressed (res://MainGame.gd:1504)
       [4] _press_button (res://V2021VisualRuntimeQa.gd:259)
       [5] _run_regression (res://V2021VisualRuntimeQa.gd:316)
       [6] _wait_render (res://V2021VisualRuntimeQa.gd:174)
SCRIPT ERROR: Invalid call. Nonexistent function 'objective_icon_role' in base 'GDScript'.
   at: _add_objective_row_v152 (res://MainGame.gd:2181)
   GDScript backtrace (most recent call first):
       [0] _add_objective_row_v152 (res://MainGame.gd:2181)
       [1] _rebuild_quests (res://MainGame.gd:2206)
       [2] add_progress (res://QuestSystem.gd:35)
       [3] _on_spin_pressed (res://MainGame.gd:1504)
       [4] _press_button (res://V2021VisualRuntimeQa.gd:259)
       [5] _run_regression (res://V2021VisualRuntimeQa.gd:316)
       [6] _wait_render (res://V2021VisualRuntimeQa.gd:174)
SCRIPT ERROR: Invalid call. Nonexistent function 'objective_icon_role' in base 'GDScript'.
   at: _add_objective_row_v152 (res://MainGame.gd:2181)
   GDScript backtrace (most recent call first):
       [0] _add_objective_row_v152 (res://MainGame.gd:2181)
       [1] _rebuild_quests (res://MainGame.gd:2206)
       [2] add_progress (res://QuestSystem.gd:35)
       [3] _on_spin_pressed (res://MainGame.gd:1504)
       [4] _press_button (res://V2021VisualRuntimeQa.gd:259)
       [5] _run_regression (res://V2021VisualRuntimeQa.gd:316)
       [6] _wait_render (res://V2021VisualRuntimeQa.gd:174)
SCRIPT ERROR: Invalid call. Nonexistent function 'objective_icon_role' in base 'GDScript'.
   at: _add_objective_row_v152 (res://MainGame.gd:2181)
   GDScript backtrace (most recent call first):
       [0] _add_objective_row_v152 (res://MainGame.gd:2181)
       [1] _rebuild_quests (res://MainGame.gd:2206)
       [2] add_progress (res://QuestSystem.gd:35)
       [3] _on_spin_pressed (res://MainGame.gd:1504)
       [4] _press_button (res://V2021VisualRuntimeQa.gd:259)
       [5] _run_regression (res://V2021VisualRuntimeQa.gd:316)
       [6] _wait_render (res://V2021VisualRuntimeQa.gd:174)
SCRIPT ERROR: Invalid call. Nonexistent function 'objective_icon_role' in base 'GDScript'.
   at: _add_objective_row_v152 (res://MainGame.gd:2181)
   GDScript backtrace (most recent call first):
       [0] _add_objective_row_v152 (res://MainGame.gd:2181)
       [1] _rebuild_quests (res://MainGame.gd:2206)
       [2] add_progress (res://QuestSystem.gd:35)
       [3] _on_spin_pressed (res://MainGame.gd:1504)
       [4] _press_button (res://V2021VisualRuntimeQa.gd:259)
       [5] _run_regression (res://V2021VisualRuntimeQa.gd:316)
       [6] _wait_render (res://V2021VisualRuntimeQa.gd:174)
SCRIPT ERROR: Invalid call. Nonexistent function 'objective_icon_role' in base 'GDScript'.
   at: _add_objective_row_v152 (res://MainGame.gd:2181)
   GDScript backtrace (most recent call first):
       [0] _add_objective_row_v152 (res://MainGame.gd:2181)
       [1] _rebuild_quests (res://MainGame.gd:2206)
       [2] add_progress (res://QuestSystem.gd:35)
       [3] _on_spin_pressed (res://MainGame.gd:1504)
       [4] _press_button (res://V2021VisualRuntimeQa.gd:259)
       [5] _run_regression (res://V2021VisualRuntimeQa.gd:316)
       [6] _wait_render (res://V2021VisualRuntimeQa.gd:174)
SCRIPT ERROR: Invalid call. Nonexistent function 'style_objective_header' in base 'GDScript'.
   at: _add_objective_header_v152 (res://MainGame.gd:2166)
   GDScript backtrace (most recent call first):
       [0] _add_objective_header_v152 (res://MainGame.gd:2166)
       [1] _rebuild_quests (res://MainGame.gd:2207)
       [2] add_progress (res://QuestSystem.gd:35)
       [3] _on_spin_pressed (res://MainGame.gd:1504)
       [4] _press_button (res://V2021VisualRuntimeQa.gd:259)
       [5] _run_regression (res://V2021VisualRuntimeQa.gd:316)
       [6] _wait_render (res://V2021VisualRuntimeQa.gd:174)
SCRIPT ERROR: Invalid call. Nonexistent function 'objective_icon_role' in base 'GDScript'.
   at: _rebuild_quests (res://MainGame.gd:2214)
   GDScript backtrace (most recent call first):
       [0] _rebuild_quests (res://MainGame.gd:2214)
       [1] add_progress (res://QuestSystem.gd:35)
       [2] _on_spin_pressed (res://MainGame.gd:1504)
       [3] _press_button (res://V2021VisualRuntimeQa.gd:259)
       [4] _run_regression (res://V2021VisualRuntimeQa.gd:316)
       [5] _wait_render (res://V2021VisualRuntimeQa.gd:174)
[CORE_ANALYTICS] {"event":"spin_result","payload":{"authority_request_id":"realm_spin_24594169_2950928491","authority_revision":3,"config_version":"v2.0-3reel-p0-06","payline_match":true,"reel_stop_ids":["reel_1_stop_0_gold_small","reel_2_stop_0_gold_small","reel_3_stop_0_gold_small"],"reel_stops":[0,0,0],"result_id":"spin_1789103616_2_1789109007905231","reward_id":"gold_small","reward_type":"gold","reward_value":97,"segment_id":"gold_small","visual_seed":1789109005411852},"time_unix":1789103616.619}
SCRIPT ERROR: Invalid call. Nonexistent function 'refresh_home_loop_state' in base 'GDScript'.
   at: _update_monster_ui (res://MainGame.gd:1219)
   GDScript backtrace (most recent call first):
       [0] _update_monster_ui (res://MainGame.gd:1219)
       [1] _refresh_all (res://MainGame.gd:675)
       [2] @shields_setter (res://PlayerData.gd:14)
       [3] apply_save_data (res://PlayerData.gd:150)
       [4] load_game (res://SaveGame.gd:150)
       [5] _run_regression (res://V2021VisualRuntimeQa.gd:322)
       [6] _wait_render (res://V2021VisualRuntimeQa.gd:174)
SCRIPT ERROR: Invalid call. Nonexistent function 'refresh_village_loop_state' in base 'GDScript'.
   at: _refresh_p0_village (res://MainGame.gd:2410)
   GDScript backtrace (most recent call first):
       [0] _refresh_p0_village (res://MainGame.gd:2410)
       [1] _refresh_all (res://MainGame.gd:680)
       [2] @shields_setter (res://PlayerData.gd:14)
       [3] apply_save_data (res://PlayerData.gd:150)
       [4] load_game (res://SaveGame.gd:150)
       [5] _run_regression (res://V2021VisualRuntimeQa.gd:322)
       [6] _wait_render (res://V2021VisualRuntimeQa.gd:174)
SCRIPT ERROR: Invalid call. Nonexistent function 'refresh_reward_session_state' in base 'GDScript'.
   at: _refresh_meta_ui (res://MainGame.gd:1004)
   GDScript backtrace (most recent call first):
       [0] _refresh_meta_ui (res://MainGame.gd:1004)
       [1] _refresh_all (res://MainGame.gd:683)
       [2] @shields_setter (res://PlayerData.gd:14)
       [3] apply_save_data (res://PlayerData.gd:150)
       [4] load_game (res://SaveGame.gd:150)
       [5] _run_regression (res://V2021VisualRuntimeQa.gd:322)
       [6] _wait_render (res://V2021VisualRuntimeQa.gd:174)
SCRIPT ERROR: Invalid call. Nonexistent function 'style_objective_header' in base 'GDScript'.
   at: _add_objective_header_v152 (res://MainGame.gd:2166)
   GDScript backtrace (most recent call first):
       [0] _add_objective_header_v152 (res://MainGame.gd:2166)
       [1] _rebuild_quests (res://MainGame.gd:2205)
       [2] _refresh_all (res://MainGame.gd:688)
       [3] @shields_setter (res://PlayerData.gd:14)
       [4] apply_save_data (res://PlayerData.gd:150)
       [5] load_game (res://SaveGame.gd:150)
       [6] _run_regression (res://V2021VisualRuntimeQa.gd:322)
       [7] _wait_render (res://V2021VisualRuntimeQa.gd:174)
SCRIPT ERROR: Invalid call. Nonexistent function 'objective_icon_role' in base 'GDScript'.
   at: _add_objective_row_v152 (res://MainGame.gd:2181)
   GDScript backtrace (most recent call first):
       [0] _add_objective_row_v152 (res://MainGame.gd:2181)
       [1] _rebuild_quests (res://MainGame.gd:2206)
       [2] _refresh_all (res://MainGame.gd:688)
       [3] @shields_setter (res://PlayerData.gd:14)
       [4] apply_save_data (res://PlayerData.gd:150)
       [5] load_game (res://SaveGame.gd:150)
       [6] _run_regression (res://V2021VisualRuntimeQa.gd:322)
       [7] _wait_render (res://V2021VisualRuntimeQa.gd:174)
SCRIPT ERROR: Invalid call. Nonexistent function 'objective_icon_role' in base 'GDScript'.
   at: _add_objective_row_v152 (res://MainGame.gd:2181)
   GDScript backtrace (most recent call first):
       [0] _add_objective_row_v152 (res://MainGame.gd:2181)
       [1] _rebuild_quests (res://MainGame.gd:2206)
       [2] _refresh_all (res://MainGame.gd:688)
       [3] @shields_setter (res://PlayerData.gd:14)
       [4] apply_save_data (res://PlayerData.gd:150)
       [5] load_game (res://SaveGame.gd:150)
       [6] _run_regression (res://V2021VisualRuntimeQa.gd:322)
       [7] _wait_render (res://V2021VisualRuntimeQa.gd:174)
SCRIPT ERROR: Invalid call. Nonexistent function 'objective_icon_role' in base 'GDScript'.
   at: _add_objective_row_v152 (res://MainGame.gd:2181)
   GDScript backtrace (most recent call first):
       [0] _add_objective_row_v152 (res://MainGame.gd:2181)
       [1] _rebuild_quests (res://MainGame.gd:2206)
       [2] _refresh_all (res://MainGame.gd:688)
       [3] @shields_setter (res://PlayerData.gd:14)
       [4] apply_save_data (res://PlayerData.gd:150)
       [5] load_game (res://SaveGame.gd:150)
       [6] _run_regression (res://V2021VisualRuntimeQa.gd:322)
       [7] _wait_render (res://V2021VisualRuntimeQa.gd:174)
SCRIPT ERROR: Invalid call. Nonexistent function 'style_objective_header' in base 'GDScript'.
   at: _add_objective_header_v152 (res://MainGame.gd:2166)
   GDScript backtrace (most recent call first):
       [0] _add_objective_header_v152 (res://MainGame.gd:2166)
       [1] _rebuild_quests (res://MainGame.gd:2205)
       [2] _refresh_all (res://MainGame.gd:688)
       [3] @shields_setter (res://PlayerData.gd:14)
       [4] apply_save_data (res://PlayerData.gd:150)
       [5] load_game (res://SaveGame.gd:150)
       [6] _run_regression (res://V2021VisualRuntimeQa.gd:322)
       [7] _wait_render (res://V2021VisualRuntimeQa.gd:174)
SCRIPT ERROR: Invalid call. Nonexistent function 'objective_icon_role' in base 'GDScript'.
   at: _add_objective_row_v152 (res://MainGame.gd:2181)
   GDScript backtrace (most recent call first):
       [0] _add_objective_row_v152 (res://MainGame.gd:2181)
       [1] _rebuild_quests (res://MainGame.gd:2206)
       [2] _refresh_all (res://MainGame.gd:688)
       [3] @shields_setter (res://PlayerData.gd:14)
       [4] apply_save_data (res://PlayerData.gd:150)
       [5] load_game (res://SaveGame.gd:150)
       [6] _run_regression (res://V2021VisualRuntimeQa.gd:322)
       [7] _wait_render (res://V2021VisualRuntimeQa.gd:174)
SCRIPT ERROR: Invalid call. Nonexistent function 'objective_icon_role' in base 'GDScript'.
   at: _add_objective_row_v152 (res://MainGame.gd:2181)
   GDScript backtrace (most recent call first):
       [0] _add_objective_row_v152 (res://MainGame.gd:2181)
       [1] _rebuild_quests (res://MainGame.gd:2206)
       [2] _refresh_all (res://MainGame.gd:688)
       [3] @shields_setter (res://PlayerData.gd:14)
       [4] apply_save_data (res://PlayerData.gd:150)
       [5] load_game (res://SaveGame.gd:150)
       [6] _run_regression (res://V2021VisualRuntimeQa.gd:322)
       [7] _wait_render (res://V2021VisualRuntimeQa.gd:174)
SCRIPT ERROR: Invalid call. Nonexistent function 'objective_icon_role' in base 'GDScript'.
   at: _add_objective_row_v152 (res://MainGame.gd:2181)
   GDScript backtrace (most recent call first):
       [0] _add_objective_row_v152 (res://MainGame.gd:2181)
       [1] _rebuild_quests (res://MainGame.gd:2206)
       [2] _refresh_all (res://MainGame.gd:688)
       [3] @shields_setter (res://PlayerData.gd:14)
       [4] apply_save_data (res://PlayerData.gd:150)
       [5] load_game (res://SaveGame.gd:150)
       [6] _run_regression (res://V2021VisualRuntimeQa.gd:322)
       [7] _wait_render (res://V2021VisualRuntimeQa.gd:174)
SCRIPT ERROR: Invalid call. Nonexistent function 'style_objective_header' in base 'GDScript'.
   at: _add_objective_header_v152 (res://MainGame.gd:2166)
   GDScript backtrace (most recent call first):
       [0] _add_objective_header_v152 (res://MainGame.gd:2166)
       [1] _rebuild_quests (res://MainGame.gd:2205)
       [2] _refresh_all (res://MainGame.gd:688)
       [3] @shields_setter (res://PlayerData.gd:14)
       [4] apply_save_data (res://PlayerData.gd:150)
       [5] load_game (res://SaveGame.gd:150)
       [6] _run_regression (res://V2021VisualRuntimeQa.gd:322)
       [7] _wait_render (res://V2021VisualRuntimeQa.gd:174)
SCRIPT ERROR: Invalid call. Nonexistent function 'objective_icon_role' in base 'GDScript'.
   at: _add_objective_row_v152 (res://MainGame.gd:2181)
   GDScript backtrace (most recent call first):
       [0] _add_objective_row_v152 (res://MainGame.gd:2181)
       [1] _rebuild_quests (res://MainGame.gd:2206)
       [2] _refresh_all (res://MainGame.gd:688)
       [3] @shields_setter (res://PlayerData.gd:14)
       [4] apply_save_data (res://PlayerData.gd:150)
       [5] load_game (res://SaveGame.gd:150)
       [6] _run_regression (res://V2021VisualRuntimeQa.gd:322)
       [7] _wait_render (res://V2021VisualRuntimeQa.gd:174)
SCRIPT ERROR: Invalid call. Nonexistent function 'objective_icon_role' in base 'GDScript'.
   at: _add_objective_row_v152 (res://MainGame.gd:2181)
   GDScript backtrace (most recent call first):
       [0] _add_objective_row_v152 (res://MainGame.gd:2181)
       [1] _rebuild_quests (res://MainGame.gd:2206)
       [2] _refresh_all (res://MainGame.gd:688)
       [3] @shields_setter (res://PlayerData.gd:14)
       [4] apply_save_data (res://PlayerData.gd:150)
       [5] load_game (res://SaveGame.gd:150)
       [6] _run_regression (res://V2021VisualRuntimeQa.gd:322)
       [7] _wait_render (res://V2021VisualRuntimeQa.gd:174)
SCRIPT ERROR: Invalid call. Nonexistent function 'objective_icon_role' in base 'GDScript'.
   at: _add_objective_row_v152 (res://MainGame.gd:2181)
   GDScript backtrace (most recent call first):
       [0] _add_objective_row_v152 (res://MainGame.gd:2181)
       [1] _rebuild_quests (res://MainGame.gd:2206)
       [2] _refresh_all (res://MainGame.gd:688)
       [3] @shields_setter (res://PlayerData.gd:14)
       [4] apply_save_data (res://PlayerData.gd:150)
       [5] load_game (res://SaveGame.gd:150)
       [6] _run_regression (res://V2021VisualRuntimeQa.gd:322)
       [7] _wait_render (res://V2021VisualRuntimeQa.gd:174)
SCRIPT ERROR: Invalid call. Nonexistent function 'objective_icon_role' in base 'GDScript'.
   at: _add_objective_row_v152 (res://MainGame.gd:2181)
   GDScript backtrace (most recent call first):
       [0] _add_objective_row_v152 (res://MainGame.gd:2181)
       [1] _rebuild_quests (res://MainGame.gd:2206)
       [2] _refresh_all (res://MainGame.gd:688)
       [3] @shields_setter (res://PlayerData.gd:14)
       [4] apply_save_data (res://PlayerData.gd:150)
       [5] load_game (res://SaveGame.gd:150)
       [6] _run_regression (res://V2021VisualRuntimeQa.gd:322)
       [7] _wait_render (res://V2021VisualRuntimeQa.gd:174)
SCRIPT ERROR: Invalid call. Nonexistent function 'objective_icon_role' in base 'GDScript'.
   at: _add_objective_row_v152 (res://MainGame.gd:2181)
   GDScript backtrace (most recent call first):
       [0] _add_objective_row_v152 (res://MainGame.gd:2181)
       [1] _rebuild_quests (res://MainGame.gd:2206)
       [2] _refresh_all (res://MainGame.gd:688)
       [3] @shields_setter (res://PlayerData.gd:14)
       [4] apply_save_data (res://PlayerData.gd:150)
       [5] load_game (res://SaveGame.gd:150)
       [6] _run_regression (res://V2021VisualRuntimeQa.gd:322)
       [7] _wait_render (res://V2021VisualRuntimeQa.gd:174)
SCRIPT ERROR: Invalid call. Nonexistent function 'style_objective_header' in base 'GDScript'.
   at: _add_objective_header_v152 (res://MainGame.gd:2166)
   GDScript backtrace (most recent call first):
       [0] _add_objective_header_v152 (res://MainGame.gd:2166)
       [1] _rebuild_quests (res://MainGame.gd:2207)
       [2] _refresh_all (res://MainGame.gd:688)
       [3] @shields_setter (res://PlayerData.gd:14)
       [4] apply_save_data (res://PlayerData.gd:150)
       [5] load_game (res://SaveGame.gd:150)
       [6] _run_regression (res://V2021VisualRuntimeQa.gd:322)
       [7] _wait_render (res://V2021VisualRuntimeQa.gd:174)
SCRIPT ERROR: Invalid call. Nonexistent function 'objective_icon_role' in base 'GDScript'.
   at: _rebuild_quests (res://MainGame.gd:2214)
   GDScript backtrace (most recent call first):
       [0] _rebuild_quests (res://MainGame.gd:2214)
       [1] _refresh_all (res://MainGame.gd:688)
       [2] @shields_setter (res://PlayerData.gd:14)
       [3] apply_save_data (res://PlayerData.gd:150)
       [4] load_game (res://SaveGame.gd:150)
       [5] _run_regression (res://V2021VisualRuntimeQa.gd:322)
       [6] _wait_render (res://V2021VisualRuntimeQa.gd:174)
SCRIPT ERROR: Invalid call. Nonexistent function 'refresh_progression_state' in base 'GDScript'.
   at: _refresh_progression_p0 (res://MainGame.gd:2903)
   GDScript backtrace (most recent call first):
       [0] _refresh_progression_p0 (res://MainGame.gd:2903)
       [1] _refresh_all (res://MainGame.gd:696)
       [2] @shields_setter (res://PlayerData.gd:14)
       [3] apply_save_data (res://PlayerData.gd:150)
       [4] load_game (res://SaveGame.gd:150)
       [5] _run_regression (res://V2021VisualRuntimeQa.gd:322)
       [6] _wait_render (res://V2021VisualRuntimeQa.gd:174)
SCRIPT ERROR: Invalid call. Nonexistent function 'refresh_shop_state' in base 'GDScript'.
   at: _refresh_shop_p0 (res://MainGame.gd:2810)
   GDScript backtrace (most recent call first):
       [0] _refresh_shop_p0 (res://MainGame.gd:2810)
       [1] _refresh_all (res://MainGame.gd:697)
       [2] @shields_setter (res://PlayerData.gd:14)
       [3] apply_save_data (res://PlayerData.gd:150)
       [4] load_game (res://SaveGame.gd:150)
       [5] _run_regression (res://V2021VisualRuntimeQa.gd:322)
       [6] _wait_render (res://V2021VisualRuntimeQa.gd:174)
SCRIPT ERROR: Invalid call. Nonexistent function 'refresh_afk_state' in base 'GDScript'.
   at: _refresh_afk_p0 (res://MainGame.gd:2910)
   GDScript backtrace (most recent call first):
       [0] _refresh_afk_p0 (res://MainGame.gd:2910)
       [1] _refresh_all (res://MainGame.gd:698)
       [2] @shields_setter (res://PlayerData.gd:14)
       [3] apply_save_data (res://PlayerData.gd:150)
       [4] load_game (res://SaveGame.gd:150)
       [5] _run_regression (res://V2021VisualRuntimeQa.gd:322)
       [6] _wait_render (res://V2021VisualRuntimeQa.gd:174)
SCRIPT ERROR: Invalid call. Nonexistent function 'refresh_home_loop_state' in base 'GDScript'.
   at: _update_monster_ui (res://MainGame.gd:1219)
   GDScript backtrace (most recent call first):
       [0] _update_monster_ui (res://MainGame.gd:1219)
       [1] _refresh_all (res://MainGame.gd:675)
       [2] apply_save_data (res://PlayerData.gd:163)
       [3] load_game (res://SaveGame.gd:150)
       [4] _run_regression (res://V2021VisualRuntimeQa.gd:322)
       [5] _wait_render (res://V2021VisualRuntimeQa.gd:174)
SCRIPT ERROR: Invalid call. Nonexistent function 'refresh_village_loop_state' in base 'GDScript'.
   at: _refresh_p0_village (res://MainGame.gd:2410)
   GDScript backtrace (most recent call first):
       [0] _refresh_p0_village (res://MainGame.gd:2410)
       [1] _refresh_all (res://MainGame.gd:680)
       [2] apply_save_data (res://PlayerData.gd:163)
       [3] load_game (res://SaveGame.gd:150)
       [4] _run_regression (res://V2021VisualRuntimeQa.gd:322)
       [5] _wait_render (res://V2021VisualRuntimeQa.gd:174)
SCRIPT ERROR: Invalid call. Nonexistent function 'refresh_reward_session_state' in base 'GDScript'.
   at: _refresh_meta_ui (res://MainGame.gd:1004)
   GDScript backtrace (most recent call first):
       [0] _refresh_meta_ui (res://MainGame.gd:1004)
       [1] _refresh_all (res://MainGame.gd:683)
       [2] apply_save_data (res://PlayerData.gd:163)
       [3] load_game (res://SaveGame.gd:150)
       [4] _run_regression (res://V2021VisualRuntimeQa.gd:322)
       [5] _wait_render (res://V2021VisualRuntimeQa.gd:174)
SCRIPT ERROR: Invalid call. Nonexistent function 'style_objective_header' in base 'GDScript'.
   at: _add_objective_header_v152 (res://MainGame.gd:2166)
   GDScript backtrace (most recent call first):
       [0] _add_objective_header_v152 (res://MainGame.gd:2166)
       [1] _rebuild_quests (res://MainGame.gd:2205)
       [2] _refresh_all (res://MainGame.gd:688)
       [3] apply_save_data (res://PlayerData.gd:163)
       [4] load_game (res://SaveGame.gd:150)
       [5] _run_regression (res://V2021VisualRuntimeQa.gd:322)
       [6] _wait_render (res://V2021VisualRuntimeQa.gd:174)
SCRIPT ERROR: Invalid call. Nonexistent function 'objective_icon_role' in base 'GDScript'.
   at: _add_objective_row_v152 (res://MainGame.gd:2181)
   GDScript backtrace (most recent call first):
       [0] _add_objective_row_v152 (res://MainGame.gd:2181)
       [1] _rebuild_quests (res://MainGame.gd:2206)
       [2] _refresh_all (res://MainGame.gd:688)
       [3] apply_save_data (res://PlayerData.gd:163)
       [4] load_game (res://SaveGame.gd:150)
       [5] _run_regression (res://V2021VisualRuntimeQa.gd:322)
       [6] _wait_render (res://V2021VisualRuntimeQa.gd:174)
SCRIPT ERROR: Invalid call. Nonexistent function 'objective_icon_role' in base 'GDScript'.
   at: _add_objective_row_v152 (res://MainGame.gd:2181)
   GDScript backtrace (most recent call first):
       [0] _add_objective_row_v152 (res://MainGame.gd:2181)
       [1] _rebuild_quests (res://MainGame.gd:2206)
       [2] _refresh_all (res://MainGame.gd:688)
       [3] apply_save_data (res://PlayerData.gd:163)
       [4] load_game (res://SaveGame.gd:150)
       [5] _run_regression (res://V2021VisualRuntimeQa.gd:322)
       [6] _wait_render (res://V2021VisualRuntimeQa.gd:174)
SCRIPT ERROR: Invalid call. Nonexistent function 'objective_icon_role' in base 'GDScript'.
   at: _add_objective_row_v152 (res://MainGame.gd:2181)
   GDScript backtrace (most recent call first):
       [0] _add_objective_row_v152 (res://MainGame.gd:2181)
       [1] _rebuild_quests (res://MainGame.gd:2206)
       [2] _refresh_all (res://MainGame.gd:688)
       [3] apply_save_data (res://PlayerData.gd:163)
       [4] load_game (res://SaveGame.gd:150)
       [5] _run_regression (res://V2021VisualRuntimeQa.gd:322)
       [6] _wait_render (res://V2021VisualRuntimeQa.gd:174)
SCRIPT ERROR: Invalid call. Nonexistent function 'style_objective_header' in base 'GDScript'.
   at: _add_objective_header_v152 (res://MainGame.gd:2166)
   GDScript backtrace (most recent call first):
       [0] _add_objective_header_v152 (res://MainGame.gd:2166)
       [1] _rebuild_quests (res://MainGame.gd:2205)
       [2] _refresh_all (res://MainGame.gd:688)
       [3] apply_save_data (res://PlayerData.gd:163)
       [4] load_game (res://SaveGame.gd:150)
       [5] _run_regression (res://V2021VisualRuntimeQa.gd:322)
       [6] _wait_render (res://V2021VisualRuntimeQa.gd:174)
SCRIPT ERROR: Invalid call. Nonexistent function 'objective_icon_role' in base 'GDScript'.
   at: _add_objective_row_v152 (res://MainGame.gd:2181)
   GDScript backtrace (most recent call first):
       [0] _add_objective_row_v152 (res://MainGame.gd:2181)
       [1] _rebuild_quests (res://MainGame.gd:2206)
       [2] _refresh_all (res://MainGame.gd:688)
       [3] apply_save_data (res://PlayerData.gd:163)
       [4] load_game (res://SaveGame.gd:150)
       [5] _run_regression (res://V2021VisualRuntimeQa.gd:322)
       [6] _wait_render (res://V2021VisualRuntimeQa.gd:174)
SCRIPT ERROR: Invalid call. Nonexistent function 'objective_icon_role' in base 'GDScript'.
   at: _add_objective_row_v152 (res://MainGame.gd:2181)
   GDScript backtrace (most recent call first):
       [0] _add_objective_row_v152 (res://MainGame.gd:2181)
       [1] _rebuild_quests (res://MainGame.gd:2206)
       [2] _refresh_all (res://MainGame.gd:688)
       [3] apply_save_data (res://PlayerData.gd:163)
       [4] load_game (res://SaveGame.gd:150)
       [5] _run_regression (res://V2021VisualRuntimeQa.gd:322)
       [6] _wait_render (res://V2021VisualRuntimeQa.gd:174)
SCRIPT ERROR: Invalid call. Nonexistent function 'objective_icon_role' in base 'GDScript'.
   at: _add_objective_row_v152 (res://MainGame.gd:2181)
   GDScript backtrace (most recent call first):
       [0] _add_objective_row_v152 (res://MainGame.gd:2181)
       [1] _rebuild_quests (res://MainGame.gd:2206)
       [2] _refresh_all (res://MainGame.gd:688)
       [3] apply_save_data (res://PlayerData.gd:163)
       [4] load_game (res://SaveGame.gd:150)
       [5] _run_regression (res://V2021VisualRuntimeQa.gd:322)
       [6] _wait_render (res://V2021VisualRuntimeQa.gd:174)
SCRIPT ERROR: Invalid call. Nonexistent function 'style_objective_header' in base 'GDScript'.
   at: _add_objective_header_v152 (res://MainGame.gd:2166)
   GDScript backtrace (most recent call first):
       [0] _add_objective_header_v152 (res://MainGame.gd:2166)
       [1] _rebuild_quests (res://MainGame.gd:2205)
       [2] _refresh_all (res://MainGame.gd:688)
       [3] apply_save_data (res://PlayerData.gd:163)
       [4] load_game (res://SaveGame.gd:150)
       [5] _run_regression (res://V2021VisualRuntimeQa.gd:322)
       [6] _wait_render (res://V2021VisualRuntimeQa.gd:174)
SCRIPT ERROR: Invalid call. Nonexistent function 'objective_icon_role' in base 'GDScript'.
   at: _add_objective_row_v152 (res://MainGame.gd:2181)
   GDScript backtrace (most recent call first):
       [0] _add_objective_row_v152 (res://MainGame.gd:2181)
       [1] _rebuild_quests (res://MainGame.gd:2206)
       [2] _refresh_all (res://MainGame.gd:688)
       [3] apply_save_data (res://PlayerData.gd:163)
       [4] load_game (res://SaveGame.gd:150)
       [5] _run_regression (res://V2021VisualRuntimeQa.gd:322)
       [6] _wait_render (res://V2021VisualRuntimeQa.gd:174)
SCRIPT ERROR: Invalid call. Nonexistent function 'objective_icon_role' in base 'GDScript'.
   at: _add_objective_row_v152 (res://MainGame.gd:2181)
   GDScript backtrace (most recent call first):
       [0] _add_objective_row_v152 (res://MainGame.gd:2181)
       [1] _rebuild_quests (res://MainGame.gd:2206)
       [2] _refresh_all (res://MainGame.gd:688)
       [3] apply_save_data (res://PlayerData.gd:163)
       [4] load_game (res://SaveGame.gd:150)
       [5] _run_regression (res://V2021VisualRuntimeQa.gd:322)
       [6] _wait_render (res://V2021VisualRuntimeQa.gd:174)
SCRIPT ERROR: Invalid call. Nonexistent function 'objective_icon_role' in base 'GDScript'.
   at: _add_objective_row_v152 (res://MainGame.gd:2181)
   GDScript backtrace (most recent call first):
       [0] _add_objective_row_v152 (res://MainGame.gd:2181)
       [1] _rebuild_quests (res://MainGame.gd:2206)
       [2] _refresh_all (res://MainGame.gd:688)
       [3] apply_save_data (res://PlayerData.gd:163)
       [4] load_game (res://SaveGame.gd:150)
       [5] _run_regression (res://V2021VisualRuntimeQa.gd:322)
       [6] _wait_render (res://V2021VisualRuntimeQa.gd:174)
SCRIPT ERROR: Invalid call. Nonexistent function 'objective_icon_role' in base 'GDScript'.
   at: _add_objective_row_v152 (res://MainGame.gd:2181)
   GDScript backtrace (most recent call first):
       [0] _add_objective_row_v152 (res://MainGame.gd:2181)
       [1] _rebuild_quests (res://MainGame.gd:2206)
       [2] _refresh_all (res://MainGame.gd:688)
       [3] apply_save_data (res://PlayerData.gd:163)
       [4] load_game (res://SaveGame.gd:150)
       [5] _run_regression (res://V2021VisualRuntimeQa.gd:322)
       [6] _wait_render (res://V2021VisualRuntimeQa.gd:174)
SCRIPT ERROR: Invalid call. Nonexistent function 'objective_icon_role' in base 'GDScript'.
   at: _add_objective_row_v152 (res://MainGame.gd:2181)
   GDScript backtrace (most recent call first):
       [0] _add_objective_row_v152 (res://MainGame.gd:2181)
       [1] _rebuild_quests (res://MainGame.gd:2206)
       [2] _refresh_all (res://MainGame.gd:688)
       [3] apply_save_data (res://PlayerData.gd:163)
       [4] load_game (res://SaveGame.gd:150)
       [5] _run_regression (res://V2021VisualRuntimeQa.gd:322)
       [6] _wait_render (res://V2021VisualRuntimeQa.gd:174)
SCRIPT ERROR: Invalid call. Nonexistent function 'style_objective_header' in base 'GDScript'.
   at: _add_objective_header_v152 (res://MainGame.gd:2166)
   GDScript backtrace (most recent call first):
       [0] _add_objective_header_v152 (res://MainGame.gd:2166)
       [1] _rebuild_quests (res://MainGame.gd:2207)
       [2] _refresh_all (res://MainGame.gd:688)
       [3] apply_save_data (res://PlayerData.gd:163)
       [4] load_game (res://SaveGame.gd:150)
       [5] _run_regression (res://V2021VisualRuntimeQa.gd:322)
       [6] _wait_render (res://V2021VisualRuntimeQa.gd:174)
SCRIPT ERROR: Invalid call. Nonexistent function 'objective_icon_role' in base 'GDScript'.
   at: _rebuild_quests (res://MainGame.gd:2214)
   GDScript backtrace (most recent call first):
       [0] _rebuild_quests (res://MainGame.gd:2214)
       [1] _refresh_all (res://MainGame.gd:688)
       [2] apply_save_data (res://PlayerData.gd:163)
       [3] load_game (res://SaveGame.gd:150)
       [4] _run_regression (res://V2021VisualRuntimeQa.gd:322)
       [5] _wait_render (res://V2021VisualRuntimeQa.gd:174)
SCRIPT ERROR: Invalid call. Nonexistent function 'refresh_progression_state' in base 'GDScript'.
   at: _refresh_progression_p0 (res://MainGame.gd:2903)
   GDScript backtrace (most recent call first):
       [0] _refresh_progression_p0 (res://MainGame.gd:2903)
       [1] _refresh_all (res://MainGame.gd:696)
       [2] apply_save_data (res://PlayerData.gd:163)
       [3] load_game (res://SaveGame.gd:150)
       [4] _run_regression (res://V2021VisualRuntimeQa.gd:322)
       [5] _wait_render (res://V2021VisualRuntimeQa.gd:174)
SCRIPT ERROR: Invalid call. Nonexistent function 'refresh_shop_state' in base 'GDScript'.
   at: _refresh_shop_p0 (res://MainGame.gd:2810)
   GDScript backtrace (most recent call first):
       [0] _refresh_shop_p0 (res://MainGame.gd:2810)
       [1] _refresh_all (res://MainGame.gd:697)
       [2] apply_save_data (res://PlayerData.gd:163)
       [3] load_game (res://SaveGame.gd:150)
       [4] _run_regression (res://V2021VisualRuntimeQa.gd:322)
       [5] _wait_render (res://V2021VisualRuntimeQa.gd:174)
SCRIPT ERROR: Invalid call. Nonexistent function 'refresh_afk_state' in base 'GDScript'.
   at: _refresh_afk_p0 (res://MainGame.gd:2910)
   GDScript backtrace (most recent call first):
       [0] _refresh_afk_p0 (res://MainGame.gd:2910)
       [1] _refresh_all (res://MainGame.gd:698)
       [2] apply_save_data (res://PlayerData.gd:163)
       [3] load_game (res://SaveGame.gd:150)
       [4] _run_regression (res://V2021VisualRuntimeQa.gd:322)
       [5] _wait_render (res://V2021VisualRuntimeQa.gd:174)
SCRIPT ERROR: Invalid call. Nonexistent function 'refresh_home_loop_state' in base 'GDScript'.
   at: _update_monster_ui (res://MainGame.gd:1219)
   GDScript backtrace (most recent call first):
       [0] _update_monster_ui (res://MainGame.gd:1219)
       [1] apply_save_data (res://PlayerData.gd:164)
       [2] load_game (res://SaveGame.gd:150)
       [3] _run_regression (res://V2021VisualRuntimeQa.gd:322)
       [4] _wait_render (res://V2021VisualRuntimeQa.gd:174)
SCRIPT ERROR: Invalid call. Nonexistent function 'refresh_home_loop_state' in base 'GDScript'.
   at: _update_monster_ui (res://MainGame.gd:1219)
   GDScript backtrace (most recent call first):
       [0] _update_monster_ui (res://MainGame.gd:1219)
       [1] _refresh_all (res://MainGame.gd:675)
       [2] apply_save_data (res://PlayerData.gd:165)
       [3] load_game (res://SaveGame.gd:150)
       [4] _run_regression (res://V2021VisualRuntimeQa.gd:322)
       [5] _wait_render (res://V2021VisualRuntimeQa.gd:174)
SCRIPT ERROR: Invalid call. Nonexistent function 'refresh_village_loop_state' in base 'GDScript'.
   at: _refresh_p0_village (res://MainGame.gd:2410)
   GDScript backtrace (most recent call first):
       [0] _refresh_p0_village (res://MainGame.gd:2410)
       [1] _refresh_all (res://MainGame.gd:680)
       [2] apply_save_data (res://PlayerData.gd:165)
       [3] load_game (res://SaveGame.gd:150)
       [4] _run_regression (res://V2021VisualRuntimeQa.gd:322)
       [5] _wait_render (res://V2021VisualRuntimeQa.gd:174)
SCRIPT ERROR: Invalid call. Nonexistent function 'refresh_reward_session_state' in base 'GDScript'.
   at: _refresh_meta_ui (res://MainGame.gd:1004)
   GDScript backtrace (most recent call first):
       [0] _refresh_meta_ui (res://MainGame.gd:1004)
       [1] _refresh_all (res://MainGame.gd:683)
       [2] apply_save_data (res://PlayerData.gd:165)
       [3] load_game (res://SaveGame.gd:150)
       [4] _run_regression (res://V2021VisualRuntimeQa.gd:322)
       [5] _wait_render (res://V2021VisualRuntimeQa.gd:174)
SCRIPT ERROR: Invalid call. Nonexistent function 'style_objective_header' in base 'GDScript'.
   at: _add_objective_header_v152 (res://MainGame.gd:2166)
   GDScript backtrace (most recent call first):
       [0] _add_objective_header_v152 (res://MainGame.gd:2166)
       [1] _rebuild_quests (res://MainGame.gd:2205)
       [2] _refresh_all (res://MainGame.gd:688)
       [3] apply_save_data (res://PlayerData.gd:165)
       [4] load_game (res://SaveGame.gd:150)
       [5] _run_regression (res://V2021VisualRuntimeQa.gd:322)
       [6] _wait_render (res://V2021VisualRuntimeQa.gd:174)
SCRIPT ERROR: Invalid call. Nonexistent function 'objective_icon_role' in base 'GDScript'.
   at: _add_objective_row_v152 (res://MainGame.gd:2181)
   GDScript backtrace (most recent call first):
       [0] _add_objective_row_v152 (res://MainGame.gd:2181)
       [1] _rebuild_quests (res://MainGame.gd:2206)
       [2] _refresh_all (res://MainGame.gd:688)
       [3] apply_save_data (res://PlayerData.gd:165)
       [4] load_game (res://SaveGame.gd:150)
       [5] _run_regression (res://V2021VisualRuntimeQa.gd:322)
       [6] _wait_render (res://V2021VisualRuntimeQa.gd:174)
SCRIPT ERROR: Invalid call. Nonexistent function 'objective_icon_role' in base 'GDScript'.
   at: _add_objective_row_v152 (res://MainGame.gd:2181)
   GDScript backtrace (most recent call first):
       [0] _add_objective_row_v152 (res://MainGame.gd:2181)
       [1] _rebuild_quests (res://MainGame.gd:2206)
       [2] _refresh_all (res://MainGame.gd:688)
       [3] apply_save_data (res://PlayerData.gd:165)
       [4] load_game (res://SaveGame.gd:150)
       [5] _run_regression (res://V2021VisualRuntimeQa.gd:322)
       [6] _wait_render (res://V2021VisualRuntimeQa.gd:174)
SCRIPT ERROR: Invalid call. Nonexistent function 'objective_icon_role' in base 'GDScript'.
   at: _add_objective_row_v152 (res://MainGame.gd:2181)
   GDScript backtrace (most recent call first):
       [0] _add_objective_row_v152 (res://MainGame.gd:2181)
       [1] _rebuild_quests (res://MainGame.gd:2206)
       [2] _refresh_all (res://MainGame.gd:688)
       [3] apply_save_data (res://PlayerData.gd:165)
       [4] load_game (res://SaveGame.gd:150)
       [5] _run_regression (res://V2021VisualRuntimeQa.gd:322)
       [6] _wait_render (res://V2021VisualRuntimeQa.gd:174)
SCRIPT ERROR: Invalid call. Nonexistent function 'style_objective_header' in base 'GDScript'.
   at: _add_objective_header_v152 (res://MainGame.gd:2166)
   GDScript backtrace (most recent call first):
       [0] _add_objective_header_v152 (res://MainGame.gd:2166)
       [1] _rebuild_quests (res://MainGame.gd:2205)
       [2] _refresh_all (res://MainGame.gd:688)
       [3] apply_save_data (res://PlayerData.gd:165)
       [4] load_game (res://SaveGame.gd:150)
       [5] _run_regression (res://V2021VisualRuntimeQa.gd:322)
       [6] _wait_render (res://V2021VisualRuntimeQa.gd:174)
SCRIPT ERROR: Invalid call. Nonexistent function 'objective_icon_role' in base 'GDScript'.
   at: _add_objective_row_v152 (res://MainGame.gd:2181)
   GDScript backtrace (most recent call first):
       [0] _add_objective_row_v152 (res://MainGame.gd:2181)
       [1] _rebuild_quests (res://MainGame.gd:2206)
       [2] _refresh_all (res://MainGame.gd:688)
       [3] apply_save_data (res://PlayerData.gd:165)
       [4] load_game (res://SaveGame.gd:150)
       [5] _run_regression (res://V2021VisualRuntimeQa.gd:322)
       [6] _wait_render (res://V2021VisualRuntimeQa.gd:174)
SCRIPT ERROR: Invalid call. Nonexistent function 'objective_icon_role' in base 'GDScript'.
   at: _add_objective_row_v152 (res://MainGame.gd:2181)
   GDScript backtrace (most recent call first):
       [0] _add_objective_row_v152 (res://MainGame.gd:2181)
       [1] _rebuild_quests (res://MainGame.gd:2206)
       [2] _refresh_all (res://MainGame.gd:688)
       [3] apply_save_data (res://PlayerData.gd:165)
       [4] load_game (res://SaveGame.gd:150)
       [5] _run_regression (res://V2021VisualRuntimeQa.gd:322)
       [6] _wait_render (res://V2021VisualRuntimeQa.gd:174)
SCRIPT ERROR: Invalid call. Nonexistent function 'objective_icon_role' in base 'GDScript'.
   at: _add_objective_row_v152 (res://MainGame.gd:2181)
   GDScript backtrace (most recent call first):
       [0] _add_objective_row_v152 (res://MainGame.gd:2181)
       [1] _rebuild_quests (res://MainGame.gd:2206)
       [2] _refresh_all (res://MainGame.gd:688)
       [3] apply_save_data (res://PlayerData.gd:165)
       [4] load_game (res://SaveGame.gd:150)
       [5] _run_regression (res://V2021VisualRuntimeQa.gd:322)
       [6] _wait_render (res://V2021VisualRuntimeQa.gd:174)
SCRIPT ERROR: Invalid call. Nonexistent function 'style_objective_header' in base 'GDScript'.
   at: _add_objective_header_v152 (res://MainGame.gd:2166)
   GDScript backtrace (most recent call first):
       [0] _add_objective_header_v152 (res://MainGame.gd:2166)
       [1] _rebuild_quests (res://MainGame.gd:2205)
       [2] _refresh_all (res://MainGame.gd:688)
       [3] apply_save_data (res://PlayerData.gd:165)
       [4] load_game (res://SaveGame.gd:150)
       [5] _run_regression (res://V2021VisualRuntimeQa.gd:322)
       [6] _wait_render (res://V2021VisualRuntimeQa.gd:174)
SCRIPT ERROR: Invalid call. Nonexistent function 'objective_icon_role' in base 'GDScript'.
   at: _add_objective_row_v152 (res://MainGame.gd:2181)
   GDScript backtrace (most recent call first):
       [0] _add_objective_row_v152 (res://MainGame.gd:2181)
       [1] _rebuild_quests (res://MainGame.gd:2206)
       [2] _refresh_all (res://MainGame.gd:688)
       [3] apply_save_data (res://PlayerData.gd:165)
       [4] load_game (res://SaveGame.gd:150)
       [5] _run_regression (res://V2021VisualRuntimeQa.gd:322)
       [6] _wait_render (res://V2021VisualRuntimeQa.gd:174)
SCRIPT ERROR: Invalid call. Nonexistent function 'objective_icon_role' in base 'GDScript'.
   at: _add_objective_row_v152 (res://MainGame.gd:2181)
   GDScript backtrace (most recent call first):
       [0] _add_objective_row_v152 (res://MainGame.gd:2181)
       [1] _rebuild_quests (res://MainGame.gd:2206)
       [2] _refresh_all (res://MainGame.gd:688)
       [3] apply_save_data (res://PlayerData.gd:165)
       [4] load_game (res://SaveGame.gd:150)
       [5] _run_regression (res://V2021VisualRuntimeQa.gd:322)
       [6] _wait_render (res://V2021VisualRuntimeQa.gd:174)
SCRIPT ERROR: Invalid call. Nonexistent function 'objective_icon_role' in base 'GDScript'.
   at: _add_objective_row_v152 (res://MainGame.gd:2181)
   GDScript backtrace (most recent call first):
       [0] _add_objective_row_v152 (res://MainGame.gd:2181)
       [1] _rebuild_quests (res://MainGame.gd:2206)
       [2] _refresh_all (res://MainGame.gd:688)
       [3] apply_save_data (res://PlayerData.gd:165)
       [4] load_game (res://SaveGame.gd:150)
       [5] _run_regression (res://V2021VisualRuntimeQa.gd:322)
       [6] _wait_render (res://V2021VisualRuntimeQa.gd:174)
SCRIPT ERROR: Invalid call. Nonexistent function 'objective_icon_role' in base 'GDScript'.
   at: _add_objective_row_v152 (res://MainGame.gd:2181)
   GDScript backtrace (most recent call first):
       [0] _add_objective_row_v152 (res://MainGame.gd:2181)
       [1] _rebuild_quests (res://MainGame.gd:2206)
       [2] _refresh_all (res://MainGame.gd:688)
       [3] apply_save_data (res://PlayerData.gd:165)
       [4] load_game (res://SaveGame.gd:150)
       [5] _run_regression (res://V2021VisualRuntimeQa.gd:322)
       [6] _wait_render (res://V2021VisualRuntimeQa.gd:174)
SCRIPT ERROR: Invalid call. Nonexistent function 'objective_icon_role' in base 'GDScript'.
   at: _add_objective_row_v152 (res://MainGame.gd:2181)
   GDScript backtrace (most recent call first):
       [0] _add_objective_row_v152 (res://MainGame.gd:2181)
       [1] _rebuild_quests (res://MainGame.gd:2206)
       [2] _refresh_all (res://MainGame.gd:688)
       [3] apply_save_data (res://PlayerData.gd:165)
       [4] load_game (res://SaveGame.gd:150)
       [5] _run_regression (res://V2021VisualRuntimeQa.gd:322)
       [6] _wait_render (res://V2021VisualRuntimeQa.gd:174)
SCRIPT ERROR: Invalid call. Nonexistent function 'style_objective_header' in base 'GDScript'.
   at: _add_objective_header_v152 (res://MainGame.gd:2166)
   GDScript backtrace (most recent call first):
       [0] _add_objective_header_v152 (res://MainGame.gd:2166)
       [1] _rebuild_quests (res://MainGame.gd:2207)
       [2] _refresh_all (res://MainGame.gd:688)
       [3] apply_save_data (res://PlayerData.gd:165)
       [4] load_game (res://SaveGame.gd:150)
       [5] _run_regression (res://V2021VisualRuntimeQa.gd:322)
       [6] _wait_render (res://V2021VisualRuntimeQa.gd:174)
SCRIPT ERROR: Invalid call. Nonexistent function 'objective_icon_role' in base 'GDScript'.
   at: _rebuild_quests (res://MainGame.gd:2214)
   GDScript backtrace (most recent call first):
       [0] _rebuild_quests (res://MainGame.gd:2214)
       [1] _refresh_all (res://MainGame.gd:688)
       [2] apply_save_data (res://PlayerData.gd:165)
       [3] load_game (res://SaveGame.gd:150)
       [4] _run_regression (res://V2021VisualRuntimeQa.gd:322)
       [5] _wait_render (res://V2021VisualRuntimeQa.gd:174)
SCRIPT ERROR: Invalid call. Nonexistent function 'refresh_progression_state' in base 'GDScript'.
   at: _refresh_progression_p0 (res://MainGame.gd:2903)
   GDScript backtrace (most recent call first):
       [0] _refresh_progression_p0 (res://MainGame.gd:2903)
       [1] _refresh_all (res://MainGame.gd:696)
       [2] apply_save_data (res://PlayerData.gd:165)
       [3] load_game (res://SaveGame.gd:150)
       [4] _run_regression (res://V2021VisualRuntimeQa.gd:322)
       [5] _wait_render (res://V2021VisualRuntimeQa.gd:174)
SCRIPT ERROR: Invalid call. Nonexistent function 'refresh_shop_state' in base 'GDScript'.
   at: _refresh_shop_p0 (res://MainGame.gd:2810)
   GDScript backtrace (most recent call first):
       [0] _refresh_shop_p0 (res://MainGame.gd:2810)
       [1] _refresh_all (res://MainGame.gd:697)
       [2] apply_save_data (res://PlayerData.gd:165)
       [3] load_game (res://SaveGame.gd:150)
       [4] _run_regression (res://V2021VisualRuntimeQa.gd:322)
       [5] _wait_render (res://V2021VisualRuntimeQa.gd:174)
SCRIPT ERROR: Invalid call. Nonexistent function 'refresh_afk_state' in base 'GDScript'.
   at: _refresh_afk_p0 (res://MainGame.gd:2910)
   GDScript backtrace (most recent call first):
       [0] _refresh_afk_p0 (res://MainGame.gd:2910)
       [1] _refresh_all (res://MainGame.gd:698)
       [2] apply_save_data (res://PlayerData.gd:165)
       [3] load_game (res://SaveGame.gd:150)
       [4] _run_regression (res://V2021VisualRuntimeQa.gd:322)
       [5] _wait_render (res://V2021VisualRuntimeQa.gd:174)
SCRIPT ERROR: Invalid call. Nonexistent function 'style_objective_header' in base 'GDScript'.
   at: _add_objective_header_v152 (res://MainGame.gd:2166)
   GDScript backtrace (most recent call first):
       [0] _add_objective_header_v152 (res://MainGame.gd:2166)
       [1] _rebuild_quests (res://MainGame.gd:2205)
       [2] apply_save_data (res://QuestSystem.gd:105)
       [3] load_game (res://SaveGame.gd:153)
       [4] _run_regression (res://V2021VisualRuntimeQa.gd:322)
       [5] _wait_render (res://V2021VisualRuntimeQa.gd:174)
SCRIPT ERROR: Invalid call. Nonexistent function 'objective_icon_role' in base 'GDScript'.
   at: _add_objective_row_v152 (res://MainGame.gd:2181)
   GDScript backtrace (most recent call first):
       [0] _add_objective_row_v152 (res://MainGame.gd:2181)
       [1] _rebuild_quests (res://MainGame.gd:2206)
       [2] apply_save_data (res://QuestSystem.gd:105)
       [3] load_game (res://SaveGame.gd:153)
       [4] _run_regression (res://V2021VisualRuntimeQa.gd:322)
       [5] _wait_render (res://V2021VisualRuntimeQa.gd:174)
SCRIPT ERROR: Invalid call. Nonexistent function 'objective_icon_role' in base 'GDScript'.
   at: _add_objective_row_v152 (res://MainGame.gd:2181)
   GDScript backtrace (most recent call first):
       [0] _add_objective_row_v152 (res://MainGame.gd:2181)
       [1] _rebuild_quests (res://MainGame.gd:2206)
       [2] apply_save_data (res://QuestSystem.gd:105)
       [3] load_game (res://SaveGame.gd:153)
       [4] _run_regression (res://V2021VisualRuntimeQa.gd:322)
       [5] _wait_render (res://V2021VisualRuntimeQa.gd:174)
SCRIPT ERROR: Invalid call. Nonexistent function 'objective_icon_role' in base 'GDScript'.
   at: _add_objective_row_v152 (res://MainGame.gd:2181)
   GDScript backtrace (most recent call first):
       [0] _add_objective_row_v152 (res://MainGame.gd:2181)
       [1] _rebuild_quests (res://MainGame.gd:2206)
       [2] apply_save_data (res://QuestSystem.gd:105)
       [3] load_game (res://SaveGame.gd:153)
       [4] _run_regression (res://V2021VisualRuntimeQa.gd:322)
       [5] _wait_render (res://V2021VisualRuntimeQa.gd:174)
SCRIPT ERROR: Invalid call. Nonexistent function 'style_objective_header' in base 'GDScript'.
   at: _add_objective_header_v152 (res://MainGame.gd:2166)
   GDScript backtrace (most recent call first):
       [0] _add_objective_header_v152 (res://MainGame.gd:2166)
       [1] _rebuild_quests (res://MainGame.gd:2205)
       [2] apply_save_data (res://QuestSystem.gd:105)
       [3] load_game (res://SaveGame.gd:153)
       [4] _run_regression (res://V2021VisualRuntimeQa.gd:322)
       [5] _wait_render (res://V2021VisualRuntimeQa.gd:174)
SCRIPT ERROR: Invalid call. Nonexistent function 'objective_icon_role' in base 'GDScript'.
   at: _add_objective_row_v152 (res://MainGame.gd:2181)
   GDScript backtrace (most recent call first):
       [0] _add_objective_row_v152 (res://MainGame.gd:2181)
       [1] _rebuild_quests (res://MainGame.gd:2206)
       [2] apply_save_data (res://QuestSystem.gd:105)
       [3] load_game (res://SaveGame.gd:153)
       [4] _run_regression (res://V2021VisualRuntimeQa.gd:322)
       [5] _wait_render (res://V2021VisualRuntimeQa.gd:174)
SCRIPT ERROR: Invalid call. Nonexistent function 'objective_icon_role' in base 'GDScript'.
   at: _add_objective_row_v152 (res://MainGame.gd:2181)
   GDScript backtrace (most recent call first):
       [0] _add_objective_row_v152 (res://MainGame.gd:2181)
       [1] _rebuild_quests (res://MainGame.gd:2206)
       [2] apply_save_data (res://QuestSystem.gd:105)
       [3] load_game (res://SaveGame.gd:153)
       [4] _run_regression (res://V2021VisualRuntimeQa.gd:322)
       [5] _wait_render (res://V2021VisualRuntimeQa.gd:174)
SCRIPT ERROR: Invalid call. Nonexistent function 'objective_icon_role' in base 'GDScript'.
   at: _add_objective_row_v152 (res://MainGame.gd:2181)
   GDScript backtrace (most recent call first):
       [0] _add_objective_row_v152 (res://MainGame.gd:2181)
       [1] _rebuild_quests (res://MainGame.gd:2206)
       [2] apply_save_data (res://QuestSystem.gd:105)
       [3] load_game (res://SaveGame.gd:153)
       [4] _run_regression (res://V2021VisualRuntimeQa.gd:322)
       [5] _wait_render (res://V2021VisualRuntimeQa.gd:174)
SCRIPT ERROR: Invalid call. Nonexistent function 'style_objective_header' in base 'GDScript'.
   at: _add_objective_header_v152 (res://MainGame.gd:2166)
   GDScript backtrace (most recent call first):
       [0] _add_objective_header_v152 (res://MainGame.gd:2166)
       [1] _rebuild_quests (res://MainGame.gd:2205)
       [2] apply_save_data (res://QuestSystem.gd:105)
       [3] load_game (res://SaveGame.gd:153)
       [4] _run_regression (res://V2021VisualRuntimeQa.gd:322)
       [5] _wait_render (res://V2021VisualRuntimeQa.gd:174)
SCRIPT ERROR: Invalid call. Nonexistent function 'objective_icon_role' in base 'GDScript'.
   at: _add_objective_row_v152 (res://MainGame.gd:2181)
   GDScript backtrace (most recent call first):
       [0] _add_objective_row_v152 (res://MainGame.gd:2181)
       [1] _rebuild_quests (res://MainGame.gd:2206)
       [2] apply_save_data (res://QuestSystem.gd:105)
       [3] load_game (res://SaveGame.gd:153)
       [4] _run_regression (res://V2021VisualRuntimeQa.gd:322)
       [5] _wait_render (res://V2021VisualRuntimeQa.gd:174)
SCRIPT ERROR: Invalid call. Nonexistent function 'objective_icon_role' in base 'GDScript'.
   at: _add_objective_row_v152 (res://MainGame.gd:2181)
   GDScript backtrace (most recent call first):
       [0] _add_objective_row_v152 (res://MainGame.gd:2181)
       [1] _rebuild_quests (res://MainGame.gd:2206)
       [2] apply_save_data (res://QuestSystem.gd:105)
       [3] load_game (res://SaveGame.gd:153)
       [4] _run_regression (res://V2021VisualRuntimeQa.gd:322)
       [5] _wait_render (res://V2021VisualRuntimeQa.gd:174)
SCRIPT ERROR: Invalid call. Nonexistent function 'objective_icon_role' in base 'GDScript'.
   at: _add_objective_row_v152 (res://MainGame.gd:2181)
   GDScript backtrace (most recent call first):
       [0] _add_objective_row_v152 (res://MainGame.gd:2181)
       [1] _rebuild_quests (res://MainGame.gd:2206)
       [2] apply_save_data (res://QuestSystem.gd:105)
       [3] load_game (res://SaveGame.gd:153)
       [4] _run_regression (res://V2021VisualRuntimeQa.gd:322)
       [5] _wait_render (res://V2021VisualRuntimeQa.gd:174)
SCRIPT ERROR: Invalid call. Nonexistent function 'objective_icon_role' in base 'GDScript'.
   at: _add_objective_row_v152 (res://MainGame.gd:2181)
   GDScript backtrace (most recent call first):
       [0] _add_objective_row_v152 (res://MainGame.gd:2181)
       [1] _rebuild_quests (res://MainGame.gd:2206)
       [2] apply_save_data (res://QuestSystem.gd:105)
       [3] load_game (res://SaveGame.gd:153)
       [4] _run_regression (res://V2021VisualRuntimeQa.gd:322)
       [5] _wait_render (res://V2021VisualRuntimeQa.gd:174)
SCRIPT ERROR: Invalid call. Nonexistent function 'objective_icon_role' in base 'GDScript'.
   at: _add_objective_row_v152 (res://MainGame.gd:2181)
   GDScript backtrace (most recent call first):
       [0] _add_objective_row_v152 (res://MainGame.gd:2181)
       [1] _rebuild_quests (res://MainGame.gd:2206)
       [2] apply_save_data (res://QuestSystem.gd:105)
       [3] load_game (res://SaveGame.gd:153)
       [4] _run_regression (res://V2021VisualRuntimeQa.gd:322)
       [5] _wait_render (res://V2021VisualRuntimeQa.gd:174)
SCRIPT ERROR: Invalid call. Nonexistent function 'style_objective_header' in base 'GDScript'.
   at: _add_objective_header_v152 (res://MainGame.gd:2166)
   GDScript backtrace (most recent call first):
       [0] _add_objective_header_v152 (res://MainGame.gd:2166)
       [1] _rebuild_quests (res://MainGame.gd:2207)
       [2] apply_save_data (res://QuestSystem.gd:105)
       [3] load_game (res://SaveGame.gd:153)
       [4] _run_regression (res://V2021VisualRuntimeQa.gd:322)
       [5] _wait_render (res://V2021VisualRuntimeQa.gd:174)
SCRIPT ERROR: Invalid call. Nonexistent function 'objective_icon_role' in base 'GDScript'.
   at: _rebuild_quests (res://MainGame.gd:2214)
   GDScript backtrace (most recent call first):
       [0] _rebuild_quests (res://MainGame.gd:2214)
       [1] apply_save_data (res://QuestSystem.gd:105)
       [2] load_game (res://SaveGame.gd:153)
       [3] _run_regression (res://V2021VisualRuntimeQa.gd:322)
       [4] _wait_render (res://V2021VisualRuntimeQa.gd:174)
SCRIPT ERROR: Invalid call. Nonexistent function 'refresh_village_loop_state' in base 'GDScript'.
   at: _refresh_p0_village (res://MainGame.gd:2410)
   GDScript backtrace (most recent call first):
       [0] _refresh_p0_village (res://MainGame.gd:2410)
       [1] apply_save_data (res://P0VillageSystem.gd:233)
       [2] load_game (res://SaveGame.gd:154)
       [3] _run_regression (res://V2021VisualRuntimeQa.gd:322)
       [4] _wait_render (res://V2021VisualRuntimeQa.gd:174)
SCRIPT ERROR: Invalid call. Nonexistent function 'refresh_village_loop_state' in base 'GDScript'.
   at: _refresh_p0_village (res://MainGame.gd:2410)
   GDScript backtrace (most recent call first):
       [0] _refresh_p0_village (res://MainGame.gd:2410)
       [1] apply_save_data (res://VillageProgressionSystem.gd:179)
       [2] load_game (res://SaveGame.gd:155)
       [3] _run_regression (res://V2021VisualRuntimeQa.gd:322)
       [4] _wait_render (res://V2021VisualRuntimeQa.gd:174)
SCRIPT ERROR: Invalid call. Nonexistent function 'refresh_reward_session_state' in base 'GDScript'.
   at: _refresh_meta_ui (res://MainGame.gd:1004)
   GDScript backtrace (most recent call first):
       [0] _refresh_meta_ui (res://MainGame.gd:1004)
       [1] apply_save_data (res://MetaProgressSystem.gd:137)
       [2] load_game (res://SaveGame.gd:162)
       [3] _run_regression (res://V2021VisualRuntimeQa.gd:322)
       [4] _wait_render (res://V2021VisualRuntimeQa.gd:174)
SCRIPT ERROR: Trying to assign an array of type "Array" to a variable of type "Array[int]".
   at: apply_save_data (res://PuzzleSystem.gd:162)
   GDScript backtrace (most recent call first):
       [0] apply_save_data (res://PuzzleSystem.gd:162)
       [1] load_game (res://SaveGame.gd:164)
       [2] _run_regression (res://V2021VisualRuntimeQa.gd:322)
       [3] _wait_render (res://V2021VisualRuntimeQa.gd:174)
SCRIPT ERROR: Invalid call. Nonexistent function 'style_objective_header' in base 'GDScript'.
   at: _add_objective_header_v152 (res://MainGame.gd:2166)
   GDScript backtrace (most recent call first):
       [0] _add_objective_header_v152 (res://MainGame.gd:2166)
       [1] _rebuild_quests (res://MainGame.gd:2205)
       [2] apply_save_data (res://ObjectiveSystem.gd:127)
       [3] load_game (res://SaveGame.gd:169)
       [4] _run_regression (res://V2021VisualRuntimeQa.gd:322)
       [5] _wait_render (res://V2021VisualRuntimeQa.gd:174)
SCRIPT ERROR: Invalid call. Nonexistent function 'objective_icon_role' in base 'GDScript'.
   at: _add_objective_row_v152 (res://MainGame.gd:2181)
   GDScript backtrace (most recent call first):
       [0] _add_objective_row_v152 (res://MainGame.gd:2181)
       [1] _rebuild_quests (res://MainGame.gd:2206)
       [2] apply_save_data (res://ObjectiveSystem.gd:127)
       [3] load_game (res://SaveGame.gd:169)
       [4] _run_regression (res://V2021VisualRuntimeQa.gd:322)
       [5] _wait_render (res://V2021VisualRuntimeQa.gd:174)
SCRIPT ERROR: Invalid call. Nonexistent function 'objective_icon_role' in base 'GDScript'.
   at: _add_objective_row_v152 (res://MainGame.gd:2181)
   GDScript backtrace (most recent call first):
       [0] _add_objective_row_v152 (res://MainGame.gd:2181)
       [1] _rebuild_quests (res://MainGame.gd:2206)
       [2] apply_save_data (res://ObjectiveSystem.gd:127)
       [3] load_game (res://SaveGame.gd:169)
       [4] _run_regression (res://V2021VisualRuntimeQa.gd:322)
       [5] _wait_render (res://V2021VisualRuntimeQa.gd:174)
SCRIPT ERROR: Invalid call. Nonexistent function 'objective_icon_role' in base 'GDScript'.
   at: _add_objective_row_v152 (res://MainGame.gd:2181)
   GDScript backtrace (most recent call first):
       [0] _add_objective_row_v152 (res://MainGame.gd:2181)
       [1] _rebuild_quests (res://MainGame.gd:2206)
       [2] apply_save_data (res://ObjectiveSystem.gd:127)
       [3] load_game (res://SaveGame.gd:169)
       [4] _run_regression (res://V2021VisualRuntimeQa.gd:322)
       [5] _wait_render (res://V2021VisualRuntimeQa.gd:174)
SCRIPT ERROR: Invalid call. Nonexistent function 'style_objective_header' in base 'GDScript'.
   at: _add_objective_header_v152 (res://MainGame.gd:2166)
   GDScript backtrace (most recent call first):
       [0] _add_objective_header_v152 (res://MainGame.gd:2166)
       [1] _rebuild_quests (res://MainGame.gd:2205)
       [2] apply_save_data (res://ObjectiveSystem.gd:127)
       [3] load_game (res://SaveGame.gd:169)
       [4] _run_regression (res://V2021VisualRuntimeQa.gd:322)
       [5] _wait_render (res://V2021VisualRuntimeQa.gd:174)
SCRIPT ERROR: Invalid call. Nonexistent function 'objective_icon_role' in base 'GDScript'.
   at: _add_objective_row_v152 (res://MainGame.gd:2181)
   GDScript backtrace (most recent call first):
       [0] _add_objective_row_v152 (res://MainGame.gd:2181)
       [1] _rebuild_quests (res://MainGame.gd:2206)
       [2] apply_save_data (res://ObjectiveSystem.gd:127)
       [3] load_game (res://SaveGame.gd:169)
       [4] _run_regression (res://V2021VisualRuntimeQa.gd:322)
       [5] _wait_render (res://V2021VisualRuntimeQa.gd:174)
SCRIPT ERROR: Invalid call. Nonexistent function 'objective_icon_role' in base 'GDScript'.
   at: _add_objective_row_v152 (res://MainGame.gd:2181)
   GDScript backtrace (most recent call first):
       [0] _add_objective_row_v152 (res://MainGame.gd:2181)
       [1] _rebuild_quests (res://MainGame.gd:2206)
       [2] apply_save_data (res://ObjectiveSystem.gd:127)
       [3] load_game (res://SaveGame.gd:169)
       [4] _run_regression (res://V2021VisualRuntimeQa.gd:322)
       [5] _wait_render (res://V2021VisualRuntimeQa.gd:174)
SCRIPT ERROR: Invalid call. Nonexistent function 'objective_icon_role' in base 'GDScript'.
   at: _add_objective_row_v152 (res://MainGame.gd:2181)
   GDScript backtrace (most recent call first):
       [0] _add_objective_row_v152 (res://MainGame.gd:2181)
       [1] _rebuild_quests (res://MainGame.gd:2206)
       [2] apply_save_data (res://ObjectiveSystem.gd:127)
       [3] load_game (res://SaveGame.gd:169)
       [4] _run_regression (res://V2021VisualRuntimeQa.gd:322)
       [5] _wait_render (res://V2021VisualRuntimeQa.gd:174)
SCRIPT ERROR: Invalid call. Nonexistent function 'style_objective_header' in base 'GDScript'.
   at: _add_objective_header_v152 (res://MainGame.gd:2166)
   GDScript backtrace (most recent call first):
       [0] _add_objective_header_v152 (res://MainGame.gd:2166)
       [1] _rebuild_quests (res://MainGame.gd:2205)
       [2] apply_save_data (res://ObjectiveSystem.gd:127)
       [3] load_game (res://SaveGame.gd:169)
       [4] _run_regression (res://V2021VisualRuntimeQa.gd:322)
       [5] _wait_render (res://V2021VisualRuntimeQa.gd:174)
SCRIPT ERROR: Invalid call. Nonexistent function 'objective_icon_role' in base 'GDScript'.
   at: _add_objective_row_v152 (res://MainGame.gd:2181)
   GDScript backtrace (most recent call first):
       [0] _add_objective_row_v152 (res://MainGame.gd:2181)
       [1] _rebuild_quests (res://MainGame.gd:2206)
       [2] apply_save_data (res://ObjectiveSystem.gd:127)
       [3] load_game (res://SaveGame.gd:169)
       [4] _run_regression (res://V2021VisualRuntimeQa.gd:322)
       [5] _wait_render (res://V2021VisualRuntimeQa.gd:174)
SCRIPT ERROR: Invalid call. Nonexistent function 'objective_icon_role' in base 'GDScript'.
   at: _add_objective_row_v152 (res://MainGame.gd:2181)
   GDScript backtrace (most recent call first):
       [0] _add_objective_row_v152 (res://MainGame.gd:2181)
       [1] _rebuild_quests (res://MainGame.gd:2206)
       [2] apply_save_data (res://ObjectiveSystem.gd:127)
       [3] load_game (res://SaveGame.gd:169)
       [4] _run_regression (res://V2021VisualRuntimeQa.gd:322)
       [5] _wait_render (res://V2021VisualRuntimeQa.gd:174)
SCRIPT ERROR: Invalid call. Nonexistent function 'objective_icon_role' in base 'GDScript'.
   at: _add_objective_row_v152 (res://MainGame.gd:2181)
   GDScript backtrace (most recent call first):
       [0] _add_objective_row_v152 (res://MainGame.gd:2181)
       [1] _rebuild_quests (res://MainGame.gd:2206)
       [2] apply_save_data (res://ObjectiveSystem.gd:127)
       [3] load_game (res://SaveGame.gd:169)
       [4] _run_regression (res://V2021VisualRuntimeQa.gd:322)
       [5] _wait_render (res://V2021VisualRuntimeQa.gd:174)
SCRIPT ERROR: Invalid call. Nonexistent function 'objective_icon_role' in base 'GDScript'.
   at: _add_objective_row_v152 (res://MainGame.gd:2181)
   GDScript backtrace (most recent call first):
       [0] _add_objective_row_v152 (res://MainGame.gd:2181)
       [1] _rebuild_quests (res://MainGame.gd:2206)
       [2] apply_save_data (res://ObjectiveSystem.gd:127)
       [3] load_game (res://SaveGame.gd:169)
       [4] _run_regression (res://V2021VisualRuntimeQa.gd:322)
       [5] _wait_render (res://V2021VisualRuntimeQa.gd:174)
SCRIPT ERROR: Invalid call. Nonexistent function 'objective_icon_role' in base 'GDScript'.
   at: _add_objective_row_v152 (res://MainGame.gd:2181)
   GDScript backtrace (most recent call first):
       [0] _add_objective_row_v152 (res://MainGame.gd:2181)
       [1] _rebuild_quests (res://MainGame.gd:2206)
       [2] apply_save_data (res://ObjectiveSystem.gd:127)
       [3] load_game (res://SaveGame.gd:169)
       [4] _run_regression (res://V2021VisualRuntimeQa.gd:322)
       [5] _wait_render (res://V2021VisualRuntimeQa.gd:174)
SCRIPT ERROR: Invalid call. Nonexistent function 'style_objective_header' in base 'GDScript'.
   at: _add_objective_header_v152 (res://MainGame.gd:2166)
   GDScript backtrace (most recent call first):
       [0] _add_objective_header_v152 (res://MainGame.gd:2166)
       [1] _rebuild_quests (res://MainGame.gd:2207)
       [2] apply_save_data (res://ObjectiveSystem.gd:127)
       [3] load_game (res://SaveGame.gd:169)
       [4] _run_regression (res://V2021VisualRuntimeQa.gd:322)
       [5] _wait_render (res://V2021VisualRuntimeQa.gd:174)
SCRIPT ERROR: Invalid call. Nonexistent function 'objective_icon_role' in base 'GDScript'.
   at: _rebuild_quests (res://MainGame.gd:2214)
   GDScript backtrace (most recent call first):
       [0] _rebuild_quests (res://MainGame.gd:2214)
       [1] apply_save_data (res://ObjectiveSystem.gd:127)
       [2] load_game (res://SaveGame.gd:169)
       [3] _run_regression (res://V2021VisualRuntimeQa.gd:322)
       [4] _wait_render (res://V2021VisualRuntimeQa.gd:174)
SCRIPT ERROR: Invalid call. Nonexistent function 'lane_layout' in base 'GDScript'.
   at: _update_lane_ui (res://MainGame.gd:1958)
   GDScript backtrace (most recent call first):
       [0] _update_lane_ui (res://MainGame.gd:1958)
       [1] apply_save_data (res://LaneAttackSystem.gd:195)
       [2] load_game (res://SaveGame.gd:170)
       [3] _run_regression (res://V2021VisualRuntimeQa.gd:322)
       [4] _wait_render (res://V2021VisualRuntimeQa.gd:174)
SCRIPT ERROR: Invalid call. Nonexistent function 'refresh_afk_state' in base 'GDScript'.
   at: _refresh_afk_p0 (res://MainGame.gd:2910)
   GDScript backtrace (most recent call first):
       [0] _refresh_afk_p0 (res://MainGame.gd:2910)
       [1] apply_save_data (res://AfkRewardSystem.gd:73)
       [2] load_game (res://SaveGame.gd:172)
       [3] _run_regression (res://V2021VisualRuntimeQa.gd:322)
       [4] _wait_render (res://V2021VisualRuntimeQa.gd:174)
{"apk":{},"asset_verification":[{"asset":"M001_monster","node":"MonsterButton","verified":true},{"asset":"gruenhain_bg","node":"Background","verified":true},{"asset":"gold_hud","node":"GoldPillP0","verified":true},{"asset":"spin_hud","node":"SpinPillP0","verified":true},{"asset":"shield_hud","node":"ShieldPillP0","verified":true}],"fixes_applied":["Overlay z_index raised above monster combat layer","Village building grid cell sizes reduced for 2-column layout","RegionProgressPanel hidden until near unlock threshold","P0 debug toggle hidden in mobile runtime"],"godot":{"build":"official","hash":"ed1daf0bf001b61586d9930840f2f1394092c079","hex":263938,"major":4,"minor":7,"patch":2,"status":"stable","string":"4.7.2-stable (official)","timestamp":0},"inputs_executed":["boot_guest","tap_monster","nav_spin","spin","nav_village","nav_modi"],"milestone":"V2.02.1","regression":{"boot":true,"navigation":true,"save":true,"spin":true,"tap":true},"runtime_method":"BootFlow.tscn production flow via autoload VisualRuntimeQa + windows display driver","screenshots":[{"bright_ratio":0.735,"dark_ratio":0.018,"file":"res://docs/v2021_visual_runtime_qa/01_main_1080x2340.png","filename":"01_main_1080x2340","has_content":true,"height":2340,"label":"Main gameplay after boot","not_black":true,"ok":true,"size_ok":true,"width":1080},{"bright_ratio":0.735,"dark_ratio":0.018,"file":"res://docs/v2021_visual_runtime_qa/02_tap_hit_1080x2340.png","filename":"02_tap_hit_1080x2340","has_content":true,"height":2340,"label":"After TAP hit","not_black":true,"ok":true,"size_ok":true,"width":1080},{"bright_ratio":0.737,"dark_ratio":0.018,"file":"res://docs/v2021_visual_runtime_qa/03_defeat_reward_1080x2340.png","filename":"03_defeat_reward_1080x2340","has_content":true,"height":2340,"label":"Defeat/reward state","not_black":true,"ok":true,"size_ok":true,"width":1080},{"bright_ratio":0.707,"dark_ratio":0.05,"file":"res://docs/v2021_visual_runtime_qa/04_spin_open_1080x2340.png","filename":"04_spin_open_1080x2340","has_content":true,"height":2340,"label":"SPIN open","not_black":true,"ok":true,"size_ok":true,"width":1080},{"bright_ratio":0.637,"dark_ratio":0.038,"file":"res://docs/v2021_visual_runtime_qa/05_spin_result_1080x2340.png","filename":"05_spin_result_1080x2340","has_content":true,"height":2340,"label":"SPIN result","not_black":true,"ok":true,"size_ok":true,"width":1080},{"bright_ratio":0.694,"dark_ratio":0.024,"file":"res://docs/v2021_visual_runtime_qa/06_village_1080x2340.png","filename":"06_village_1080x2340","has_content":true,"height":2340,"label":"Village","not_black":true,"ok":true,"size_ok":true,"width":1080},{"bright_ratio":0.452,"dark_ratio":0.193,"file":"res://docs/v2021_visual_runtime_qa/07_modes_1080x2340.png","filename":"07_modes_1080x2340","has_content":true,"height":2340,"label":"MODI feature hub","not_black":true,"ok":true,"size_ok":true,"width":1080},{"bright_ratio":0.553,"dark_ratio":0.143,"file":"res://docs/v2021_visual_runtime_qa/08_overlay_1080x2340.png","filename":"08_overlay_1080x2340","has_content":true,"height":2340,"label":"Settings overlay","not_black":true,"ok":true,"size_ok":true,"width":1080},{"bright_ratio":0.746,"dark_ratio":0.016,"file":"res://docs/v2021_visual_runtime_qa/09_return_main_1080x2340.png","filename":"09_return_main_1080x2340","has_content":true,"height":2340,"label":"Return to main","not_black":true,"ok":true,"size_ok":true,"width":1080},{"bright_ratio":0.635,"dark_ratio":0.046,"file":"res://docs/v2021_visual_runtime_qa/01_main_1080x2400.png","filename":"01_main_1080x2400","has_content":true,"height":2400,"label":"Main gameplay viewport matrix","not_black":true,"ok":true,"size_ok":true,"width":1080},{"bright_ratio":0.547,"dark_ratio":0.071,"file":"res://docs/v2021_visual_runtime_qa/01_main_1080x1920.png","filename":"01_main_1080x1920","has_content":true,"height":1920,"label":"Main gameplay viewport matrix","not_black":true,"ok":true,"size_ok":true,"width":1080},{"bright_ratio":0.635,"dark_ratio":0.048,"file":"res://docs/v2021_visual_runtime_qa/01_main_1440x3200.png","filename":"01_main_1440x3200","has_content":true,"height":3200,"label":"Main gameplay viewport matrix","not_black":true,"ok":true,"size_ok":true,"width":1440}],"status":"PASS","viewport_matrix":{"(1080, 1920)":{"issues":[],"shots":[{"bright_ratio":0.547,"dark_ratio":0.071,"file":"res://docs/v2021_visual_runtime_qa/01_main_1080x1920.png","filename":"01_main_1080x1920","has_content":true,"height":1920,"label":"Main gameplay viewport matrix","not_black":true,"ok":true,"size_ok":true,"width":1080}],"status":"PASS"},"(1080, 2340)":{"issues":[],"shots":[{"bright_ratio":0.735,"dark_ratio":0.018,"file":"res://docs/v2021_visual_runtime_qa/01_main_1080x2340.png","filename":"01_main_1080x2340","has_content":true,"height":2340,"label":"Main gameplay after boot","not_black":true,"ok":true,"size_ok":true,"width":1080},{"bright_ratio":0.735,"dark_ratio":0.018,"file":"res://docs/v2021_visual_runtime_qa/02_tap_hit_1080x2340.png","filename":"02_tap_hit_1080x2340","has_content":true,"height":2340,"label":"After TAP hit","not_black":true,"ok":true,"size_ok":true,"width":1080},{"bright_ratio":0.737,"dark_ratio":0.018,"file":"res://docs/v2021_visual_runtime_qa/03_defeat_reward_1080x2340.png","filename":"03_defeat_reward_1080x2340","has_content":true,"height":2340,"label":"Defeat/reward state","not_black":true,"ok":true,"size_ok":true,"width":1080},{"bright_ratio":0.707,"dark_ratio":0.05,"file":"res://docs/v2021_visual_runtime_qa/04_spin_open_1080x2340.png","filename":"04_spin_open_1080x2340","has_content":true,"height":2340,"label":"SPIN open","not_black":true,"ok":true,"size_ok":true,"width":1080},{"bright_ratio":0.637,"dark_ratio":0.038,"file":"res://docs/v2021_visual_runtime_qa/05_spin_result_1080x2340.png","filename":"05_spin_result_1080x2340","has_content":true,"height":2340,"label":"SPIN result","not_black":true,"ok":true,"size_ok":true,"width":1080},{"bright_ratio":0.694,"dark_ratio":0.024,"file":"res://docs/v2021_visual_runtime_qa/06_village_1080x2340.png","filename":"06_village_1080x2340","has_content":true,"height":2340,"label":"Village","not_black":true,"ok":true,"size_ok":true,"width":1080},{"bright_ratio":0.452,"dark_ratio":0.193,"file":"res://docs/v2021_visual_runtime_qa/07_modes_1080x2340.png","filename":"07_modes_1080x2340","has_content":true,"height":2340,"label":"MODI feature hub","not_black":true,"ok":true,"size_ok":true,"width":1080},{"bright_ratio":0.553,"dark_ratio":0.143,"file":"res://docs/v2021_visual_runtime_qa/08_overlay_1080x2340.png","filename":"08_overlay_1080x2340","has_content":true,"height":2340,"label":"Settings overlay","not_black":true,"ok":true,"size_ok":true,"width":1080},{"bright_ratio":0.746,"dark_ratio":0.016,"file":"res://docs/v2021_visual_runtime_qa/09_return_main_1080x2340.png","filename":"09_return_main_1080x2340","has_content":true,"height":2340,"label":"Return to main","not_black":true,"ok":true,"size_ok":true,"width":1080}],"status":"PASS"},"(1080, 2400)":{"issues":[],"shots":[{"bright_ratio":0.635,"dark_ratio":0.046,"file":"res://docs/v2021_visual_runtime_qa/01_main_1080x2400.png","filename":"01_main_1080x2400","has_content":true,"height":2400,"label":"Main gameplay viewport matrix","not_black":true,"ok":true,"size_ok":true,"width":1080}],"status":"PASS"},"(1440, 3200)":{"issues":[],"shots":[{"bright_ratio":0.635,"dark_ratio":0.048,"file":"res://docs/v2021_visual_runtime_qa/01_main_1440x3200.png","filename":"01_main_1440x3200","has_content":true,"height":3200,"label":"Main gameplay viewport matrix","not_black":true,"ok":true,"size_ok":true,"width":1440}],"status":"PASS"}},"visual_issues":[]}
WARNING: 3900 RIDs of type "CanvasItem" were leaked.
   at: _free_rids (servers/rendering/renderer_canvas_cull.cpp:2735)
ERROR: Texture with GL ID of 36: leaked 699050 bytes.
   at: ~Utilities (drivers/gles3/storage/utilities.cpp:82)
ERROR: Texture with GL ID of 37: leaked 131072 bytes.
   at: ~Utilities (drivers/gles3/storage/utilities.cpp:82)
ERROR: Texture with GL ID of 88: leaked 5810816 bytes.
   at: ~Utilities (drivers/gles3/storage/utilities.cpp:82)
ERROR: Texture with GL ID of 89: leaked 131072 bytes.
   at: ~Utilities (drivers/gles3/storage/utilities.cpp:82)
ERROR: Texture with GL ID of 90: leaked 131072 bytes.
   at: ~Utilities (drivers/gles3/storage/utilities.cpp:82)
ERROR: Texture with GL ID of 91: leaked 131072 bytes.
   at: ~Utilities (drivers/gles3/storage/utilities.cpp:82)
ERROR: Texture with GL ID of 92: leaked 524288 bytes.
   at: ~Utilities (drivers/gles3/storage/utilities.cpp:82)
ERROR: Texture with GL ID of 93: leaked 131072 bytes.
   at: ~Utilities (drivers/gles3/storage/utilities.cpp:82)
ERROR: Texture with GL ID of 94: leaked 174762 bytes.
   at: ~Utilities (drivers/gles3/storage/utilities.cpp:82)
ERROR: Texture with GL ID of 95: leaked 524288 bytes.
   at: ~Utilities (drivers/gles3/storage/utilities.cpp:82)
ERROR: Texture with GL ID of 96: leaked 131072 bytes.
   at: ~Utilities (drivers/gles3/storage/utilities.cpp:82)
ERROR: Texture with GL ID of 97: leaked 174762 bytes.
   at: ~Utilities (drivers/gles3/storage/utilities.cpp:82)
ERROR: Texture with GL ID of 98: leaked 131072 bytes.
   at: ~Utilities (drivers/gles3/storage/utilities.cpp:82)
ERROR: Texture with GL ID of 165: leaked 131072 bytes.
   at: ~Utilities (drivers/gles3/storage/utilities.cpp:82)
ERROR: Texture with GL ID of 166: leaked 131072 bytes.
   at: ~Utilities (drivers/gles3/storage/utilities.cpp:82)
ERROR: Texture with GL ID of 167: leaked 131072 bytes.
   at: ~Utilities (drivers/gles3/storage/utilities.cpp:82)
ERROR: Texture with GL ID of 168: leaked 131072 bytes.
   at: ~Utilities (drivers/gles3/storage/utilities.cpp:82)
ERROR: Texture with GL ID of 169: leaked 131072 bytes.
   at: ~Utilities (drivers/gles3/storage/utilities.cpp:82)
ERROR: Texture with GL ID of 170: leaked 131072 bytes.
   at: ~Utilities (drivers/gles3/storage/utilities.cpp:82)
ERROR: Texture with GL ID of 171: leaked 131072 bytes.
   at: ~Utilities (drivers/gles3/storage/utilities.cpp:82)
ERROR: Texture with GL ID of 172: leaked 131072 bytes.
   at: ~Utilities (drivers/gles3/storage/utilities.cpp:82)
ERROR: Texture with GL ID of 173: leaked 131072 bytes.
   at: ~Utilities (drivers/gles3/storage/utilities.cpp:82)
ERROR: Texture with GL ID of 174: leaked 524288 bytes.
   at: ~Utilities (drivers/gles3/storage/utilities.cpp:82)
ERROR: Texture with GL ID of 176: leaked 524288 bytes.
   at: ~Utilities (drivers/gles3/storage/utilities.cpp:82)
ERROR: Texture with GL ID of 179: leaked 131072 bytes.
   at: ~Utilities (drivers/gles3/storage/utilities.cpp:82)
ERROR: Texture with GL ID of 180: leaked 174762 bytes.
   at: ~Utilities (drivers/gles3/storage/utilities.cpp:82)
ERROR: Texture with GL ID of 181: leaked 131072 bytes.
   at: ~Utilities (drivers/gles3/storage/utilities.cpp:82)
ERROR: Texture with GL ID of 182: leaked 131072 bytes.
   at: ~Utilities (drivers/gles3/storage/utilities.cpp:82)
ERROR: Texture with GL ID of 62: leaked 524288 bytes.
   at: ~Utilities (drivers/gles3/storage/utilities.cpp:82)
ERROR: Texture with GL ID of 63: leaked 699050 bytes.
   at: ~Utilities (drivers/gles3/storage/utilities.cpp:82)
ERROR: Texture with GL ID of 64: leaked 524288 bytes.
   at: ~Utilities (drivers/gles3/storage/utilities.cpp:82)
ERROR: Texture with GL ID of 65: leaked 699050 bytes.
   at: ~Utilities (drivers/gles3/storage/utilities.cpp:82)
ERROR: Texture with GL ID of 66: leaked 131072 bytes.
   at: ~Utilities (drivers/gles3/storage/utilities.cpp:82)
ERROR: Texture with GL ID of 67: leaked 131072 bytes.
   at: ~Utilities (drivers/gles3/storage/utilities.cpp:82)
ERROR: Texture with GL ID of 61: leaked 131072 bytes.
   at: ~Utilities (drivers/gles3/storage/utilities.cpp:82)
ERROR: 68 RID allocations of type 'N5GLES37TextureE' were leaked at exit.
ERROR: 1 RID allocations of type 'PN18TextServerAdvanced12FontAdvancedE' were leaked at exit.
ERROR: Texture with GL ID of 68: leaked 131072 bytes.
   at: ~Utilities (drivers/gles3/storage/utilities.cpp:82)
ERROR: Texture with GL ID of 183: leaked 131072 bytes.
   at: ~Utilities (drivers/gles3/storage/utilities.cpp:82)
ERROR: Texture with GL ID of 184: leaked 524288 bytes.
   at: ~Utilities (drivers/gles3/storage/utilities.cpp:82)
ERROR: Texture with GL ID of 185: leaked 699050 bytes.
   at: ~Utilities (drivers/gles3/storage/utilities.cpp:82)
ERROR: Texture with GL ID of 57: leaked 699050 bytes.
   at: ~Utilities (drivers/gles3/storage/utilities.cpp:82)
ERROR: Texture with GL ID of 24: leaked 2097152 bytes.
   at: ~Utilities (drivers/gles3/storage/utilities.cpp:82)
ERROR: Texture with GL ID of 25: leaked 131072 bytes.
   at: ~Utilities (drivers/gles3/storage/utilities.cpp:82)
ERROR: Texture with GL ID of 60: leaked 524288 bytes.
   at: ~Utilities (drivers/gles3/storage/utilities.cpp:82)
ERROR: Texture with GL ID of 69: leaked 131072 bytes.
   at: ~Utilities (drivers/gles3/storage/utilities.cpp:82)
ERROR: Texture with GL ID of 70: leaked 131072 bytes.
   at: ~Utilities (drivers/gles3/storage/utilities.cpp:82)
ERROR: Texture with GL ID of 71: leaked 524288 bytes.
   at: ~Utilities (drivers/gles3/storage/utilities.cpp:82)
ERROR: Texture with GL ID of 72: leaked 524288 bytes.
   at: ~Utilities (drivers/gles3/storage/utilities.cpp:82)
ERROR: Texture with GL ID of 73: leaked 131072 bytes.
   at: ~Utilities (drivers/gles3/storage/utilities.cpp:82)
ERROR: Texture with GL ID of 74: leaked 131072 bytes.
   at: ~Utilities (drivers/gles3/storage/utilities.cpp:82)
ERROR: Texture with GL ID of 76: leaked 524288 bytes.
   at: ~Utilities (drivers/gles3/storage/utilities.cpp:82)
ERROR: Texture with GL ID of 110: leaked 524288 bytes.
   at: ~Utilities (drivers/gles3/storage/utilities.cpp:82)
ERROR: Texture with GL ID of 111: leaked 524288 bytes.
   at: ~Utilities (drivers/gles3/storage/utilities.cpp:82)
ERROR: Texture with GL ID of 112: leaked 524288 bytes.
   at: ~Utilities (drivers/gles3/storage/utilities.cpp:82)
ERROR: Texture with GL ID of 113: leaked 524288 bytes.
   at: ~Utilities (drivers/gles3/storage/utilities.cpp:82)
ERROR: Texture with GL ID of 114: leaked 131072 bytes.
   at: ~Utilities (drivers/gles3/storage/utilities.cpp:82)
ERROR: Texture with GL ID of 201: leaked 524288 bytes.
   at: ~Utilities (drivers/gles3/storage/utilities.cpp:82)
ERROR: Texture with GL ID of 202: leaked 524288 bytes.
   at: ~Utilities (drivers/gles3/storage/utilities.cpp:82)
ERROR: Texture with GL ID of 203: leaked 131072 bytes.
   at: ~Utilities (drivers/gles3/storage/utilities.cpp:82)
ERROR: Texture with GL ID of 204: leaked 131072 bytes.
   at: ~Utilities (drivers/gles3/storage/utilities.cpp:82)
ERROR: Texture with GL ID of 205: leaked 131072 bytes.
   at: ~Utilities (drivers/gles3/storage/utilities.cpp:82)
ERROR: Texture with GL ID of 206: leaked 524288 bytes.
   at: ~Utilities (drivers/gles3/storage/utilities.cpp:82)
ERROR: Texture with GL ID of 207: leaked 524288 bytes.
   at: ~Utilities (drivers/gles3/storage/utilities.cpp:82)
ERROR: Texture with GL ID of 208: leaked 524288 bytes.
   at: ~Utilities (drivers/gles3/storage/utilities.cpp:82)
ERROR: Texture with GL ID of 209: leaked 524288 bytes.
   at: ~Utilities (drivers/gles3/storage/utilities.cpp:82)
ERROR: Texture with GL ID of 210: leaked 524288 bytes.
   at: ~Utilities (drivers/gles3/storage/utilities.cpp:82)
ERROR: Texture with GL ID of 211: leaked 524288 bytes.
   at: ~Utilities (drivers/gles3/storage/utilities.cpp:82)
ERROR: Texture with GL ID of 212: leaked 524288 bytes.
   at: ~Utilities (drivers/gles3/storage/utilities.cpp:82)
ERROR: Texture with GL ID of 213: leaked 131072 bytes.
   at: ~Utilities (drivers/gles3/storage/utilities.cpp:82)
WARNING: 9997 ObjectDB instances were leaked at exit (run with `--verbose` for details).
   at: cleanup (core/object/object.cpp:2536)
ERROR: 2 resources still in use at exit (run with --verbose for details).
   at: clear (core/io/resource.cpp:822)
