Godot Engine v4.7.2.stable.official.ed1daf0bf - https://godotengine.org
OpenGL API 3.3.0 NVIDIA 610.88 - Compatibility - Using Device: NVIDIA - NVIDIA GeForce RTX 5060

Godot_v4.7.2-stable_win64_console.exe : Unicode parsing error, some characters were replaced with ´┐¢ (U+FFFD): 
Unexpected NUL character
In C:\Users\manue\AppData\Local\Temp\ps-script-0cbd35e6-b224-4a1d-9d07-b8e667945a53.ps1:103 Zeichen:159
+ ... StartNew(); & "tools\godot\Godot_v4.7.2-stable_win64_console.exe" --p ...
+                 ~~~~~~~~~~~~~~~~~~~~~~~~~~~~~~~~~~~~~~~~~~~~~~~~~~~~~~~~~
    + CategoryInfo          : NotSpecified: (Unicode parsing...d NUL character:String) [], RemoteException
    + FullyQualifiedErrorId : NativeCommandError
 
Unicode parsing error, some characters were replaced with ´┐¢ (U+FFFD): Unexpected NUL character
Unicode parsing error, some characters were replaced with ´┐¢ (U+FFFD): Unexpected NUL character
Unicode parsing error, some characters were replaced with ´┐¢ (U+FFFD): Unexpected NUL character
[VisualRuntimeQa] start smoke acceptance
[VisualRuntimeQa] tap determinism x3
[CORE_ANALYTICS] {"event":"test_profile_applied","payload":{"profile":"fresh"},"time_unix":1789104315.329}
SCRIPT ERROR: Parse Error: The variable type is being inferred from a Variant value, so it will be typed as Variant. 
(Warning treated as error.)
   at: GDScript::reload (res://ScreenUiAssemblyService.gd:235)
   GDScript backtrace (most recent call first):
       [0] _run_tap_determinism (res://V2021VisualRuntimeQa.gd:223)
       [1] _run_acceptance (res://V2021VisualRuntimeQa.gd:95)
       [2] run_smoke (res://V2021VisualRuntimeQa.gd:53)
       [3] _ready (res://V2022VisualRuntimeQaSmokeHost.gd:5)
SCRIPT ERROR: Parse Error: Cannot infer the type of "group_w" variable because the value doesn't have a set type.
   at: GDScript::reload (res://FinalAlphaConvergenceV200.gd:19)
   GDScript backtrace (most recent call first):
       [0] _run_tap_determinism (res://V2021VisualRuntimeQa.gd:223)
       [1] _run_acceptance (res://V2021VisualRuntimeQa.gd:95)
       [2] run_smoke (res://V2021VisualRuntimeQa.gd:53)
       [3] _ready (res://V2022VisualRuntimeQaSmokeHost.gd:5)
SCRIPT ERROR: Parse Error: Cannot infer the type of "left" variable because the value doesn't have a set type.
   at: GDScript::reload (res://FinalAlphaConvergenceV200.gd:20)
   GDScript backtrace (most recent call first):
       [0] _run_tap_determinism (res://V2021VisualRuntimeQa.gd:223)
       [1] _run_acceptance (res://V2021VisualRuntimeQa.gd:95)
       [2] run_smoke (res://V2021VisualRuntimeQa.gd:53)
       [3] _ready (res://V2022VisualRuntimeQaSmokeHost.gd:5)
SCRIPT ERROR: Parse Error: Cannot infer the type of "h" variable because the value doesn't have a set type.
   at: GDScript::reload (res://FinalAlphaConvergenceV200.gd:53)
   GDScript backtrace (most recent call first):
       [0] _run_tap_determinism (res://V2021VisualRuntimeQa.gd:223)
       [1] _run_acceptance (res://V2021VisualRuntimeQa.gd:95)
       [2] run_smoke (res://V2021VisualRuntimeQa.gd:53)
       [3] _ready (res://V2022VisualRuntimeQaSmokeHost.gd:5)
SCRIPT ERROR: Parse Error: The variable type is being inferred from a Variant value, so it will be typed as Variant. 
(Warning treated as error.)
   at: GDScript::reload (res://FinalAlphaConvergenceV200.gd:16)
   GDScript backtrace (most recent call first):
       [0] _run_tap_determinism (res://V2021VisualRuntimeQa.gd:223)
       [1] _run_acceptance (res://V2021VisualRuntimeQa.gd:95)
       [2] run_smoke (res://V2021VisualRuntimeQa.gd:53)
       [3] _ready (res://V2022VisualRuntimeQaSmokeHost.gd:5)
SCRIPT ERROR: Parse Error: The variable type is being inferred from a Variant value, so it will be typed as Variant. 
(Warning treated as error.)
   at: GDScript::reload (res://FinalAlphaConvergenceV200.gd:17)
   GDScript backtrace (most recent call first):
       [0] _run_tap_determinism (res://V2021VisualRuntimeQa.gd:223)
       [1] _run_acceptance (res://V2021VisualRuntimeQa.gd:95)
       [2] run_smoke (res://V2021VisualRuntimeQa.gd:53)
       [3] _ready (res://V2022VisualRuntimeQaSmokeHost.gd:5)
SCRIPT ERROR: Parse Error: The variable type is being inferred from a Variant value, so it will be typed as Variant. 
(Warning treated as error.)
   at: GDScript::reload (res://FinalAlphaConvergenceV200.gd:18)
   GDScript backtrace (most recent call first):
       [0] _run_tap_determinism (res://V2021VisualRuntimeQa.gd:223)
       [1] _run_acceptance (res://V2021VisualRuntimeQa.gd:95)
       [2] run_smoke (res://V2021VisualRuntimeQa.gd:53)
       [3] _ready (res://V2022VisualRuntimeQaSmokeHost.gd:5)
SCRIPT ERROR: Parse Error: The variable type is being inferred from a Variant value, so it will be typed as Variant. 
(Warning treated as error.)
   at: GDScript::reload (res://FinalAlphaConvergenceV200.gd:21)
   GDScript backtrace (most recent call first):
       [0] _run_tap_determinism (res://V2021VisualRuntimeQa.gd:223)
       [1] _run_acceptance (res://V2021VisualRuntimeQa.gd:95)
       [2] run_smoke (res://V2021VisualRuntimeQa.gd:53)
       [3] _ready (res://V2022VisualRuntimeQaSmokeHost.gd:5)
SCRIPT ERROR: Parse Error: The variable type is being inferred from a Variant value, so it will be typed as Variant. 
(Warning treated as error.)
   at: GDScript::reload (res://FinalAlphaConvergenceV200.gd:52)
   GDScript backtrace (most recent call first):
       [0] _run_tap_determinism (res://V2021VisualRuntimeQa.gd:223)
       [1] _run_acceptance (res://V2021VisualRuntimeQa.gd:95)
       [2] run_smoke (res://V2021VisualRuntimeQa.gd:53)
       [3] _ready (res://V2022VisualRuntimeQaSmokeHost.gd:5)
SCRIPT ERROR: Compile Error: Failed to compile depended scripts.
   at: GDScript::reload (res://MainGame.gd:0)
   GDScript backtrace (most recent call first):
       [0] _run_tap_determinism (res://V2021VisualRuntimeQa.gd:223)
       [1] _run_acceptance (res://V2021VisualRuntimeQa.gd:95)
       [2] run_smoke (res://V2021VisualRuntimeQa.gd:53)
       [3] _ready (res://V2022VisualRuntimeQaSmokeHost.gd:5)
ERROR: Failed to load script "res://MainGame.gd" with error "Compilation failed".
   at: load (modules/gdscript/gdscript_resource_format.cpp:46)
   GDScript backtrace (most recent call first):
       [0] _run_tap_determinism (res://V2021VisualRuntimeQa.gd:223)
       [1] _run_acceptance (res://V2021VisualRuntimeQa.gd:95)
       [2] run_smoke (res://V2021VisualRuntimeQa.gd:53)
       [3] _ready (res://V2022VisualRuntimeQaSmokeHost.gd:5)
[CORE_ANALYTICS] {"event":"game_start","payload":{},"time_unix":1789104316.401}
SCRIPT ERROR: Invalid call. Nonexistent function 'refresh_home_loop_state' in base 'GDScript'.
   at: _update_monster_ui (res://MainGame.gd:1219)
   GDScript backtrace (most recent call first):
       [0] _update_monster_ui (res://MainGame.gd:1219)
       [1] _refresh_all (res://MainGame.gd:675)
       [2] @shields_setter (res://PlayerData.gd:14)
       [3] apply_save_data (res://PlayerData.gd:150)
       [4] load_game (res://SaveGame.gd:150)
       [5] _ready (res://MainGame.gd:515)
SCRIPT ERROR: Invalid call. Nonexistent function 'refresh_village_loop_state' in base 'GDScript'.
   at: _refresh_p0_village (res://MainGame.gd:2410)
   GDScript backtrace (most recent call first):
       [0] _refresh_p0_village (res://MainGame.gd:2410)
       [1] _refresh_all (res://MainGame.gd:680)
       [2] @shields_setter (res://PlayerData.gd:14)
       [3] apply_save_data (res://PlayerData.gd:150)
       [4] load_game (res://SaveGame.gd:150)
       [5] _ready (res://MainGame.gd:515)
SCRIPT ERROR: Invalid call. Nonexistent function 'refresh_reward_session_state' in base 'GDScript'.
   at: _refresh_meta_ui (res://MainGame.gd:1004)
   GDScript backtrace (most recent call first):
       [0] _refresh_meta_ui (res://MainGame.gd:1004)
       [1] _refresh_all (res://MainGame.gd:683)
       [2] @shields_setter (res://PlayerData.gd:14)
       [3] apply_save_data (res://PlayerData.gd:150)
       [4] load_game (res://SaveGame.gd:150)
       [5] _ready (res://MainGame.gd:515)
SCRIPT ERROR: Invalid call. Nonexistent function 'style_objective_header' in base 'GDScript'.
   at: _add_objective_header_v152 (res://MainGame.gd:2166)
   GDScript backtrace (most recent call first):
       [0] _add_objective_header_v152 (res://MainGame.gd:2166)
       [1] _rebuild_quests (res://MainGame.gd:2205)
       [2] _refresh_all (res://MainGame.gd:688)
       [3] @shields_setter (res://PlayerData.gd:14)
       [4] apply_save_data (res://PlayerData.gd:150)
       [5] load_game (res://SaveGame.gd:150)
       [6] _ready (res://MainGame.gd:515)
SCRIPT ERROR: Invalid call. Nonexistent function 'objective_icon_role' in base 'GDScript'.
   at: _add_objective_row_v152 (res://MainGame.gd:2181)
   GDScript backtrace (most recent call first):
       [0] _add_objective_row_v152 (res://MainGame.gd:2181)
       [1] _rebuild_quests (res://MainGame.gd:2206)
       [2] _refresh_all (res://MainGame.gd:688)
       [3] @shields_setter (res://PlayerData.gd:14)
       [4] apply_save_data (res://PlayerData.gd:150)
       [5] load_game (res://SaveGame.gd:150)
       [6] _ready (res://MainGame.gd:515)
SCRIPT ERROR: Invalid call. Nonexistent function 'objective_icon_role' in base 'GDScript'.
   at: _add_objective_row_v152 (res://MainGame.gd:2181)
   GDScript backtrace (most recent call first):
       [0] _add_objective_row_v152 (res://MainGame.gd:2181)
       [1] _rebuild_quests (res://MainGame.gd:2206)
       [2] _refresh_all (res://MainGame.gd:688)
       [3] @shields_setter (res://PlayerData.gd:14)
       [4] apply_save_data (res://PlayerData.gd:150)
       [5] load_game (res://SaveGame.gd:150)
       [6] _ready (res://MainGame.gd:515)
SCRIPT ERROR: Invalid call. Nonexistent function 'objective_icon_role' in base 'GDScript'.
   at: _add_objective_row_v152 (res://MainGame.gd:2181)
   GDScript backtrace (most recent call first):
       [0] _add_objective_row_v152 (res://MainGame.gd:2181)
       [1] _rebuild_quests (res://MainGame.gd:2206)
       [2] _refresh_all (res://MainGame.gd:688)
       [3] @shields_setter (res://PlayerData.gd:14)
       [4] apply_save_data (res://PlayerData.gd:150)
       [5] load_game (res://SaveGame.gd:150)
       [6] _ready (res://MainGame.gd:515)
SCRIPT ERROR: Invalid call. Nonexistent function 'style_objective_header' in base 'GDScript'.
   at: _add_objective_header_v152 (res://MainGame.gd:2166)
   GDScript backtrace (most recent call first):
       [0] _add_objective_header_v152 (res://MainGame.gd:2166)
       [1] _rebuild_quests (res://MainGame.gd:2205)
       [2] _refresh_all (res://MainGame.gd:688)
       [3] @shields_setter (res://PlayerData.gd:14)
       [4] apply_save_data (res://PlayerData.gd:150)
       [5] load_game (res://SaveGame.gd:150)
       [6] _ready (res://MainGame.gd:515)
SCRIPT ERROR: Invalid call. Nonexistent function 'objective_icon_role' in base 'GDScript'.
   at: _add_objective_row_v152 (res://MainGame.gd:2181)
   GDScript backtrace (most recent call first):
       [0] _add_objective_row_v152 (res://MainGame.gd:2181)
       [1] _rebuild_quests (res://MainGame.gd:2206)
       [2] _refresh_all (res://MainGame.gd:688)
       [3] @shields_setter (res://PlayerData.gd:14)
       [4] apply_save_data (res://PlayerData.gd:150)
       [5] load_game (res://SaveGame.gd:150)
       [6] _ready (res://MainGame.gd:515)
SCRIPT ERROR: Invalid call. Nonexistent function 'objective_icon_role' in base 'GDScript'.
   at: _add_objective_row_v152 (res://MainGame.gd:2181)
   GDScript backtrace (most recent call first):
       [0] _add_objective_row_v152 (res://MainGame.gd:2181)
       [1] _rebuild_quests (res://MainGame.gd:2206)
       [2] _refresh_all (res://MainGame.gd:688)
       [3] @shields_setter (res://PlayerData.gd:14)
       [4] apply_save_data (res://PlayerData.gd:150)
       [5] load_game (res://SaveGame.gd:150)
       [6] _ready (res://MainGame.gd:515)
SCRIPT ERROR: Invalid call. Nonexistent function 'objective_icon_role' in base 'GDScript'.
   at: _add_objective_row_v152 (res://MainGame.gd:2181)
   GDScript backtrace (most recent call first):
       [0] _add_objective_row_v152 (res://MainGame.gd:2181)
       [1] _rebuild_quests (res://MainGame.gd:2206)
       [2] _refresh_all (res://MainGame.gd:688)
       [3] @shields_setter (res://PlayerData.gd:14)
       [4] apply_save_data (res://PlayerData.gd:150)
       [5] load_game (res://SaveGame.gd:150)
       [6] _ready (res://MainGame.gd:515)
SCRIPT ERROR: Invalid call. Nonexistent function 'style_objective_header' in base 'GDScript'.
   at: _add_objective_header_v152 (res://MainGame.gd:2166)
   GDScript backtrace (most recent call first):
       [0] _add_objective_header_v152 (res://MainGame.gd:2166)
       [1] _rebuild_quests (res://MainGame.gd:2205)
       [2] _refresh_all (res://MainGame.gd:688)
       [3] @shields_setter (res://PlayerData.gd:14)
       [4] apply_save_data (res://PlayerData.gd:150)
       [5] load_game (res://SaveGame.gd:150)
       [6] _ready (res://MainGame.gd:515)
SCRIPT ERROR: Invalid call. Nonexistent function 'objective_icon_role' in base 'GDScript'.
   at: _add_objective_row_v152 (res://MainGame.gd:2181)
   GDScript backtrace (most recent call first):
       [0] _add_objective_row_v152 (res://MainGame.gd:2181)
       [1] _rebuild_quests (res://MainGame.gd:2206)
       [2] _refresh_all (res://MainGame.gd:688)
       [3] @shields_setter (res://PlayerData.gd:14)
       [4] apply_save_data (res://PlayerData.gd:150)
       [5] load_game (res://SaveGame.gd:150)
       [6] _ready (res://MainGame.gd:515)
SCRIPT ERROR: Invalid call. Nonexistent function 'objective_icon_role' in base 'GDScript'.
   at: _add_objective_row_v152 (res://MainGame.gd:2181)
   GDScript backtrace (most recent call first):
       [0] _add_objective_row_v152 (res://MainGame.gd:2181)
       [1] _rebuild_quests (res://MainGame.gd:2206)
       [2] _refresh_all (res://MainGame.gd:688)
       [3] @shields_setter (res://PlayerData.gd:14)
       [4] apply_save_data (res://PlayerData.gd:150)
       [5] load_game (res://SaveGame.gd:150)
       [6] _ready (res://MainGame.gd:515)
SCRIPT ERROR: Invalid call. Nonexistent function 'objective_icon_role' in base 'GDScript'.
   at: _add_objective_row_v152 (res://MainGame.gd:2181)
   GDScript backtrace (most recent call first):
       [0] _add_objective_row_v152 (res://MainGame.gd:2181)
       [1] _rebuild_quests (res://MainGame.gd:2206)
       [2] _refresh_all (res://MainGame.gd:688)
       [3] @shields_setter (res://PlayerData.gd:14)
       [4] apply_save_data (res://PlayerData.gd:150)
       [5] load_game (res://SaveGame.gd:150)
       [6] _ready (res://MainGame.gd:515)
SCRIPT ERROR: Invalid call. Nonexistent function 'objective_icon_role' in base 'GDScript'.
   at: _add_objective_row_v152 (res://MainGame.gd:2181)
   GDScript backtrace (most recent call first):
       [0] _add_objective_row_v152 (res://MainGame.gd:2181)
       [1] _rebuild_quests (res://MainGame.gd:2206)
       [2] _refresh_all (res://MainGame.gd:688)
       [3] @shields_setter (res://PlayerData.gd:14)
       [4] apply_save_data (res://PlayerData.gd:150)
       [5] load_game (res://SaveGame.gd:150)
       [6] _ready (res://MainGame.gd:515)
SCRIPT ERROR: Invalid call. Nonexistent function 'objective_icon_role' in base 'GDScript'.
   at: _add_objective_row_v152 (res://MainGame.gd:2181)
   GDScript backtrace (most recent call first):
       [0] _add_objective_row_v152 (res://MainGame.gd:2181)
       [1] _rebuild_quests (res://MainGame.gd:2206)
       [2] _refresh_all (res://MainGame.gd:688)
       [3] @shields_setter (res://PlayerData.gd:14)
       [4] apply_save_data (res://PlayerData.gd:150)
       [5] load_game (res://SaveGame.gd:150)
       [6] _ready (res://MainGame.gd:515)
SCRIPT ERROR: Invalid call. Nonexistent function 'style_objective_header' in base 'GDScript'.
   at: _add_objective_header_v152 (res://MainGame.gd:2166)
   GDScript backtrace (most recent call first):
       [0] _add_objective_header_v152 (res://MainGame.gd:2166)
       [1] _rebuild_quests (res://MainGame.gd:2207)
       [2] _refresh_all (res://MainGame.gd:688)
       [3] @shields_setter (res://PlayerData.gd:14)
       [4] apply_save_data (res://PlayerData.gd:150)
       [5] load_game (res://SaveGame.gd:150)
       [6] _ready (res://MainGame.gd:515)
SCRIPT ERROR: Invalid call. Nonexistent function 'objective_icon_role' in base 'GDScript'.
   at: _rebuild_quests (res://MainGame.gd:2214)
   GDScript backtrace (most recent call first):
       [0] _rebuild_quests (res://MainGame.gd:2214)
       [1] _refresh_all (res://MainGame.gd:688)
       [2] @shields_setter (res://PlayerData.gd:14)
       [3] apply_save_data (res://PlayerData.gd:150)
       [4] load_game (res://SaveGame.gd:150)
       [5] _ready (res://MainGame.gd:515)
SCRIPT ERROR: Invalid call. Nonexistent function 'refresh_progression_state' in base 'GDScript'.
   at: _refresh_progression_p0 (res://MainGame.gd:2903)
   GDScript backtrace (most recent call first):
       [0] _refresh_progression_p0 (res://MainGame.gd:2903)
       [1] _refresh_all (res://MainGame.gd:696)
       [2] @shields_setter (res://PlayerData.gd:14)
       [3] apply_save_data (res://PlayerData.gd:150)
       [4] load_game (res://SaveGame.gd:150)
       [5] _ready (res://MainGame.gd:515)
SCRIPT ERROR: Invalid call. Nonexistent function 'refresh_shop_state' in base 'GDScript'.
   at: _refresh_shop_p0 (res://MainGame.gd:2810)
   GDScript backtrace (most recent call first):
       [0] _refresh_shop_p0 (res://MainGame.gd:2810)
       [1] _refresh_all (res://MainGame.gd:697)
       [2] @shields_setter (res://PlayerData.gd:14)
       [3] apply_save_data (res://PlayerData.gd:150)
       [4] load_game (res://SaveGame.gd:150)
       [5] _ready (res://MainGame.gd:515)
SCRIPT ERROR: Invalid call. Nonexistent function 'refresh_afk_state' in base 'GDScript'.
   at: _refresh_afk_p0 (res://MainGame.gd:2910)
   GDScript backtrace (most recent call first):
       [0] _refresh_afk_p0 (res://MainGame.gd:2910)
       [1] _refresh_all (res://MainGame.gd:698)
       [2] @shields_setter (res://PlayerData.gd:14)
       [3] apply_save_data (res://PlayerData.gd:150)
       [4] load_game (res://SaveGame.gd:150)
       [5] _ready (res://MainGame.gd:515)
SCRIPT ERROR: Invalid call. Nonexistent function 'refresh_home_loop_state' in base 'GDScript'.
   at: _update_monster_ui (res://MainGame.gd:1219)
   GDScript backtrace (most recent call first):
       [0] _update_monster_ui (res://MainGame.gd:1219)
       [1] _refresh_all (res://MainGame.gd:675)
       [2] apply_save_data (res://PlayerData.gd:163)
       [3] load_game (res://SaveGame.gd:150)
       [4] _ready (res://MainGame.gd:515)
SCRIPT ERROR: Invalid call. Nonexistent function 'refresh_village_loop_state' in base 'GDScript'.
   at: _refresh_p0_village (res://MainGame.gd:2410)
   GDScript backtrace (most recent call first):
       [0] _refresh_p0_village (res://MainGame.gd:2410)
       [1] _refresh_all (res://MainGame.gd:680)
       [2] apply_save_data (res://PlayerData.gd:163)
       [3] load_game (res://SaveGame.gd:150)
       [4] _ready (res://MainGame.gd:515)
SCRIPT ERROR: Invalid call. Nonexistent function 'refresh_reward_session_state' in base 'GDScript'.
   at: _refresh_meta_ui (res://MainGame.gd:1004)
   GDScript backtrace (most recent call first):
       [0] _refresh_meta_ui (res://MainGame.gd:1004)
       [1] _refresh_all (res://MainGame.gd:683)
       [2] apply_save_data (res://PlayerData.gd:163)
       [3] load_game (res://SaveGame.gd:150)
       [4] _ready (res://MainGame.gd:515)
SCRIPT ERROR: Invalid call. Nonexistent function 'style_objective_header' in base 'GDScript'.
   at: _add_objective_header_v152 (res://MainGame.gd:2166)
   GDScript backtrace (most recent call first):
       [0] _add_objective_header_v152 (res://MainGame.gd:2166)
       [1] _rebuild_quests (res://MainGame.gd:2205)
       [2] _refresh_all (res://MainGame.gd:688)
       [3] apply_save_data (res://PlayerData.gd:163)
       [4] load_game (res://SaveGame.gd:150)
       [5] _ready (res://MainGame.gd:515)
SCRIPT ERROR: Invalid call. Nonexistent function 'objective_icon_role' in base 'GDScript'.
   at: _add_objective_row_v152 (res://MainGame.gd:2181)
   GDScript backtrace (most recent call first):
       [0] _add_objective_row_v152 (res://MainGame.gd:2181)
       [1] _rebuild_quests (res://MainGame.gd:2206)
       [2] _refresh_all (res://MainGame.gd:688)
       [3] apply_save_data (res://PlayerData.gd:163)
       [4] load_game (res://SaveGame.gd:150)
       [5] _ready (res://MainGame.gd:515)
SCRIPT ERROR: Invalid call. Nonexistent function 'objective_icon_role' in base 'GDScript'.
   at: _add_objective_row_v152 (res://MainGame.gd:2181)
   GDScript backtrace (most recent call first):
       [0] _add_objective_row_v152 (res://MainGame.gd:2181)
       [1] _rebuild_quests (res://MainGame.gd:2206)
       [2] _refresh_all (res://MainGame.gd:688)
       [3] apply_save_data (res://PlayerData.gd:163)
       [4] load_game (res://SaveGame.gd:150)
       [5] _ready (res://MainGame.gd:515)
SCRIPT ERROR: Invalid call. Nonexistent function 'objective_icon_role' in base 'GDScript'.
   at: _add_objective_row_v152 (res://MainGame.gd:2181)
   GDScript backtrace (most recent call first):
       [0] _add_objective_row_v152 (res://MainGame.gd:2181)
       [1] _rebuild_quests (res://MainGame.gd:2206)
       [2] _refresh_all (res://MainGame.gd:688)
       [3] apply_save_data (res://PlayerData.gd:163)
       [4] load_game (res://SaveGame.gd:150)
       [5] _ready (res://MainGame.gd:515)
SCRIPT ERROR: Invalid call. Nonexistent function 'style_objective_header' in base 'GDScript'.
   at: _add_objective_header_v152 (res://MainGame.gd:2166)
   GDScript backtrace (most recent call first):
       [0] _add_objective_header_v152 (res://MainGame.gd:2166)
       [1] _rebuild_quests (res://MainGame.gd:2205)
       [2] _refresh_all (res://MainGame.gd:688)
       [3] apply_save_data (res://PlayerData.gd:163)
       [4] load_game (res://SaveGame.gd:150)
       [5] _ready (res://MainGame.gd:515)
SCRIPT ERROR: Invalid call. Nonexistent function 'objective_icon_role' in base 'GDScript'.
   at: _add_objective_row_v152 (res://MainGame.gd:2181)
   GDScript backtrace (most recent call first):
       [0] _add_objective_row_v152 (res://MainGame.gd:2181)
       [1] _rebuild_quests (res://MainGame.gd:2206)
       [2] _refresh_all (res://MainGame.gd:688)
       [3] apply_save_data (res://PlayerData.gd:163)
       [4] load_game (res://SaveGame.gd:150)
       [5] _ready (res://MainGame.gd:515)
SCRIPT ERROR: Invalid call. Nonexistent function 'objective_icon_role' in base 'GDScript'.
   at: _add_objective_row_v152 (res://MainGame.gd:2181)
   GDScript backtrace (most recent call first):
       [0] _add_objective_row_v152 (res://MainGame.gd:2181)
       [1] _rebuild_quests (res://MainGame.gd:2206)
       [2] _refresh_all (res://MainGame.gd:688)
       [3] apply_save_data (res://PlayerData.gd:163)
       [4] load_game (res://SaveGame.gd:150)
       [5] _ready (res://MainGame.gd:515)
SCRIPT ERROR: Invalid call. Nonexistent function 'objective_icon_role' in base 'GDScript'.
   at: _add_objective_row_v152 (res://MainGame.gd:2181)
   GDScript backtrace (most recent call first):
       [0] _add_objective_row_v152 (res://MainGame.gd:2181)
       [1] _rebuild_quests (res://MainGame.gd:2206)
       [2] _refresh_all (res://MainGame.gd:688)
       [3] apply_save_data (res://PlayerData.gd:163)
       [4] load_game (res://SaveGame.gd:150)
       [5] _ready (res://MainGame.gd:515)
SCRIPT ERROR: Invalid call. Nonexistent function 'style_objective_header' in base 'GDScript'.
   at: _add_objective_header_v152 (res://MainGame.gd:2166)
   GDScript backtrace (most recent call first):
       [0] _add_objective_header_v152 (res://MainGame.gd:2166)
       [1] _rebuild_quests (res://MainGame.gd:2205)
       [2] _refresh_all (res://MainGame.gd:688)
       [3] apply_save_data (res://PlayerData.gd:163)
       [4] load_game (res://SaveGame.gd:150)
       [5] _ready (res://MainGame.gd:515)
SCRIPT ERROR: Invalid call. Nonexistent function 'objective_icon_role' in base 'GDScript'.
   at: _add_objective_row_v152 (res://MainGame.gd:2181)
   GDScript backtrace (most recent call first):
       [0] _add_objective_row_v152 (res://MainGame.gd:2181)
       [1] _rebuild_quests (res://MainGame.gd:2206)
       [2] _refresh_all (res://MainGame.gd:688)
       [3] apply_save_data (res://PlayerData.gd:163)
       [4] load_game (res://SaveGame.gd:150)
       [5] _ready (res://MainGame.gd:515)
SCRIPT ERROR: Invalid call. Nonexistent function 'objective_icon_role' in base 'GDScript'.
   at: _add_objective_row_v152 (res://MainGame.gd:2181)
   GDScript backtrace (most recent call first):
       [0] _add_objective_row_v152 (res://MainGame.gd:2181)
       [1] _rebuild_quests (res://MainGame.gd:2206)
       [2] _refresh_all (res://MainGame.gd:688)
       [3] apply_save_data (res://PlayerData.gd:163)
       [4] load_game (res://SaveGame.gd:150)
       [5] _ready (res://MainGame.gd:515)
SCRIPT ERROR: Invalid call. Nonexistent function 'objective_icon_role' in base 'GDScript'.
   at: _add_objective_row_v152 (res://MainGame.gd:2181)
   GDScript backtrace (most recent call first):
       [0] _add_objective_row_v152 (res://MainGame.gd:2181)
       [1] _rebuild_quests (res://MainGame.gd:2206)
       [2] _refresh_all (res://MainGame.gd:688)
       [3] apply_save_data (res://PlayerData.gd:163)
       [4] load_game (res://SaveGame.gd:150)
       [5] _ready (res://MainGame.gd:515)
SCRIPT ERROR: Invalid call. Nonexistent function 'objective_icon_role' in base 'GDScript'.
   at: _add_objective_row_v152 (res://MainGame.gd:2181)
   GDScript backtrace (most recent call first):
       [0] _add_objective_row_v152 (res://MainGame.gd:2181)
       [1] _rebuild_quests (res://MainGame.gd:2206)
       [2] _refresh_all (res://MainGame.gd:688)
       [3] apply_save_data (res://PlayerData.gd:163)
       [4] load_game (res://SaveGame.gd:150)
       [5] _ready (res://MainGame.gd:515)
SCRIPT ERROR: Invalid call. Nonexistent function 'objective_icon_role' in base 'GDScript'.
   at: _add_objective_row_v152 (res://MainGame.gd:2181)
   GDScript backtrace (most recent call first):
       [0] _add_objective_row_v152 (res://MainGame.gd:2181)
       [1] _rebuild_quests (res://MainGame.gd:2206)
       [2] _refresh_all (res://MainGame.gd:688)
       [3] apply_save_data (res://PlayerData.gd:163)
       [4] load_game (res://SaveGame.gd:150)
       [5] _ready (res://MainGame.gd:515)
SCRIPT ERROR: Invalid call. Nonexistent function 'style_objective_header' in base 'GDScript'.
   at: _add_objective_header_v152 (res://MainGame.gd:2166)
   GDScript backtrace (most recent call first):
       [0] _add_objective_header_v152 (res://MainGame.gd:2166)
       [1] _rebuild_quests (res://MainGame.gd:2207)
       [2] _refresh_all (res://MainGame.gd:688)
       [3] apply_save_data (res://PlayerData.gd:163)
       [4] load_game (res://SaveGame.gd:150)
       [5] _ready (res://MainGame.gd:515)
SCRIPT ERROR: Invalid call. Nonexistent function 'objective_icon_role' in base 'GDScript'.
   at: _rebuild_quests (res://MainGame.gd:2214)
   GDScript backtrace (most recent call first):
       [0] _rebuild_quests (res://MainGame.gd:2214)
       [1] _refresh_all (res://MainGame.gd:688)
       [2] apply_save_data (res://PlayerData.gd:163)
       [3] load_game (res://SaveGame.gd:150)
       [4] _ready (res://MainGame.gd:515)
SCRIPT ERROR: Invalid call. Nonexistent function 'refresh_progression_state' in base 'GDScript'.
   at: _refresh_progression_p0 (res://MainGame.gd:2903)
   GDScript backtrace (most recent call first):
       [0] _refresh_progression_p0 (res://MainGame.gd:2903)
       [1] _refresh_all (res://MainGame.gd:696)
       [2] apply_save_data (res://PlayerData.gd:163)
       [3] load_game (res://SaveGame.gd:150)
       [4] _ready (res://MainGame.gd:515)
SCRIPT ERROR: Invalid call. Nonexistent function 'refresh_shop_state' in base 'GDScript'.
   at: _refresh_shop_p0 (res://MainGame.gd:2810)
   GDScript backtrace (most recent call first):
       [0] _refresh_shop_p0 (res://MainGame.gd:2810)
       [1] _refresh_all (res://MainGame.gd:697)
       [2] apply_save_data (res://PlayerData.gd:163)
       [3] load_game (res://SaveGame.gd:150)
       [4] _ready (res://MainGame.gd:515)
SCRIPT ERROR: Invalid call. Nonexistent function 'refresh_afk_state' in base 'GDScript'.
   at: _refresh_afk_p0 (res://MainGame.gd:2910)
   GDScript backtrace (most recent call first):
       [0] _refresh_afk_p0 (res://MainGame.gd:2910)
       [1] _refresh_all (res://MainGame.gd:698)
       [2] apply_save_data (res://PlayerData.gd:163)
       [3] load_game (res://SaveGame.gd:150)
       [4] _ready (res://MainGame.gd:515)
SCRIPT ERROR: Invalid call. Nonexistent function 'refresh_home_loop_state' in base 'GDScript'.
   at: _update_monster_ui (res://MainGame.gd:1219)
   GDScript backtrace (most recent call first):
       [0] _update_monster_ui (res://MainGame.gd:1219)
       [1] apply_save_data (res://PlayerData.gd:164)
       [2] load_game (res://SaveGame.gd:150)
       [3] _ready (res://MainGame.gd:515)
SCRIPT ERROR: Invalid call. Nonexistent function 'refresh_home_loop_state' in base 'GDScript'.
   at: _update_monster_ui (res://MainGame.gd:1219)
   GDScript backtrace (most recent call first):
       [0] _update_monster_ui (res://MainGame.gd:1219)
       [1] _refresh_all (res://MainGame.gd:675)
       [2] apply_save_data (res://PlayerData.gd:165)
       [3] load_game (res://SaveGame.gd:150)
       [4] _ready (res://MainGame.gd:515)
SCRIPT ERROR: Invalid call. Nonexistent function 'refresh_village_loop_state' in base 'GDScript'.
   at: _refresh_p0_village (res://MainGame.gd:2410)
   GDScript backtrace (most recent call first):
       [0] _refresh_p0_village (res://MainGame.gd:2410)
       [1] _refresh_all (res://MainGame.gd:680)
       [2] apply_save_data (res://PlayerData.gd:165)
       [3] load_game (res://SaveGame.gd:150)
       [4] _ready (res://MainGame.gd:515)
SCRIPT ERROR: Invalid call. Nonexistent function 'refresh_reward_session_state' in base 'GDScript'.
   at: _refresh_meta_ui (res://MainGame.gd:1004)
   GDScript backtrace (most recent call first):
       [0] _refresh_meta_ui (res://MainGame.gd:1004)
       [1] _refresh_all (res://MainGame.gd:683)
       [2] apply_save_data (res://PlayerData.gd:165)
       [3] load_game (res://SaveGame.gd:150)
       [4] _ready (res://MainGame.gd:515)
SCRIPT ERROR: Invalid call. Nonexistent function 'style_objective_header' in base 'GDScript'.
   at: _add_objective_header_v152 (res://MainGame.gd:2166)
   GDScript backtrace (most recent call first):
       [0] _add_objective_header_v152 (res://MainGame.gd:2166)
       [1] _rebuild_quests (res://MainGame.gd:2205)
       [2] _refresh_all (res://MainGame.gd:688)
       [3] apply_save_data (res://PlayerData.gd:165)
       [4] load_game (res://SaveGame.gd:150)
       [5] _ready (res://MainGame.gd:515)
SCRIPT ERROR: Invalid call. Nonexistent function 'objective_icon_role' in base 'GDScript'.
   at: _add_objective_row_v152 (res://MainGame.gd:2181)
   GDScript backtrace (most recent call first):
       [0] _add_objective_row_v152 (res://MainGame.gd:2181)
       [1] _rebuild_quests (res://MainGame.gd:2206)
       [2] _refresh_all (res://MainGame.gd:688)
       [3] apply_save_data (res://PlayerData.gd:165)
       [4] load_game (res://SaveGame.gd:150)
       [5] _ready (res://MainGame.gd:515)
SCRIPT ERROR: Invalid call. Nonexistent function 'objective_icon_role' in base 'GDScript'.
   at: _add_objective_row_v152 (res://MainGame.gd:2181)
   GDScript backtrace (most recent call first):
       [0] _add_objective_row_v152 (res://MainGame.gd:2181)
       [1] _rebuild_quests (res://MainGame.gd:2206)
       [2] _refresh_all (res://MainGame.gd:688)
       [3] apply_save_data (res://PlayerData.gd:165)
       [4] load_game (res://SaveGame.gd:150)
       [5] _ready (res://MainGame.gd:515)
SCRIPT ERROR: Invalid call. Nonexistent function 'objective_icon_role' in base 'GDScript'.
   at: _add_objective_row_v152 (res://MainGame.gd:2181)
   GDScript backtrace (most recent call first):
       [0] _add_objective_row_v152 (res://MainGame.gd:2181)
       [1] _rebuild_quests (res://MainGame.gd:2206)
       [2] _refresh_all (res://MainGame.gd:688)
       [3] apply_save_data (res://PlayerData.gd:165)
       [4] load_game (res://SaveGame.gd:150)
       [5] _ready (res://MainGame.gd:515)
SCRIPT ERROR: Invalid call. Nonexistent function 'style_objective_header' in base 'GDScript'.
   at: _add_objective_header_v152 (res://MainGame.gd:2166)
   GDScript backtrace (most recent call first):
       [0] _add_objective_header_v152 (res://MainGame.gd:2166)
       [1] _rebuild_quests (res://MainGame.gd:2205)
       [2] _refresh_all (res://MainGame.gd:688)
       [3] apply_save_data (res://PlayerData.gd:165)
       [4] load_game (res://SaveGame.gd:150)
       [5] _ready (res://MainGame.gd:515)
SCRIPT ERROR: Invalid call. Nonexistent function 'objective_icon_role' in base 'GDScript'.
   at: _add_objective_row_v152 (res://MainGame.gd:2181)
   GDScript backtrace (most recent call first):
       [0] _add_objective_row_v152 (res://MainGame.gd:2181)
       [1] _rebuild_quests (res://MainGame.gd:2206)
       [2] _refresh_all (res://MainGame.gd:688)
       [3] apply_save_data (res://PlayerData.gd:165)
       [4] load_game (res://SaveGame.gd:150)
       [5] _ready (res://MainGame.gd:515)
SCRIPT ERROR: Invalid call. Nonexistent function 'objective_icon_role' in base 'GDScript'.
   at: _add_objective_row_v152 (res://MainGame.gd:2181)
   GDScript backtrace (most recent call first):
       [0] _add_objective_row_v152 (res://MainGame.gd:2181)
       [1] _rebuild_quests (res://MainGame.gd:2206)
       [2] _refresh_all (res://MainGame.gd:688)
       [3] apply_save_data (res://PlayerData.gd:165)
       [4] load_game (res://SaveGame.gd:150)
       [5] _ready (res://MainGame.gd:515)
SCRIPT ERROR: Invalid call. Nonexistent function 'objective_icon_role' in base 'GDScript'.
   at: _add_objective_row_v152 (res://MainGame.gd:2181)
   GDScript backtrace (most recent call first):
       [0] _add_objective_row_v152 (res://MainGame.gd:2181)
       [1] _rebuild_quests (res://MainGame.gd:2206)
       [2] _refresh_all (res://MainGame.gd:688)
       [3] apply_save_data (res://PlayerData.gd:165)
       [4] load_game (res://SaveGame.gd:150)
       [5] _ready (res://MainGame.gd:515)
SCRIPT ERROR: Invalid call. Nonexistent function 'style_objective_header' in base 'GDScript'.
   at: _add_objective_header_v152 (res://MainGame.gd:2166)
   GDScript backtrace (most recent call first):
       [0] _add_objective_header_v152 (res://MainGame.gd:2166)
       [1] _rebuild_quests (res://MainGame.gd:2205)
       [2] _refresh_all (res://MainGame.gd:688)
       [3] apply_save_data (res://PlayerData.gd:165)
       [4] load_game (res://SaveGame.gd:150)
       [5] _ready (res://MainGame.gd:515)
SCRIPT ERROR: Invalid call. Nonexistent function 'objective_icon_role' in base 'GDScript'.
   at: _add_objective_row_v152 (res://MainGame.gd:2181)
   GDScript backtrace (most recent call first):
       [0] _add_objective_row_v152 (res://MainGame.gd:2181)
       [1] _rebuild_quests (res://MainGame.gd:2206)
       [2] _refresh_all (res://MainGame.gd:688)
       [3] apply_save_data (res://PlayerData.gd:165)
       [4] load_game (res://SaveGame.gd:150)
       [5] _ready (res://MainGame.gd:515)
SCRIPT ERROR: Invalid call. Nonexistent function 'objective_icon_role' in base 'GDScript'.
   at: _add_objective_row_v152 (res://MainGame.gd:2181)
   GDScript backtrace (most recent call first):
       [0] _add_objective_row_v152 (res://MainGame.gd:2181)
       [1] _rebuild_quests (res://MainGame.gd:2206)
       [2] _refresh_all (res://MainGame.gd:688)
       [3] apply_save_data (res://PlayerData.gd:165)
       [4] load_game (res://SaveGame.gd:150)
       [5] _ready (res://MainGame.gd:515)
SCRIPT ERROR: Invalid call. Nonexistent function 'objective_icon_role' in base 'GDScript'.
   at: _add_objective_row_v152 (res://MainGame.gd:2181)
   GDScript backtrace (most recent call first):
       [0] _add_objective_row_v152 (res://MainGame.gd:2181)
       [1] _rebuild_quests (res://MainGame.gd:2206)
       [2] _refresh_all (res://MainGame.gd:688)
       [3] apply_save_data (res://PlayerData.gd:165)
       [4] load_game (res://SaveGame.gd:150)
       [5] _ready (res://MainGame.gd:515)
SCRIPT ERROR: Invalid call. Nonexistent function 'objective_icon_role' in base 'GDScript'.
   at: _add_objective_row_v152 (res://MainGame.gd:2181)
   GDScript backtrace (most recent call first):
       [0] _add_objective_row_v152 (res://MainGame.gd:2181)
       [1] _rebuild_quests (res://MainGame.gd:2206)
       [2] _refresh_all (res://MainGame.gd:688)
       [3] apply_save_data (res://PlayerData.gd:165)
       [4] load_game (res://SaveGame.gd:150)
       [5] _ready (res://MainGame.gd:515)
SCRIPT ERROR: Invalid call. Nonexistent function 'objective_icon_role' in base 'GDScript'.
   at: _add_objective_row_v152 (res://MainGame.gd:2181)
   GDScript backtrace (most recent call first):
       [0] _add_objective_row_v152 (res://MainGame.gd:2181)
       [1] _rebuild_quests (res://MainGame.gd:2206)
       [2] _refresh_all (res://MainGame.gd:688)
       [3] apply_save_data (res://PlayerData.gd:165)
       [4] load_game (res://SaveGame.gd:150)
       [5] _ready (res://MainGame.gd:515)
SCRIPT ERROR: Invalid call. Nonexistent function 'style_objective_header' in base 'GDScript'.
   at: _add_objective_header_v152 (res://MainGame.gd:2166)
   GDScript backtrace (most recent call first):
       [0] _add_objective_header_v152 (res://MainGame.gd:2166)
       [1] _rebuild_quests (res://MainGame.gd:2207)
       [2] _refresh_all (res://MainGame.gd:688)
       [3] apply_save_data (res://PlayerData.gd:165)
       [4] load_game (res://SaveGame.gd:150)
       [5] _ready (res://MainGame.gd:515)
SCRIPT ERROR: Invalid call. Nonexistent function 'objective_icon_role' in base 'GDScript'.
   at: _rebuild_quests (res://MainGame.gd:2214)
   GDScript backtrace (most recent call first):
       [0] _rebuild_quests (res://MainGame.gd:2214)
       [1] _refresh_all (res://MainGame.gd:688)
       [2] apply_save_data (res://PlayerData.gd:165)
       [3] load_game (res://SaveGame.gd:150)
       [4] _ready (res://MainGame.gd:515)
SCRIPT ERROR: Invalid call. Nonexistent function 'refresh_progression_state' in base 'GDScript'.
   at: _refresh_progression_p0 (res://MainGame.gd:2903)
   GDScript backtrace (most recent call first):
       [0] _refresh_progression_p0 (res://MainGame.gd:2903)
       [1] _refresh_all (res://MainGame.gd:696)
       [2] apply_save_data (res://PlayerData.gd:165)
       [3] load_game (res://SaveGame.gd:150)
       [4] _ready (res://MainGame.gd:515)
SCRIPT ERROR: Invalid call. Nonexistent function 'refresh_shop_state' in base 'GDScript'.
   at: _refresh_shop_p0 (res://MainGame.gd:2810)
   GDScript backtrace (most recent call first):
       [0] _refresh_shop_p0 (res://MainGame.gd:2810)
       [1] _refresh_all (res://MainGame.gd:697)
       [2] apply_save_data (res://PlayerData.gd:165)
       [3] load_game (res://SaveGame.gd:150)
       [4] _ready (res://MainGame.gd:515)
SCRIPT ERROR: Invalid call. Nonexistent function 'refresh_afk_state' in base 'GDScript'.
   at: _refresh_afk_p0 (res://MainGame.gd:2910)
   GDScript backtrace (most recent call first):
       [0] _refresh_afk_p0 (res://MainGame.gd:2910)
       [1] _refresh_all (res://MainGame.gd:698)
       [2] apply_save_data (res://PlayerData.gd:165)
       [3] load_game (res://SaveGame.gd:150)
       [4] _ready (res://MainGame.gd:515)
SCRIPT ERROR: Invalid call. Nonexistent function 'style_objective_header' in base 'GDScript'.
   at: _add_objective_header_v152 (res://MainGame.gd:2166)
   GDScript backtrace (most recent call first):
       [0] _add_objective_header_v152 (res://MainGame.gd:2166)
       [1] _rebuild_quests (res://MainGame.gd:2205)
       [2] apply_save_data (res://QuestSystem.gd:105)
       [3] load_game (res://SaveGame.gd:153)
       [4] _ready (res://MainGame.gd:515)
SCRIPT ERROR: Invalid call. Nonexistent function 'objective_icon_role' in base 'GDScript'.
   at: _add_objective_row_v152 (res://MainGame.gd:2181)
   GDScript backtrace (most recent call first):
       [0] _add_objective_row_v152 (res://MainGame.gd:2181)
       [1] _rebuild_quests (res://MainGame.gd:2206)
       [2] apply_save_data (res://QuestSystem.gd:105)
       [3] load_game (res://SaveGame.gd:153)
       [4] _ready (res://MainGame.gd:515)
SCRIPT ERROR: Invalid call. Nonexistent function 'objective_icon_role' in base 'GDScript'.
   at: _add_objective_row_v152 (res://MainGame.gd:2181)
   GDScript backtrace (most recent call first):
       [0] _add_objective_row_v152 (res://MainGame.gd:2181)
       [1] _rebuild_quests (res://MainGame.gd:2206)
       [2] apply_save_data (res://QuestSystem.gd:105)
       [3] load_game (res://SaveGame.gd:153)
       [4] _ready (res://MainGame.gd:515)
SCRIPT ERROR: Invalid call. Nonexistent function 'objective_icon_role' in base 'GDScript'.
   at: _add_objective_row_v152 (res://MainGame.gd:2181)
   GDScript backtrace (most recent call first):
       [0] _add_objective_row_v152 (res://MainGame.gd:2181)
       [1] _rebuild_quests (res://MainGame.gd:2206)
       [2] apply_save_data (res://QuestSystem.gd:105)
       [3] load_game (res://SaveGame.gd:153)
       [4] _ready (res://MainGame.gd:515)
SCRIPT ERROR: Invalid call. Nonexistent function 'style_objective_header' in base 'GDScript'.
   at: _add_objective_header_v152 (res://MainGame.gd:2166)
   GDScript backtrace (most recent call first):
       [0] _add_objective_header_v152 (res://MainGame.gd:2166)
       [1] _rebuild_quests (res://MainGame.gd:2205)
       [2] apply_save_data (res://QuestSystem.gd:105)
       [3] load_game (res://SaveGame.gd:153)
       [4] _ready (res://MainGame.gd:515)
SCRIPT ERROR: Invalid call. Nonexistent function 'objective_icon_role' in base 'GDScript'.
   at: _add_objective_row_v152 (res://MainGame.gd:2181)
   GDScript backtrace (most recent call first):
       [0] _add_objective_row_v152 (res://MainGame.gd:2181)
       [1] _rebuild_quests (res://MainGame.gd:2206)
       [2] apply_save_data (res://QuestSystem.gd:105)
       [3] load_game (res://SaveGame.gd:153)
       [4] _ready (res://MainGame.gd:515)
SCRIPT ERROR: Invalid call. Nonexistent function 'objective_icon_role' in base 'GDScript'.
   at: _add_objective_row_v152 (res://MainGame.gd:2181)
   GDScript backtrace (most recent call first):
       [0] _add_objective_row_v152 (res://MainGame.gd:2181)
       [1] _rebuild_quests (res://MainGame.gd:2206)
       [2] apply_save_data (res://QuestSystem.gd:105)
       [3] load_game (res://SaveGame.gd:153)
       [4] _ready (res://MainGame.gd:515)
SCRIPT ERROR: Invalid call. Nonexistent function 'objective_icon_role' in base 'GDScript'.
   at: _add_objective_row_v152 (res://MainGame.gd:2181)
   GDScript backtrace (most recent call first):
       [0] _add_objective_row_v152 (res://MainGame.gd:2181)
       [1] _rebuild_quests (res://MainGame.gd:2206)
       [2] apply_save_data (res://QuestSystem.gd:105)
       [3] load_game (res://SaveGame.gd:153)
       [4] _ready (res://MainGame.gd:515)
SCRIPT ERROR: Invalid call. Nonexistent function 'style_objective_header' in base 'GDScript'.
   at: _add_objective_header_v152 (res://MainGame.gd:2166)
   GDScript backtrace (most recent call first):
       [0] _add_objective_header_v152 (res://MainGame.gd:2166)
       [1] _rebuild_quests (res://MainGame.gd:2205)
       [2] apply_save_data (res://QuestSystem.gd:105)
       [3] load_game (res://SaveGame.gd:153)
       [4] _ready (res://MainGame.gd:515)
SCRIPT ERROR: Invalid call. Nonexistent function 'objective_icon_role' in base 'GDScript'.
   at: _add_objective_row_v152 (res://MainGame.gd:2181)
   GDScript backtrace (most recent call first):
       [0] _add_objective_row_v152 (res://MainGame.gd:2181)
       [1] _rebuild_quests (res://MainGame.gd:2206)
       [2] apply_save_data (res://QuestSystem.gd:105)
       [3] load_game (res://SaveGame.gd:153)
       [4] _ready (res://MainGame.gd:515)
SCRIPT ERROR: Invalid call. Nonexistent function 'objective_icon_role' in base 'GDScript'.
   at: _add_objective_row_v152 (res://MainGame.gd:2181)
   GDScript backtrace (most recent call first):
       [0] _add_objective_row_v152 (res://MainGame.gd:2181)
       [1] _rebuild_quests (res://MainGame.gd:2206)
       [2] apply_save_data (res://QuestSystem.gd:105)
       [3] load_game (res://SaveGame.gd:153)
       [4] _ready (res://MainGame.gd:515)
SCRIPT ERROR: Invalid call. Nonexistent function 'objective_icon_role' in base 'GDScript'.
   at: _add_objective_row_v152 (res://MainGame.gd:2181)
   GDScript backtrace (most recent call first):
       [0] _add_objective_row_v152 (res://MainGame.gd:2181)
       [1] _rebuild_quests (res://MainGame.gd:2206)
       [2] apply_save_data (res://QuestSystem.gd:105)
       [3] load_game (res://SaveGame.gd:153)
       [4] _ready (res://MainGame.gd:515)
SCRIPT ERROR: Invalid call. Nonexistent function 'objective_icon_role' in base 'GDScript'.
   at: _add_objective_row_v152 (res://MainGame.gd:2181)
   GDScript backtrace (most recent call first):
       [0] _add_objective_row_v152 (res://MainGame.gd:2181)
       [1] _rebuild_quests (res://MainGame.gd:2206)
       [2] apply_save_data (res://QuestSystem.gd:105)
       [3] load_game (res://SaveGame.gd:153)
       [4] _ready (res://MainGame.gd:515)
SCRIPT ERROR: Invalid call. Nonexistent function 'objective_icon_role' in base 'GDScript'.
   at: _add_objective_row_v152 (res://MainGame.gd:2181)
   GDScript backtrace (most recent call first):
       [0] _add_objective_row_v152 (res://MainGame.gd:2181)
       [1] _rebuild_quests (res://MainGame.gd:2206)
       [2] apply_save_data (res://QuestSystem.gd:105)
       [3] load_game (res://SaveGame.gd:153)
       [4] _ready (res://MainGame.gd:515)
SCRIPT ERROR: Invalid call. Nonexistent function 'style_objective_header' in base 'GDScript'.
   at: _add_objective_header_v152 (res://MainGame.gd:2166)
   GDScript backtrace (most recent call first):
       [0] _add_objective_header_v152 (res://MainGame.gd:2166)
       [1] _rebuild_quests (res://MainGame.gd:2207)
       [2] apply_save_data (res://QuestSystem.gd:105)
       [3] load_game (res://SaveGame.gd:153)
       [4] _ready (res://MainGame.gd:515)
SCRIPT ERROR: Invalid call. Nonexistent function 'objective_icon_role' in base 'GDScript'.
   at: _rebuild_quests (res://MainGame.gd:2214)
   GDScript backtrace (most recent call first):
       [0] _rebuild_quests (res://MainGame.gd:2214)
       [1] apply_save_data (res://QuestSystem.gd:105)
       [2] load_game (res://SaveGame.gd:153)
       [3] _ready (res://MainGame.gd:515)
SCRIPT ERROR: Invalid call. Nonexistent function 'refresh_village_loop_state' in base 'GDScript'.
   at: _refresh_p0_village (res://MainGame.gd:2410)
   GDScript backtrace (most recent call first):
       [0] _refresh_p0_village (res://MainGame.gd:2410)
       [1] apply_save_data (res://P0VillageSystem.gd:233)
       [2] load_game (res://SaveGame.gd:154)
       [3] _ready (res://MainGame.gd:515)
SCRIPT ERROR: Invalid call. Nonexistent function 'refresh_village_loop_state' in base 'GDScript'.
   at: _refresh_p0_village (res://MainGame.gd:2410)
   GDScript backtrace (most recent call first):
       [0] _refresh_p0_village (res://MainGame.gd:2410)
       [1] apply_save_data (res://VillageProgressionSystem.gd:179)
       [2] load_game (res://SaveGame.gd:155)
       [3] _ready (res://MainGame.gd:515)
SCRIPT ERROR: Invalid call. Nonexistent function 'refresh_reward_session_state' in base 'GDScript'.
   at: _refresh_meta_ui (res://MainGame.gd:1004)
   GDScript backtrace (most recent call first):
       [0] _refresh_meta_ui (res://MainGame.gd:1004)
       [1] apply_save_data (res://MetaProgressSystem.gd:137)
       [2] load_game (res://SaveGame.gd:162)
       [3] _ready (res://MainGame.gd:515)
SCRIPT ERROR: Trying to assign an array of type "Array" to a variable of type "Array[int]".
   at: apply_save_data (res://PuzzleSystem.gd:162)
   GDScript backtrace (most recent call first):
       [0] apply_save_data (res://PuzzleSystem.gd:162)
       [1] load_game (res://SaveGame.gd:164)
       [2] _ready (res://MainGame.gd:515)
SCRIPT ERROR: Invalid call. Nonexistent function 'style_objective_header' in base 'GDScript'.
   at: _add_objective_header_v152 (res://MainGame.gd:2166)
   GDScript backtrace (most recent call first):
       [0] _add_objective_header_v152 (res://MainGame.gd:2166)
       [1] _rebuild_quests (res://MainGame.gd:2205)
       [2] apply_save_data (res://ObjectiveSystem.gd:127)
       [3] load_game (res://SaveGame.gd:169)
       [4] _ready (res://MainGame.gd:515)
SCRIPT ERROR: Invalid call. Nonexistent function 'objective_icon_role' in base 'GDScript'.
   at: _add_objective_row_v152 (res://MainGame.gd:2181)
   GDScript backtrace (most recent call first):
       [0] _add_objective_row_v152 (res://MainGame.gd:2181)
       [1] _rebuild_quests (res://MainGame.gd:2206)
       [2] apply_save_data (res://ObjectiveSystem.gd:127)
       [3] load_game (res://SaveGame.gd:169)
       [4] _ready (res://MainGame.gd:515)
SCRIPT ERROR: Invalid call. Nonexistent function 'objective_icon_role' in base 'GDScript'.
   at: _add_objective_row_v152 (res://MainGame.gd:2181)
   GDScript backtrace (most recent call first):
       [0] _add_objective_row_v152 (res://MainGame.gd:2181)
       [1] _rebuild_quests (res://MainGame.gd:2206)
       [2] apply_save_data (res://ObjectiveSystem.gd:127)
       [3] load_game (res://SaveGame.gd:169)
       [4] _ready (res://MainGame.gd:515)
SCRIPT ERROR: Invalid call. Nonexistent function 'objective_icon_role' in base 'GDScript'.
   at: _add_objective_row_v152 (res://MainGame.gd:2181)
   GDScript backtrace (most recent call first):
       [0] _add_objective_row_v152 (res://MainGame.gd:2181)
       [1] _rebuild_quests (res://MainGame.gd:2206)
       [2] apply_save_data (res://ObjectiveSystem.gd:127)
       [3] load_game (res://SaveGame.gd:169)
       [4] _ready (res://MainGame.gd:515)
SCRIPT ERROR: Invalid call. Nonexistent function 'style_objective_header' in base 'GDScript'.
   at: _add_objective_header_v152 (res://MainGame.gd:2166)
   GDScript backtrace (most recent call first):
       [0] _add_objective_header_v152 (res://MainGame.gd:2166)
       [1] _rebuild_quests (res://MainGame.gd:2205)
       [2] apply_save_data (res://ObjectiveSystem.gd:127)
       [3] load_game (res://SaveGame.gd:169)
       [4] _ready (res://MainGame.gd:515)
SCRIPT ERROR: Invalid call. Nonexistent function 'objective_icon_role' in base 'GDScript'.
   at: _add_objective_row_v152 (res://MainGame.gd:2181)
   GDScript backtrace (most recent call first):
       [0] _add_objective_row_v152 (res://MainGame.gd:2181)
       [1] _rebuild_quests (res://MainGame.gd:2206)
       [2] apply_save_data (res://ObjectiveSystem.gd:127)
       [3] load_game (res://SaveGame.gd:169)
       [4] _ready (res://MainGame.gd:515)
SCRIPT ERROR: Invalid call. Nonexistent function 'objective_icon_role' in base 'GDScript'.
   at: _add_objective_row_v152 (res://MainGame.gd:2181)
   GDScript backtrace (most recent call first):
       [0] _add_objective_row_v152 (res://MainGame.gd:2181)
       [1] _rebuild_quests (res://MainGame.gd:2206)
       [2] apply_save_data (res://ObjectiveSystem.gd:127)
       [3] load_game (res://SaveGame.gd:169)
       [4] _ready (res://MainGame.gd:515)
SCRIPT ERROR: Invalid call. Nonexistent function 'objective_icon_role' in base 'GDScript'.
   at: _add_objective_row_v152 (res://MainGame.gd:2181)
   GDScript backtrace (most recent call first):
       [0] _add_objective_row_v152 (res://MainGame.gd:2181)
       [1] _rebuild_quests (res://MainGame.gd:2206)
       [2] apply_save_data (res://ObjectiveSystem.gd:127)
       [3] load_game (res://SaveGame.gd:169)
       [4] _ready (res://MainGame.gd:515)
SCRIPT ERROR: Invalid call. Nonexistent function 'style_objective_header' in base 'GDScript'.
   at: _add_objective_header_v152 (res://MainGame.gd:2166)
   GDScript backtrace (most recent call first):
       [0] _add_objective_header_v152 (res://MainGame.gd:2166)
       [1] _rebuild_quests (res://MainGame.gd:2205)
       [2] apply_save_data (res://ObjectiveSystem.gd:127)
       [3] load_game (res://SaveGame.gd:169)
       [4] _ready (res://MainGame.gd:515)
SCRIPT ERROR: Invalid call. Nonexistent function 'objective_icon_role' in base 'GDScript'.
   at: _add_objective_row_v152 (res://MainGame.gd:2181)
   GDScript backtrace (most recent call first):
       [0] _add_objective_row_v152 (res://MainGame.gd:2181)
       [1] _rebuild_quests (res://MainGame.gd:2206)
       [2] apply_save_data (res://ObjectiveSystem.gd:127)
       [3] load_game (res://SaveGame.gd:169)
       [4] _ready (res://MainGame.gd:515)
SCRIPT ERROR: Invalid call. Nonexistent function 'objective_icon_role' in base 'GDScript'.
   at: _add_objective_row_v152 (res://MainGame.gd:2181)
   GDScript backtrace (most recent call first):
       [0] _add_objective_row_v152 (res://MainGame.gd:2181)
       [1] _rebuild_quests (res://MainGame.gd:2206)
       [2] apply_save_data (res://ObjectiveSystem.gd:127)
       [3] load_game (res://SaveGame.gd:169)
       [4] _ready (res://MainGame.gd:515)
SCRIPT ERROR: Invalid call. Nonexistent function 'objective_icon_role' in base 'GDScript'.
   at: _add_objective_row_v152 (res://MainGame.gd:2181)
   GDScript backtrace (most recent call first):
       [0] _add_objective_row_v152 (res://MainGame.gd:2181)
       [1] _rebuild_quests (res://MainGame.gd:2206)
       [2] apply_save_data (res://ObjectiveSystem.gd:127)
       [3] load_game (res://SaveGame.gd:169)
       [4] _ready (res://MainGame.gd:515)
SCRIPT ERROR: Invalid call. Nonexistent function 'objective_icon_role' in base 'GDScript'.
   at: _add_objective_row_v152 (res://MainGame.gd:2181)
   GDScript backtrace (most recent call first):
       [0] _add_objective_row_v152 (res://MainGame.gd:2181)
       [1] _rebuild_quests (res://MainGame.gd:2206)
       [2] apply_save_data (res://ObjectiveSystem.gd:127)
       [3] load_game (res://SaveGame.gd:169)
       [4] _ready (res://MainGame.gd:515)
SCRIPT ERROR: Invalid call. Nonexistent function 'objective_icon_role' in base 'GDScript'.
   at: _add_objective_row_v152 (res://MainGame.gd:2181)
   GDScript backtrace (most recent call first):
       [0] _add_objective_row_v152 (res://MainGame.gd:2181)
       [1] _rebuild_quests (res://MainGame.gd:2206)
       [2] apply_save_data (res://ObjectiveSystem.gd:127)
       [3] load_game (res://SaveGame.gd:169)
       [4] _ready (res://MainGame.gd:515)
SCRIPT ERROR: Invalid call. Nonexistent function 'style_objective_header' in base 'GDScript'.
   at: _add_objective_header_v152 (res://MainGame.gd:2166)
   GDScript backtrace (most recent call first):
       [0] _add_objective_header_v152 (res://MainGame.gd:2166)
       [1] _rebuild_quests (res://MainGame.gd:2207)
       [2] apply_save_data (res://ObjectiveSystem.gd:127)
       [3] load_game (res://SaveGame.gd:169)
       [4] _ready (res://MainGame.gd:515)
SCRIPT ERROR: Invalid call. Nonexistent function 'objective_icon_role' in base 'GDScript'.
   at: _rebuild_quests (res://MainGame.gd:2214)
   GDScript backtrace (most recent call first):
       [0] _rebuild_quests (res://MainGame.gd:2214)
       [1] apply_save_data (res://ObjectiveSystem.gd:127)
       [2] load_game (res://SaveGame.gd:169)
       [3] _ready (res://MainGame.gd:515)
SCRIPT ERROR: Invalid call. Nonexistent function 'refresh_afk_state' in base 'GDScript'.
   at: _refresh_afk_p0 (res://MainGame.gd:2910)
   GDScript backtrace (most recent call first):
       [0] _refresh_afk_p0 (res://MainGame.gd:2910)
       [1] apply_save_data (res://AfkRewardSystem.gd:73)
       [2] load_game (res://SaveGame.gd:172)
       [3] _ready (res://MainGame.gd:515)
[CORE_ANALYTICS] {"event":"core_session_start","payload":{"gold":300,"monster_level":1,"save_recovered":false,"seconds_away":1,"spins":10},"time_unix":1789104316.556}
ERROR: P0 violation: Daily visible
   at: push_error (core/variant/variant_utility.cpp:1023)
   GDScript backtrace (most recent call first):
       [0] log_contract_status (res://CoreAcceptanceService.gd:52)
       [1] _ready (res://MainGame.gd:526)
ERROR: P0 violation: Quests visible
   at: push_error (core/variant/variant_utility.cpp:1023)
   GDScript backtrace (most recent call first):
       [0] log_contract_status (res://CoreAcceptanceService.gd:52)
       [1] _ready (res://MainGame.gd:526)
ERROR: P0 violation: Heroes visible
   at: push_error (core/variant/variant_utility.cpp:1023)
   GDScript backtrace (most recent call first):
       [0] log_contract_status (res://CoreAcceptanceService.gd:52)
       [1] _ready (res://MainGame.gd:526)
ERROR: P0 violation: Hero Auto-DPS active
   at: push_error (core/variant/variant_utility.cpp:1023)
   GDScript backtrace (most recent call first):
       [0] log_contract_status (res://CoreAcceptanceService.gd:52)
       [1] _ready (res://MainGame.gd:526)
[CORE_ANALYTICS] {"event":"core_contract_fail","payload":{"errors":["P0 violation: Daily visible","P0 violation: Quests visible","P0 violation: Heroes visible","P0 violation: Hero Auto-DPS active"]},"time_unix":1789104316.556}
SCRIPT ERROR: Invalid call. Nonexistent function 'refresh_home_loop_state' in base 'GDScript'.
   at: _update_monster_ui (res://MainGame.gd:1219)
   GDScript backtrace (most recent call first):
       [0] _update_monster_ui (res://MainGame.gd:1219)
       [1] _refresh_all (res://MainGame.gd:675)
       [2] _ready (res://MainGame.gd:530)
SCRIPT ERROR: Invalid call. Nonexistent function 'refresh_village_loop_state' in base 'GDScript'.
   at: _refresh_p0_village (res://MainGame.gd:2410)
   GDScript backtrace (most recent call first):
       [0] _refresh_p0_village (res://MainGame.gd:2410)
       [1] _refresh_all (res://MainGame.gd:680)
       [2] _ready (res://MainGame.gd:530)
SCRIPT ERROR: Invalid call. Nonexistent function 'refresh_reward_session_state' in base 'GDScript'.
   at: _refresh_meta_ui (res://MainGame.gd:1004)
   GDScript backtrace (most recent call first):
       [0] _refresh_meta_ui (res://MainGame.gd:1004)
       [1] _refresh_all (res://MainGame.gd:683)
       [2] _ready (res://MainGame.gd:530)
SCRIPT ERROR: Invalid call. Nonexistent function 'style_objective_header' in base 'GDScript'.
   at: _add_objective_header_v152 (res://MainGame.gd:2166)
   GDScript backtrace (most recent call first):
       [0] _add_objective_header_v152 (res://MainGame.gd:2166)
       [1] _rebuild_quests (res://MainGame.gd:2205)
       [2] _refresh_all (res://MainGame.gd:688)
       [3] _ready (res://MainGame.gd:530)
SCRIPT ERROR: Invalid call. Nonexistent function 'objective_icon_role' in base 'GDScript'.
   at: _add_objective_row_v152 (res://MainGame.gd:2181)
   GDScript backtrace (most recent call first):
       [0] _add_objective_row_v152 (res://MainGame.gd:2181)
       [1] _rebuild_quests (res://MainGame.gd:2206)
       [2] _refresh_all (res://MainGame.gd:688)
       [3] _ready (res://MainGame.gd:530)
SCRIPT ERROR: Invalid call. Nonexistent function 'objective_icon_role' in base 'GDScript'.
   at: _add_objective_row_v152 (res://MainGame.gd:2181)
   GDScript backtrace (most recent call first):
       [0] _add_objective_row_v152 (res://MainGame.gd:2181)
       [1] _rebuild_quests (res://MainGame.gd:2206)
       [2] _refresh_all (res://MainGame.gd:688)
       [3] _ready (res://MainGame.gd:530)
SCRIPT ERROR: Invalid call. Nonexistent function 'objective_icon_role' in base 'GDScript'.
   at: _add_objective_row_v152 (res://MainGame.gd:2181)
   GDScript backtrace (most recent call first):
       [0] _add_objective_row_v152 (res://MainGame.gd:2181)
       [1] _rebuild_quests (res://MainGame.gd:2206)
       [2] _refresh_all (res://MainGame.gd:688)
       [3] _ready (res://MainGame.gd:530)
SCRIPT ERROR: Invalid call. Nonexistent function 'style_objective_header' in base 'GDScript'.
   at: _add_objective_header_v152 (res://MainGame.gd:2166)
   GDScript backtrace (most recent call first):
       [0] _add_objective_header_v152 (res://MainGame.gd:2166)
       [1] _rebuild_quests (res://MainGame.gd:2205)
       [2] _refresh_all (res://MainGame.gd:688)
       [3] _ready (res://MainGame.gd:530)
SCRIPT ERROR: Invalid call. Nonexistent function 'objective_icon_role' in base 'GDScript'.
   at: _add_objective_row_v152 (res://MainGame.gd:2181)
   GDScript backtrace (most recent call first):
       [0] _add_objective_row_v152 (res://MainGame.gd:2181)
       [1] _rebuild_quests (res://MainGame.gd:2206)
       [2] _refresh_all (res://MainGame.gd:688)
       [3] _ready (res://MainGame.gd:530)
SCRIPT ERROR: Invalid call. Nonexistent function 'objective_icon_role' in base 'GDScript'.
   at: _add_objective_row_v152 (res://MainGame.gd:2181)
   GDScript backtrace (most recent call first):
       [0] _add_objective_row_v152 (res://MainGame.gd:2181)
       [1] _rebuild_quests (res://MainGame.gd:2206)
       [2] _refresh_all (res://MainGame.gd:688)
       [3] _ready (res://MainGame.gd:530)
SCRIPT ERROR: Invalid call. Nonexistent function 'objective_icon_role' in base 'GDScript'.
   at: _add_objective_row_v152 (res://MainGame.gd:2181)
   GDScript backtrace (most recent call first):
       [0] _add_objective_row_v152 (res://MainGame.gd:2181)
       [1] _rebuild_quests (res://MainGame.gd:2206)
       [2] _refresh_all (res://MainGame.gd:688)
       [3] _ready (res://MainGame.gd:530)
SCRIPT ERROR: Invalid call. Nonexistent function 'style_objective_header' in base 'GDScript'.
   at: _add_objective_header_v152 (res://MainGame.gd:2166)
   GDScript backtrace (most recent call first):
       [0] _add_objective_header_v152 (res://MainGame.gd:2166)
       [1] _rebuild_quests (res://MainGame.gd:2205)
       [2] _refresh_all (res://MainGame.gd:688)
       [3] _ready (res://MainGame.gd:530)
SCRIPT ERROR: Invalid call. Nonexistent function 'objective_icon_role' in base 'GDScript'.
   at: _add_objective_row_v152 (res://MainGame.gd:2181)
   GDScript backtrace (most recent call first):
       [0] _add_objective_row_v152 (res://MainGame.gd:2181)
       [1] _rebuild_quests (res://MainGame.gd:2206)
       [2] _refresh_all (res://MainGame.gd:688)
       [3] _ready (res://MainGame.gd:530)
SCRIPT ERROR: Invalid call. Nonexistent function 'objective_icon_role' in base 'GDScript'.
   at: _add_objective_row_v152 (res://MainGame.gd:2181)
   GDScript backtrace (most recent call first):
       [0] _add_objective_row_v152 (res://MainGame.gd:2181)
       [1] _rebuild_quests (res://MainGame.gd:2206)
       [2] _refresh_all (res://MainGame.gd:688)
       [3] _ready (res://MainGame.gd:530)
SCRIPT ERROR: Invalid call. Nonexistent function 'objective_icon_role' in base 'GDScript'.
   at: _add_objective_row_v152 (res://MainGame.gd:2181)
   GDScript backtrace (most recent call first):
       [0] _add_objective_row_v152 (res://MainGame.gd:2181)
       [1] _rebuild_quests (res://MainGame.gd:2206)
       [2] _refresh_all (res://MainGame.gd:688)
       [3] _ready (res://MainGame.gd:530)
SCRIPT ERROR: Invalid call. Nonexistent function 'objective_icon_role' in base 'GDScript'.
   at: _add_objective_row_v152 (res://MainGame.gd:2181)
   GDScript backtrace (most recent call first):
       [0] _add_objective_row_v152 (res://MainGame.gd:2181)
       [1] _rebuild_quests (res://MainGame.gd:2206)
       [2] _refresh_all (res://MainGame.gd:688)
       [3] _ready (res://MainGame.gd:530)
SCRIPT ERROR: Invalid call. Nonexistent function 'objective_icon_role' in base 'GDScript'.
   at: _add_objective_row_v152 (res://MainGame.gd:2181)
   GDScript backtrace (most recent call first):
       [0] _add_objective_row_v152 (res://MainGame.gd:2181)
       [1] _rebuild_quests (res://MainGame.gd:2206)
       [2] _refresh_all (res://MainGame.gd:688)
       [3] _ready (res://MainGame.gd:530)
SCRIPT ERROR: Invalid call. Nonexistent function 'style_objective_header' in base 'GDScript'.
   at: _add_objective_header_v152 (res://MainGame.gd:2166)
   GDScript backtrace (most recent call first):
       [0] _add_objective_header_v152 (res://MainGame.gd:2166)
       [1] _rebuild_quests (res://MainGame.gd:2207)
       [2] _refresh_all (res://MainGame.gd:688)
       [3] _ready (res://MainGame.gd:530)
SCRIPT ERROR: Invalid call. Nonexistent function 'objective_icon_role' in base 'GDScript'.
   at: _rebuild_quests (res://MainGame.gd:2214)
   GDScript backtrace (most recent call first):
       [0] _rebuild_quests (res://MainGame.gd:2214)
       [1] _refresh_all (res://MainGame.gd:688)
       [2] _ready (res://MainGame.gd:530)
SCRIPT ERROR: Invalid call. Nonexistent function 'refresh_progression_state' in base 'GDScript'.
   at: _refresh_progression_p0 (res://MainGame.gd:2903)
   GDScript backtrace (most recent call first):
       [0] _refresh_progression_p0 (res://MainGame.gd:2903)
       [1] _refresh_all (res://MainGame.gd:696)
       [2] _ready (res://MainGame.gd:530)
SCRIPT ERROR: Invalid call. Nonexistent function 'refresh_shop_state' in base 'GDScript'.
   at: _refresh_shop_p0 (res://MainGame.gd:2810)
   GDScript backtrace (most recent call first):
       [0] _refresh_shop_p0 (res://MainGame.gd:2810)
       [1] _refresh_all (res://MainGame.gd:697)
       [2] _ready (res://MainGame.gd:530)
SCRIPT ERROR: Invalid call. Nonexistent function 'refresh_afk_state' in base 'GDScript'.
   at: _refresh_afk_p0 (res://MainGame.gd:2910)
   GDScript backtrace (most recent call first):
       [0] _refresh_afk_p0 (res://MainGame.gd:2910)
       [1] _refresh_all (res://MainGame.gd:698)
       [2] _ready (res://MainGame.gd:530)
SCRIPT ERROR: Invalid call. Nonexistent function 'style_objective_header' in base 'GDScript'.
   at: _add_objective_header_v152 (res://MainGame.gd:2166)
   GDScript backtrace (most recent call first):
       [0] _add_objective_header_v152 (res://MainGame.gd:2166)
       [1] _rebuild_quests (res://MainGame.gd:2205)
       [2] _ready (res://MainGame.gd:532)
SCRIPT ERROR: Invalid call. Nonexistent function 'objective_icon_role' in base 'GDScript'.
   at: _add_objective_row_v152 (res://MainGame.gd:2181)
   GDScript backtrace (most recent call first):
       [0] _add_objective_row_v152 (res://MainGame.gd:2181)
       [1] _rebuild_quests (res://MainGame.gd:2206)
       [2] _ready (res://MainGame.gd:532)
SCRIPT ERROR: Invalid call. Nonexistent function 'objective_icon_role' in base 'GDScript'.
   at: _add_objective_row_v152 (res://MainGame.gd:2181)
   GDScript backtrace (most recent call first):
       [0] _add_objective_row_v152 (res://MainGame.gd:2181)
       [1] _rebuild_quests (res://MainGame.gd:2206)
       [2] _ready (res://MainGame.gd:532)
SCRIPT ERROR: Invalid call. Nonexistent function 'objective_icon_role' in base 'GDScript'.
   at: _add_objective_row_v152 (res://MainGame.gd:2181)
   GDScript backtrace (most recent call first):
       [0] _add_objective_row_v152 (res://MainGame.gd:2181)
       [1] _rebuild_quests (res://MainGame.gd:2206)
       [2] _ready (res://MainGame.gd:532)
SCRIPT ERROR: Invalid call. Nonexistent function 'style_objective_header' in base 'GDScript'.
   at: _add_objective_header_v152 (res://MainGame.gd:2166)
   GDScript backtrace (most recent call first):
       [0] _add_objective_header_v152 (res://MainGame.gd:2166)
       [1] _rebuild_quests (res://MainGame.gd:2205)
       [2] _ready (res://MainGame.gd:532)
SCRIPT ERROR: Invalid call. Nonexistent function 'objective_icon_role' in base 'GDScript'.
   at: _add_objective_row_v152 (res://MainGame.gd:2181)
   GDScript backtrace (most recent call first):
       [0] _add_objective_row_v152 (res://MainGame.gd:2181)
       [1] _rebuild_quests (res://MainGame.gd:2206)
       [2] _ready (res://MainGame.gd:532)
SCRIPT ERROR: Invalid call. Nonexistent function 'objective_icon_role' in base 'GDScript'.
   at: _add_objective_row_v152 (res://MainGame.gd:2181)
   GDScript backtrace (most recent call first):
       [0] _add_objective_row_v152 (res://MainGame.gd:2181)
       [1] _rebuild_quests (res://MainGame.gd:2206)
       [2] _ready (res://MainGame.gd:532)
SCRIPT ERROR: Invalid call. Nonexistent function 'objective_icon_role' in base 'GDScript'.
   at: _add_objective_row_v152 (res://MainGame.gd:2181)
   GDScript backtrace (most recent call first):
       [0] _add_objective_row_v152 (res://MainGame.gd:2181)
       [1] _rebuild_quests (res://MainGame.gd:2206)
       [2] _ready (res://MainGame.gd:532)
SCRIPT ERROR: Invalid call. Nonexistent function 'style_objective_header' in base 'GDScript'.
   at: _add_objective_header_v152 (res://MainGame.gd:2166)
   GDScript backtrace (most recent call first):
       [0] _add_objective_header_v152 (res://MainGame.gd:2166)
       [1] _rebuild_quests (res://MainGame.gd:2205)
       [2] _ready (res://MainGame.gd:532)
SCRIPT ERROR: Invalid call. Nonexistent function 'objective_icon_role' in base 'GDScript'.
   at: _add_objective_row_v152 (res://MainGame.gd:2181)
   GDScript backtrace (most recent call first):
       [0] _add_objective_row_v152 (res://MainGame.gd:2181)
       [1] _rebuild_quests (res://MainGame.gd:2206)
       [2] _ready (res://MainGame.gd:532)
SCRIPT ERROR: Invalid call. Nonexistent function 'objective_icon_role' in base 'GDScript'.
   at: _add_objective_row_v152 (res://MainGame.gd:2181)
   GDScript backtrace (most recent call first):
       [0] _add_objective_row_v152 (res://MainGame.gd:2181)
       [1] _rebuild_quests (res://MainGame.gd:2206)
       [2] _ready (res://MainGame.gd:532)
SCRIPT ERROR: Invalid call. Nonexistent function 'objective_icon_role' in base 'GDScript'.
   at: _add_objective_row_v152 (res://MainGame.gd:2181)
   GDScript backtrace (most recent call first):
       [0] _add_objective_row_v152 (res://MainGame.gd:2181)
       [1] _rebuild_quests (res://MainGame.gd:2206)
       [2] _ready (res://MainGame.gd:532)
SCRIPT ERROR: Invalid call. Nonexistent function 'objective_icon_role' in base 'GDScript'.
   at: _add_objective_row_v152 (res://MainGame.gd:2181)
   GDScript backtrace (most recent call first):
       [0] _add_objective_row_v152 (res://MainGame.gd:2181)
       [1] _rebuild_quests (res://MainGame.gd:2206)
       [2] _ready (res://MainGame.gd:532)
SCRIPT ERROR: Invalid call. Nonexistent function 'objective_icon_role' in base 'GDScript'.
   at: _add_objective_row_v152 (res://MainGame.gd:2181)
   GDScript backtrace (most recent call first):
       [0] _add_objective_row_v152 (res://MainGame.gd:2181)
       [1] _rebuild_quests (res://MainGame.gd:2206)
       [2] _ready (res://MainGame.gd:532)
SCRIPT ERROR: Invalid call. Nonexistent function 'style_objective_header' in base 'GDScript'.
   at: _add_objective_header_v152 (res://MainGame.gd:2166)
   GDScript backtrace (most recent call first):
       [0] _add_objective_header_v152 (res://MainGame.gd:2166)
       [1] _rebuild_quests (res://MainGame.gd:2207)
       [2] _ready (res://MainGame.gd:532)
SCRIPT ERROR: Invalid call. Nonexistent function 'objective_icon_role' in base 'GDScript'.
   at: _rebuild_quests (res://MainGame.gd:2214)
   GDScript backtrace (most recent call first):
       [0] _rebuild_quests (res://MainGame.gd:2214)
       [1] _ready (res://MainGame.gd:532)
SCRIPT ERROR: Invalid call. Nonexistent function 'set_primary_nav_state' in base 'GDScript'.
   at: _switch_view (res://MainGame.gd:1298)
   GDScript backtrace (most recent call first):
       [0] _switch_view (res://MainGame.gd:1298)
       [1] _ready (res://MainGame.gd:537)
ERROR: [P0_BOOT] Main scene setting drift: res://BootFlow.tscn
   at: push_error (core/variant/variant_utility.cpp:1023)
   GDScript backtrace (most recent call first):
       [0] complete_scene_boot (res://P0BootDiagnostics.gd:79)
       [1] _ready (res://MainGame.gd:540)
ERROR: [P0_BOOT] Core contract: P0 violation: Daily visible
   at: push_error (core/variant/variant_utility.cpp:1023)
   GDScript backtrace (most recent call first):
       [0] complete_scene_boot (res://P0BootDiagnostics.gd:79)
       [1] _ready (res://MainGame.gd:540)
ERROR: [P0_BOOT] Core contract: P0 violation: Quests visible
   at: push_error (core/variant/variant_utility.cpp:1023)
   GDScript backtrace (most recent call first):
       [0] complete_scene_boot (res://P0BootDiagnostics.gd:79)
       [1] _ready (res://MainGame.gd:540)
ERROR: [P0_BOOT] Core contract: P0 violation: Heroes visible
   at: push_error (core/variant/variant_utility.cpp:1023)
   GDScript backtrace (most recent call first):
       [0] complete_scene_boot (res://P0BootDiagnostics.gd:79)
       [1] _ready (res://MainGame.gd:540)
ERROR: [P0_BOOT] Core contract: P0 violation: Hero Auto-DPS active
   at: push_error (core/variant/variant_utility.cpp:1023)
   GDScript backtrace (most recent call first):
       [0] complete_scene_boot (res://P0BootDiagnostics.gd:79)
       [1] _ready (res://MainGame.gd:540)
ERROR: [P0_BOOT] P1 isolation: HeroSystem processing during P0
   at: push_error (core/variant/variant_utility.cpp:1023)
   GDScript backtrace (most recent call first):
       [0] complete_scene_boot (res://P0BootDiagnostics.gd:79)
       [1] _ready (res://MainGame.gd:540)
[CORE_ANALYTICS] {"event":"p0_boot_fail","payload":{"errors":["Main scene setting drift: res://BootFlow.tscn","Core contract: P0 violation: Daily visible","Core contract: P0 violation: Quests visible","Core contract: P0 violation: Heroes visible","Core contract: P0 violation: Hero Auto-DPS active","P1 isolation: HeroSystem processing during P0"]},"time_unix":1789104316.589}
SCRIPT ERROR: Invalid call. Nonexistent function 'apply' in base 'GDScript'.
   at: _apply_mobile_runtime_polish (res://MainGame.gd:552)
   GDScript backtrace (most recent call first):
       [0] _apply_mobile_runtime_polish (res://MainGame.gd:552)
SCRIPT ERROR: Invalid call. Nonexistent function 'apply' in base 'GDScript'.
   at: _apply_mobile_runtime_polish (res://MainGame.gd:552)
   GDScript backtrace (most recent call first):
       [0] _apply_mobile_runtime_polish (res://MainGame.gd:552)
       [1] _wait_until_main_ready (res://V2021VisualRuntimeQa.gd:334)
       [2] _wait_until (res://V2021VisualRuntimeQa.gd:363)
SCRIPT ERROR: Invalid call. Nonexistent function 'set_primary_nav_state' in base 'GDScript'.
   at: _switch_view (res://MainGame.gd:1298)
   GDScript backtrace (most recent call first):
       [0] _switch_view (res://MainGame.gd:1298)
       [1] _prepare_deterministic_tap (res://V2021VisualRuntimeQa.gd:302)
       [2] _run_tap_determinism (res://V2021VisualRuntimeQa.gd:238)
       [3] _wait_until_main_ready (res://V2021VisualRuntimeQa.gd:335)
       [4] _wait_render_stable (res://V2021VisualRuntimeQa.gd:358)
SCRIPT ERROR: Invalid call. Nonexistent function 'refresh_home_loop_state' in base 'GDScript'.
   at: _update_monster_ui (res://MainGame.gd:1219)
   GDScript backtrace (most recent call first):
       [0] _update_monster_ui (res://MainGame.gd:1219)
       [1] _refresh_all (res://MainGame.gd:675)
       [2] _close_no_spins_state (res://MainGame.gd:1629)
       [3] _dismiss_overlays (res://V2021VisualRuntimeQa.gd:489)
       [4] _wait_render (res://V2021VisualRuntimeQa.gd:353)
SCRIPT ERROR: Invalid call. Nonexistent function 'refresh_village_loop_state' in base 'GDScript'.
   at: _refresh_p0_village (res://MainGame.gd:2410)
   GDScript backtrace (most recent call first):
       [0] _refresh_p0_village (res://MainGame.gd:2410)
       [1] _refresh_all (res://MainGame.gd:680)
       [2] _close_no_spins_state (res://MainGame.gd:1629)
       [3] _dismiss_overlays (res://V2021VisualRuntimeQa.gd:489)
       [4] _wait_render (res://V2021VisualRuntimeQa.gd:353)
SCRIPT ERROR: Invalid call. Nonexistent function 'refresh_reward_session_state' in base 'GDScript'.
   at: _refresh_meta_ui (res://MainGame.gd:1004)
   GDScript backtrace (most recent call first):
       [0] _refresh_meta_ui (res://MainGame.gd:1004)
       [1] _refresh_all (res://MainGame.gd:683)
       [2] _close_no_spins_state (res://MainGame.gd:1629)
       [3] _dismiss_overlays (res://V2021VisualRuntimeQa.gd:489)
       [4] _wait_render (res://V2021VisualRuntimeQa.gd:353)
SCRIPT ERROR: Invalid call. Nonexistent function 'style_objective_header' in base 'GDScript'.
   at: _add_objective_header_v152 (res://MainGame.gd:2166)
   GDScript backtrace (most recent call first):
       [0] _add_objective_header_v152 (res://MainGame.gd:2166)
       [1] _rebuild_quests (res://MainGame.gd:2205)
       [2] _refresh_all (res://MainGame.gd:688)
       [3] _close_no_spins_state (res://MainGame.gd:1629)
       [4] _dismiss_overlays (res://V2021VisualRuntimeQa.gd:489)
       [5] _wait_render (res://V2021VisualRuntimeQa.gd:353)
SCRIPT ERROR: Invalid call. Nonexistent function 'objective_icon_role' in base 'GDScript'.
   at: _add_objective_row_v152 (res://MainGame.gd:2181)
   GDScript backtrace (most recent call first):
       [0] _add_objective_row_v152 (res://MainGame.gd:2181)
       [1] _rebuild_quests (res://MainGame.gd:2206)
       [2] _refresh_all (res://MainGame.gd:688)
       [3] _close_no_spins_state (res://MainGame.gd:1629)
       [4] _dismiss_overlays (res://V2021VisualRuntimeQa.gd:489)
       [5] _wait_render (res://V2021VisualRuntimeQa.gd:353)
SCRIPT ERROR: Invalid call. Nonexistent function 'objective_icon_role' in base 'GDScript'.
   at: _add_objective_row_v152 (res://MainGame.gd:2181)
   GDScript backtrace (most recent call first):
       [0] _add_objective_row_v152 (res://MainGame.gd:2181)
       [1] _rebuild_quests (res://MainGame.gd:2206)
       [2] _refresh_all (res://MainGame.gd:688)
       [3] _close_no_spins_state (res://MainGame.gd:1629)
       [4] _dismiss_overlays (res://V2021VisualRuntimeQa.gd:489)
       [5] _wait_render (res://V2021VisualRuntimeQa.gd:353)
SCRIPT ERROR: Invalid call. Nonexistent function 'objective_icon_role' in base 'GDScript'.
   at: _add_objective_row_v152 (res://MainGame.gd:2181)
   GDScript backtrace (most recent call first):
       [0] _add_objective_row_v152 (res://MainGame.gd:2181)
       [1] _rebuild_quests (res://MainGame.gd:2206)
       [2] _refresh_all (res://MainGame.gd:688)
       [3] _close_no_spins_state (res://MainGame.gd:1629)
       [4] _dismiss_overlays (res://V2021VisualRuntimeQa.gd:489)
       [5] _wait_render (res://V2021VisualRuntimeQa.gd:353)
SCRIPT ERROR: Invalid call. Nonexistent function 'style_objective_header' in base 'GDScript'.
   at: _add_objective_header_v152 (res://MainGame.gd:2166)
   GDScript backtrace (most recent call first):
       [0] _add_objective_header_v152 (res://MainGame.gd:2166)
       [1] _rebuild_quests (res://MainGame.gd:2205)
       [2] _refresh_all (res://MainGame.gd:688)
       [3] _close_no_spins_state (res://MainGame.gd:1629)
       [4] _dismiss_overlays (res://V2021VisualRuntimeQa.gd:489)
       [5] _wait_render (res://V2021VisualRuntimeQa.gd:353)
SCRIPT ERROR: Invalid call. Nonexistent function 'objective_icon_role' in base 'GDScript'.
   at: _add_objective_row_v152 (res://MainGame.gd:2181)
   GDScript backtrace (most recent call first):
       [0] _add_objective_row_v152 (res://MainGame.gd:2181)
       [1] _rebuild_quests (res://MainGame.gd:2206)
       [2] _refresh_all (res://MainGame.gd:688)
       [3] _close_no_spins_state (res://MainGame.gd:1629)
       [4] _dismiss_overlays (res://V2021VisualRuntimeQa.gd:489)
       [5] _wait_render (res://V2021VisualRuntimeQa.gd:353)
SCRIPT ERROR: Invalid call. Nonexistent function 'objective_icon_role' in base 'GDScript'.
   at: _add_objective_row_v152 (res://MainGame.gd:2181)
   GDScript backtrace (most recent call first):
       [0] _add_objective_row_v152 (res://MainGame.gd:2181)
       [1] _rebuild_quests (res://MainGame.gd:2206)
       [2] _refresh_all (res://MainGame.gd:688)
       [3] _close_no_spins_state (res://MainGame.gd:1629)
       [4] _dismiss_overlays (res://V2021VisualRuntimeQa.gd:489)
       [5] _wait_render (res://V2021VisualRuntimeQa.gd:353)
SCRIPT ERROR: Invalid call. Nonexistent function 'objective_icon_role' in base 'GDScript'.
   at: _add_objective_row_v152 (res://MainGame.gd:2181)
   GDScript backtrace (most recent call first):
       [0] _add_objective_row_v152 (res://MainGame.gd:2181)
       [1] _rebuild_quests (res://MainGame.gd:2206)
       [2] _refresh_all (res://MainGame.gd:688)
       [3] _close_no_spins_state (res://MainGame.gd:1629)
       [4] _dismiss_overlays (res://V2021VisualRuntimeQa.gd:489)
       [5] _wait_render (res://V2021VisualRuntimeQa.gd:353)
SCRIPT ERROR: Invalid call. Nonexistent function 'style_objective_header' in base 'GDScript'.
   at: _add_objective_header_v152 (res://MainGame.gd:2166)
   GDScript backtrace (most recent call first):
       [0] _add_objective_header_v152 (res://MainGame.gd:2166)
       [1] _rebuild_quests (res://MainGame.gd:2205)
       [2] _refresh_all (res://MainGame.gd:688)
       [3] _close_no_spins_state (res://MainGame.gd:1629)
       [4] _dismiss_overlays (res://V2021VisualRuntimeQa.gd:489)
       [5] _wait_render (res://V2021VisualRuntimeQa.gd:353)
SCRIPT ERROR: Invalid call. Nonexistent function 'objective_icon_role' in base 'GDScript'.
   at: _add_objective_row_v152 (res://MainGame.gd:2181)
   GDScript backtrace (most recent call first):
       [0] _add_objective_row_v152 (res://MainGame.gd:2181)
       [1] _rebuild_quests (res://MainGame.gd:2206)
       [2] _refresh_all (res://MainGame.gd:688)
       [3] _close_no_spins_state (res://MainGame.gd:1629)
       [4] _dismiss_overlays (res://V2021VisualRuntimeQa.gd:489)
       [5] _wait_render (res://V2021VisualRuntimeQa.gd:353)
SCRIPT ERROR: Invalid call. Nonexistent function 'objective_icon_role' in base 'GDScript'.
   at: _add_objective_row_v152 (res://MainGame.gd:2181)
   GDScript backtrace (most recent call first):
       [0] _add_objective_row_v152 (res://MainGame.gd:2181)
       [1] _rebuild_quests (res://MainGame.gd:2206)
       [2] _refresh_all (res://MainGame.gd:688)
       [3] _close_no_spins_state (res://MainGame.gd:1629)
       [4] _dismiss_overlays (res://V2021VisualRuntimeQa.gd:489)
       [5] _wait_render (res://V2021VisualRuntimeQa.gd:353)
SCRIPT ERROR: Invalid call. Nonexistent function 'objective_icon_role' in base 'GDScript'.
   at: _add_objective_row_v152 (res://MainGame.gd:2181)
   GDScript backtrace (most recent call first):
       [0] _add_objective_row_v152 (res://MainGame.gd:2181)
       [1] _rebuild_quests (res://MainGame.gd:2206)
       [2] _refresh_all (res://MainGame.gd:688)
       [3] _close_no_spins_state (res://MainGame.gd:1629)
       [4] _dismiss_overlays (res://V2021VisualRuntimeQa.gd:489)
       [5] _wait_render (res://V2021VisualRuntimeQa.gd:353)
SCRIPT ERROR: Invalid call. Nonexistent function 'objective_icon_role' in base 'GDScript'.
   at: _add_objective_row_v152 (res://MainGame.gd:2181)
   GDScript backtrace (most recent call first):
       [0] _add_objective_row_v152 (res://MainGame.gd:2181)
       [1] _rebuild_quests (res://MainGame.gd:2206)
       [2] _refresh_all (res://MainGame.gd:688)
       [3] _close_no_spins_state (res://MainGame.gd:1629)
       [4] _dismiss_overlays (res://V2021VisualRuntimeQa.gd:489)
       [5] _wait_render (res://V2021VisualRuntimeQa.gd:353)
SCRIPT ERROR: Invalid call. Nonexistent function 'objective_icon_role' in base 'GDScript'.
   at: _add_objective_row_v152 (res://MainGame.gd:2181)
   GDScript backtrace (most recent call first):
       [0] _add_objective_row_v152 (res://MainGame.gd:2181)
       [1] _rebuild_quests (res://MainGame.gd:2206)
       [2] _refresh_all (res://MainGame.gd:688)
       [3] _close_no_spins_state (res://MainGame.gd:1629)
       [4] _dismiss_overlays (res://V2021VisualRuntimeQa.gd:489)
       [5] _wait_render (res://V2021VisualRuntimeQa.gd:353)
SCRIPT ERROR: Invalid call. Nonexistent function 'style_objective_header' in base 'GDScript'.
   at: _add_objective_header_v152 (res://MainGame.gd:2166)
   GDScript backtrace (most recent call first):
       [0] _add_objective_header_v152 (res://MainGame.gd:2166)
       [1] _rebuild_quests (res://MainGame.gd:2207)
       [2] _refresh_all (res://MainGame.gd:688)
       [3] _close_no_spins_state (res://MainGame.gd:1629)
       [4] _dismiss_overlays (res://V2021VisualRuntimeQa.gd:489)
       [5] _wait_render (res://V2021VisualRuntimeQa.gd:353)
SCRIPT ERROR: Invalid call. Nonexistent function 'objective_icon_role' in base 'GDScript'.
   at: _rebuild_quests (res://MainGame.gd:2214)
   GDScript backtrace (most recent call first):
       [0] _rebuild_quests (res://MainGame.gd:2214)
       [1] _refresh_all (res://MainGame.gd:688)
       [2] _close_no_spins_state (res://MainGame.gd:1629)
       [3] _dismiss_overlays (res://V2021VisualRuntimeQa.gd:489)
       [4] _wait_render (res://V2021VisualRuntimeQa.gd:353)
SCRIPT ERROR: Invalid call. Nonexistent function 'refresh_progression_state' in base 'GDScript'.
   at: _refresh_progression_p0 (res://MainGame.gd:2903)
   GDScript backtrace (most recent call first):
       [0] _refresh_progression_p0 (res://MainGame.gd:2903)
       [1] _refresh_all (res://MainGame.gd:696)
       [2] _close_no_spins_state (res://MainGame.gd:1629)
       [3] _dismiss_overlays (res://V2021VisualRuntimeQa.gd:489)
       [4] _wait_render (res://V2021VisualRuntimeQa.gd:353)
SCRIPT ERROR: Invalid call. Nonexistent function 'refresh_shop_state' in base 'GDScript'.
   at: _refresh_shop_p0 (res://MainGame.gd:2810)
   GDScript backtrace (most recent call first):
       [0] _refresh_shop_p0 (res://MainGame.gd:2810)
       [1] _refresh_all (res://MainGame.gd:697)
       [2] _close_no_spins_state (res://MainGame.gd:1629)
       [3] _dismiss_overlays (res://V2021VisualRuntimeQa.gd:489)
       [4] _wait_render (res://V2021VisualRuntimeQa.gd:353)
SCRIPT ERROR: Invalid call. Nonexistent function 'refresh_afk_state' in base 'GDScript'.
   at: _refresh_afk_p0 (res://MainGame.gd:2910)
   GDScript backtrace (most recent call first):
       [0] _refresh_afk_p0 (res://MainGame.gd:2910)
       [1] _refresh_all (res://MainGame.gd:698)
       [2] _close_no_spins_state (res://MainGame.gd:1629)
       [3] _dismiss_overlays (res://V2021VisualRuntimeQa.gd:489)
       [4] _wait_render (res://V2021VisualRuntimeQa.gd:353)
SCRIPT ERROR: Invalid call. Nonexistent function 'refresh_home_loop_state' in base 'GDScript'.
   at: _update_monster_ui (res://MainGame.gd:1219)
   GDScript backtrace (most recent call first):
       [0] _update_monster_ui (res://MainGame.gd:1219)
       [1] _refresh_all (res://MainGame.gd:675)
       [2] _prepare_deterministic_tap (res://V2021VisualRuntimeQa.gd:307)
       [3] _wait_render_stable (res://V2021VisualRuntimeQa.gd:358)
SCRIPT ERROR: Invalid call. Nonexistent function 'refresh_village_loop_state' in base 'GDScript'.
   at: _refresh_p0_village (res://MainGame.gd:2410)
   GDScript backtrace (most recent call first):
       [0] _refresh_p0_village (res://MainGame.gd:2410)
       [1] _refresh_all (res://MainGame.gd:680)
       [2] _prepare_deterministic_tap (res://V2021VisualRuntimeQa.gd:307)
       [3] _wait_render_stable (res://V2021VisualRuntimeQa.gd:358)
SCRIPT ERROR: Invalid call. Nonexistent function 'refresh_reward_session_state' in base 'GDScript'.
   at: _refresh_meta_ui (res://MainGame.gd:1004)
   GDScript backtrace (most recent call first):
       [0] _refresh_meta_ui (res://MainGame.gd:1004)
       [1] _refresh_all (res://MainGame.gd:683)
       [2] _prepare_deterministic_tap (res://V2021VisualRuntimeQa.gd:307)
       [3] _wait_render_stable (res://V2021VisualRuntimeQa.gd:358)
SCRIPT ERROR: Invalid call. Nonexistent function 'style_objective_header' in base 'GDScript'.
   at: _add_objective_header_v152 (res://MainGame.gd:2166)
   GDScript backtrace (most recent call first):
       [0] _add_objective_header_v152 (res://MainGame.gd:2166)
       [1] _rebuild_quests (res://MainGame.gd:2205)
       [2] _refresh_all (res://MainGame.gd:688)
       [3] _prepare_deterministic_tap (res://V2021VisualRuntimeQa.gd:307)
       [4] _wait_render_stable (res://V2021VisualRuntimeQa.gd:358)
SCRIPT ERROR: Invalid call. Nonexistent function 'objective_icon_role' in base 'GDScript'.
   at: _add_objective_row_v152 (res://MainGame.gd:2181)
   GDScript backtrace (most recent call first):
       [0] _add_objective_row_v152 (res://MainGame.gd:2181)
       [1] _rebuild_quests (res://MainGame.gd:2206)
       [2] _refresh_all (res://MainGame.gd:688)
       [3] _prepare_deterministic_tap (res://V2021VisualRuntimeQa.gd:307)
       [4] _wait_render_stable (res://V2021VisualRuntimeQa.gd:358)
SCRIPT ERROR: Invalid call. Nonexistent function 'objective_icon_role' in base 'GDScript'.
   at: _add_objective_row_v152 (res://MainGame.gd:2181)
   GDScript backtrace (most recent call first):
       [0] _add_objective_row_v152 (res://MainGame.gd:2181)
       [1] _rebuild_quests (res://MainGame.gd:2206)
       [2] _refresh_all (res://MainGame.gd:688)
       [3] _prepare_deterministic_tap (res://V2021VisualRuntimeQa.gd:307)
       [4] _wait_render_stable (res://V2021VisualRuntimeQa.gd:358)
SCRIPT ERROR: Invalid call. Nonexistent function 'objective_icon_role' in base 'GDScript'.
   at: _add_objective_row_v152 (res://MainGame.gd:2181)
   GDScript backtrace (most recent call first):
       [0] _add_objective_row_v152 (res://MainGame.gd:2181)
       [1] _rebuild_quests (res://MainGame.gd:2206)
       [2] _refresh_all (res://MainGame.gd:688)
       [3] _prepare_deterministic_tap (res://V2021VisualRuntimeQa.gd:307)
       [4] _wait_render_stable (res://V2021VisualRuntimeQa.gd:358)
SCRIPT ERROR: Invalid call. Nonexistent function 'style_objective_header' in base 'GDScript'.
   at: _add_objective_header_v152 (res://MainGame.gd:2166)
   GDScript backtrace (most recent call first):
       [0] _add_objective_header_v152 (res://MainGame.gd:2166)
       [1] _rebuild_quests (res://MainGame.gd:2205)
       [2] _refresh_all (res://MainGame.gd:688)
       [3] _prepare_deterministic_tap (res://V2021VisualRuntimeQa.gd:307)
       [4] _wait_render_stable (res://V2021VisualRuntimeQa.gd:358)
SCRIPT ERROR: Invalid call. Nonexistent function 'objective_icon_role' in base 'GDScript'.
   at: _add_objective_row_v152 (res://MainGame.gd:2181)
   GDScript backtrace (most recent call first):
       [0] _add_objective_row_v152 (res://MainGame.gd:2181)
       [1] _rebuild_quests (res://MainGame.gd:2206)
       [2] _refresh_all (res://MainGame.gd:688)
       [3] _prepare_deterministic_tap (res://V2021VisualRuntimeQa.gd:307)
       [4] _wait_render_stable (res://V2021VisualRuntimeQa.gd:358)
SCRIPT ERROR: Invalid call. Nonexistent function 'objective_icon_role' in base 'GDScript'.
   at: _add_objective_row_v152 (res://MainGame.gd:2181)
   GDScript backtrace (most recent call first):
       [0] _add_objective_row_v152 (res://MainGame.gd:2181)
       [1] _rebuild_quests (res://MainGame.gd:2206)
       [2] _refresh_all (res://MainGame.gd:688)
       [3] _prepare_deterministic_tap (res://V2021VisualRuntimeQa.gd:307)
       [4] _wait_render_stable (res://V2021VisualRuntimeQa.gd:358)
SCRIPT ERROR: Invalid call. Nonexistent function 'objective_icon_role' in base 'GDScript'.
   at: _add_objective_row_v152 (res://MainGame.gd:2181)
   GDScript backtrace (most recent call first):
       [0] _add_objective_row_v152 (res://MainGame.gd:2181)
       [1] _rebuild_quests (res://MainGame.gd:2206)
       [2] _refresh_all (res://MainGame.gd:688)
       [3] _prepare_deterministic_tap (res://V2021VisualRuntimeQa.gd:307)
       [4] _wait_render_stable (res://V2021VisualRuntimeQa.gd:358)
SCRIPT ERROR: Invalid call. Nonexistent function 'style_objective_header' in base 'GDScript'.
   at: _add_objective_header_v152 (res://MainGame.gd:2166)
   GDScript backtrace (most recent call first):
       [0] _add_objective_header_v152 (res://MainGame.gd:2166)
       [1] _rebuild_quests (res://MainGame.gd:2205)
       [2] _refresh_all (res://MainGame.gd:688)
       [3] _prepare_deterministic_tap (res://V2021VisualRuntimeQa.gd:307)
       [4] _wait_render_stable (res://V2021VisualRuntimeQa.gd:358)
SCRIPT ERROR: Invalid call. Nonexistent function 'objective_icon_role' in base 'GDScript'.
   at: _add_objective_row_v152 (res://MainGame.gd:2181)
   GDScript backtrace (most recent call first):
       [0] _add_objective_row_v152 (res://MainGame.gd:2181)
       [1] _rebuild_quests (res://MainGame.gd:2206)
       [2] _refresh_all (res://MainGame.gd:688)
       [3] _prepare_deterministic_tap (res://V2021VisualRuntimeQa.gd:307)
       [4] _wait_render_stable (res://V2021VisualRuntimeQa.gd:358)
SCRIPT ERROR: Invalid call. Nonexistent function 'objective_icon_role' in base 'GDScript'.
   at: _add_objective_row_v152 (res://MainGame.gd:2181)
   GDScript backtrace (most recent call first):
       [0] _add_objective_row_v152 (res://MainGame.gd:2181)
       [1] _rebuild_quests (res://MainGame.gd:2206)
       [2] _refresh_all (res://MainGame.gd:688)
       [3] _prepare_deterministic_tap (res://V2021VisualRuntimeQa.gd:307)
       [4] _wait_render_stable (res://V2021VisualRuntimeQa.gd:358)
SCRIPT ERROR: Invalid call. Nonexistent function 'objective_icon_role' in base 'GDScript'.
   at: _add_objective_row_v152 (res://MainGame.gd:2181)
   GDScript backtrace (most recent call first):
       [0] _add_objective_row_v152 (res://MainGame.gd:2181)
       [1] _rebuild_quests (res://MainGame.gd:2206)
       [2] _refresh_all (res://MainGame.gd:688)
       [3] _prepare_deterministic_tap (res://V2021VisualRuntimeQa.gd:307)
       [4] _wait_render_stable (res://V2021VisualRuntimeQa.gd:358)
SCRIPT ERROR: Invalid call. Nonexistent function 'objective_icon_role' in base 'GDScript'.
   at: _add_objective_row_v152 (res://MainGame.gd:2181)
   GDScript backtrace (most recent call first):
       [0] _add_objective_row_v152 (res://MainGame.gd:2181)
       [1] _rebuild_quests (res://MainGame.gd:2206)
       [2] _refresh_all (res://MainGame.gd:688)
       [3] _prepare_deterministic_tap (res://V2021VisualRuntimeQa.gd:307)
       [4] _wait_render_stable (res://V2021VisualRuntimeQa.gd:358)
SCRIPT ERROR: Invalid call. Nonexistent function 'objective_icon_role' in base 'GDScript'.
   at: _add_objective_row_v152 (res://MainGame.gd:2181)
   GDScript backtrace (most recent call first):
       [0] _add_objective_row_v152 (res://MainGame.gd:2181)
       [1] _rebuild_quests (res://MainGame.gd:2206)
       [2] _refresh_all (res://MainGame.gd:688)
       [3] _prepare_deterministic_tap (res://V2021VisualRuntimeQa.gd:307)
       [4] _wait_render_stable (res://V2021VisualRuntimeQa.gd:358)
SCRIPT ERROR: Invalid call. Nonexistent function 'style_objective_header' in base 'GDScript'.
   at: _add_objective_header_v152 (res://MainGame.gd:2166)
   GDScript backtrace (most recent call first):
       [0] _add_objective_header_v152 (res://MainGame.gd:2166)
       [1] _rebuild_quests (res://MainGame.gd:2207)
       [2] _refresh_all (res://MainGame.gd:688)
       [3] _prepare_deterministic_tap (res://V2021VisualRuntimeQa.gd:307)
       [4] _wait_render_stable (res://V2021VisualRuntimeQa.gd:358)
SCRIPT ERROR: Invalid call. Nonexistent function 'objective_icon_role' in base 'GDScript'.
   at: _rebuild_quests (res://MainGame.gd:2214)
   GDScript backtrace (most recent call first):
       [0] _rebuild_quests (res://MainGame.gd:2214)
       [1] _refresh_all (res://MainGame.gd:688)
       [2] _prepare_deterministic_tap (res://V2021VisualRuntimeQa.gd:307)
       [3] _wait_render_stable (res://V2021VisualRuntimeQa.gd:358)
SCRIPT ERROR: Invalid call. Nonexistent function 'refresh_progression_state' in base 'GDScript'.
   at: _refresh_progression_p0 (res://MainGame.gd:2903)
   GDScript backtrace (most recent call first):
       [0] _refresh_progression_p0 (res://MainGame.gd:2903)
       [1] _refresh_all (res://MainGame.gd:696)
       [2] _prepare_deterministic_tap (res://V2021VisualRuntimeQa.gd:307)
       [3] _wait_render_stable (res://V2021VisualRuntimeQa.gd:358)
SCRIPT ERROR: Invalid call. Nonexistent function 'refresh_shop_state' in base 'GDScript'.
   at: _refresh_shop_p0 (res://MainGame.gd:2810)
   GDScript backtrace (most recent call first):
       [0] _refresh_shop_p0 (res://MainGame.gd:2810)
       [1] _refresh_all (res://MainGame.gd:697)
       [2] _prepare_deterministic_tap (res://V2021VisualRuntimeQa.gd:307)
       [3] _wait_render_stable (res://V2021VisualRuntimeQa.gd:358)
SCRIPT ERROR: Invalid call. Nonexistent function 'refresh_afk_state' in base 'GDScript'.
   at: _refresh_afk_p0 (res://MainGame.gd:2910)
   GDScript backtrace (most recent call first):
       [0] _refresh_afk_p0 (res://MainGame.gd:2910)
       [1] _refresh_all (res://MainGame.gd:698)
       [2] _prepare_deterministic_tap (res://V2021VisualRuntimeQa.gd:307)
       [3] _wait_render_stable (res://V2021VisualRuntimeQa.gd:358)
[CORE_ANALYTICS] {"event":"first_tap","payload":{"encounter_id":"M001"},"time_unix":1789104317.546}
SCRIPT ERROR: Invalid call. Nonexistent function 'refresh_home_loop_state' in base 'GDScript'.
   at: _update_monster_ui (res://MainGame.gd:1219)
   GDScript backtrace (most recent call first):
       [0] _update_monster_ui (res://MainGame.gd:1219)
       [1] damage_monster (res://PlayerData.gd:94)
       [2] _on_monster_pressed (res://MainGame.gd:1311)
       [3] _run_tap_determinism (res://V2021VisualRuntimeQa.gd:249)
       [4] _prepare_deterministic_tap (res://V2021VisualRuntimeQa.gd:307)
       [5] _wait_render_stable (res://V2021VisualRuntimeQa.gd:358)
SCRIPT ERROR: Invalid call. Nonexistent function 'style_objective_header' in base 'GDScript'.
   at: _add_objective_header_v152 (res://MainGame.gd:2166)
   GDScript backtrace (most recent call first):
       [0] _add_objective_header_v152 (res://MainGame.gd:2166)
       [1] _rebuild_quests (res://MainGame.gd:2205)
       [2] add_progress (res://QuestSystem.gd:35)
       [3] _on_monster_pressed (res://MainGame.gd:1313)
       [4] _run_tap_determinism (res://V2021VisualRuntimeQa.gd:249)
       [5] _prepare_deterministic_tap (res://V2021VisualRuntimeQa.gd:307)
       [6] _wait_render_stable (res://V2021VisualRuntimeQa.gd:358)
SCRIPT ERROR: Invalid call. Nonexistent function 'objective_icon_role' in base 'GDScript'.
   at: _add_objective_row_v152 (res://MainGame.gd:2181)
   GDScript backtrace (most recent call first):
       [0] _add_objective_row_v152 (res://MainGame.gd:2181)
       [1] _rebuild_quests (res://MainGame.gd:2206)
       [2] add_progress (res://QuestSystem.gd:35)
       [3] _on_monster_pressed (res://MainGame.gd:1313)
       [4] _run_tap_determinism (res://V2021VisualRuntimeQa.gd:249)
       [5] _prepare_deterministic_tap (res://V2021VisualRuntimeQa.gd:307)
       [6] _wait_render_stable (res://V2021VisualRuntimeQa.gd:358)
SCRIPT ERROR: Invalid call. Nonexistent function 'objective_icon_role' in base 'GDScript'.
   at: _add_objective_row_v152 (res://MainGame.gd:2181)
   GDScript backtrace (most recent call first):
       [0] _add_objective_row_v152 (res://MainGame.gd:2181)
       [1] _rebuild_quests (res://MainGame.gd:2206)
       [2] add_progress (res://QuestSystem.gd:35)
       [3] _on_monster_pressed (res://MainGame.gd:1313)
       [4] _run_tap_determinism (res://V2021VisualRuntimeQa.gd:249)
       [5] _prepare_deterministic_tap (res://V2021VisualRuntimeQa.gd:307)
       [6] _wait_render_stable (res://V2021VisualRuntimeQa.gd:358)
SCRIPT ERROR: Invalid call. Nonexistent function 'objective_icon_role' in base 'GDScript'.
   at: _add_objective_row_v152 (res://MainGame.gd:2181)
   GDScript backtrace (most recent call first):
       [0] _add_objective_row_v152 (res://MainGame.gd:2181)
       [1] _rebuild_quests (res://MainGame.gd:2206)
       [2] add_progress (res://QuestSystem.gd:35)
       [3] _on_monster_pressed (res://MainGame.gd:1313)
       [4] _run_tap_determinism (res://V2021VisualRuntimeQa.gd:249)
       [5] _prepare_deterministic_tap (res://V2021VisualRuntimeQa.gd:307)
       [6] _wait_render_stable (res://V2021VisualRuntimeQa.gd:358)
SCRIPT ERROR: Invalid call. Nonexistent function 'style_objective_header' in base 'GDScript'.
   at: _add_objective_header_v152 (res://MainGame.gd:2166)
   GDScript backtrace (most recent call first):
       [0] _add_objective_header_v152 (res://MainGame.gd:2166)
       [1] _rebuild_quests (res://MainGame.gd:2205)
       [2] add_progress (res://QuestSystem.gd:35)
       [3] _on_monster_pressed (res://MainGame.gd:1313)
       [4] _run_tap_determinism (res://V2021VisualRuntimeQa.gd:249)
       [5] _prepare_deterministic_tap (res://V2021VisualRuntimeQa.gd:307)
       [6] _wait_render_stable (res://V2021VisualRuntimeQa.gd:358)
SCRIPT ERROR: Invalid call. Nonexistent function 'objective_icon_role' in base 'GDScript'.
   at: _add_objective_row_v152 (res://MainGame.gd:2181)
   GDScript backtrace (most recent call first):
       [0] _add_objective_row_v152 (res://MainGame.gd:2181)
       [1] _rebuild_quests (res://MainGame.gd:2206)
       [2] add_progress (res://QuestSystem.gd:35)
       [3] _on_monster_pressed (res://MainGame.gd:1313)
       [4] _run_tap_determinism (res://V2021VisualRuntimeQa.gd:249)
       [5] _prepare_deterministic_tap (res://V2021VisualRuntimeQa.gd:307)
       [6] _wait_render_stable (res://V2021VisualRuntimeQa.gd:358)
SCRIPT ERROR: Invalid call. Nonexistent function 'objective_icon_role' in base 'GDScript'.
   at: _add_objective_row_v152 (res://MainGame.gd:2181)
   GDScript backtrace (most recent call first):
       [0] _add_objective_row_v152 (res://MainGame.gd:2181)
       [1] _rebuild_quests (res://MainGame.gd:2206)
       [2] add_progress (res://QuestSystem.gd:35)
       [3] _on_monster_pressed (res://MainGame.gd:1313)
       [4] _run_tap_determinism (res://V2021VisualRuntimeQa.gd:249)
       [5] _prepare_deterministic_tap (res://V2021VisualRuntimeQa.gd:307)
       [6] _wait_render_stable (res://V2021VisualRuntimeQa.gd:358)
SCRIPT ERROR: Invalid call. Nonexistent function 'objective_icon_role' in base 'GDScript'.
   at: _add_objective_row_v152 (res://MainGame.gd:2181)
   GDScript backtrace (most recent call first):
       [0] _add_objective_row_v152 (res://MainGame.gd:2181)
       [1] _rebuild_quests (res://MainGame.gd:2206)
       [2] add_progress (res://QuestSystem.gd:35)
       [3] _on_monster_pressed (res://MainGame.gd:1313)
       [4] _run_tap_determinism (res://V2021VisualRuntimeQa.gd:249)
       [5] _prepare_deterministic_tap (res://V2021VisualRuntimeQa.gd:307)
       [6] _wait_render_stable (res://V2021VisualRuntimeQa.gd:358)
SCRIPT ERROR: Invalid call. Nonexistent function 'style_objective_header' in base 'GDScript'.
   at: _add_objective_header_v152 (res://MainGame.gd:2166)
   GDScript backtrace (most recent call first):
       [0] _add_objective_header_v152 (res://MainGame.gd:2166)
       [1] _rebuild_quests (res://MainGame.gd:2205)
       [2] add_progress (res://QuestSystem.gd:35)
       [3] _on_monster_pressed (res://MainGame.gd:1313)
       [4] _run_tap_determinism (res://V2021VisualRuntimeQa.gd:249)
       [5] _prepare_deterministic_tap (res://V2021VisualRuntimeQa.gd:307)
       [6] _wait_render_stable (res://V2021VisualRuntimeQa.gd:358)
SCRIPT ERROR: Invalid call. Nonexistent function 'objective_icon_role' in base 'GDScript'.
   at: _add_objective_row_v152 (res://MainGame.gd:2181)
   GDScript backtrace (most recent call first):
       [0] _add_objective_row_v152 (res://MainGame.gd:2181)
       [1] _rebuild_quests (res://MainGame.gd:2206)
       [2] add_progress (res://QuestSystem.gd:35)
       [3] _on_monster_pressed (res://MainGame.gd:1313)
       [4] _run_tap_determinism (res://V2021VisualRuntimeQa.gd:249)
       [5] _prepare_deterministic_tap (res://V2021VisualRuntimeQa.gd:307)
       [6] _wait_render_stable (res://V2021VisualRuntimeQa.gd:358)
SCRIPT ERROR: Invalid call. Nonexistent function 'objective_icon_role' in base 'GDScript'.
   at: _add_objective_row_v152 (res://MainGame.gd:2181)
   GDScript backtrace (most recent call first):
       [0] _add_objective_row_v152 (res://MainGame.gd:2181)
       [1] _rebuild_quests (res://MainGame.gd:2206)
       [2] add_progress (res://QuestSystem.gd:35)
       [3] _on_monster_pressed (res://MainGame.gd:1313)
       [4] _run_tap_determinism (res://V2021VisualRuntimeQa.gd:249)
       [5] _prepare_deterministic_tap (res://V2021VisualRuntimeQa.gd:307)
       [6] _wait_render_stable (res://V2021VisualRuntimeQa.gd:358)
SCRIPT ERROR: Invalid call. Nonexistent function 'objective_icon_role' in base 'GDScript'.
   at: _add_objective_row_v152 (res://MainGame.gd:2181)
   GDScript backtrace (most recent call first):
       [0] _add_objective_row_v152 (res://MainGame.gd:2181)
       [1] _rebuild_quests (res://MainGame.gd:2206)
       [2] add_progress (res://QuestSystem.gd:35)
       [3] _on_monster_pressed (res://MainGame.gd:1313)
       [4] _run_tap_determinism (res://V2021VisualRuntimeQa.gd:249)
       [5] _prepare_deterministic_tap (res://V2021VisualRuntimeQa.gd:307)
       [6] _wait_render_stable (res://V2021VisualRuntimeQa.gd:358)
SCRIPT ERROR: Invalid call. Nonexistent function 'objective_icon_role' in base 'GDScript'.
   at: _add_objective_row_v152 (res://MainGame.gd:2181)
   GDScript backtrace (most recent call first):
       [0] _add_objective_row_v152 (res://MainGame.gd:2181)
       [1] _rebuild_quests (res://MainGame.gd:2206)
       [2] add_progress (res://QuestSystem.gd:35)
       [3] _on_monster_pressed (res://MainGame.gd:1313)
       [4] _run_tap_determinism (res://V2021VisualRuntimeQa.gd:249)
       [5] _prepare_deterministic_tap (res://V2021VisualRuntimeQa.gd:307)
       [6] _wait_render_stable (res://V2021VisualRuntimeQa.gd:358)
SCRIPT ERROR: Invalid call. Nonexistent function 'objective_icon_role' in base 'GDScript'.
   at: _add_objective_row_v152 (res://MainGame.gd:2181)
   GDScript backtrace (most recent call first):
       [0] _add_objective_row_v152 (res://MainGame.gd:2181)
       [1] _rebuild_quests (res://MainGame.gd:2206)
       [2] add_progress (res://QuestSystem.gd:35)
       [3] _on_monster_pressed (res://MainGame.gd:1313)
       [4] _run_tap_determinism (res://V2021VisualRuntimeQa.gd:249)
       [5] _prepare_deterministic_tap (res://V2021VisualRuntimeQa.gd:307)
       [6] _wait_render_stable (res://V2021VisualRuntimeQa.gd:358)
SCRIPT ERROR: Invalid call. Nonexistent function 'style_objective_header' in base 'GDScript'.
   at: _add_objective_header_v152 (res://MainGame.gd:2166)
   GDScript backtrace (most recent call first):
       [0] _add_objective_header_v152 (res://MainGame.gd:2166)
       [1] _rebuild_quests (res://MainGame.gd:2207)
       [2] add_progress (res://QuestSystem.gd:35)
       [3] _on_monster_pressed (res://MainGame.gd:1313)
       [4] _run_tap_determinism (res://V2021VisualRuntimeQa.gd:249)
       [5] _prepare_deterministic_tap (res://V2021VisualRuntimeQa.gd:307)
       [6] _wait_render_stable (res://V2021VisualRuntimeQa.gd:358)
SCRIPT ERROR: Invalid call. Nonexistent function 'objective_icon_role' in base 'GDScript'.
   at: _rebuild_quests (res://MainGame.gd:2214)
   GDScript backtrace (most recent call first):
       [0] _rebuild_quests (res://MainGame.gd:2214)
       [1] add_progress (res://QuestSystem.gd:35)
       [2] _on_monster_pressed (res://MainGame.gd:1313)
       [3] _run_tap_determinism (res://V2021VisualRuntimeQa.gd:249)
       [4] _prepare_deterministic_tap (res://V2021VisualRuntimeQa.gd:307)
       [5] _wait_render_stable (res://V2021VisualRuntimeQa.gd:358)
SCRIPT ERROR: Invalid call. Nonexistent function 'refresh_home_loop_state' in base 'GDScript'.
   at: _update_monster_ui (res://MainGame.gd:1219)
   GDScript backtrace (most recent call first):
       [0] _update_monster_ui (res://MainGame.gd:1219)
       [1] _refresh_all (res://MainGame.gd:675)
       [2] @shields_setter (res://PlayerData.gd:14)
       [3] _reset_shared_state (res://P0TestHarness.gd:64)
       [4] apply_profile (res://P0TestHarness.gd:33)
       [5] _run_tap_determinism (res://V2021VisualRuntimeQa.gd:222)
       [6] _prepare_deterministic_tap (res://V2021VisualRuntimeQa.gd:307)
       [7] _wait_render_stable (res://V2021VisualRuntimeQa.gd:358)
SCRIPT ERROR: Invalid call. Nonexistent function 'refresh_village_loop_state' in base 'GDScript'.
   at: _refresh_p0_village (res://MainGame.gd:2410)
   GDScript backtrace (most recent call first):
       [0] _refresh_p0_village (res://MainGame.gd:2410)
       [1] _refresh_all (res://MainGame.gd:680)
       [2] @shields_setter (res://PlayerData.gd:14)
       [3] _reset_shared_state (res://P0TestHarness.gd:64)
       [4] apply_profile (res://P0TestHarness.gd:33)
       [5] _run_tap_determinism (res://V2021VisualRuntimeQa.gd:222)
       [6] _prepare_deterministic_tap (res://V2021VisualRuntimeQa.gd:307)
       [7] _wait_render_stable (res://V2021VisualRuntimeQa.gd:358)
SCRIPT ERROR: Invalid call. Nonexistent function 'refresh_reward_session_state' in base 'GDScript'.
   at: _refresh_meta_ui (res://MainGame.gd:1004)
   GDScript backtrace (most recent call first):
       [0] _refresh_meta_ui (res://MainGame.gd:1004)
       [1] _refresh_all (res://MainGame.gd:683)
       [2] @shields_setter (res://PlayerData.gd:14)
       [3] _reset_shared_state (res://P0TestHarness.gd:64)
       [4] apply_profile (res://P0TestHarness.gd:33)
       [5] _run_tap_determinism (res://V2021VisualRuntimeQa.gd:222)
       [6] _prepare_deterministic_tap (res://V2021VisualRuntimeQa.gd:307)
       [7] _wait_render_stable (res://V2021VisualRuntimeQa.gd:358)
SCRIPT ERROR: Invalid call. Nonexistent function 'style_objective_header' in base 'GDScript'.
   at: _add_objective_header_v152 (res://MainGame.gd:2166)
   GDScript backtrace (most recent call first):
       [0] _add_objective_header_v152 (res://MainGame.gd:2166)
       [1] _rebuild_quests (res://MainGame.gd:2205)
       [2] _refresh_all (res://MainGame.gd:688)
       [3] @shields_setter (res://PlayerData.gd:14)
       [4] _reset_shared_state (res://P0TestHarness.gd:64)
       [5] apply_profile (res://P0TestHarness.gd:33)
       [6] _run_tap_determinism (res://V2021VisualRuntimeQa.gd:222)
       [7] _prepare_deterministic_tap (res://V2021VisualRuntimeQa.gd:307)
       [8] _wait_render_stable (res://V2021VisualRuntimeQa.gd:358)
SCRIPT ERROR: Invalid call. Nonexistent function 'objective_icon_role' in base 'GDScript'.
   at: _add_objective_row_v152 (res://MainGame.gd:2181)
   GDScript backtrace (most recent call first):
       [0] _add_objective_row_v152 (res://MainGame.gd:2181)
       [1] _rebuild_quests (res://MainGame.gd:2206)
       [2] _refresh_all (res://MainGame.gd:688)
       [3] @shields_setter (res://PlayerData.gd:14)
       [4] _reset_shared_state (res://P0TestHarness.gd:64)
       [5] apply_profile (res://P0TestHarness.gd:33)
       [6] _run_tap_determinism (res://V2021VisualRuntimeQa.gd:222)
       [7] _prepare_deterministic_tap (res://V2021VisualRuntimeQa.gd:307)
       [8] _wait_render_stable (res://V2021VisualRuntimeQa.gd:358)
SCRIPT ERROR: Invalid call. Nonexistent function 'objective_icon_role' in base 'GDScript'.
   at: _add_objective_row_v152 (res://MainGame.gd:2181)
   GDScript backtrace (most recent call first):
       [0] _add_objective_row_v152 (res://MainGame.gd:2181)
       [1] _rebuild_quests (res://MainGame.gd:2206)
       [2] _refresh_all (res://MainGame.gd:688)
       [3] @shields_setter (res://PlayerData.gd:14)
       [4] _reset_shared_state (res://P0TestHarness.gd:64)
       [5] apply_profile (res://P0TestHarness.gd:33)
       [6] _run_tap_determinism (res://V2021VisualRuntimeQa.gd:222)
       [7] _prepare_deterministic_tap (res://V2021VisualRuntimeQa.gd:307)
       [8] _wait_render_stable (res://V2021VisualRuntimeQa.gd:358)
SCRIPT ERROR: Invalid call. Nonexistent function 'objective_icon_role' in base 'GDScript'.
   at: _add_objective_row_v152 (res://MainGame.gd:2181)
   GDScript backtrace (most recent call first):
       [0] _add_objective_row_v152 (res://MainGame.gd:2181)
       [1] _rebuild_quests (res://MainGame.gd:2206)
       [2] _refresh_all (res://MainGame.gd:688)
       [3] @shields_setter (res://PlayerData.gd:14)
       [4] _reset_shared_state (res://P0TestHarness.gd:64)
       [5] apply_profile (res://P0TestHarness.gd:33)
       [6] _run_tap_determinism (res://V2021VisualRuntimeQa.gd:222)
       [7] _prepare_deterministic_tap (res://V2021VisualRuntimeQa.gd:307)
       [8] _wait_render_stable (res://V2021VisualRuntimeQa.gd:358)
SCRIPT ERROR: Invalid call. Nonexistent function 'style_objective_header' in base 'GDScript'.
   at: _add_objective_header_v152 (res://MainGame.gd:2166)
   GDScript backtrace (most recent call first):
       [0] _add_objective_header_v152 (res://MainGame.gd:2166)
       [1] _rebuild_quests (res://MainGame.gd:2205)
       [2] _refresh_all (res://MainGame.gd:688)
       [3] @shields_setter (res://PlayerData.gd:14)
       [4] _reset_shared_state (res://P0TestHarness.gd:64)
       [5] apply_profile (res://P0TestHarness.gd:33)
       [6] _run_tap_determinism (res://V2021VisualRuntimeQa.gd:222)
       [7] _prepare_deterministic_tap (res://V2021VisualRuntimeQa.gd:307)
       [8] _wait_render_stable (res://V2021VisualRuntimeQa.gd:358)
SCRIPT ERROR: Invalid call. Nonexistent function 'objective_icon_role' in base 'GDScript'.
   at: _add_objective_row_v152 (res://MainGame.gd:2181)
   GDScript backtrace (most recent call first):
       [0] _add_objective_row_v152 (res://MainGame.gd:2181)
       [1] _rebuild_quests (res://MainGame.gd:2206)
       [2] _refresh_all (res://MainGame.gd:688)
       [3] @shields_setter (res://PlayerData.gd:14)
       [4] _reset_shared_state (res://P0TestHarness.gd:64)
       [5] apply_profile (res://P0TestHarness.gd:33)
       [6] _run_tap_determinism (res://V2021VisualRuntimeQa.gd:222)
       [7] _prepare_deterministic_tap (res://V2021VisualRuntimeQa.gd:307)
       [8] _wait_render_stable (res://V2021VisualRuntimeQa.gd:358)
SCRIPT ERROR: Invalid call. Nonexistent function 'objective_icon_role' in base 'GDScript'.
   at: _add_objective_row_v152 (res://MainGame.gd:2181)
   GDScript backtrace (most recent call first):
       [0] _add_objective_row_v152 (res://MainGame.gd:2181)
       [1] _rebuild_quests (res://MainGame.gd:2206)
       [2] _refresh_all (res://MainGame.gd:688)
       [3] @shields_setter (res://PlayerData.gd:14)
       [4] _reset_shared_state (res://P0TestHarness.gd:64)
       [5] apply_profile (res://P0TestHarness.gd:33)
       [6] _run_tap_determinism (res://V2021VisualRuntimeQa.gd:222)
       [7] _prepare_deterministic_tap (res://V2021VisualRuntimeQa.gd:307)
       [8] _wait_render_stable (res://V2021VisualRuntimeQa.gd:358)
SCRIPT ERROR: Invalid call. Nonexistent function 'objective_icon_role' in base 'GDScript'.
   at: _add_objective_row_v152 (res://MainGame.gd:2181)
   GDScript backtrace (most recent call first):
       [0] _add_objective_row_v152 (res://MainGame.gd:2181)
       [1] _rebuild_quests (res://MainGame.gd:2206)
       [2] _refresh_all (res://MainGame.gd:688)
       [3] @shields_setter (res://PlayerData.gd:14)
       [4] _reset_shared_state (res://P0TestHarness.gd:64)
       [5] apply_profile (res://P0TestHarness.gd:33)
       [6] _run_tap_determinism (res://V2021VisualRuntimeQa.gd:222)
       [7] _prepare_deterministic_tap (res://V2021VisualRuntimeQa.gd:307)
       [8] _wait_render_stable (res://V2021VisualRuntimeQa.gd:358)
SCRIPT ERROR: Invalid call. Nonexistent function 'style_objective_header' in base 'GDScript'.
   at: _add_objective_header_v152 (res://MainGame.gd:2166)
   GDScript backtrace (most recent call first):
       [0] _add_objective_header_v152 (res://MainGame.gd:2166)
       [1] _rebuild_quests (res://MainGame.gd:2205)
       [2] _refresh_all (res://MainGame.gd:688)
       [3] @shields_setter (res://PlayerData.gd:14)
       [4] _reset_shared_state (res://P0TestHarness.gd:64)
       [5] apply_profile (res://P0TestHarness.gd:33)
       [6] _run_tap_determinism (res://V2021VisualRuntimeQa.gd:222)
       [7] _prepare_deterministic_tap (res://V2021VisualRuntimeQa.gd:307)
       [8] _wait_render_stable (res://V2021VisualRuntimeQa.gd:358)
SCRIPT ERROR: Invalid call. Nonexistent function 'objective_icon_role' in base 'GDScript'.
   at: _add_objective_row_v152 (res://MainGame.gd:2181)
   GDScript backtrace (most recent call first):
       [0] _add_objective_row_v152 (res://MainGame.gd:2181)
       [1] _rebuild_quests (res://MainGame.gd:2206)
       [2] _refresh_all (res://MainGame.gd:688)
       [3] @shields_setter (res://PlayerData.gd:14)
       [4] _reset_shared_state (res://P0TestHarness.gd:64)
       [5] apply_profile (res://P0TestHarness.gd:33)
       [6] _run_tap_determinism (res://V2021VisualRuntimeQa.gd:222)
       [7] _prepare_deterministic_tap (res://V2021VisualRuntimeQa.gd:307)
       [8] _wait_render_stable (res://V2021VisualRuntimeQa.gd:358)
SCRIPT ERROR: Invalid call. Nonexistent function 'objective_icon_role' in base 'GDScript'.
   at: _add_objective_row_v152 (res://MainGame.gd:2181)
   GDScript backtrace (most recent call first):
       [0] _add_objective_row_v152 (res://MainGame.gd:2181)
       [1] _rebuild_quests (res://MainGame.gd:2206)
       [2] _refresh_all (res://MainGame.gd:688)
       [3] @shields_setter (res://PlayerData.gd:14)
       [4] _reset_shared_state (res://P0TestHarness.gd:64)
       [5] apply_profile (res://P0TestHarness.gd:33)
       [6] _run_tap_determinism (res://V2021VisualRuntimeQa.gd:222)
       [7] _prepare_deterministic_tap (res://V2021VisualRuntimeQa.gd:307)
       [8] _wait_render_stable (res://V2021VisualRuntimeQa.gd:358)
SCRIPT ERROR: Invalid call. Nonexistent function 'objective_icon_role' in base 'GDScript'.
   at: _add_objective_row_v152 (res://MainGame.gd:2181)
   GDScript backtrace (most recent call first):
       [0] _add_objective_row_v152 (res://MainGame.gd:2181)
       [1] _rebuild_quests (res://MainGame.gd:2206)
       [2] _refresh_all (res://MainGame.gd:688)
       [3] @shields_setter (res://PlayerData.gd:14)
       [4] _reset_shared_state (res://P0TestHarness.gd:64)
       [5] apply_profile (res://P0TestHarness.gd:33)
       [6] _run_tap_determinism (res://V2021VisualRuntimeQa.gd:222)
       [7] _prepare_deterministic_tap (res://V2021VisualRuntimeQa.gd:307)
       [8] _wait_render_stable (res://V2021VisualRuntimeQa.gd:358)
SCRIPT ERROR: Invalid call. Nonexistent function 'objective_icon_role' in base 'GDScript'.
   at: _add_objective_row_v152 (res://MainGame.gd:2181)
   GDScript backtrace (most recent call first):
       [0] _add_objective_row_v152 (res://MainGame.gd:2181)
       [1] _rebuild_quests (res://MainGame.gd:2206)
       [2] _refresh_all (res://MainGame.gd:688)
       [3] @shields_setter (res://PlayerData.gd:14)
       [4] _reset_shared_state (res://P0TestHarness.gd:64)
       [5] apply_profile (res://P0TestHarness.gd:33)
       [6] _run_tap_determinism (res://V2021VisualRuntimeQa.gd:222)
       [7] _prepare_deterministic_tap (res://V2021VisualRuntimeQa.gd:307)
       [8] _wait_render_stable (res://V2021VisualRuntimeQa.gd:358)
SCRIPT ERROR: Invalid call. Nonexistent function 'objective_icon_role' in base 'GDScript'.
   at: _add_objective_row_v152 (res://MainGame.gd:2181)
   GDScript backtrace (most recent call first):
       [0] _add_objective_row_v152 (res://MainGame.gd:2181)
       [1] _rebuild_quests (res://MainGame.gd:2206)
       [2] _refresh_all (res://MainGame.gd:688)
       [3] @shields_setter (res://PlayerData.gd:14)
       [4] _reset_shared_state (res://P0TestHarness.gd:64)
       [5] apply_profile (res://P0TestHarness.gd:33)
       [6] _run_tap_determinism (res://V2021VisualRuntimeQa.gd:222)
       [7] _prepare_deterministic_tap (res://V2021VisualRuntimeQa.gd:307)
       [8] _wait_render_stable (res://V2021VisualRuntimeQa.gd:358)
SCRIPT ERROR: Invalid call. Nonexistent function 'style_objective_header' in base 'GDScript'.
   at: _add_objective_header_v152 (res://MainGame.gd:2166)
   GDScript backtrace (most recent call first):
       [0] _add_objective_header_v152 (res://MainGame.gd:2166)
       [1] _rebuild_quests (res://MainGame.gd:2207)
       [2] _refresh_all (res://MainGame.gd:688)
       [3] @shields_setter (res://PlayerData.gd:14)
       [4] _reset_shared_state (res://P0TestHarness.gd:64)
       [5] apply_profile (res://P0TestHarness.gd:33)
       [6] _run_tap_determinism (res://V2021VisualRuntimeQa.gd:222)
       [7] _prepare_deterministic_tap (res://V2021VisualRuntimeQa.gd:307)
       [8] _wait_render_stable (res://V2021VisualRuntimeQa.gd:358)
SCRIPT ERROR: Invalid call. Nonexistent function 'objective_icon_role' in base 'GDScript'.
   at: _rebuild_quests (res://MainGame.gd:2214)
   GDScript backtrace (most recent call first):
       [0] _rebuild_quests (res://MainGame.gd:2214)
       [1] _refresh_all (res://MainGame.gd:688)
       [2] @shields_setter (res://PlayerData.gd:14)
       [3] _reset_shared_state (res://P0TestHarness.gd:64)
       [4] apply_profile (res://P0TestHarness.gd:33)
       [5] _run_tap_determinism (res://V2021VisualRuntimeQa.gd:222)
       [6] _prepare_deterministic_tap (res://V2021VisualRuntimeQa.gd:307)
       [7] _wait_render_stable (res://V2021VisualRuntimeQa.gd:358)
SCRIPT ERROR: Invalid call. Nonexistent function 'refresh_progression_state' in base 'GDScript'.
   at: _refresh_progression_p0 (res://MainGame.gd:2903)
   GDScript backtrace (most recent call first):
       [0] _refresh_progression_p0 (res://MainGame.gd:2903)
       [1] _refresh_all (res://MainGame.gd:696)
       [2] @shields_setter (res://PlayerData.gd:14)
       [3] _reset_shared_state (res://P0TestHarness.gd:64)
       [4] apply_profile (res://P0TestHarness.gd:33)
       [5] _run_tap_determinism (res://V2021VisualRuntimeQa.gd:222)
       [6] _prepare_deterministic_tap (res://V2021VisualRuntimeQa.gd:307)
       [7] _wait_render_stable (res://V2021VisualRuntimeQa.gd:358)
SCRIPT ERROR: Invalid call. Nonexistent function 'refresh_shop_state' in base 'GDScript'.
   at: _refresh_shop_p0 (res://MainGame.gd:2810)
   GDScript backtrace (most recent call first):
       [0] _refresh_shop_p0 (res://MainGame.gd:2810)
       [1] _refresh_all (res://MainGame.gd:697)
       [2] @shields_setter (res://PlayerData.gd:14)
       [3] _reset_shared_state (res://P0TestHarness.gd:64)
       [4] apply_profile (res://P0TestHarness.gd:33)
       [5] _run_tap_determinism (res://V2021VisualRuntimeQa.gd:222)
       [6] _prepare_deterministic_tap (res://V2021VisualRuntimeQa.gd:307)
       [7] _wait_render_stable (res://V2021VisualRuntimeQa.gd:358)
SCRIPT ERROR: Invalid call. Nonexistent function 'refresh_afk_state' in base 'GDScript'.
   at: _refresh_afk_p0 (res://MainGame.gd:2910)
   GDScript backtrace (most recent call first):
       [0] _refresh_afk_p0 (res://MainGame.gd:2910)
       [1] _refresh_all (res://MainGame.gd:698)
       [2] @shields_setter (res://PlayerData.gd:14)
       [3] _reset_shared_state (res://P0TestHarness.gd:64)
       [4] apply_profile (res://P0TestHarness.gd:33)
       [5] _run_tap_determinism (res://V2021VisualRuntimeQa.gd:222)
       [6] _prepare_deterministic_tap (res://V2021VisualRuntimeQa.gd:307)
       [7] _wait_render_stable (res://V2021VisualRuntimeQa.gd:358)
SCRIPT ERROR: Invalid call. Nonexistent function 'refresh_home_loop_state' in base 'GDScript'.
   at: _update_monster_ui (res://MainGame.gd:1219)
   GDScript backtrace (most recent call first):
       [0] _update_monster_ui (res://MainGame.gd:1219)
       [1] _refresh_all (res://MainGame.gd:675)
       [2] _reset_shared_state (res://P0TestHarness.gd:81)
       [3] apply_profile (res://P0TestHarness.gd:33)
       [4] _run_tap_determinism (res://V2021VisualRuntimeQa.gd:222)
       [5] _prepare_deterministic_tap (res://V2021VisualRuntimeQa.gd:307)
       [6] _wait_render_stable (res://V2021VisualRuntimeQa.gd:358)
SCRIPT ERROR: Invalid call. Nonexistent function 'refresh_village_loop_state' in base 'GDScript'.
   at: _refresh_p0_village (res://MainGame.gd:2410)
   GDScript backtrace (most recent call first):
       [0] _refresh_p0_village (res://MainGame.gd:2410)
       [1] _refresh_all (res://MainGame.gd:680)
       [2] _reset_shared_state (res://P0TestHarness.gd:81)
       [3] apply_profile (res://P0TestHarness.gd:33)
       [4] _run_tap_determinism (res://V2021VisualRuntimeQa.gd:222)
       [5] _prepare_deterministic_tap (res://V2021VisualRuntimeQa.gd:307)
       [6] _wait_render_stable (res://V2021VisualRuntimeQa.gd:358)
SCRIPT ERROR: Invalid call. Nonexistent function 'refresh_reward_session_state' in base 'GDScript'.
   at: _refresh_meta_ui (res://MainGame.gd:1004)
   GDScript backtrace (most recent call first):
       [0] _refresh_meta_ui (res://MainGame.gd:1004)
       [1] _refresh_all (res://MainGame.gd:683)
       [2] _reset_shared_state (res://P0TestHarness.gd:81)
       [3] apply_profile (res://P0TestHarness.gd:33)
       [4] _run_tap_determinism (res://V2021VisualRuntimeQa.gd:222)
       [5] _prepare_deterministic_tap (res://V2021VisualRuntimeQa.gd:307)
       [6] _wait_render_stable (res://V2021VisualRuntimeQa.gd:358)
SCRIPT ERROR: Invalid call. Nonexistent function 'style_objective_header' in base 'GDScript'.
   at: _add_objective_header_v152 (res://MainGame.gd:2166)
   GDScript backtrace (most recent call first):
       [0] _add_objective_header_v152 (res://MainGame.gd:2166)
       [1] _rebuild_quests (res://MainGame.gd:2205)
       [2] _refresh_all (res://MainGame.gd:688)
       [3] _reset_shared_state (res://P0TestHarness.gd:81)
       [4] apply_profile (res://P0TestHarness.gd:33)
       [5] _run_tap_determinism (res://V2021VisualRuntimeQa.gd:222)
       [6] _prepare_deterministic_tap (res://V2021VisualRuntimeQa.gd:307)
       [7] _wait_render_stable (res://V2021VisualRuntimeQa.gd:358)
SCRIPT ERROR: Invalid call. Nonexistent function 'objective_icon_role' in base 'GDScript'.
   at: _add_objective_row_v152 (res://MainGame.gd:2181)
   GDScript backtrace (most recent call first):
       [0] _add_objective_row_v152 (res://MainGame.gd:2181)
       [1] _rebuild_quests (res://MainGame.gd:2206)
       [2] _refresh_all (res://MainGame.gd:688)
       [3] _reset_shared_state (res://P0TestHarness.gd:81)
       [4] apply_profile (res://P0TestHarness.gd:33)
       [5] _run_tap_determinism (res://V2021VisualRuntimeQa.gd:222)
       [6] _prepare_deterministic_tap (res://V2021VisualRuntimeQa.gd:307)
       [7] _wait_render_stable (res://V2021VisualRuntimeQa.gd:358)
SCRIPT ERROR: Invalid call. Nonexistent function 'objective_icon_role' in base 'GDScript'.
   at: _add_objective_row_v152 (res://MainGame.gd:2181)
   GDScript backtrace (most recent call first):
       [0] _add_objective_row_v152 (res://MainGame.gd:2181)
       [1] _rebuild_quests (res://MainGame.gd:2206)
       [2] _refresh_all (res://MainGame.gd:688)
       [3] _reset_shared_state (res://P0TestHarness.gd:81)
       [4] apply_profile (res://P0TestHarness.gd:33)
       [5] _run_tap_determinism (res://V2021VisualRuntimeQa.gd:222)
       [6] _prepare_deterministic_tap (res://V2021VisualRuntimeQa.gd:307)
       [7] _wait_render_stable (res://V2021VisualRuntimeQa.gd:358)
SCRIPT ERROR: Invalid call. Nonexistent function 'objective_icon_role' in base 'GDScript'.
   at: _add_objective_row_v152 (res://MainGame.gd:2181)
   GDScript backtrace (most recent call first):
       [0] _add_objective_row_v152 (res://MainGame.gd:2181)
       [1] _rebuild_quests (res://MainGame.gd:2206)
       [2] _refresh_all (res://MainGame.gd:688)
       [3] _reset_shared_state (res://P0TestHarness.gd:81)
       [4] apply_profile (res://P0TestHarness.gd:33)
       [5] _run_tap_determinism (res://V2021VisualRuntimeQa.gd:222)
       [6] _prepare_deterministic_tap (res://V2021VisualRuntimeQa.gd:307)
       [7] _wait_render_stable (res://V2021VisualRuntimeQa.gd:358)
SCRIPT ERROR: Invalid call. Nonexistent function 'style_objective_header' in base 'GDScript'.
   at: _add_objective_header_v152 (res://MainGame.gd:2166)
   GDScript backtrace (most recent call first):
       [0] _add_objective_header_v152 (res://MainGame.gd:2166)
       [1] _rebuild_quests (res://MainGame.gd:2205)
       [2] _refresh_all (res://MainGame.gd:688)
       [3] _reset_shared_state (res://P0TestHarness.gd:81)
       [4] apply_profile (res://P0TestHarness.gd:33)
       [5] _run_tap_determinism (res://V2021VisualRuntimeQa.gd:222)
       [6] _prepare_deterministic_tap (res://V2021VisualRuntimeQa.gd:307)
       [7] _wait_render_stable (res://V2021VisualRuntimeQa.gd:358)
SCRIPT ERROR: Invalid call. Nonexistent function 'objective_icon_role' in base 'GDScript'.
   at: _add_objective_row_v152 (res://MainGame.gd:2181)
   GDScript backtrace (most recent call first):
       [0] _add_objective_row_v152 (res://MainGame.gd:2181)
       [1] _rebuild_quests (res://MainGame.gd:2206)
       [2] _refresh_all (res://MainGame.gd:688)
       [3] _reset_shared_state (res://P0TestHarness.gd:81)
       [4] apply_profile (res://P0TestHarness.gd:33)
       [5] _run_tap_determinism (res://V2021VisualRuntimeQa.gd:222)
       [6] _prepare_deterministic_tap (res://V2021VisualRuntimeQa.gd:307)
       [7] _wait_render_stable (res://V2021VisualRuntimeQa.gd:358)
SCRIPT ERROR: Invalid call. Nonexistent function 'objective_icon_role' in base 'GDScript'.
   at: _add_objective_row_v152 (res://MainGame.gd:2181)
   GDScript backtrace (most recent call first):
       [0] _add_objective_row_v152 (res://MainGame.gd:2181)
       [1] _rebuild_quests (res://MainGame.gd:2206)
       [2] _refresh_all (res://MainGame.gd:688)
       [3] _reset_shared_state (res://P0TestHarness.gd:81)
       [4] apply_profile (res://P0TestHarness.gd:33)
       [5] _run_tap_determinism (res://V2021VisualRuntimeQa.gd:222)
       [6] _prepare_deterministic_tap (res://V2021VisualRuntimeQa.gd:307)
       [7] _wait_render_stable (res://V2021VisualRuntimeQa.gd:358)
SCRIPT ERROR: Invalid call. Nonexistent function 'objective_icon_role' in base 'GDScript'.
   at: _add_objective_row_v152 (res://MainGame.gd:2181)
   GDScript backtrace (most recent call first):
       [0] _add_objective_row_v152 (res://MainGame.gd:2181)
       [1] _rebuild_quests (res://MainGame.gd:2206)
       [2] _refresh_all (res://MainGame.gd:688)
       [3] _reset_shared_state (res://P0TestHarness.gd:81)
       [4] apply_profile (res://P0TestHarness.gd:33)
       [5] _run_tap_determinism (res://V2021VisualRuntimeQa.gd:222)
       [6] _prepare_deterministic_tap (res://V2021VisualRuntimeQa.gd:307)
       [7] _wait_render_stable (res://V2021VisualRuntimeQa.gd:358)
SCRIPT ERROR: Invalid call. Nonexistent function 'style_objective_header' in base 'GDScript'.
   at: _add_objective_header_v152 (res://MainGame.gd:2166)
   GDScript backtrace (most recent call first):
       [0] _add_objective_header_v152 (res://MainGame.gd:2166)
       [1] _rebuild_quests (res://MainGame.gd:2205)
       [2] _refresh_all (res://MainGame.gd:688)
       [3] _reset_shared_state (res://P0TestHarness.gd:81)
       [4] apply_profile (res://P0TestHarness.gd:33)
       [5] _run_tap_determinism (res://V2021VisualRuntimeQa.gd:222)
       [6] _prepare_deterministic_tap (res://V2021VisualRuntimeQa.gd:307)
       [7] _wait_render_stable (res://V2021VisualRuntimeQa.gd:358)
SCRIPT ERROR: Invalid call. Nonexistent function 'objective_icon_role' in base 'GDScript'.
   at: _add_objective_row_v152 (res://MainGame.gd:2181)
   GDScript backtrace (most recent call first):
       [0] _add_objective_row_v152 (res://MainGame.gd:2181)
       [1] _rebuild_quests (res://MainGame.gd:2206)
       [2] _refresh_all (res://MainGame.gd:688)
       [3] _reset_shared_state (res://P0TestHarness.gd:81)
       [4] apply_profile (res://P0TestHarness.gd:33)
       [5] _run_tap_determinism (res://V2021VisualRuntimeQa.gd:222)
       [6] _prepare_deterministic_tap (res://V2021VisualRuntimeQa.gd:307)
       [7] _wait_render_stable (res://V2021VisualRuntimeQa.gd:358)
SCRIPT ERROR: Invalid call. Nonexistent function 'objective_icon_role' in base 'GDScript'.
   at: _add_objective_row_v152 (res://MainGame.gd:2181)
   GDScript backtrace (most recent call first):
       [0] _add_objective_row_v152 (res://MainGame.gd:2181)
       [1] _rebuild_quests (res://MainGame.gd:2206)
       [2] _refresh_all (res://MainGame.gd:688)
       [3] _reset_shared_state (res://P0TestHarness.gd:81)
       [4] apply_profile (res://P0TestHarness.gd:33)
       [5] _run_tap_determinism (res://V2021VisualRuntimeQa.gd:222)
       [6] _prepare_deterministic_tap (res://V2021VisualRuntimeQa.gd:307)
       [7] _wait_render_stable (res://V2021VisualRuntimeQa.gd:358)
SCRIPT ERROR: Invalid call. Nonexistent function 'objective_icon_role' in base 'GDScript'.
   at: _add_objective_row_v152 (res://MainGame.gd:2181)
   GDScript backtrace (most recent call first):
       [0] _add_objective_row_v152 (res://MainGame.gd:2181)
       [1] _rebuild_quests (res://MainGame.gd:2206)
       [2] _refresh_all (res://MainGame.gd:688)
       [3] _reset_shared_state (res://P0TestHarness.gd:81)
       [4] apply_profile (res://P0TestHarness.gd:33)
       [5] _run_tap_determinism (res://V2021VisualRuntimeQa.gd:222)
       [6] _prepare_deterministic_tap (res://V2021VisualRuntimeQa.gd:307)
       [7] _wait_render_stable (res://V2021VisualRuntimeQa.gd:358)
SCRIPT ERROR: Invalid call. Nonexistent function 'objective_icon_role' in base 'GDScript'.
   at: _add_objective_row_v152 (res://MainGame.gd:2181)
   GDScript backtrace (most recent call first):
       [0] _add_objective_row_v152 (res://MainGame.gd:2181)
       [1] _rebuild_quests (res://MainGame.gd:2206)
       [2] _refresh_all (res://MainGame.gd:688)
       [3] _reset_shared_state (res://P0TestHarness.gd:81)
       [4] apply_profile (res://P0TestHarness.gd:33)
       [5] _run_tap_determinism (res://V2021VisualRuntimeQa.gd:222)
       [6] _prepare_deterministic_tap (res://V2021VisualRuntimeQa.gd:307)
       [7] _wait_render_stable (res://V2021VisualRuntimeQa.gd:358)
SCRIPT ERROR: Invalid call. Nonexistent function 'objective_icon_role' in base 'GDScript'.
   at: _add_objective_row_v152 (res://MainGame.gd:2181)
   GDScript backtrace (most recent call first):
       [0] _add_objective_row_v152 (res://MainGame.gd:2181)
       [1] _rebuild_quests (res://MainGame.gd:2206)
       [2] _refresh_all (res://MainGame.gd:688)
       [3] _reset_shared_state (res://P0TestHarness.gd:81)
       [4] apply_profile (res://P0TestHarness.gd:33)
       [5] _run_tap_determinism (res://V2021VisualRuntimeQa.gd:222)
       [6] _prepare_deterministic_tap (res://V2021VisualRuntimeQa.gd:307)
       [7] _wait_render_stable (res://V2021VisualRuntimeQa.gd:358)
SCRIPT ERROR: Invalid call. Nonexistent function 'style_objective_header' in base 'GDScript'.
   at: _add_objective_header_v152 (res://MainGame.gd:2166)
   GDScript backtrace (most recent call first):
       [0] _add_objective_header_v152 (res://MainGame.gd:2166)
       [1] _rebuild_quests (res://MainGame.gd:2207)
       [2] _refresh_all (res://MainGame.gd:688)
       [3] _reset_shared_state (res://P0TestHarness.gd:81)
       [4] apply_profile (res://P0TestHarness.gd:33)
       [5] _run_tap_determinism (res://V2021VisualRuntimeQa.gd:222)
       [6] _prepare_deterministic_tap (res://V2021VisualRuntimeQa.gd:307)
       [7] _wait_render_stable (res://V2021VisualRuntimeQa.gd:358)
SCRIPT ERROR: Invalid call. Nonexistent function 'objective_icon_role' in base 'GDScript'.
   at: _rebuild_quests (res://MainGame.gd:2214)
   GDScript backtrace (most recent call first):
       [0] _rebuild_quests (res://MainGame.gd:2214)
       [1] _refresh_all (res://MainGame.gd:688)
       [2] _reset_shared_state (res://P0TestHarness.gd:81)
       [3] apply_profile (res://P0TestHarness.gd:33)
       [4] _run_tap_determinism (res://V2021VisualRuntimeQa.gd:222)
       [5] _prepare_deterministic_tap (res://V2021VisualRuntimeQa.gd:307)
       [6] _wait_render_stable (res://V2021VisualRuntimeQa.gd:358)
SCRIPT ERROR: Invalid call. Nonexistent function 'refresh_progression_state' in base 'GDScript'.
   at: _refresh_progression_p0 (res://MainGame.gd:2903)
   GDScript backtrace (most recent call first):
       [0] _refresh_progression_p0 (res://MainGame.gd:2903)
       [1] _refresh_all (res://MainGame.gd:696)
       [2] _reset_shared_state (res://P0TestHarness.gd:81)
       [3] apply_profile (res://P0TestHarness.gd:33)
       [4] _run_tap_determinism (res://V2021VisualRuntimeQa.gd:222)
       [5] _prepare_deterministic_tap (res://V2021VisualRuntimeQa.gd:307)
       [6] _wait_render_stable (res://V2021VisualRuntimeQa.gd:358)
SCRIPT ERROR: Invalid call. Nonexistent function 'refresh_shop_state' in base 'GDScript'.
   at: _refresh_shop_p0 (res://MainGame.gd:2810)
   GDScript backtrace (most recent call first):
       [0] _refresh_shop_p0 (res://MainGame.gd:2810)
       [1] _refresh_all (res://MainGame.gd:697)
       [2] _reset_shared_state (res://P0TestHarness.gd:81)
       [3] apply_profile (res://P0TestHarness.gd:33)
       [4] _run_tap_determinism (res://V2021VisualRuntimeQa.gd:222)
       [5] _prepare_deterministic_tap (res://V2021VisualRuntimeQa.gd:307)
       [6] _wait_render_stable (res://V2021VisualRuntimeQa.gd:358)
SCRIPT ERROR: Invalid call. Nonexistent function 'refresh_afk_state' in base 'GDScript'.
   at: _refresh_afk_p0 (res://MainGame.gd:2910)
   GDScript backtrace (most recent call first):
       [0] _refresh_afk_p0 (res://MainGame.gd:2910)
       [1] _refresh_all (res://MainGame.gd:698)
       [2] _reset_shared_state (res://P0TestHarness.gd:81)
       [3] apply_profile (res://P0TestHarness.gd:33)
       [4] _run_tap_determinism (res://V2021VisualRuntimeQa.gd:222)
       [5] _prepare_deterministic_tap (res://V2021VisualRuntimeQa.gd:307)
       [6] _wait_render_stable (res://V2021VisualRuntimeQa.gd:358)
SCRIPT ERROR: Invalid call. Nonexistent function 'refresh_home_loop_state' in base 'GDScript'.
   at: _update_monster_ui (res://MainGame.gd:1219)
   GDScript backtrace (most recent call first):
       [0] _update_monster_ui (res://MainGame.gd:1219)
       [1] _reset_shared_state (res://P0TestHarness.gd:82)
       [2] apply_profile (res://P0TestHarness.gd:33)
       [3] _run_tap_determinism (res://V2021VisualRuntimeQa.gd:222)
       [4] _prepare_deterministic_tap (res://V2021VisualRuntimeQa.gd:307)
       [5] _wait_render_stable (res://V2021VisualRuntimeQa.gd:358)
SCRIPT ERROR: Invalid call. Nonexistent function 'refresh_home_loop_state' in base 'GDScript'.
   at: _update_monster_ui (res://MainGame.gd:1219)
   GDScript backtrace (most recent call first):
       [0] _update_monster_ui (res://MainGame.gd:1219)
       [1] _refresh_all (res://MainGame.gd:675)
       [2] _reset_shared_state (res://P0TestHarness.gd:83)
       [3] apply_profile (res://P0TestHarness.gd:33)
       [4] _run_tap_determinism (res://V2021VisualRuntimeQa.gd:222)
       [5] _prepare_deterministic_tap (res://V2021VisualRuntimeQa.gd:307)
       [6] _wait_render_stable (res://V2021VisualRuntimeQa.gd:358)
SCRIPT ERROR: Invalid call. Nonexistent function 'refresh_village_loop_state' in base 'GDScript'.
   at: _refresh_p0_village (res://MainGame.gd:2410)
   GDScript backtrace (most recent call first):
       [0] _refresh_p0_village (res://MainGame.gd:2410)
       [1] _refresh_all (res://MainGame.gd:680)
       [2] _reset_shared_state (res://P0TestHarness.gd:83)
       [3] apply_profile (res://P0TestHarness.gd:33)
       [4] _run_tap_determinism (res://V2021VisualRuntimeQa.gd:222)
       [5] _prepare_deterministic_tap (res://V2021VisualRuntimeQa.gd:307)
       [6] _wait_render_stable (res://V2021VisualRuntimeQa.gd:358)
SCRIPT ERROR: Invalid call. Nonexistent function 'refresh_reward_session_state' in base 'GDScript'.
   at: _refresh_meta_ui (res://MainGame.gd:1004)
   GDScript backtrace (most recent call first):
       [0] _refresh_meta_ui (res://MainGame.gd:1004)
       [1] _refresh_all (res://MainGame.gd:683)
       [2] _reset_shared_state (res://P0TestHarness.gd:83)
       [3] apply_profile (res://P0TestHarness.gd:33)
       [4] _run_tap_determinism (res://V2021VisualRuntimeQa.gd:222)
       [5] _prepare_deterministic_tap (res://V2021VisualRuntimeQa.gd:307)
       [6] _wait_render_stable (res://V2021VisualRuntimeQa.gd:358)
SCRIPT ERROR: Invalid call. Nonexistent function 'style_objective_header' in base 'GDScript'.
   at: _add_objective_header_v152 (res://MainGame.gd:2166)
   GDScript backtrace (most recent call first):
       [0] _add_objective_header_v152 (res://MainGame.gd:2166)
       [1] _rebuild_quests (res://MainGame.gd:2205)
       [2] _refresh_all (res://MainGame.gd:688)
       [3] _reset_shared_state (res://P0TestHarness.gd:83)
       [4] apply_profile (res://P0TestHarness.gd:33)
       [5] _run_tap_determinism (res://V2021VisualRuntimeQa.gd:222)
       [6] _prepare_deterministic_tap (res://V2021VisualRuntimeQa.gd:307)
       [7] _wait_render_stable (res://V2021VisualRuntimeQa.gd:358)
SCRIPT ERROR: Invalid call. Nonexistent function 'objective_icon_role' in base 'GDScript'.
   at: _add_objective_row_v152 (res://MainGame.gd:2181)
   GDScript backtrace (most recent call first):
       [0] _add_objective_row_v152 (res://MainGame.gd:2181)
       [1] _rebuild_quests (res://MainGame.gd:2206)
       [2] _refresh_all (res://MainGame.gd:688)
       [3] _reset_shared_state (res://P0TestHarness.gd:83)
       [4] apply_profile (res://P0TestHarness.gd:33)
       [5] _run_tap_determinism (res://V2021VisualRuntimeQa.gd:222)
       [6] _prepare_deterministic_tap (res://V2021VisualRuntimeQa.gd:307)
       [7] _wait_render_stable (res://V2021VisualRuntimeQa.gd:358)
SCRIPT ERROR: Invalid call. Nonexistent function 'objective_icon_role' in base 'GDScript'.
   at: _add_objective_row_v152 (res://MainGame.gd:2181)
   GDScript backtrace (most recent call first):
       [0] _add_objective_row_v152 (res://MainGame.gd:2181)
       [1] _rebuild_quests (res://MainGame.gd:2206)
       [2] _refresh_all (res://MainGame.gd:688)
       [3] _reset_shared_state (res://P0TestHarness.gd:83)
       [4] apply_profile (res://P0TestHarness.gd:33)
       [5] _run_tap_determinism (res://V2021VisualRuntimeQa.gd:222)
       [6] _prepare_deterministic_tap (res://V2021VisualRuntimeQa.gd:307)
       [7] _wait_render_stable (res://V2021VisualRuntimeQa.gd:358)
SCRIPT ERROR: Invalid call. Nonexistent function 'objective_icon_role' in base 'GDScript'.
   at: _add_objective_row_v152 (res://MainGame.gd:2181)
   GDScript backtrace (most recent call first):
       [0] _add_objective_row_v152 (res://MainGame.gd:2181)
       [1] _rebuild_quests (res://MainGame.gd:2206)
       [2] _refresh_all (res://MainGame.gd:688)
       [3] _reset_shared_state (res://P0TestHarness.gd:83)
       [4] apply_profile (res://P0TestHarness.gd:33)
       [5] _run_tap_determinism (res://V2021VisualRuntimeQa.gd:222)
       [6] _prepare_deterministic_tap (res://V2021VisualRuntimeQa.gd:307)
       [7] _wait_render_stable (res://V2021VisualRuntimeQa.gd:358)
SCRIPT ERROR: Invalid call. Nonexistent function 'style_objective_header' in base 'GDScript'.
   at: _add_objective_header_v152 (res://MainGame.gd:2166)
   GDScript backtrace (most recent call first):
       [0] _add_objective_header_v152 (res://MainGame.gd:2166)
       [1] _rebuild_quests (res://MainGame.gd:2205)
       [2] _refresh_all (res://MainGame.gd:688)
       [3] _reset_shared_state (res://P0TestHarness.gd:83)
       [4] apply_profile (res://P0TestHarness.gd:33)
       [5] _run_tap_determinism (res://V2021VisualRuntimeQa.gd:222)
       [6] _prepare_deterministic_tap (res://V2021VisualRuntimeQa.gd:307)
       [7] _wait_render_stable (res://V2021VisualRuntimeQa.gd:358)
SCRIPT ERROR: Invalid call. Nonexistent function 'objective_icon_role' in base 'GDScript'.
   at: _add_objective_row_v152 (res://MainGame.gd:2181)
   GDScript backtrace (most recent call first):
       [0] _add_objective_row_v152 (res://MainGame.gd:2181)
       [1] _rebuild_quests (res://MainGame.gd:2206)
       [2] _refresh_all (res://MainGame.gd:688)
       [3] _reset_shared_state (res://P0TestHarness.gd:83)
       [4] apply_profile (res://P0TestHarness.gd:33)
       [5] _run_tap_determinism (res://V2021VisualRuntimeQa.gd:222)
       [6] _prepare_deterministic_tap (res://V2021VisualRuntimeQa.gd:307)
       [7] _wait_render_stable (res://V2021VisualRuntimeQa.gd:358)
SCRIPT ERROR: Invalid call. Nonexistent function 'objective_icon_role' in base 'GDScript'.
   at: _add_objective_row_v152 (res://MainGame.gd:2181)
   GDScript backtrace (most recent call first):
       [0] _add_objective_row_v152 (res://MainGame.gd:2181)
       [1] _rebuild_quests (res://MainGame.gd:2206)
       [2] _refresh_all (res://MainGame.gd:688)
       [3] _reset_shared_state (res://P0TestHarness.gd:83)
       [4] apply_profile (res://P0TestHarness.gd:33)
       [5] _run_tap_determinism (res://V2021VisualRuntimeQa.gd:222)
       [6] _prepare_deterministic_tap (res://V2021VisualRuntimeQa.gd:307)
       [7] _wait_render_stable (res://V2021VisualRuntimeQa.gd:358)
SCRIPT ERROR: Invalid call. Nonexistent function 'objective_icon_role' in base 'GDScript'.
   at: _add_objective_row_v152 (res://MainGame.gd:2181)
   GDScript backtrace (most recent call first):
       [0] _add_objective_row_v152 (res://MainGame.gd:2181)
       [1] _rebuild_quests (res://MainGame.gd:2206)
       [2] _refresh_all (res://MainGame.gd:688)
       [3] _reset_shared_state (res://P0TestHarness.gd:83)
       [4] apply_profile (res://P0TestHarness.gd:33)
       [5] _run_tap_determinism (res://V2021VisualRuntimeQa.gd:222)
       [6] _prepare_deterministic_tap (res://V2021VisualRuntimeQa.gd:307)
       [7] _wait_render_stable (res://V2021VisualRuntimeQa.gd:358)
SCRIPT ERROR: Invalid call. Nonexistent function 'style_objective_header' in base 'GDScript'.
   at: _add_objective_header_v152 (res://MainGame.gd:2166)
   GDScript backtrace (most recent call first):
       [0] _add_objective_header_v152 (res://MainGame.gd:2166)
       [1] _rebuild_quests (res://MainGame.gd:2205)
       [2] _refresh_all (res://MainGame.gd:688)
       [3] _reset_shared_state (res://P0TestHarness.gd:83)
       [4] apply_profile (res://P0TestHarness.gd:33)
       [5] _run_tap_determinism (res://V2021VisualRuntimeQa.gd:222)
       [6] _prepare_deterministic_tap (res://V2021VisualRuntimeQa.gd:307)
       [7] _wait_render_stable (res://V2021VisualRuntimeQa.gd:358)
SCRIPT ERROR: Invalid call. Nonexistent function 'objective_icon_role' in base 'GDScript'.
   at: _add_objective_row_v152 (res://MainGame.gd:2181)
   GDScript backtrace (most recent call first):
       [0] _add_objective_row_v152 (res://MainGame.gd:2181)
       [1] _rebuild_quests (res://MainGame.gd:2206)
       [2] _refresh_all (res://MainGame.gd:688)
       [3] _reset_shared_state (res://P0TestHarness.gd:83)
       [4] apply_profile (res://P0TestHarness.gd:33)
       [5] _run_tap_determinism (res://V2021VisualRuntimeQa.gd:222)
       [6] _prepare_deterministic_tap (res://V2021VisualRuntimeQa.gd:307)
       [7] _wait_render_stable (res://V2021VisualRuntimeQa.gd:358)
SCRIPT ERROR: Invalid call. Nonexistent function 'objective_icon_role' in base 'GDScript'.
   at: _add_objective_row_v152 (res://MainGame.gd:2181)
   GDScript backtrace (most recent call first):
       [0] _add_objective_row_v152 (res://MainGame.gd:2181)
       [1] _rebuild_quests (res://MainGame.gd:2206)
       [2] _refresh_all (res://MainGame.gd:688)
       [3] _reset_shared_state (res://P0TestHarness.gd:83)
       [4] apply_profile (res://P0TestHarness.gd:33)
       [5] _run_tap_determinism (res://V2021VisualRuntimeQa.gd:222)
       [6] _prepare_deterministic_tap (res://V2021VisualRuntimeQa.gd:307)
       [7] _wait_render_stable (res://V2021VisualRuntimeQa.gd:358)
SCRIPT ERROR: Invalid call. Nonexistent function 'objective_icon_role' in base 'GDScript'.
   at: _add_objective_row_v152 (res://MainGame.gd:2181)
   GDScript backtrace (most recent call first):
       [0] _add_objective_row_v152 (res://MainGame.gd:2181)
       [1] _rebuild_quests (res://MainGame.gd:2206)
       [2] _refresh_all (res://MainGame.gd:688)
       [3] _reset_shared_state (res://P0TestHarness.gd:83)
       [4] apply_profile (res://P0TestHarness.gd:33)
       [5] _run_tap_determinism (res://V2021VisualRuntimeQa.gd:222)
       [6] _prepare_deterministic_tap (res://V2021VisualRuntimeQa.gd:307)
       [7] _wait_render_stable (res://V2021VisualRuntimeQa.gd:358)
SCRIPT ERROR: Invalid call. Nonexistent function 'objective_icon_role' in base 'GDScript'.
   at: _add_objective_row_v152 (res://MainGame.gd:2181)
   GDScript backtrace (most recent call first):
       [0] _add_objective_row_v152 (res://MainGame.gd:2181)
       [1] _rebuild_quests (res://MainGame.gd:2206)
       [2] _refresh_all (res://MainGame.gd:688)
       [3] _reset_shared_state (res://P0TestHarness.gd:83)
       [4] apply_profile (res://P0TestHarness.gd:33)
       [5] _run_tap_determinism (res://V2021VisualRuntimeQa.gd:222)
       [6] _prepare_deterministic_tap (res://V2021VisualRuntimeQa.gd:307)
       [7] _wait_render_stable (res://V2021VisualRuntimeQa.gd:358)
SCRIPT ERROR: Invalid call. Nonexistent function 'objective_icon_role' in base 'GDScript'.
   at: _add_objective_row_v152 (res://MainGame.gd:2181)
   GDScript backtrace (most recent call first):
       [0] _add_objective_row_v152 (res://MainGame.gd:2181)
       [1] _rebuild_quests (res://MainGame.gd:2206)
       [2] _refresh_all (res://MainGame.gd:688)
       [3] _reset_shared_state (res://P0TestHarness.gd:83)
       [4] apply_profile (res://P0TestHarness.gd:33)
       [5] _run_tap_determinism (res://V2021VisualRuntimeQa.gd:222)
       [6] _prepare_deterministic_tap (res://V2021VisualRuntimeQa.gd:307)
       [7] _wait_render_stable (res://V2021VisualRuntimeQa.gd:358)
SCRIPT ERROR: Invalid call. Nonexistent function 'style_objective_header' in base 'GDScript'.
   at: _add_objective_header_v152 (res://MainGame.gd:2166)
   GDScript backtrace (most recent call first):
       [0] _add_objective_header_v152 (res://MainGame.gd:2166)
       [1] _rebuild_quests (res://MainGame.gd:2207)
       [2] _refresh_all (res://MainGame.gd:688)
       [3] _reset_shared_state (res://P0TestHarness.gd:83)
       [4] apply_profile (res://P0TestHarness.gd:33)
       [5] _run_tap_determinism (res://V2021VisualRuntimeQa.gd:222)
       [6] _prepare_deterministic_tap (res://V2021VisualRuntimeQa.gd:307)
       [7] _wait_render_stable (res://V2021VisualRuntimeQa.gd:358)
SCRIPT ERROR: Invalid call. Nonexistent function 'objective_icon_role' in base 'GDScript'.
   at: _rebuild_quests (res://MainGame.gd:2214)
   GDScript backtrace (most recent call first):
       [0] _rebuild_quests (res://MainGame.gd:2214)
       [1] _refresh_all (res://MainGame.gd:688)
       [2] _reset_shared_state (res://P0TestHarness.gd:83)
       [3] apply_profile (res://P0TestHarness.gd:33)
       [4] _run_tap_determinism (res://V2021VisualRuntimeQa.gd:222)
       [5] _prepare_deterministic_tap (res://V2021VisualRuntimeQa.gd:307)
       [6] _wait_render_stable (res://V2021VisualRuntimeQa.gd:358)
SCRIPT ERROR: Invalid call. Nonexistent function 'refresh_progression_state' in base 'GDScript'.
   at: _refresh_progression_p0 (res://MainGame.gd:2903)
   GDScript backtrace (most recent call first):
       [0] _refresh_progression_p0 (res://MainGame.gd:2903)
       [1] _refresh_all (res://MainGame.gd:696)
       [2] _reset_shared_state (res://P0TestHarness.gd:83)
       [3] apply_profile (res://P0TestHarness.gd:33)
       [4] _run_tap_determinism (res://V2021VisualRuntimeQa.gd:222)
       [5] _prepare_deterministic_tap (res://V2021VisualRuntimeQa.gd:307)
       [6] _wait_render_stable (res://V2021VisualRuntimeQa.gd:358)
SCRIPT ERROR: Invalid call. Nonexistent function 'refresh_shop_state' in base 'GDScript'.
   at: _refresh_shop_p0 (res://MainGame.gd:2810)
   GDScript backtrace (most recent call first):
       [0] _refresh_shop_p0 (res://MainGame.gd:2810)
       [1] _refresh_all (res://MainGame.gd:697)
       [2] _reset_shared_state (res://P0TestHarness.gd:83)
       [3] apply_profile (res://P0TestHarness.gd:33)
       [4] _run_tap_determinism (res://V2021VisualRuntimeQa.gd:222)
       [5] _prepare_deterministic_tap (res://V2021VisualRuntimeQa.gd:307)
       [6] _wait_render_stable (res://V2021VisualRuntimeQa.gd:358)
SCRIPT ERROR: Invalid call. Nonexistent function 'refresh_afk_state' in base 'GDScript'.
   at: _refresh_afk_p0 (res://MainGame.gd:2910)
   GDScript backtrace (most recent call first):
       [0] _refresh_afk_p0 (res://MainGame.gd:2910)
       [1] _refresh_all (res://MainGame.gd:698)
       [2] _reset_shared_state (res://P0TestHarness.gd:83)
       [3] apply_profile (res://P0TestHarness.gd:33)
       [4] _run_tap_determinism (res://V2021VisualRuntimeQa.gd:222)
       [5] _prepare_deterministic_tap (res://V2021VisualRuntimeQa.gd:307)
       [6] _wait_render_stable (res://V2021VisualRuntimeQa.gd:358)
SCRIPT ERROR: Invalid call. Nonexistent function 'refresh_village_loop_state' in base 'GDScript'.
   at: _refresh_p0_village (res://MainGame.gd:2410)
   GDScript backtrace (most recent call first):
       [0] _refresh_p0_village (res://MainGame.gd:2410)
       [1] _reset_shared_state (res://P0TestHarness.gd:84)
       [2] apply_profile (res://P0TestHarness.gd:33)
       [3] _run_tap_determinism (res://V2021VisualRuntimeQa.gd:222)
       [4] _prepare_deterministic_tap (res://V2021VisualRuntimeQa.gd:307)
       [5] _wait_render_stable (res://V2021VisualRuntimeQa.gd:358)
[CORE_ANALYTICS] {"event":"test_profile_applied","payload":{"profile":"fresh"},"time_unix":1789104317.675}
[CORE_ANALYTICS] {"event":"game_start","payload":{},"time_unix":1789104317.807}
SCRIPT ERROR: Invalid call. Nonexistent function 'refresh_home_loop_state' in base 'GDScript'.
   at: _update_monster_ui (res://MainGame.gd:1219)
   GDScript backtrace (most recent call first):
       [0] _update_monster_ui (res://MainGame.gd:1219)
       [1] _refresh_all (res://MainGame.gd:675)
       [2] @shields_setter (res://PlayerData.gd:14)
       [3] apply_save_data (res://PlayerData.gd:150)
       [4] load_game (res://SaveGame.gd:150)
       [5] _ready (res://MainGame.gd:515)
SCRIPT ERROR: Invalid call. Nonexistent function 'refresh_village_loop_state' in base 'GDScript'.
   at: _refresh_p0_village (res://MainGame.gd:2410)
   GDScript backtrace (most recent call first):
       [0] _refresh_p0_village (res://MainGame.gd:2410)
       [1] _refresh_all (res://MainGame.gd:680)
       [2] @shields_setter (res://PlayerData.gd:14)
       [3] apply_save_data (res://PlayerData.gd:150)
       [4] load_game (res://SaveGame.gd:150)
       [5] _ready (res://MainGame.gd:515)
SCRIPT ERROR: Invalid call. Nonexistent function 'refresh_reward_session_state' in base 'GDScript'.
   at: _refresh_meta_ui (res://MainGame.gd:1004)
   GDScript backtrace (most recent call first):
       [0] _refresh_meta_ui (res://MainGame.gd:1004)
       [1] _refresh_all (res://MainGame.gd:683)
       [2] @shields_setter (res://PlayerData.gd:14)
       [3] apply_save_data (res://PlayerData.gd:150)
       [4] load_game (res://SaveGame.gd:150)
       [5] _ready (res://MainGame.gd:515)
SCRIPT ERROR: Invalid call. Nonexistent function 'style_objective_header' in base 'GDScript'.
   at: _add_objective_header_v152 (res://MainGame.gd:2166)
   GDScript backtrace (most recent call first):
       [0] _add_objective_header_v152 (res://MainGame.gd:2166)
       [1] _rebuild_quests (res://MainGame.gd:2205)
       [2] _refresh_all (res://MainGame.gd:688)
       [3] @shields_setter (res://PlayerData.gd:14)
       [4] apply_save_data (res://PlayerData.gd:150)
       [5] load_game (res://SaveGame.gd:150)
       [6] _ready (res://MainGame.gd:515)
SCRIPT ERROR: Invalid call. Nonexistent function 'objective_icon_role' in base 'GDScript'.
   at: _add_objective_row_v152 (res://MainGame.gd:2181)
   GDScript backtrace (most recent call first):
       [0] _add_objective_row_v152 (res://MainGame.gd:2181)
       [1] _rebuild_quests (res://MainGame.gd:2206)
       [2] _refresh_all (res://MainGame.gd:688)
       [3] @shields_setter (res://PlayerData.gd:14)
       [4] apply_save_data (res://PlayerData.gd:150)
       [5] load_game (res://SaveGame.gd:150)
       [6] _ready (res://MainGame.gd:515)
SCRIPT ERROR: Invalid call. Nonexistent function 'objective_icon_role' in base 'GDScript'.
   at: _add_objective_row_v152 (res://MainGame.gd:2181)
   GDScript backtrace (most recent call first):
       [0] _add_objective_row_v152 (res://MainGame.gd:2181)
       [1] _rebuild_quests (res://MainGame.gd:2206)
       [2] _refresh_all (res://MainGame.gd:688)
       [3] @shields_setter (res://PlayerData.gd:14)
       [4] apply_save_data (res://PlayerData.gd:150)
       [5] load_game (res://SaveGame.gd:150)
       [6] _ready (res://MainGame.gd:515)
SCRIPT ERROR: Invalid call. Nonexistent function 'objective_icon_role' in base 'GDScript'.
   at: _add_objective_row_v152 (res://MainGame.gd:2181)
   GDScript backtrace (most recent call first):
       [0] _add_objective_row_v152 (res://MainGame.gd:2181)
       [1] _rebuild_quests (res://MainGame.gd:2206)
       [2] _refresh_all (res://MainGame.gd:688)
       [3] @shields_setter (res://PlayerData.gd:14)
       [4] apply_save_data (res://PlayerData.gd:150)
       [5] load_game (res://SaveGame.gd:150)
       [6] _ready (res://MainGame.gd:515)
SCRIPT ERROR: Invalid call. Nonexistent function 'style_objective_header' in base 'GDScript'.
   at: _add_objective_header_v152 (res://MainGame.gd:2166)
   GDScript backtrace (most recent call first):
       [0] _add_objective_header_v152 (res://MainGame.gd:2166)
       [1] _rebuild_quests (res://MainGame.gd:2205)
       [2] _refresh_all (res://MainGame.gd:688)
       [3] @shields_setter (res://PlayerData.gd:14)
       [4] apply_save_data (res://PlayerData.gd:150)
       [5] load_game (res://SaveGame.gd:150)
       [6] _ready (res://MainGame.gd:515)
SCRIPT ERROR: Invalid call. Nonexistent function 'objective_icon_role' in base 'GDScript'.
   at: _add_objective_row_v152 (res://MainGame.gd:2181)
   GDScript backtrace (most recent call first):
       [0] _add_objective_row_v152 (res://MainGame.gd:2181)
       [1] _rebuild_quests (res://MainGame.gd:2206)
       [2] _refresh_all (res://MainGame.gd:688)
       [3] @shields_setter (res://PlayerData.gd:14)
       [4] apply_save_data (res://PlayerData.gd:150)
       [5] load_game (res://SaveGame.gd:150)
       [6] _ready (res://MainGame.gd:515)
SCRIPT ERROR: Invalid call. Nonexistent function 'objective_icon_role' in base 'GDScript'.
   at: _add_objective_row_v152 (res://MainGame.gd:2181)
   GDScript backtrace (most recent call first):
       [0] _add_objective_row_v152 (res://MainGame.gd:2181)
       [1] _rebuild_quests (res://MainGame.gd:2206)
       [2] _refresh_all (res://MainGame.gd:688)
       [3] @shields_setter (res://PlayerData.gd:14)
       [4] apply_save_data (res://PlayerData.gd:150)
       [5] load_game (res://SaveGame.gd:150)
       [6] _ready (res://MainGame.gd:515)
SCRIPT ERROR: Invalid call. Nonexistent function 'objective_icon_role' in base 'GDScript'.
   at: _add_objective_row_v152 (res://MainGame.gd:2181)
   GDScript backtrace (most recent call first):
       [0] _add_objective_row_v152 (res://MainGame.gd:2181)
       [1] _rebuild_quests (res://MainGame.gd:2206)
       [2] _refresh_all (res://MainGame.gd:688)
       [3] @shields_setter (res://PlayerData.gd:14)
       [4] apply_save_data (res://PlayerData.gd:150)
       [5] load_game (res://SaveGame.gd:150)
       [6] _ready (res://MainGame.gd:515)
SCRIPT ERROR: Invalid call. Nonexistent function 'style_objective_header' in base 'GDScript'.
   at: _add_objective_header_v152 (res://MainGame.gd:2166)
   GDScript backtrace (most recent call first):
       [0] _add_objective_header_v152 (res://MainGame.gd:2166)
       [1] _rebuild_quests (res://MainGame.gd:2205)
       [2] _refresh_all (res://MainGame.gd:688)
       [3] @shields_setter (res://PlayerData.gd:14)
       [4] apply_save_data (res://PlayerData.gd:150)
       [5] load_game (res://SaveGame.gd:150)
       [6] _ready (res://MainGame.gd:515)
SCRIPT ERROR: Invalid call. Nonexistent function 'objective_icon_role' in base 'GDScript'.
   at: _add_objective_row_v152 (res://MainGame.gd:2181)
   GDScript backtrace (most recent call first):
       [0] _add_objective_row_v152 (res://MainGame.gd:2181)
       [1] _rebuild_quests (res://MainGame.gd:2206)
       [2] _refresh_all (res://MainGame.gd:688)
       [3] @shields_setter (res://PlayerData.gd:14)
       [4] apply_save_data (res://PlayerData.gd:150)
       [5] load_game (res://SaveGame.gd:150)
       [6] _ready (res://MainGame.gd:515)
SCRIPT ERROR: Invalid call. Nonexistent function 'objective_icon_role' in base 'GDScript'.
   at: _add_objective_row_v152 (res://MainGame.gd:2181)
   GDScript backtrace (most recent call first):
       [0] _add_objective_row_v152 (res://MainGame.gd:2181)
       [1] _rebuild_quests (res://MainGame.gd:2206)
       [2] _refresh_all (res://MainGame.gd:688)
       [3] @shields_setter (res://PlayerData.gd:14)
       [4] apply_save_data (res://PlayerData.gd:150)
       [5] load_game (res://SaveGame.gd:150)
       [6] _ready (res://MainGame.gd:515)
SCRIPT ERROR: Invalid call. Nonexistent function 'objective_icon_role' in base 'GDScript'.
   at: _add_objective_row_v152 (res://MainGame.gd:2181)
   GDScript backtrace (most recent call first):
       [0] _add_objective_row_v152 (res://MainGame.gd:2181)
       [1] _rebuild_quests (res://MainGame.gd:2206)
       [2] _refresh_all (res://MainGame.gd:688)
       [3] @shields_setter (res://PlayerData.gd:14)
       [4] apply_save_data (res://PlayerData.gd:150)
       [5] load_game (res://SaveGame.gd:150)
       [6] _ready (res://MainGame.gd:515)
SCRIPT ERROR: Invalid call. Nonexistent function 'objective_icon_role' in base 'GDScript'.
   at: _add_objective_row_v152 (res://MainGame.gd:2181)
   GDScript backtrace (most recent call first):
       [0] _add_objective_row_v152 (res://MainGame.gd:2181)
       [1] _rebuild_quests (res://MainGame.gd:2206)
       [2] _refresh_all (res://MainGame.gd:688)
       [3] @shields_setter (res://PlayerData.gd:14)
       [4] apply_save_data (res://PlayerData.gd:150)
       [5] load_game (res://SaveGame.gd:150)
       [6] _ready (res://MainGame.gd:515)
SCRIPT ERROR: Invalid call. Nonexistent function 'objective_icon_role' in base 'GDScript'.
   at: _add_objective_row_v152 (res://MainGame.gd:2181)
   GDScript backtrace (most recent call first):
       [0] _add_objective_row_v152 (res://MainGame.gd:2181)
       [1] _rebuild_quests (res://MainGame.gd:2206)
       [2] _refresh_all (res://MainGame.gd:688)
       [3] @shields_setter (res://PlayerData.gd:14)
       [4] apply_save_data (res://PlayerData.gd:150)
       [5] load_game (res://SaveGame.gd:150)
       [6] _ready (res://MainGame.gd:515)
SCRIPT ERROR: Invalid call. Nonexistent function 'style_objective_header' in base 'GDScript'.
   at: _add_objective_header_v152 (res://MainGame.gd:2166)
   GDScript backtrace (most recent call first):
       [0] _add_objective_header_v152 (res://MainGame.gd:2166)
       [1] _rebuild_quests (res://MainGame.gd:2207)
       [2] _refresh_all (res://MainGame.gd:688)
       [3] @shields_setter (res://PlayerData.gd:14)
       [4] apply_save_data (res://PlayerData.gd:150)
       [5] load_game (res://SaveGame.gd:150)
       [6] _ready (res://MainGame.gd:515)
SCRIPT ERROR: Invalid call. Nonexistent function 'objective_icon_role' in base 'GDScript'.
   at: _rebuild_quests (res://MainGame.gd:2214)
   GDScript backtrace (most recent call first):
       [0] _rebuild_quests (res://MainGame.gd:2214)
       [1] _refresh_all (res://MainGame.gd:688)
       [2] @shields_setter (res://PlayerData.gd:14)
       [3] apply_save_data (res://PlayerData.gd:150)
       [4] load_game (res://SaveGame.gd:150)
       [5] _ready (res://MainGame.gd:515)
SCRIPT ERROR: Invalid call. Nonexistent function 'refresh_progression_state' in base 'GDScript'.
   at: _refresh_progression_p0 (res://MainGame.gd:2903)
   GDScript backtrace (most recent call first):
       [0] _refresh_progression_p0 (res://MainGame.gd:2903)
       [1] _refresh_all (res://MainGame.gd:696)
       [2] @shields_setter (res://PlayerData.gd:14)
       [3] apply_save_data (res://PlayerData.gd:150)
       [4] load_game (res://SaveGame.gd:150)
       [5] _ready (res://MainGame.gd:515)
SCRIPT ERROR: Invalid call. Nonexistent function 'refresh_shop_state' in base 'GDScript'.
   at: _refresh_shop_p0 (res://MainGame.gd:2810)
   GDScript backtrace (most recent call first):
       [0] _refresh_shop_p0 (res://MainGame.gd:2810)
       [1] _refresh_all (res://MainGame.gd:697)
       [2] @shields_setter (res://PlayerData.gd:14)
       [3] apply_save_data (res://PlayerData.gd:150)
       [4] load_game (res://SaveGame.gd:150)
       [5] _ready (res://MainGame.gd:515)
SCRIPT ERROR: Invalid call. Nonexistent function 'refresh_afk_state' in base 'GDScript'.
   at: _refresh_afk_p0 (res://MainGame.gd:2910)
   GDScript backtrace (most recent call first):
       [0] _refresh_afk_p0 (res://MainGame.gd:2910)
       [1] _refresh_all (res://MainGame.gd:698)
       [2] @shields_setter (res://PlayerData.gd:14)
       [3] apply_save_data (res://PlayerData.gd:150)
       [4] load_game (res://SaveGame.gd:150)
       [5] _ready (res://MainGame.gd:515)
SCRIPT ERROR: Invalid call. Nonexistent function 'refresh_home_loop_state' in base 'GDScript'.
   at: _update_monster_ui (res://MainGame.gd:1219)
   GDScript backtrace (most recent call first):
       [0] _update_monster_ui (res://MainGame.gd:1219)
       [1] _refresh_all (res://MainGame.gd:675)
       [2] apply_save_data (res://PlayerData.gd:163)
       [3] load_game (res://SaveGame.gd:150)
       [4] _ready (res://MainGame.gd:515)
SCRIPT ERROR: Invalid call. Nonexistent function 'refresh_village_loop_state' in base 'GDScript'.
   at: _refresh_p0_village (res://MainGame.gd:2410)
   GDScript backtrace (most recent call first):
       [0] _refresh_p0_village (res://MainGame.gd:2410)
       [1] _refresh_all (res://MainGame.gd:680)
       [2] apply_save_data (res://PlayerData.gd:163)
       [3] load_game (res://SaveGame.gd:150)
       [4] _ready (res://MainGame.gd:515)
SCRIPT ERROR: Invalid call. Nonexistent function 'refresh_reward_session_state' in base 'GDScript'.
   at: _refresh_meta_ui (res://MainGame.gd:1004)
   GDScript backtrace (most recent call first):
       [0] _refresh_meta_ui (res://MainGame.gd:1004)
       [1] _refresh_all (res://MainGame.gd:683)
       [2] apply_save_data (res://PlayerData.gd:163)
       [3] load_game (res://SaveGame.gd:150)
       [4] _ready (res://MainGame.gd:515)
SCRIPT ERROR: Invalid call. Nonexistent function 'style_objective_header' in base 'GDScript'.
   at: _add_objective_header_v152 (res://MainGame.gd:2166)
   GDScript backtrace (most recent call first):
       [0] _add_objective_header_v152 (res://MainGame.gd:2166)
       [1] _rebuild_quests (res://MainGame.gd:2205)
       [2] _refresh_all (res://MainGame.gd:688)
       [3] apply_save_data (res://PlayerData.gd:163)
       [4] load_game (res://SaveGame.gd:150)
       [5] _ready (res://MainGame.gd:515)
SCRIPT ERROR: Invalid call. Nonexistent function 'objective_icon_role' in base 'GDScript'.
   at: _add_objective_row_v152 (res://MainGame.gd:2181)
   GDScript backtrace (most recent call first):
       [0] _add_objective_row_v152 (res://MainGame.gd:2181)
       [1] _rebuild_quests (res://MainGame.gd:2206)
       [2] _refresh_all (res://MainGame.gd:688)
       [3] apply_save_data (res://PlayerData.gd:163)
       [4] load_game (res://SaveGame.gd:150)
       [5] _ready (res://MainGame.gd:515)
SCRIPT ERROR: Invalid call. Nonexistent function 'objective_icon_role' in base 'GDScript'.
   at: _add_objective_row_v152 (res://MainGame.gd:2181)
   GDScript backtrace (most recent call first):
       [0] _add_objective_row_v152 (res://MainGame.gd:2181)
       [1] _rebuild_quests (res://MainGame.gd:2206)
       [2] _refresh_all (res://MainGame.gd:688)
       [3] apply_save_data (res://PlayerData.gd:163)
       [4] load_game (res://SaveGame.gd:150)
       [5] _ready (res://MainGame.gd:515)
SCRIPT ERROR: Invalid call. Nonexistent function 'objective_icon_role' in base 'GDScript'.
   at: _add_objective_row_v152 (res://MainGame.gd:2181)
   GDScript backtrace (most recent call first):
       [0] _add_objective_row_v152 (res://MainGame.gd:2181)
       [1] _rebuild_quests (res://MainGame.gd:2206)
       [2] _refresh_all (res://MainGame.gd:688)
       [3] apply_save_data (res://PlayerData.gd:163)
       [4] load_game (res://SaveGame.gd:150)
       [5] _ready (res://MainGame.gd:515)
SCRIPT ERROR: Invalid call. Nonexistent function 'style_objective_header' in base 'GDScript'.
   at: _add_objective_header_v152 (res://MainGame.gd:2166)
   GDScript backtrace (most recent call first):
       [0] _add_objective_header_v152 (res://MainGame.gd:2166)
       [1] _rebuild_quests (res://MainGame.gd:2205)
       [2] _refresh_all (res://MainGame.gd:688)
       [3] apply_save_data (res://PlayerData.gd:163)
       [4] load_game (res://SaveGame.gd:150)
       [5] _ready (res://MainGame.gd:515)
SCRIPT ERROR: Invalid call. Nonexistent function 'objective_icon_role' in base 'GDScript'.
   at: _add_objective_row_v152 (res://MainGame.gd:2181)
   GDScript backtrace (most recent call first):
       [0] _add_objective_row_v152 (res://MainGame.gd:2181)
       [1] _rebuild_quests (res://MainGame.gd:2206)
       [2] _refresh_all (res://MainGame.gd:688)
       [3] apply_save_data (res://PlayerData.gd:163)
       [4] load_game (res://SaveGame.gd:150)
       [5] _ready (res://MainGame.gd:515)
SCRIPT ERROR: Invalid call. Nonexistent function 'objective_icon_role' in base 'GDScript'.
   at: _add_objective_row_v152 (res://MainGame.gd:2181)
   GDScript backtrace (most recent call first):
       [0] _add_objective_row_v152 (res://MainGame.gd:2181)
       [1] _rebuild_quests (res://MainGame.gd:2206)
       [2] _refresh_all (res://MainGame.gd:688)
       [3] apply_save_data (res://PlayerData.gd:163)
       [4] load_game (res://SaveGame.gd:150)
       [5] _ready (res://MainGame.gd:515)
SCRIPT ERROR: Invalid call. Nonexistent function 'objective_icon_role' in base 'GDScript'.
   at: _add_objective_row_v152 (res://MainGame.gd:2181)
   GDScript backtrace (most recent call first):
       [0] _add_objective_row_v152 (res://MainGame.gd:2181)
       [1] _rebuild_quests (res://MainGame.gd:2206)
       [2] _refresh_all (res://MainGame.gd:688)
       [3] apply_save_data (res://PlayerData.gd:163)
       [4] load_game (res://SaveGame.gd:150)
       [5] _ready (res://MainGame.gd:515)
SCRIPT ERROR: Invalid call. Nonexistent function 'style_objective_header' in base 'GDScript'.
   at: _add_objective_header_v152 (res://MainGame.gd:2166)
   GDScript backtrace (most recent call first):
       [0] _add_objective_header_v152 (res://MainGame.gd:2166)
       [1] _rebuild_quests (res://MainGame.gd:2205)
       [2] _refresh_all (res://MainGame.gd:688)
       [3] apply_save_data (res://PlayerData.gd:163)
       [4] load_game (res://SaveGame.gd:150)
       [5] _ready (res://MainGame.gd:515)
SCRIPT ERROR: Invalid call. Nonexistent function 'objective_icon_role' in base 'GDScript'.
   at: _add_objective_row_v152 (res://MainGame.gd:2181)
   GDScript backtrace (most recent call first):
       [0] _add_objective_row_v152 (res://MainGame.gd:2181)
       [1] _rebuild_quests (res://MainGame.gd:2206)
       [2] _refresh_all (res://MainGame.gd:688)
       [3] apply_save_data (res://PlayerData.gd:163)
       [4] load_game (res://SaveGame.gd:150)
       [5] _ready (res://MainGame.gd:515)
SCRIPT ERROR: Invalid call. Nonexistent function 'objective_icon_role' in base 'GDScript'.
   at: _add_objective_row_v152 (res://MainGame.gd:2181)
   GDScript backtrace (most recent call first):
       [0] _add_objective_row_v152 (res://MainGame.gd:2181)
       [1] _rebuild_quests (res://MainGame.gd:2206)
       [2] _refresh_all (res://MainGame.gd:688)
       [3] apply_save_data (res://PlayerData.gd:163)
       [4] load_game (res://SaveGame.gd:150)
       [5] _ready (res://MainGame.gd:515)
SCRIPT ERROR: Invalid call. Nonexistent function 'objective_icon_role' in base 'GDScript'.
   at: _add_objective_row_v152 (res://MainGame.gd:2181)
   GDScript backtrace (most recent call first):
       [0] _add_objective_row_v152 (res://MainGame.gd:2181)
       [1] _rebuild_quests (res://MainGame.gd:2206)
       [2] _refresh_all (res://MainGame.gd:688)
       [3] apply_save_data (res://PlayerData.gd:163)
       [4] load_game (res://SaveGame.gd:150)
       [5] _ready (res://MainGame.gd:515)
SCRIPT ERROR: Invalid call. Nonexistent function 'objective_icon_role' in base 'GDScript'.
   at: _add_objective_row_v152 (res://MainGame.gd:2181)
   GDScript backtrace (most recent call first):
       [0] _add_objective_row_v152 (res://MainGame.gd:2181)
       [1] _rebuild_quests (res://MainGame.gd:2206)
       [2] _refresh_all (res://MainGame.gd:688)
       [3] apply_save_data (res://PlayerData.gd:163)
       [4] load_game (res://SaveGame.gd:150)
       [5] _ready (res://MainGame.gd:515)
SCRIPT ERROR: Invalid call. Nonexistent function 'objective_icon_role' in base 'GDScript'.
   at: _add_objective_row_v152 (res://MainGame.gd:2181)
   GDScript backtrace (most recent call first):
       [0] _add_objective_row_v152 (res://MainGame.gd:2181)
       [1] _rebuild_quests (res://MainGame.gd:2206)
       [2] _refresh_all (res://MainGame.gd:688)
       [3] apply_save_data (res://PlayerData.gd:163)
       [4] load_game (res://SaveGame.gd:150)
       [5] _ready (res://MainGame.gd:515)
SCRIPT ERROR: Invalid call. Nonexistent function 'style_objective_header' in base 'GDScript'.
   at: _add_objective_header_v152 (res://MainGame.gd:2166)
   GDScript backtrace (most recent call first):
       [0] _add_objective_header_v152 (res://MainGame.gd:2166)
       [1] _rebuild_quests (res://MainGame.gd:2207)
       [2] _refresh_all (res://MainGame.gd:688)
       [3] apply_save_data (res://PlayerData.gd:163)
       [4] load_game (res://SaveGame.gd:150)
       [5] _ready (res://MainGame.gd:515)
SCRIPT ERROR: Invalid call. Nonexistent function 'objective_icon_role' in base 'GDScript'.
   at: _rebuild_quests (res://MainGame.gd:2214)
   GDScript backtrace (most recent call first):
       [0] _rebuild_quests (res://MainGame.gd:2214)
       [1] _refresh_all (res://MainGame.gd:688)
       [2] apply_save_data (res://PlayerData.gd:163)
       [3] load_game (res://SaveGame.gd:150)
       [4] _ready (res://MainGame.gd:515)
SCRIPT ERROR: Invalid call. Nonexistent function 'refresh_progression_state' in base 'GDScript'.
   at: _refresh_progression_p0 (res://MainGame.gd:2903)
   GDScript backtrace (most recent call first):
       [0] _refresh_progression_p0 (res://MainGame.gd:2903)
       [1] _refresh_all (res://MainGame.gd:696)
       [2] apply_save_data (res://PlayerData.gd:163)
       [3] load_game (res://SaveGame.gd:150)
       [4] _ready (res://MainGame.gd:515)
SCRIPT ERROR: Invalid call. Nonexistent function 'refresh_shop_state' in base 'GDScript'.
   at: _refresh_shop_p0 (res://MainGame.gd:2810)
   GDScript backtrace (most recent call first):
       [0] _refresh_shop_p0 (res://MainGame.gd:2810)
       [1] _refresh_all (res://MainGame.gd:697)
       [2] apply_save_data (res://PlayerData.gd:163)
       [3] load_game (res://SaveGame.gd:150)
       [4] _ready (res://MainGame.gd:515)
SCRIPT ERROR: Invalid call. Nonexistent function 'refresh_afk_state' in base 'GDScript'.
   at: _refresh_afk_p0 (res://MainGame.gd:2910)
   GDScript backtrace (most recent call first):
       [0] _refresh_afk_p0 (res://MainGame.gd:2910)
       [1] _refresh_all (res://MainGame.gd:698)
       [2] apply_save_data (res://PlayerData.gd:163)
       [3] load_game (res://SaveGame.gd:150)
       [4] _ready (res://MainGame.gd:515)
SCRIPT ERROR: Invalid call. Nonexistent function 'refresh_home_loop_state' in base 'GDScript'.
   at: _update_monster_ui (res://MainGame.gd:1219)
   GDScript backtrace (most recent call first):
       [0] _update_monster_ui (res://MainGame.gd:1219)
       [1] apply_save_data (res://PlayerData.gd:164)
       [2] load_game (res://SaveGame.gd:150)
       [3] _ready (res://MainGame.gd:515)
SCRIPT ERROR: Invalid call. Nonexistent function 'refresh_home_loop_state' in base 'GDScript'.
   at: _update_monster_ui (res://MainGame.gd:1219)
   GDScript backtrace (most recent call first):
       [0] _update_monster_ui (res://MainGame.gd:1219)
       [1] _refresh_all (res://MainGame.gd:675)
       [2] apply_save_data (res://PlayerData.gd:165)
       [3] load_game (res://SaveGame.gd:150)
       [4] _ready (res://MainGame.gd:515)
SCRIPT ERROR: Invalid call. Nonexistent function 'refresh_village_loop_state' in base 'GDScript'.
   at: _refresh_p0_village (res://MainGame.gd:2410)
   GDScript backtrace (most recent call first):
       [0] _refresh_p0_village (res://MainGame.gd:2410)
       [1] _refresh_all (res://MainGame.gd:680)
       [2] apply_save_data (res://PlayerData.gd:165)
       [3] load_game (res://SaveGame.gd:150)
       [4] _ready (res://MainGame.gd:515)
SCRIPT ERROR: Invalid call. Nonexistent function 'refresh_reward_session_state' in base 'GDScript'.
   at: _refresh_meta_ui (res://MainGame.gd:1004)
   GDScript backtrace (most recent call first):
       [0] _refresh_meta_ui (res://MainGame.gd:1004)
       [1] _refresh_all (res://MainGame.gd:683)
       [2] apply_save_data (res://PlayerData.gd:165)
       [3] load_game (res://SaveGame.gd:150)
       [4] _ready (res://MainGame.gd:515)
SCRIPT ERROR: Invalid call. Nonexistent function 'style_objective_header' in base 'GDScript'.
   at: _add_objective_header_v152 (res://MainGame.gd:2166)
   GDScript backtrace (most recent call first):
       [0] _add_objective_header_v152 (res://MainGame.gd:2166)
       [1] _rebuild_quests (res://MainGame.gd:2205)
       [2] _refresh_all (res://MainGame.gd:688)
       [3] apply_save_data (res://PlayerData.gd:165)
       [4] load_game (res://SaveGame.gd:150)
       [5] _ready (res://MainGame.gd:515)
SCRIPT ERROR: Invalid call. Nonexistent function 'objective_icon_role' in base 'GDScript'.
   at: _add_objective_row_v152 (res://MainGame.gd:2181)
   GDScript backtrace (most recent call first):
       [0] _add_objective_row_v152 (res://MainGame.gd:2181)
       [1] _rebuild_quests (res://MainGame.gd:2206)
       [2] _refresh_all (res://MainGame.gd:688)
       [3] apply_save_data (res://PlayerData.gd:165)
       [4] load_game (res://SaveGame.gd:150)
       [5] _ready (res://MainGame.gd:515)
SCRIPT ERROR: Invalid call. Nonexistent function 'objective_icon_role' in base 'GDScript'.
   at: _add_objective_row_v152 (res://MainGame.gd:2181)
   GDScript backtrace (most recent call first):
       [0] _add_objective_row_v152 (res://MainGame.gd:2181)
       [1] _rebuild_quests (res://MainGame.gd:2206)
       [2] _refresh_all (res://MainGame.gd:688)
       [3] apply_save_data (res://PlayerData.gd:165)
       [4] load_game (res://SaveGame.gd:150)
       [5] _ready (res://MainGame.gd:515)
SCRIPT ERROR: Invalid call. Nonexistent function 'objective_icon_role' in base 'GDScript'.
   at: _add_objective_row_v152 (res://MainGame.gd:2181)
   GDScript backtrace (most recent call first):
       [0] _add_objective_row_v152 (res://MainGame.gd:2181)
       [1] _rebuild_quests (res://MainGame.gd:2206)
       [2] _refresh_all (res://MainGame.gd:688)
       [3] apply_save_data (res://PlayerData.gd:165)
       [4] load_game (res://SaveGame.gd:150)
       [5] _ready (res://MainGame.gd:515)
SCRIPT ERROR: Invalid call. Nonexistent function 'style_objective_header' in base 'GDScript'.
   at: _add_objective_header_v152 (res://MainGame.gd:2166)
   GDScript backtrace (most recent call first):
       [0] _add_objective_header_v152 (res://MainGame.gd:2166)
       [1] _rebuild_quests (res://MainGame.gd:2205)
       [2] _refresh_all (res://MainGame.gd:688)
       [3] apply_save_data (res://PlayerData.gd:165)
       [4] load_game (res://SaveGame.gd:150)
       [5] _ready (res://MainGame.gd:515)
SCRIPT ERROR: Invalid call. Nonexistent function 'objective_icon_role' in base 'GDScript'.
   at: _add_objective_row_v152 (res://MainGame.gd:2181)
   GDScript backtrace (most recent call first):
       [0] _add_objective_row_v152 (res://MainGame.gd:2181)
       [1] _rebuild_quests (res://MainGame.gd:2206)
       [2] _refresh_all (res://MainGame.gd:688)
       [3] apply_save_data (res://PlayerData.gd:165)
       [4] load_game (res://SaveGame.gd:150)
       [5] _ready (res://MainGame.gd:515)
SCRIPT ERROR: Invalid call. Nonexistent function 'objective_icon_role' in base 'GDScript'.
   at: _add_objective_row_v152 (res://MainGame.gd:2181)
   GDScript backtrace (most recent call first):
       [0] _add_objective_row_v152 (res://MainGame.gd:2181)
       [1] _rebuild_quests (res://MainGame.gd:2206)
       [2] _refresh_all (res://MainGame.gd:688)
       [3] apply_save_data (res://PlayerData.gd:165)
       [4] load_game (res://SaveGame.gd:150)
       [5] _ready (res://MainGame.gd:515)
SCRIPT ERROR: Invalid call. Nonexistent function 'objective_icon_role' in base 'GDScript'.
   at: _add_objective_row_v152 (res://MainGame.gd:2181)
   GDScript backtrace (most recent call first):
       [0] _add_objective_row_v152 (res://MainGame.gd:2181)
       [1] _rebuild_quests (res://MainGame.gd:2206)
       [2] _refresh_all (res://MainGame.gd:688)
       [3] apply_save_data (res://PlayerData.gd:165)
       [4] load_game (res://SaveGame.gd:150)
       [5] _ready (res://MainGame.gd:515)
SCRIPT ERROR: Invalid call. Nonexistent function 'style_objective_header' in base 'GDScript'.
   at: _add_objective_header_v152 (res://MainGame.gd:2166)
   GDScript backtrace (most recent call first):
       [0] _add_objective_header_v152 (res://MainGame.gd:2166)
       [1] _rebuild_quests (res://MainGame.gd:2205)
       [2] _refresh_all (res://MainGame.gd:688)
       [3] apply_save_data (res://PlayerData.gd:165)
       [4] load_game (res://SaveGame.gd:150)
       [5] _ready (res://MainGame.gd:515)
SCRIPT ERROR: Invalid call. Nonexistent function 'objective_icon_role' in base 'GDScript'.
   at: _add_objective_row_v152 (res://MainGame.gd:2181)
   GDScript backtrace (most recent call first):
       [0] _add_objective_row_v152 (res://MainGame.gd:2181)
       [1] _rebuild_quests (res://MainGame.gd:2206)
       [2] _refresh_all (res://MainGame.gd:688)
       [3] apply_save_data (res://PlayerData.gd:165)
       [4] load_game (res://SaveGame.gd:150)
       [5] _ready (res://MainGame.gd:515)
SCRIPT ERROR: Invalid call. Nonexistent function 'objective_icon_role' in base 'GDScript'.
   at: _add_objective_row_v152 (res://MainGame.gd:2181)
   GDScript backtrace (most recent call first):
       [0] _add_objective_row_v152 (res://MainGame.gd:2181)
       [1] _rebuild_quests (res://MainGame.gd:2206)
       [2] _refresh_all (res://MainGame.gd:688)
       [3] apply_save_data (res://PlayerData.gd:165)
       [4] load_game (res://SaveGame.gd:150)
       [5] _ready (res://MainGame.gd:515)
SCRIPT ERROR: Invalid call. Nonexistent function 'objective_icon_role' in base 'GDScript'.
   at: _add_objective_row_v152 (res://MainGame.gd:2181)
   GDScript backtrace (most recent call first):
       [0] _add_objective_row_v152 (res://MainGame.gd:2181)
       [1] _rebuild_quests (res://MainGame.gd:2206)
       [2] _refresh_all (res://MainGame.gd:688)
       [3] apply_save_data (res://PlayerData.gd:165)
       [4] load_game (res://SaveGame.gd:150)
       [5] _ready (res://MainGame.gd:515)
SCRIPT ERROR: Invalid call. Nonexistent function 'objective_icon_role' in base 'GDScript'.
   at: _add_objective_row_v152 (res://MainGame.gd:2181)
   GDScript backtrace (most recent call first):
       [0] _add_objective_row_v152 (res://MainGame.gd:2181)
       [1] _rebuild_quests (res://MainGame.gd:2206)
       [2] _refresh_all (res://MainGame.gd:688)
       [3] apply_save_data (res://PlayerData.gd:165)
       [4] load_game (res://SaveGame.gd:150)
       [5] _ready (res://MainGame.gd:515)
SCRIPT ERROR: Invalid call. Nonexistent function 'objective_icon_role' in base 'GDScript'.
   at: _add_objective_row_v152 (res://MainGame.gd:2181)
   GDScript backtrace (most recent call first):
       [0] _add_objective_row_v152 (res://MainGame.gd:2181)
       [1] _rebuild_quests (res://MainGame.gd:2206)
       [2] _refresh_all (res://MainGame.gd:688)
       [3] apply_save_data (res://PlayerData.gd:165)
       [4] load_game (res://SaveGame.gd:150)
       [5] _ready (res://MainGame.gd:515)
SCRIPT ERROR: Invalid call. Nonexistent function 'style_objective_header' in base 'GDScript'.
   at: _add_objective_header_v152 (res://MainGame.gd:2166)
   GDScript backtrace (most recent call first):
       [0] _add_objective_header_v152 (res://MainGame.gd:2166)
       [1] _rebuild_quests (res://MainGame.gd:2207)
       [2] _refresh_all (res://MainGame.gd:688)
       [3] apply_save_data (res://PlayerData.gd:165)
       [4] load_game (res://SaveGame.gd:150)
       [5] _ready (res://MainGame.gd:515)
SCRIPT ERROR: Invalid call. Nonexistent function 'objective_icon_role' in base 'GDScript'.
   at: _rebuild_quests (res://MainGame.gd:2214)
   GDScript backtrace (most recent call first):
       [0] _rebuild_quests (res://MainGame.gd:2214)
       [1] _refresh_all (res://MainGame.gd:688)
       [2] apply_save_data (res://PlayerData.gd:165)
       [3] load_game (res://SaveGame.gd:150)
       [4] _ready (res://MainGame.gd:515)
SCRIPT ERROR: Invalid call. Nonexistent function 'refresh_progression_state' in base 'GDScript'.
   at: _refresh_progression_p0 (res://MainGame.gd:2903)
   GDScript backtrace (most recent call first):
       [0] _refresh_progression_p0 (res://MainGame.gd:2903)
       [1] _refresh_all (res://MainGame.gd:696)
       [2] apply_save_data (res://PlayerData.gd:165)
       [3] load_game (res://SaveGame.gd:150)
       [4] _ready (res://MainGame.gd:515)
SCRIPT ERROR: Invalid call. Nonexistent function 'refresh_shop_state' in base 'GDScript'.
   at: _refresh_shop_p0 (res://MainGame.gd:2810)
   GDScript backtrace (most recent call first):
       [0] _refresh_shop_p0 (res://MainGame.gd:2810)
       [1] _refresh_all (res://MainGame.gd:697)
       [2] apply_save_data (res://PlayerData.gd:165)
       [3] load_game (res://SaveGame.gd:150)
       [4] _ready (res://MainGame.gd:515)
SCRIPT ERROR: Invalid call. Nonexistent function 'refresh_afk_state' in base 'GDScript'.
   at: _refresh_afk_p0 (res://MainGame.gd:2910)
   GDScript backtrace (most recent call first):
       [0] _refresh_afk_p0 (res://MainGame.gd:2910)
       [1] _refresh_all (res://MainGame.gd:698)
       [2] apply_save_data (res://PlayerData.gd:165)
       [3] load_game (res://SaveGame.gd:150)
       [4] _ready (res://MainGame.gd:515)
SCRIPT ERROR: Invalid call. Nonexistent function 'style_objective_header' in base 'GDScript'.
   at: _add_objective_header_v152 (res://MainGame.gd:2166)
   GDScript backtrace (most recent call first):
       [0] _add_objective_header_v152 (res://MainGame.gd:2166)
       [1] _rebuild_quests (res://MainGame.gd:2205)
       [2] apply_save_data (res://QuestSystem.gd:105)
       [3] load_game (res://SaveGame.gd:153)
       [4] _ready (res://MainGame.gd:515)
SCRIPT ERROR: Invalid call. Nonexistent function 'objective_icon_role' in base 'GDScript'.
   at: _add_objective_row_v152 (res://MainGame.gd:2181)
   GDScript backtrace (most recent call first):
       [0] _add_objective_row_v152 (res://MainGame.gd:2181)
       [1] _rebuild_quests (res://MainGame.gd:2206)
       [2] apply_save_data (res://QuestSystem.gd:105)
       [3] load_game (res://SaveGame.gd:153)
       [4] _ready (res://MainGame.gd:515)
SCRIPT ERROR: Invalid call. Nonexistent function 'objective_icon_role' in base 'GDScript'.
   at: _add_objective_row_v152 (res://MainGame.gd:2181)
   GDScript backtrace (most recent call first):
       [0] _add_objective_row_v152 (res://MainGame.gd:2181)
       [1] _rebuild_quests (res://MainGame.gd:2206)
       [2] apply_save_data (res://QuestSystem.gd:105)
       [3] load_game (res://SaveGame.gd:153)
       [4] _ready (res://MainGame.gd:515)
SCRIPT ERROR: Invalid call. Nonexistent function 'objective_icon_role' in base 'GDScript'.
   at: _add_objective_row_v152 (res://MainGame.gd:2181)
   GDScript backtrace (most recent call first):
       [0] _add_objective_row_v152 (res://MainGame.gd:2181)
       [1] _rebuild_quests (res://MainGame.gd:2206)
       [2] apply_save_data (res://QuestSystem.gd:105)
       [3] load_game (res://SaveGame.gd:153)
       [4] _ready (res://MainGame.gd:515)
SCRIPT ERROR: Invalid call. Nonexistent function 'style_objective_header' in base 'GDScript'.
   at: _add_objective_header_v152 (res://MainGame.gd:2166)
   GDScript backtrace (most recent call first):
       [0] _add_objective_header_v152 (res://MainGame.gd:2166)
       [1] _rebuild_quests (res://MainGame.gd:2205)
       [2] apply_save_data (res://QuestSystem.gd:105)
       [3] load_game (res://SaveGame.gd:153)
       [4] _ready (res://MainGame.gd:515)
SCRIPT ERROR: Invalid call. Nonexistent function 'objective_icon_role' in base 'GDScript'.
   at: _add_objective_row_v152 (res://MainGame.gd:2181)
   GDScript backtrace (most recent call first):
       [0] _add_objective_row_v152 (res://MainGame.gd:2181)
       [1] _rebuild_quests (res://MainGame.gd:2206)
       [2] apply_save_data (res://QuestSystem.gd:105)
       [3] load_game (res://SaveGame.gd:153)
       [4] _ready (res://MainGame.gd:515)
SCRIPT ERROR: Invalid call. Nonexistent function 'objective_icon_role' in base 'GDScript'.
   at: _add_objective_row_v152 (res://MainGame.gd:2181)
   GDScript backtrace (most recent call first):
       [0] _add_objective_row_v152 (res://MainGame.gd:2181)
       [1] _rebuild_quests (res://MainGame.gd:2206)
       [2] apply_save_data (res://QuestSystem.gd:105)
       [3] load_game (res://SaveGame.gd:153)
       [4] _ready (res://MainGame.gd:515)
SCRIPT ERROR: Invalid call. Nonexistent function 'objective_icon_role' in base 'GDScript'.
   at: _add_objective_row_v152 (res://MainGame.gd:2181)
   GDScript backtrace (most recent call first):
       [0] _add_objective_row_v152 (res://MainGame.gd:2181)
       [1] _rebuild_quests (res://MainGame.gd:2206)
       [2] apply_save_data (res://QuestSystem.gd:105)
       [3] load_game (res://SaveGame.gd:153)
       [4] _ready (res://MainGame.gd:515)
SCRIPT ERROR: Invalid call. Nonexistent function 'style_objective_header' in base 'GDScript'.
   at: _add_objective_header_v152 (res://MainGame.gd:2166)
   GDScript backtrace (most recent call first):
       [0] _add_objective_header_v152 (res://MainGame.gd:2166)
       [1] _rebuild_quests (res://MainGame.gd:2205)
       [2] apply_save_data (res://QuestSystem.gd:105)
       [3] load_game (res://SaveGame.gd:153)
       [4] _ready (res://MainGame.gd:515)
SCRIPT ERROR: Invalid call. Nonexistent function 'objective_icon_role' in base 'GDScript'.
   at: _add_objective_row_v152 (res://MainGame.gd:2181)
   GDScript backtrace (most recent call first):
       [0] _add_objective_row_v152 (res://MainGame.gd:2181)
       [1] _rebuild_quests (res://MainGame.gd:2206)
       [2] apply_save_data (res://QuestSystem.gd:105)
       [3] load_game (res://SaveGame.gd:153)
       [4] _ready (res://MainGame.gd:515)
SCRIPT ERROR: Invalid call. Nonexistent function 'objective_icon_role' in base 'GDScript'.
   at: _add_objective_row_v152 (res://MainGame.gd:2181)
   GDScript backtrace (most recent call first):
       [0] _add_objective_row_v152 (res://MainGame.gd:2181)
       [1] _rebuild_quests (res://MainGame.gd:2206)
       [2] apply_save_data (res://QuestSystem.gd:105)
       [3] load_game (res://SaveGame.gd:153)
       [4] _ready (res://MainGame.gd:515)
SCRIPT ERROR: Invalid call. Nonexistent function 'objective_icon_role' in base 'GDScript'.
   at: _add_objective_row_v152 (res://MainGame.gd:2181)
   GDScript backtrace (most recent call first):
       [0] _add_objective_row_v152 (res://MainGame.gd:2181)
       [1] _rebuild_quests (res://MainGame.gd:2206)
       [2] apply_save_data (res://QuestSystem.gd:105)
       [3] load_game (res://SaveGame.gd:153)
       [4] _ready (res://MainGame.gd:515)
SCRIPT ERROR: Invalid call. Nonexistent function 'objective_icon_role' in base 'GDScript'.
   at: _add_objective_row_v152 (res://MainGame.gd:2181)
   GDScript backtrace (most recent call first):
       [0] _add_objective_row_v152 (res://MainGame.gd:2181)
       [1] _rebuild_quests (res://MainGame.gd:2206)
       [2] apply_save_data (res://QuestSystem.gd:105)
       [3] load_game (res://SaveGame.gd:153)
       [4] _ready (res://MainGame.gd:515)
SCRIPT ERROR: Invalid call. Nonexistent function 'objective_icon_role' in base 'GDScript'.
   at: _add_objective_row_v152 (res://MainGame.gd:2181)
   GDScript backtrace (most recent call first):
       [0] _add_objective_row_v152 (res://MainGame.gd:2181)
       [1] _rebuild_quests (res://MainGame.gd:2206)
       [2] apply_save_data (res://QuestSystem.gd:105)
       [3] load_game (res://SaveGame.gd:153)
       [4] _ready (res://MainGame.gd:515)
SCRIPT ERROR: Invalid call. Nonexistent function 'style_objective_header' in base 'GDScript'.
   at: _add_objective_header_v152 (res://MainGame.gd:2166)
   GDScript backtrace (most recent call first):
       [0] _add_objective_header_v152 (res://MainGame.gd:2166)
       [1] _rebuild_quests (res://MainGame.gd:2207)
       [2] apply_save_data (res://QuestSystem.gd:105)
       [3] load_game (res://SaveGame.gd:153)
       [4] _ready (res://MainGame.gd:515)
SCRIPT ERROR: Invalid call. Nonexistent function 'objective_icon_role' in base 'GDScript'.
   at: _rebuild_quests (res://MainGame.gd:2214)
   GDScript backtrace (most recent call first):
       [0] _rebuild_quests (res://MainGame.gd:2214)
       [1] apply_save_data (res://QuestSystem.gd:105)
       [2] load_game (res://SaveGame.gd:153)
       [3] _ready (res://MainGame.gd:515)
SCRIPT ERROR: Invalid call. Nonexistent function 'refresh_village_loop_state' in base 'GDScript'.
   at: _refresh_p0_village (res://MainGame.gd:2410)
   GDScript backtrace (most recent call first):
       [0] _refresh_p0_village (res://MainGame.gd:2410)
       [1] apply_save_data (res://P0VillageSystem.gd:233)
       [2] load_game (res://SaveGame.gd:154)
       [3] _ready (res://MainGame.gd:515)
SCRIPT ERROR: Invalid call. Nonexistent function 'refresh_village_loop_state' in base 'GDScript'.
   at: _refresh_p0_village (res://MainGame.gd:2410)
   GDScript backtrace (most recent call first):
       [0] _refresh_p0_village (res://MainGame.gd:2410)
       [1] apply_save_data (res://VillageProgressionSystem.gd:179)
       [2] load_game (res://SaveGame.gd:155)
       [3] _ready (res://MainGame.gd:515)
SCRIPT ERROR: Invalid call. Nonexistent function 'refresh_reward_session_state' in base 'GDScript'.
   at: _refresh_meta_ui (res://MainGame.gd:1004)
   GDScript backtrace (most recent call first):
       [0] _refresh_meta_ui (res://MainGame.gd:1004)
       [1] apply_save_data (res://MetaProgressSystem.gd:137)
       [2] load_game (res://SaveGame.gd:162)
       [3] _ready (res://MainGame.gd:515)
SCRIPT ERROR: Trying to assign an array of type "Array" to a variable of type "Array[int]".
   at: apply_save_data (res://PuzzleSystem.gd:162)
   GDScript backtrace (most recent call first):
       [0] apply_save_data (res://PuzzleSystem.gd:162)
       [1] load_game (res://SaveGame.gd:164)
       [2] _ready (res://MainGame.gd:515)
SCRIPT ERROR: Invalid call. Nonexistent function 'style_objective_header' in base 'GDScript'.
   at: _add_objective_header_v152 (res://MainGame.gd:2166)
   GDScript backtrace (most recent call first):
       [0] _add_objective_header_v152 (res://MainGame.gd:2166)
       [1] _rebuild_quests (res://MainGame.gd:2205)
       [2] apply_save_data (res://ObjectiveSystem.gd:127)
       [3] load_game (res://SaveGame.gd:169)
       [4] _ready (res://MainGame.gd:515)
SCRIPT ERROR: Invalid call. Nonexistent function 'objective_icon_role' in base 'GDScript'.
   at: _add_objective_row_v152 (res://MainGame.gd:2181)
   GDScript backtrace (most recent call first):
       [0] _add_objective_row_v152 (res://MainGame.gd:2181)
       [1] _rebuild_quests (res://MainGame.gd:2206)
       [2] apply_save_data (res://ObjectiveSystem.gd:127)
       [3] load_game (res://SaveGame.gd:169)
       [4] _ready (res://MainGame.gd:515)
SCRIPT ERROR: Invalid call. Nonexistent function 'objective_icon_role' in base 'GDScript'.
   at: _add_objective_row_v152 (res://MainGame.gd:2181)
   GDScript backtrace (most recent call first):
       [0] _add_objective_row_v152 (res://MainGame.gd:2181)
       [1] _rebuild_quests (res://MainGame.gd:2206)
       [2] apply_save_data (res://ObjectiveSystem.gd:127)
       [3] load_game (res://SaveGame.gd:169)
       [4] _ready (res://MainGame.gd:515)
SCRIPT ERROR: Invalid call. Nonexistent function 'objective_icon_role' in base 'GDScript'.
   at: _add_objective_row_v152 (res://MainGame.gd:2181)
   GDScript backtrace (most recent call first):
       [0] _add_objective_row_v152 (res://MainGame.gd:2181)
       [1] _rebuild_quests (res://MainGame.gd:2206)
       [2] apply_save_data (res://ObjectiveSystem.gd:127)
       [3] load_game (res://SaveGame.gd:169)
       [4] _ready (res://MainGame.gd:515)
SCRIPT ERROR: Invalid call. Nonexistent function 'style_objective_header' in base 'GDScript'.
   at: _add_objective_header_v152 (res://MainGame.gd:2166)
   GDScript backtrace (most recent call first):
       [0] _add_objective_header_v152 (res://MainGame.gd:2166)
       [1] _rebuild_quests (res://MainGame.gd:2205)
       [2] apply_save_data (res://ObjectiveSystem.gd:127)
       [3] load_game (res://SaveGame.gd:169)
       [4] _ready (res://MainGame.gd:515)
SCRIPT ERROR: Invalid call. Nonexistent function 'objective_icon_role' in base 'GDScript'.
   at: _add_objective_row_v152 (res://MainGame.gd:2181)
   GDScript backtrace (most recent call first):
       [0] _add_objective_row_v152 (res://MainGame.gd:2181)
       [1] _rebuild_quests (res://MainGame.gd:2206)
       [2] apply_save_data (res://ObjectiveSystem.gd:127)
       [3] load_game (res://SaveGame.gd:169)
       [4] _ready (res://MainGame.gd:515)
SCRIPT ERROR: Invalid call. Nonexistent function 'objective_icon_role' in base 'GDScript'.
   at: _add_objective_row_v152 (res://MainGame.gd:2181)
   GDScript backtrace (most recent call first):
       [0] _add_objective_row_v152 (res://MainGame.gd:2181)
       [1] _rebuild_quests (res://MainGame.gd:2206)
       [2] apply_save_data (res://ObjectiveSystem.gd:127)
       [3] load_game (res://SaveGame.gd:169)
       [4] _ready (res://MainGame.gd:515)
SCRIPT ERROR: Invalid call. Nonexistent function 'objective_icon_role' in base 'GDScript'.
   at: _add_objective_row_v152 (res://MainGame.gd:2181)
   GDScript backtrace (most recent call first):
       [0] _add_objective_row_v152 (res://MainGame.gd:2181)
       [1] _rebuild_quests (res://MainGame.gd:2206)
       [2] apply_save_data (res://ObjectiveSystem.gd:127)
       [3] load_game (res://SaveGame.gd:169)
       [4] _ready (res://MainGame.gd:515)
SCRIPT ERROR: Invalid call. Nonexistent function 'style_objective_header' in base 'GDScript'.
   at: _add_objective_header_v152 (res://MainGame.gd:2166)
   GDScript backtrace (most recent call first):
       [0] _add_objective_header_v152 (res://MainGame.gd:2166)
       [1] _rebuild_quests (res://MainGame.gd:2205)
       [2] apply_save_data (res://ObjectiveSystem.gd:127)
       [3] load_game (res://SaveGame.gd:169)
       [4] _ready (res://MainGame.gd:515)
SCRIPT ERROR: Invalid call. Nonexistent function 'objective_icon_role' in base 'GDScript'.
   at: _add_objective_row_v152 (res://MainGame.gd:2181)
   GDScript backtrace (most recent call first):
       [0] _add_objective_row_v152 (res://MainGame.gd:2181)
       [1] _rebuild_quests (res://MainGame.gd:2206)
       [2] apply_save_data (res://ObjectiveSystem.gd:127)
       [3] load_game (res://SaveGame.gd:169)
       [4] _ready (res://MainGame.gd:515)
SCRIPT ERROR: Invalid call. Nonexistent function 'objective_icon_role' in base 'GDScript'.
   at: _add_objective_row_v152 (res://MainGame.gd:2181)
   GDScript backtrace (most recent call first):
       [0] _add_objective_row_v152 (res://MainGame.gd:2181)
       [1] _rebuild_quests (res://MainGame.gd:2206)
       [2] apply_save_data (res://ObjectiveSystem.gd:127)
       [3] load_game (res://SaveGame.gd:169)
       [4] _ready (res://MainGame.gd:515)
SCRIPT ERROR: Invalid call. Nonexistent function 'objective_icon_role' in base 'GDScript'.
   at: _add_objective_row_v152 (res://MainGame.gd:2181)
   GDScript backtrace (most recent call first):
       [0] _add_objective_row_v152 (res://MainGame.gd:2181)
       [1] _rebuild_quests (res://MainGame.gd:2206)
       [2] apply_save_data (res://ObjectiveSystem.gd:127)
       [3] load_game (res://SaveGame.gd:169)
       [4] _ready (res://MainGame.gd:515)
SCRIPT ERROR: Invalid call. Nonexistent function 'objective_icon_role' in base 'GDScript'.
   at: _add_objective_row_v152 (res://MainGame.gd:2181)
   GDScript backtrace (most recent call first):
       [0] _add_objective_row_v152 (res://MainGame.gd:2181)
       [1] _rebuild_quests (res://MainGame.gd:2206)
       [2] apply_save_data (res://ObjectiveSystem.gd:127)
       [3] load_game (res://SaveGame.gd:169)
       [4] _ready (res://MainGame.gd:515)
SCRIPT ERROR: Invalid call. Nonexistent function 'objective_icon_role' in base 'GDScript'.
   at: _add_objective_row_v152 (res://MainGame.gd:2181)
   GDScript backtrace (most recent call first):
       [0] _add_objective_row_v152 (res://MainGame.gd:2181)
       [1] _rebuild_quests (res://MainGame.gd:2206)
       [2] apply_save_data (res://ObjectiveSystem.gd:127)
       [3] load_game (res://SaveGame.gd:169)
       [4] _ready (res://MainGame.gd:515)
SCRIPT ERROR: Invalid call. Nonexistent function 'style_objective_header' in base 'GDScript'.
   at: _add_objective_header_v152 (res://MainGame.gd:2166)
   GDScript backtrace (most recent call first):
       [0] _add_objective_header_v152 (res://MainGame.gd:2166)
       [1] _rebuild_quests (res://MainGame.gd:2207)
       [2] apply_save_data (res://ObjectiveSystem.gd:127)
       [3] load_game (res://SaveGame.gd:169)
       [4] _ready (res://MainGame.gd:515)
SCRIPT ERROR: Invalid call. Nonexistent function 'objective_icon_role' in base 'GDScript'.
   at: _rebuild_quests (res://MainGame.gd:2214)
   GDScript backtrace (most recent call first):
       [0] _rebuild_quests (res://MainGame.gd:2214)
       [1] apply_save_data (res://ObjectiveSystem.gd:127)
       [2] load_game (res://SaveGame.gd:169)
       [3] _ready (res://MainGame.gd:515)
SCRIPT ERROR: Invalid call. Nonexistent function 'refresh_afk_state' in base 'GDScript'.
   at: _refresh_afk_p0 (res://MainGame.gd:2910)
   GDScript backtrace (most recent call first):
       [0] _refresh_afk_p0 (res://MainGame.gd:2910)
       [1] apply_save_data (res://AfkRewardSystem.gd:73)
       [2] load_game (res://SaveGame.gd:172)
       [3] _ready (res://MainGame.gd:515)
ERROR: P0 violation: Daily visible
   at: push_error (core/variant/variant_utility.cpp:1023)
   GDScript backtrace (most recent call first):
       [0] log_contract_status (res://CoreAcceptanceService.gd:52)
       [1] _ready (res://MainGame.gd:526)
ERROR: P0 violation: Quests visible
   at: push_error (core/variant/variant_utility.cpp:1023)
   GDScript backtrace (most recent call first):
[CORE_ANALYTICS] {"event":"core_session_start","payload":{"gold":300,"monster_level":1,"save_recovered":false,"seconds_away":0,"spins":10},"time_unix":1789104317.935}
       [0] log_contract_status (res://CoreAcceptanceService.gd:52)
       [1] _ready (res://MainGame.gd:526)
ERROR: P0 violation: Heroes visible
   at: push_error (core/variant/variant_utility.cpp:1023)
   GDScript backtrace (most recent call first):
       [0] log_contract_status (res://CoreAcceptanceService.gd:52)
       [1] _ready (res://MainGame.gd:526)
ERROR: P0 violation: Hero Auto-DPS active
   at: push_error (core/variant/variant_utility.cpp:1023)
   GDScript backtrace (most recent call first):
       [0] log_contract_status (res://CoreAcceptanceService.gd:52)
       [1] _ready (res://MainGame.gd:526)
[CORE_ANALYTICS] {"event":"core_contract_fail","payload":{"errors":["P0 violation: Daily visible","P0 violation: Quests visible","P0 violation: Heroes visible","P0 violation: Hero Auto-DPS active"]},"time_unix":1789104317.937}
SCRIPT ERROR: Invalid call. Nonexistent function 'refresh_home_loop_state' in base 'GDScript'.
   at: _update_monster_ui (res://MainGame.gd:1219)
   GDScript backtrace (most recent call first):
       [0] _update_monster_ui (res://MainGame.gd:1219)
       [1] _refresh_all (res://MainGame.gd:675)
       [2] _ready (res://MainGame.gd:530)
SCRIPT ERROR: Invalid call. Nonexistent function 'refresh_village_loop_state' in base 'GDScript'.
   at: _refresh_p0_village (res://MainGame.gd:2410)
   GDScript backtrace (most recent call first):
       [0] _refresh_p0_village (res://MainGame.gd:2410)
       [1] _refresh_all (res://MainGame.gd:680)
       [2] _ready (res://MainGame.gd:530)
SCRIPT ERROR: Invalid call. Nonexistent function 'refresh_reward_session_state' in base 'GDScript'.
   at: _refresh_meta_ui (res://MainGame.gd:1004)
   GDScript backtrace (most recent call first):
       [0] _refresh_meta_ui (res://MainGame.gd:1004)
       [1] _refresh_all (res://MainGame.gd:683)
       [2] _ready (res://MainGame.gd:530)
SCRIPT ERROR: Invalid call. Nonexistent function 'style_objective_header' in base 'GDScript'.
   at: _add_objective_header_v152 (res://MainGame.gd:2166)
   GDScript backtrace (most recent call first):
       [0] _add_objective_header_v152 (res://MainGame.gd:2166)
       [1] _rebuild_quests (res://MainGame.gd:2205)
       [2] _refresh_all (res://MainGame.gd:688)
       [3] _ready (res://MainGame.gd:530)
SCRIPT ERROR: Invalid call. Nonexistent function 'objective_icon_role' in base 'GDScript'.
   at: _add_objective_row_v152 (res://MainGame.gd:2181)
   GDScript backtrace (most recent call first):
       [0] _add_objective_row_v152 (res://MainGame.gd:2181)
       [1] _rebuild_quests (res://MainGame.gd:2206)
       [2] _refresh_all (res://MainGame.gd:688)
       [3] _ready (res://MainGame.gd:530)
SCRIPT ERROR: Invalid call. Nonexistent function 'objective_icon_role' in base 'GDScript'.
   at: _add_objective_row_v152 (res://MainGame.gd:2181)
   GDScript backtrace (most recent call first):
       [0] _add_objective_row_v152 (res://MainGame.gd:2181)
       [1] _rebuild_quests (res://MainGame.gd:2206)
       [2] _refresh_all (res://MainGame.gd:688)
       [3] _ready (res://MainGame.gd:530)
SCRIPT ERROR: Invalid call. Nonexistent function 'objective_icon_role' in base 'GDScript'.
   at: _add_objective_row_v152 (res://MainGame.gd:2181)
   GDScript backtrace (most recent call first):
       [0] _add_objective_row_v152 (res://MainGame.gd:2181)
       [1] _rebuild_quests (res://MainGame.gd:2206)
       [2] _refresh_all (res://MainGame.gd:688)
       [3] _ready (res://MainGame.gd:530)
SCRIPT ERROR: Invalid call. Nonexistent function 'style_objective_header' in base 'GDScript'.
   at: _add_objective_header_v152 (res://MainGame.gd:2166)
   GDScript backtrace (most recent call first):
       [0] _add_objective_header_v152 (res://MainGame.gd:2166)
       [1] _rebuild_quests (res://MainGame.gd:2205)
       [2] _refresh_all (res://MainGame.gd:688)
       [3] _ready (res://MainGame.gd:530)
SCRIPT ERROR: Invalid call. Nonexistent function 'objective_icon_role' in base 'GDScript'.
   at: _add_objective_row_v152 (res://MainGame.gd:2181)
   GDScript backtrace (most recent call first):
       [0] _add_objective_row_v152 (res://MainGame.gd:2181)
       [1] _rebuild_quests (res://MainGame.gd:2206)
       [2] _refresh_all (res://MainGame.gd:688)
       [3] _ready (res://MainGame.gd:530)
SCRIPT ERROR: Invalid call. Nonexistent function 'objective_icon_role' in base 'GDScript'.
   at: _add_objective_row_v152 (res://MainGame.gd:2181)
   GDScript backtrace (most recent call first):
       [0] _add_objective_row_v152 (res://MainGame.gd:2181)
       [1] _rebuild_quests (res://MainGame.gd:2206)
       [2] _refresh_all (res://MainGame.gd:688)
       [3] _ready (res://MainGame.gd:530)
SCRIPT ERROR: Invalid call. Nonexistent function 'objective_icon_role' in base 'GDScript'.
   at: _add_objective_row_v152 (res://MainGame.gd:2181)
   GDScript backtrace (most recent call first):
       [0] _add_objective_row_v152 (res://MainGame.gd:2181)
       [1] _rebuild_quests (res://MainGame.gd:2206)
       [2] _refresh_all (res://MainGame.gd:688)
       [3] _ready (res://MainGame.gd:530)
SCRIPT ERROR: Invalid call. Nonexistent function 'style_objective_header' in base 'GDScript'.
   at: _add_objective_header_v152 (res://MainGame.gd:2166)
   GDScript backtrace (most recent call first):
       [0] _add_objective_header_v152 (res://MainGame.gd:2166)
       [1] _rebuild_quests (res://MainGame.gd:2205)
       [2] _refresh_all (res://MainGame.gd:688)
       [3] _ready (res://MainGame.gd:530)
SCRIPT ERROR: Invalid call. Nonexistent function 'objective_icon_role' in base 'GDScript'.
   at: _add_objective_row_v152 (res://MainGame.gd:2181)
   GDScript backtrace (most recent call first):
       [0] _add_objective_row_v152 (res://MainGame.gd:2181)
       [1] _rebuild_quests (res://MainGame.gd:2206)
       [2] _refresh_all (res://MainGame.gd:688)
       [3] _ready (res://MainGame.gd:530)
SCRIPT ERROR: Invalid call. Nonexistent function 'objective_icon_role' in base 'GDScript'.
   at: _add_objective_row_v152 (res://MainGame.gd:2181)
   GDScript backtrace (most recent call first):
       [0] _add_objective_row_v152 (res://MainGame.gd:2181)
       [1] _rebuild_quests (res://MainGame.gd:2206)
       [2] _refresh_all (res://MainGame.gd:688)
       [3] _ready (res://MainGame.gd:530)
SCRIPT ERROR: Invalid call. Nonexistent function 'objective_icon_role' in base 'GDScript'.
   at: _add_objective_row_v152 (res://MainGame.gd:2181)
   GDScript backtrace (most recent call first):
       [0] _add_objective_row_v152 (res://MainGame.gd:2181)
       [1] _rebuild_quests (res://MainGame.gd:2206)
       [2] _refresh_all (res://MainGame.gd:688)
       [3] _ready (res://MainGame.gd:530)
SCRIPT ERROR: Invalid call. Nonexistent function 'objective_icon_role' in base 'GDScript'.
   at: _add_objective_row_v152 (res://MainGame.gd:2181)
   GDScript backtrace (most recent call first):
       [0] _add_objective_row_v152 (res://MainGame.gd:2181)
       [1] _rebuild_quests (res://MainGame.gd:2206)
       [2] _refresh_all (res://MainGame.gd:688)
       [3] _ready (res://MainGame.gd:530)
SCRIPT ERROR: Invalid call. Nonexistent function 'objective_icon_role' in base 'GDScript'.
   at: _add_objective_row_v152 (res://MainGame.gd:2181)
   GDScript backtrace (most recent call first):
       [0] _add_objective_row_v152 (res://MainGame.gd:2181)
       [1] _rebuild_quests (res://MainGame.gd:2206)
       [2] _refresh_all (res://MainGame.gd:688)
       [3] _ready (res://MainGame.gd:530)
SCRIPT ERROR: Invalid call. Nonexistent function 'style_objective_header' in base 'GDScript'.
   at: _add_objective_header_v152 (res://MainGame.gd:2166)
   GDScript backtrace (most recent call first):
       [0] _add_objective_header_v152 (res://MainGame.gd:2166)
       [1] _rebuild_quests (res://MainGame.gd:2207)
       [2] _refresh_all (res://MainGame.gd:688)
       [3] _ready (res://MainGame.gd:530)
SCRIPT ERROR: Invalid call. Nonexistent function 'objective_icon_role' in base 'GDScript'.
   at: _rebuild_quests (res://MainGame.gd:2214)
   GDScript backtrace (most recent call first):
       [0] _rebuild_quests (res://MainGame.gd:2214)
       [1] _refresh_all (res://MainGame.gd:688)
       [2] _ready (res://MainGame.gd:530)
SCRIPT ERROR: Invalid call. Nonexistent function 'refresh_progression_state' in base 'GDScript'.
   at: _refresh_progression_p0 (res://MainGame.gd:2903)
   GDScript backtrace (most recent call first):
       [0] _refresh_progression_p0 (res://MainGame.gd:2903)
       [1] _refresh_all (res://MainGame.gd:696)
       [2] _ready (res://MainGame.gd:530)
SCRIPT ERROR: Invalid call. Nonexistent function 'refresh_shop_state' in base 'GDScript'.
   at: _refresh_shop_p0 (res://MainGame.gd:2810)
   GDScript backtrace (most recent call first):
       [0] _refresh_shop_p0 (res://MainGame.gd:2810)
       [1] _refresh_all (res://MainGame.gd:697)
       [2] _ready (res://MainGame.gd:530)
SCRIPT ERROR: Invalid call. Nonexistent function 'refresh_afk_state' in base 'GDScript'.
   at: _refresh_afk_p0 (res://MainGame.gd:2910)
   GDScript backtrace (most recent call first):
       [0] _refresh_afk_p0 (res://MainGame.gd:2910)
       [1] _refresh_all (res://MainGame.gd:698)
       [2] _ready (res://MainGame.gd:530)
SCRIPT ERROR: Invalid call. Nonexistent function 'style_objective_header' in base 'GDScript'.
   at: _add_objective_header_v152 (res://MainGame.gd:2166)
   GDScript backtrace (most recent call first):
       [0] _add_objective_header_v152 (res://MainGame.gd:2166)
       [1] _rebuild_quests (res://MainGame.gd:2205)
       [2] _ready (res://MainGame.gd:532)
SCRIPT ERROR: Invalid call. Nonexistent function 'objective_icon_role' in base 'GDScript'.
   at: _add_objective_row_v152 (res://MainGame.gd:2181)
   GDScript backtrace (most recent call first):
       [0] _add_objective_row_v152 (res://MainGame.gd:2181)
       [1] _rebuild_quests (res://MainGame.gd:2206)
       [2] _ready (res://MainGame.gd:532)
SCRIPT ERROR: Invalid call. Nonexistent function 'objective_icon_role' in base 'GDScript'.
   at: _add_objective_row_v152 (res://MainGame.gd:2181)
   GDScript backtrace (most recent call first):
       [0] _add_objective_row_v152 (res://MainGame.gd:2181)
       [1] _rebuild_quests (res://MainGame.gd:2206)
       [2] _ready (res://MainGame.gd:532)
SCRIPT ERROR: Invalid call. Nonexistent function 'objective_icon_role' in base 'GDScript'.
   at: _add_objective_row_v152 (res://MainGame.gd:2181)
   GDScript backtrace (most recent call first):
       [0] _add_objective_row_v152 (res://MainGame.gd:2181)
       [1] _rebuild_quests (res://MainGame.gd:2206)
       [2] _ready (res://MainGame.gd:532)
SCRIPT ERROR: Invalid call. Nonexistent function 'style_objective_header' in base 'GDScript'.
   at: _add_objective_header_v152 (res://MainGame.gd:2166)
   GDScript backtrace (most recent call first):
       [0] _add_objective_header_v152 (res://MainGame.gd:2166)
       [1] _rebuild_quests (res://MainGame.gd:2205)
       [2] _ready (res://MainGame.gd:532)
SCRIPT ERROR: Invalid call. Nonexistent function 'objective_icon_role' in base 'GDScript'.
   at: _add_objective_row_v152 (res://MainGame.gd:2181)
   GDScript backtrace (most recent call first):
       [0] _add_objective_row_v152 (res://MainGame.gd:2181)
       [1] _rebuild_quests (res://MainGame.gd:2206)
       [2] _ready (res://MainGame.gd:532)
SCRIPT ERROR: Invalid call. Nonexistent function 'objective_icon_role' in base 'GDScript'.
   at: _add_objective_row_v152 (res://MainGame.gd:2181)
   GDScript backtrace (most recent call first):
       [0] _add_objective_row_v152 (res://MainGame.gd:2181)
       [1] _rebuild_quests (res://MainGame.gd:2206)
       [2] _ready (res://MainGame.gd:532)
SCRIPT ERROR: Invalid call. Nonexistent function 'objective_icon_role' in base 'GDScript'.
   at: _add_objective_row_v152 (res://MainGame.gd:2181)
   GDScript backtrace (most recent call first):
       [0] _add_objective_row_v152 (res://MainGame.gd:2181)
       [1] _rebuild_quests (res://MainGame.gd:2206)
       [2] _ready (res://MainGame.gd:532)
SCRIPT ERROR: Invalid call. Nonexistent function 'style_objective_header' in base 'GDScript'.
   at: _add_objective_header_v152 (res://MainGame.gd:2166)
   GDScript backtrace (most recent call first):
       [0] _add_objective_header_v152 (res://MainGame.gd:2166)
       [1] _rebuild_quests (res://MainGame.gd:2205)
       [2] _ready (res://MainGame.gd:532)
SCRIPT ERROR: Invalid call. Nonexistent function 'objective_icon_role' in base 'GDScript'.
   at: _add_objective_row_v152 (res://MainGame.gd:2181)
   GDScript backtrace (most recent call first):
       [0] _add_objective_row_v152 (res://MainGame.gd:2181)
       [1] _rebuild_quests (res://MainGame.gd:2206)
       [2] _ready (res://MainGame.gd:532)
SCRIPT ERROR: Invalid call. Nonexistent function 'objective_icon_role' in base 'GDScript'.
   at: _add_objective_row_v152 (res://MainGame.gd:2181)
   GDScript backtrace (most recent call first):
       [0] _add_objective_row_v152 (res://MainGame.gd:2181)
       [1] _rebuild_quests (res://MainGame.gd:2206)
       [2] _ready (res://MainGame.gd:532)
SCRIPT ERROR: Invalid call. Nonexistent function 'objective_icon_role' in base 'GDScript'.
   at: _add_objective_row_v152 (res://MainGame.gd:2181)
   GDScript backtrace (most recent call first):
       [0] _add_objective_row_v152 (res://MainGame.gd:2181)
       [1] _rebuild_quests (res://MainGame.gd:2206)
       [2] _ready (res://MainGame.gd:532)
SCRIPT ERROR: Invalid call. Nonexistent function 'objective_icon_role' in base 'GDScript'.
   at: _add_objective_row_v152 (res://MainGame.gd:2181)
   GDScript backtrace (most recent call first):
       [0] _add_objective_row_v152 (res://MainGame.gd:2181)
       [1] _rebuild_quests (res://MainGame.gd:2206)
       [2] _ready (res://MainGame.gd:532)
SCRIPT ERROR: Invalid call. Nonexistent function 'objective_icon_role' in base 'GDScript'.
   at: _add_objective_row_v152 (res://MainGame.gd:2181)
   GDScript backtrace (most recent call first):
       [0] _add_objective_row_v152 (res://MainGame.gd:2181)
       [1] _rebuild_quests (res://MainGame.gd:2206)
       [2] _ready (res://MainGame.gd:532)
SCRIPT ERROR: Invalid call. Nonexistent function 'style_objective_header' in base 'GDScript'.
   at: _add_objective_header_v152 (res://MainGame.gd:2166)
   GDScript backtrace (most recent call first):
       [0] _add_objective_header_v152 (res://MainGame.gd:2166)
       [1] _rebuild_quests (res://MainGame.gd:2207)
       [2] _ready (res://MainGame.gd:532)
SCRIPT ERROR: Invalid call. Nonexistent function 'objective_icon_role' in base 'GDScript'.
   at: _rebuild_quests (res://MainGame.gd:2214)
   GDScript backtrace (most recent call first):
       [0] _rebuild_quests (res://MainGame.gd:2214)
       [1] _ready (res://MainGame.gd:532)
SCRIPT ERROR: Invalid call. Nonexistent function 'set_primary_nav_state' in base 'GDScript'.
   at: _switch_view (res://MainGame.gd:1298)
   GDScript backtrace (most recent call first):
       [0] _switch_view (res://MainGame.gd:1298)
       [1] _ready (res://MainGame.gd:537)
ERROR: [P0_BOOT] Main scene setting drift: res://BootFlow.tscn
   at: push_error (core/variant/variant_utility.cpp:1023)
   GDScript backtrace (most recent call first):
       [0] complete_scene_boot (res://P0BootDiagnostics.gd:79)
       [1] _ready (res://MainGame.gd:540)
ERROR: [P0_BOOT] Core contract: P0 violation: Daily visible
   at: push_error (core/variant/variant_utility.cpp:1023)
   GDScript backtrace (most recent call first):
       [0] complete_scene_boot (res://P0BootDiagnostics.gd:79)
       [1] _ready (res://MainGame.gd:540)
ERROR: [P0_BOOT] Core contract: P0 violation: Quests visible
   at: push_error (core/variant/variant_utility.cpp:1023)
   GDScript backtrace (most recent call first):
       [0] complete_scene_boot (res://P0BootDiagnostics.gd:79)
       [1] _ready (res://MainGame.gd:540)
ERROR: [P0_BOOT] Core contract: P0 violation: Heroes visible
   at: push_error (core/variant/variant_utility.cpp:1023)
   GDScript backtrace (most recent call first):
       [0] complete_scene_boot (res://P0BootDiagnostics.gd:79)
       [1] _ready (res://MainGame.gd:540)
ERROR: [P0_BOOT] Core contract: P0 violation: Hero Auto-DPS active
   at: push_error (core/variant/variant_utility.cpp:1023)
   GDScript backtrace (most recent call first):
       [0] complete_scene_boot (res://P0BootDiagnostics.gd:79)
       [1] _ready (res://MainGame.gd:540)
ERROR: [P0_BOOT] P1 isolation: HeroSystem processing during P0
   at: push_error (core/variant/variant_utility.cpp:1023)
   GDScript backtrace (most recent call first):
       [0] complete_scene_boot (res://P0BootDiagnostics.gd:79)
       [1] _ready (res://MainGame.gd:540)
[CORE_ANALYTICS] {"event":"p0_boot_fail","payload":{"errors":["Main scene setting drift: res://BootFlow.tscn","Core contract: P0 violation: Daily visible","Core contract: P0 violation: Quests visible","Core contract: P0 violation: Heroes visible","Core contract: P0 violation: Hero Auto-DPS active","P1 isolation: HeroSystem processing during P0"]},"time_unix":1789104317.969}
SCRIPT ERROR: Invalid call. Nonexistent function 'apply' in base 'GDScript'.
   at: _apply_mobile_runtime_polish (res://MainGame.gd:552)
   GDScript backtrace (most recent call first):
       [0] _apply_mobile_runtime_polish (res://MainGame.gd:552)
SCRIPT ERROR: Invalid call. Nonexistent function 'apply' in base 'GDScript'.
   at: _apply_mobile_runtime_polish (res://MainGame.gd:552)
   GDScript backtrace (most recent call first):
       [0] _apply_mobile_runtime_polish (res://MainGame.gd:552)
       [1] _wait_until_main_ready (res://V2021VisualRuntimeQa.gd:334)
       [2] _wait_until (res://V2021VisualRuntimeQa.gd:363)
ERROR: Lambda capture at index 0 was freed. Passed "null" instead.
   at: call (modules/gdscript/gdscript_lambda_callable.cpp:110)
SCRIPT ERROR: Invalid call. Nonexistent function 'set_primary_nav_state' in base 'GDScript'.
   at: _switch_view (res://MainGame.gd:1298)
   GDScript backtrace (most recent call first):
       [0] _switch_view (res://MainGame.gd:1298)
       [1] _prepare_deterministic_tap (res://V2021VisualRuntimeQa.gd:302)
       [2] _run_tap_determinism (res://V2021VisualRuntimeQa.gd:238)
       [3] _wait_until_main_ready (res://V2021VisualRuntimeQa.gd:335)
       [4] _wait_render_stable (res://V2021VisualRuntimeQa.gd:358)
SCRIPT ERROR: Invalid call. Nonexistent function 'refresh_home_loop_state' in base 'GDScript'.
   at: _update_monster_ui (res://MainGame.gd:1219)
   GDScript backtrace (most recent call first):
       [0] _update_monster_ui (res://MainGame.gd:1219)
       [1] _refresh_all (res://MainGame.gd:675)
       [2] _close_no_spins_state (res://MainGame.gd:1629)
       [3] _dismiss_overlays (res://V2021VisualRuntimeQa.gd:489)
       [4] _wait_render (res://V2021VisualRuntimeQa.gd:353)
SCRIPT ERROR: Invalid call. Nonexistent function 'refresh_village_loop_state' in base 'GDScript'.
   at: _refresh_p0_village (res://MainGame.gd:2410)
   GDScript backtrace (most recent call first):
       [0] _refresh_p0_village (res://MainGame.gd:2410)
       [1] _refresh_all (res://MainGame.gd:680)
       [2] _close_no_spins_state (res://MainGame.gd:1629)
       [3] _dismiss_overlays (res://V2021VisualRuntimeQa.gd:489)
       [4] _wait_render (res://V2021VisualRuntimeQa.gd:353)
SCRIPT ERROR: Invalid call. Nonexistent function 'refresh_reward_session_state' in base 'GDScript'.
   at: _refresh_meta_ui (res://MainGame.gd:1004)
   GDScript backtrace (most recent call first):
       [0] _refresh_meta_ui (res://MainGame.gd:1004)
       [1] _refresh_all (res://MainGame.gd:683)
       [2] _close_no_spins_state (res://MainGame.gd:1629)
       [3] _dismiss_overlays (res://V2021VisualRuntimeQa.gd:489)
       [4] _wait_render (res://V2021VisualRuntimeQa.gd:353)
SCRIPT ERROR: Invalid call. Nonexistent function 'style_objective_header' in base 'GDScript'.
   at: _add_objective_header_v152 (res://MainGame.gd:2166)
   GDScript backtrace (most recent call first):
       [0] _add_objective_header_v152 (res://MainGame.gd:2166)
       [1] _rebuild_quests (res://MainGame.gd:2205)
       [2] _refresh_all (res://MainGame.gd:688)
       [3] _close_no_spins_state (res://MainGame.gd:1629)
       [4] _dismiss_overlays (res://V2021VisualRuntimeQa.gd:489)
       [5] _wait_render (res://V2021VisualRuntimeQa.gd:353)
SCRIPT ERROR: Invalid call. Nonexistent function 'objective_icon_role' in base 'GDScript'.
   at: _add_objective_row_v152 (res://MainGame.gd:2181)
   GDScript backtrace (most recent call first):
       [0] _add_objective_row_v152 (res://MainGame.gd:2181)
       [1] _rebuild_quests (res://MainGame.gd:2206)
       [2] _refresh_all (res://MainGame.gd:688)
       [3] _close_no_spins_state (res://MainGame.gd:1629)
       [4] _dismiss_overlays (res://V2021VisualRuntimeQa.gd:489)
       [5] _wait_render (res://V2021VisualRuntimeQa.gd:353)
SCRIPT ERROR: Invalid call. Nonexistent function 'objective_icon_role' in base 'GDScript'.
   at: _add_objective_row_v152 (res://MainGame.gd:2181)
   GDScript backtrace (most recent call first):
       [0] _add_objective_row_v152 (res://MainGame.gd:2181)
       [1] _rebuild_quests (res://MainGame.gd:2206)
       [2] _refresh_all (res://MainGame.gd:688)
       [3] _close_no_spins_state (res://MainGame.gd:1629)
       [4] _dismiss_overlays (res://V2021VisualRuntimeQa.gd:489)
       [5] _wait_render (res://V2021VisualRuntimeQa.gd:353)
SCRIPT ERROR: Invalid call. Nonexistent function 'objective_icon_role' in base 'GDScript'.
   at: _add_objective_row_v152 (res://MainGame.gd:2181)
   GDScript backtrace (most recent call first):
       [0] _add_objective_row_v152 (res://MainGame.gd:2181)
       [1] _rebuild_quests (res://MainGame.gd:2206)
       [2] _refresh_all (res://MainGame.gd:688)
       [3] _close_no_spins_state (res://MainGame.gd:1629)
       [4] _dismiss_overlays (res://V2021VisualRuntimeQa.gd:489)
       [5] _wait_render (res://V2021VisualRuntimeQa.gd:353)
SCRIPT ERROR: Invalid call. Nonexistent function 'style_objective_header' in base 'GDScript'.
   at: _add_objective_header_v152 (res://MainGame.gd:2166)
   GDScript backtrace (most recent call first):
       [0] _add_objective_header_v152 (res://MainGame.gd:2166)
       [1] _rebuild_quests (res://MainGame.gd:2205)
       [2] _refresh_all (res://MainGame.gd:688)
       [3] _close_no_spins_state (res://MainGame.gd:1629)
       [4] _dismiss_overlays (res://V2021VisualRuntimeQa.gd:489)
       [5] _wait_render (res://V2021VisualRuntimeQa.gd:353)
SCRIPT ERROR: Invalid call. Nonexistent function 'objective_icon_role' in base 'GDScript'.
   at: _add_objective_row_v152 (res://MainGame.gd:2181)
   GDScript backtrace (most recent call first):
       [0] _add_objective_row_v152 (res://MainGame.gd:2181)
       [1] _rebuild_quests (res://MainGame.gd:2206)
       [2] _refresh_all (res://MainGame.gd:688)
       [3] _close_no_spins_state (res://MainGame.gd:1629)
       [4] _dismiss_overlays (res://V2021VisualRuntimeQa.gd:489)
       [5] _wait_render (res://V2021VisualRuntimeQa.gd:353)
SCRIPT ERROR: Invalid call. Nonexistent function 'objective_icon_role' in base 'GDScript'.
   at: _add_objective_row_v152 (res://MainGame.gd:2181)
   GDScript backtrace (most recent call first):
       [0] _add_objective_row_v152 (res://MainGame.gd:2181)
       [1] _rebuild_quests (res://MainGame.gd:2206)
       [2] _refresh_all (res://MainGame.gd:688)
       [3] _close_no_spins_state (res://MainGame.gd:1629)
       [4] _dismiss_overlays (res://V2021VisualRuntimeQa.gd:489)
       [5] _wait_render (res://V2021VisualRuntimeQa.gd:353)
SCRIPT ERROR: Invalid call. Nonexistent function 'objective_icon_role' in base 'GDScript'.
   at: _add_objective_row_v152 (res://MainGame.gd:2181)
   GDScript backtrace (most recent call first):
       [0] _add_objective_row_v152 (res://MainGame.gd:2181)
       [1] _rebuild_quests (res://MainGame.gd:2206)
       [2] _refresh_all (res://MainGame.gd:688)
       [3] _close_no_spins_state (res://MainGame.gd:1629)
       [4] _dismiss_overlays (res://V2021VisualRuntimeQa.gd:489)
       [5] _wait_render (res://V2021VisualRuntimeQa.gd:353)
SCRIPT ERROR: Invalid call. Nonexistent function 'style_objective_header' in base 'GDScript'.
   at: _add_objective_header_v152 (res://MainGame.gd:2166)
   GDScript backtrace (most recent call first):
       [0] _add_objective_header_v152 (res://MainGame.gd:2166)
       [1] _rebuild_quests (res://MainGame.gd:2205)
       [2] _refresh_all (res://MainGame.gd:688)
       [3] _close_no_spins_state (res://MainGame.gd:1629)
       [4] _dismiss_overlays (res://V2021VisualRuntimeQa.gd:489)
       [5] _wait_render (res://V2021VisualRuntimeQa.gd:353)
SCRIPT ERROR: Invalid call. Nonexistent function 'objective_icon_role' in base 'GDScript'.
   at: _add_objective_row_v152 (res://MainGame.gd:2181)
   GDScript backtrace (most recent call first):
       [0] _add_objective_row_v152 (res://MainGame.gd:2181)
       [1] _rebuild_quests (res://MainGame.gd:2206)
       [2] _refresh_all (res://MainGame.gd:688)
       [3] _close_no_spins_state (res://MainGame.gd:1629)
       [4] _dismiss_overlays (res://V2021VisualRuntimeQa.gd:489)
       [5] _wait_render (res://V2021VisualRuntimeQa.gd:353)
SCRIPT ERROR: Invalid call. Nonexistent function 'objective_icon_role' in base 'GDScript'.
   at: _add_objective_row_v152 (res://MainGame.gd:2181)
   GDScript backtrace (most recent call first):
       [0] _add_objective_row_v152 (res://MainGame.gd:2181)
       [1] _rebuild_quests (res://MainGame.gd:2206)
       [2] _refresh_all (res://MainGame.gd:688)
       [3] _close_no_spins_state (res://MainGame.gd:1629)
       [4] _dismiss_overlays (res://V2021VisualRuntimeQa.gd:489)
       [5] _wait_render (res://V2021VisualRuntimeQa.gd:353)
SCRIPT ERROR: Invalid call. Nonexistent function 'objective_icon_role' in base 'GDScript'.
   at: _add_objective_row_v152 (res://MainGame.gd:2181)
   GDScript backtrace (most recent call first):
       [0] _add_objective_row_v152 (res://MainGame.gd:2181)
       [1] _rebuild_quests (res://MainGame.gd:2206)
       [2] _refresh_all (res://MainGame.gd:688)
       [3] _close_no_spins_state (res://MainGame.gd:1629)
       [4] _dismiss_overlays (res://V2021VisualRuntimeQa.gd:489)
       [5] _wait_render (res://V2021VisualRuntimeQa.gd:353)
SCRIPT ERROR: Invalid call. Nonexistent function 'objective_icon_role' in base 'GDScript'.
   at: _add_objective_row_v152 (res://MainGame.gd:2181)
   GDScript backtrace (most recent call first):
       [0] _add_objective_row_v152 (res://MainGame.gd:2181)
       [1] _rebuild_quests (res://MainGame.gd:2206)
       [2] _refresh_all (res://MainGame.gd:688)
       [3] _close_no_spins_state (res://MainGame.gd:1629)
       [4] _dismiss_overlays (res://V2021VisualRuntimeQa.gd:489)
       [5] _wait_render (res://V2021VisualRuntimeQa.gd:353)
SCRIPT ERROR: Invalid call. Nonexistent function 'objective_icon_role' in base 'GDScript'.
   at: _add_objective_row_v152 (res://MainGame.gd:2181)
   GDScript backtrace (most recent call first):
       [0] _add_objective_row_v152 (res://MainGame.gd:2181)
       [1] _rebuild_quests (res://MainGame.gd:2206)
       [2] _refresh_all (res://MainGame.gd:688)
       [3] _close_no_spins_state (res://MainGame.gd:1629)
       [4] _dismiss_overlays (res://V2021VisualRuntimeQa.gd:489)
       [5] _wait_render (res://V2021VisualRuntimeQa.gd:353)
SCRIPT ERROR: Invalid call. Nonexistent function 'style_objective_header' in base 'GDScript'.
   at: _add_objective_header_v152 (res://MainGame.gd:2166)
   GDScript backtrace (most recent call first):
       [0] _add_objective_header_v152 (res://MainGame.gd:2166)
       [1] _rebuild_quests (res://MainGame.gd:2207)
       [2] _refresh_all (res://MainGame.gd:688)
       [3] _close_no_spins_state (res://MainGame.gd:1629)
       [4] _dismiss_overlays (res://V2021VisualRuntimeQa.gd:489)
       [5] _wait_render (res://V2021VisualRuntimeQa.gd:353)
SCRIPT ERROR: Invalid call. Nonexistent function 'objective_icon_role' in base 'GDScript'.
   at: _rebuild_quests (res://MainGame.gd:2214)
   GDScript backtrace (most recent call first):
       [0] _rebuild_quests (res://MainGame.gd:2214)
       [1] _refresh_all (res://MainGame.gd:688)
       [2] _close_no_spins_state (res://MainGame.gd:1629)
       [3] _dismiss_overlays (res://V2021VisualRuntimeQa.gd:489)
       [4] _wait_render (res://V2021VisualRuntimeQa.gd:353)
SCRIPT ERROR: Invalid call. Nonexistent function 'refresh_progression_state' in base 'GDScript'.
   at: _refresh_progression_p0 (res://MainGame.gd:2903)
   GDScript backtrace (most recent call first):
       [0] _refresh_progression_p0 (res://MainGame.gd:2903)
       [1] _refresh_all (res://MainGame.gd:696)
       [2] _close_no_spins_state (res://MainGame.gd:1629)
       [3] _dismiss_overlays (res://V2021VisualRuntimeQa.gd:489)
       [4] _wait_render (res://V2021VisualRuntimeQa.gd:353)
SCRIPT ERROR: Invalid call. Nonexistent function 'refresh_shop_state' in base 'GDScript'.
   at: _refresh_shop_p0 (res://MainGame.gd:2810)
   GDScript backtrace (most recent call first):
       [0] _refresh_shop_p0 (res://MainGame.gd:2810)
       [1] _refresh_all (res://MainGame.gd:697)
       [2] _close_no_spins_state (res://MainGame.gd:1629)
       [3] _dismiss_overlays (res://V2021VisualRuntimeQa.gd:489)
       [4] _wait_render (res://V2021VisualRuntimeQa.gd:353)
SCRIPT ERROR: Invalid call. Nonexistent function 'refresh_afk_state' in base 'GDScript'.
   at: _refresh_afk_p0 (res://MainGame.gd:2910)
   GDScript backtrace (most recent call first):
       [0] _refresh_afk_p0 (res://MainGame.gd:2910)
       [1] _refresh_all (res://MainGame.gd:698)
       [2] _close_no_spins_state (res://MainGame.gd:1629)
       [3] _dismiss_overlays (res://V2021VisualRuntimeQa.gd:489)
       [4] _wait_render (res://V2021VisualRuntimeQa.gd:353)
SCRIPT ERROR: Invalid call. Nonexistent function 'refresh_home_loop_state' in base 'GDScript'.
   at: _update_monster_ui (res://MainGame.gd:1219)
   GDScript backtrace (most recent call first):
       [0] _update_monster_ui (res://MainGame.gd:1219)
       [1] _refresh_all (res://MainGame.gd:675)
       [2] _prepare_deterministic_tap (res://V2021VisualRuntimeQa.gd:307)
       [3] _wait_render_stable (res://V2021VisualRuntimeQa.gd:358)
SCRIPT ERROR: Invalid call. Nonexistent function 'refresh_village_loop_state' in base 'GDScript'.
   at: _refresh_p0_village (res://MainGame.gd:2410)
   GDScript backtrace (most recent call first):
       [0] _refresh_p0_village (res://MainGame.gd:2410)
       [1] _refresh_all (res://MainGame.gd:680)
       [2] _prepare_deterministic_tap (res://V2021VisualRuntimeQa.gd:307)
       [3] _wait_render_stable (res://V2021VisualRuntimeQa.gd:358)
SCRIPT ERROR: Invalid call. Nonexistent function 'refresh_reward_session_state' in base 'GDScript'.
   at: _refresh_meta_ui (res://MainGame.gd:1004)
   GDScript backtrace (most recent call first):
       [0] _refresh_meta_ui (res://MainGame.gd:1004)
       [1] _refresh_all (res://MainGame.gd:683)
       [2] _prepare_deterministic_tap (res://V2021VisualRuntimeQa.gd:307)
       [3] _wait_render_stable (res://V2021VisualRuntimeQa.gd:358)
SCRIPT ERROR: Invalid call. Nonexistent function 'style_objective_header' in base 'GDScript'.
   at: _add_objective_header_v152 (res://MainGame.gd:2166)
   GDScript backtrace (most recent call first):
       [0] _add_objective_header_v152 (res://MainGame.gd:2166)
       [1] _rebuild_quests (res://MainGame.gd:2205)
       [2] _refresh_all (res://MainGame.gd:688)
       [3] _prepare_deterministic_tap (res://V2021VisualRuntimeQa.gd:307)
       [4] _wait_render_stable (res://V2021VisualRuntimeQa.gd:358)
SCRIPT ERROR: Invalid call. Nonexistent function 'objective_icon_role' in base 'GDScript'.
   at: _add_objective_row_v152 (res://MainGame.gd:2181)
   GDScript backtrace (most recent call first):
       [0] _add_objective_row_v152 (res://MainGame.gd:2181)
       [1] _rebuild_quests (res://MainGame.gd:2206)
       [2] _refresh_all (res://MainGame.gd:688)
       [3] _prepare_deterministic_tap (res://V2021VisualRuntimeQa.gd:307)
       [4] _wait_render_stable (res://V2021VisualRuntimeQa.gd:358)
SCRIPT ERROR: Invalid call. Nonexistent function 'objective_icon_role' in base 'GDScript'.
   at: _add_objective_row_v152 (res://MainGame.gd:2181)
   GDScript backtrace (most recent call first):
       [0] _add_objective_row_v152 (res://MainGame.gd:2181)
       [1] _rebuild_quests (res://MainGame.gd:2206)
       [2] _refresh_all (res://MainGame.gd:688)
       [3] _prepare_deterministic_tap (res://V2021VisualRuntimeQa.gd:307)
       [4] _wait_render_stable (res://V2021VisualRuntimeQa.gd:358)
SCRIPT ERROR: Invalid call. Nonexistent function 'objective_icon_role' in base 'GDScript'.
   at: _add_objective_row_v152 (res://MainGame.gd:2181)
   GDScript backtrace (most recent call first):
       [0] _add_objective_row_v152 (res://MainGame.gd:2181)
       [1] _rebuild_quests (res://MainGame.gd:2206)
       [2] _refresh_all (res://MainGame.gd:688)
       [3] _prepare_deterministic_tap (res://V2021VisualRuntimeQa.gd:307)
       [4] _wait_render_stable (res://V2021VisualRuntimeQa.gd:358)
SCRIPT ERROR: Invalid call. Nonexistent function 'style_objective_header' in base 'GDScript'.
   at: _add_objective_header_v152 (res://MainGame.gd:2166)
   GDScript backtrace (most recent call first):
       [0] _add_objective_header_v152 (res://MainGame.gd:2166)
       [1] _rebuild_quests (res://MainGame.gd:2205)
       [2] _refresh_all (res://MainGame.gd:688)
       [3] _prepare_deterministic_tap (res://V2021VisualRuntimeQa.gd:307)
       [4] _wait_render_stable (res://V2021VisualRuntimeQa.gd:358)
SCRIPT ERROR: Invalid call. Nonexistent function 'objective_icon_role' in base 'GDScript'.
   at: _add_objective_row_v152 (res://MainGame.gd:2181)
   GDScript backtrace (most recent call first):
       [0] _add_objective_row_v152 (res://MainGame.gd:2181)
       [1] _rebuild_quests (res://MainGame.gd:2206)
       [2] _refresh_all (res://MainGame.gd:688)
       [3] _prepare_deterministic_tap (res://V2021VisualRuntimeQa.gd:307)
       [4] _wait_render_stable (res://V2021VisualRuntimeQa.gd:358)
SCRIPT ERROR: Invalid call. Nonexistent function 'objective_icon_role' in base 'GDScript'.
   at: _add_objective_row_v152 (res://MainGame.gd:2181)
   GDScript backtrace (most recent call first):
       [0] _add_objective_row_v152 (res://MainGame.gd:2181)
       [1] _rebuild_quests (res://MainGame.gd:2206)
       [2] _refresh_all (res://MainGame.gd:688)
       [3] _prepare_deterministic_tap (res://V2021VisualRuntimeQa.gd:307)
       [4] _wait_render_stable (res://V2021VisualRuntimeQa.gd:358)
SCRIPT ERROR: Invalid call. Nonexistent function 'objective_icon_role' in base 'GDScript'.
   at: _add_objective_row_v152 (res://MainGame.gd:2181)
   GDScript backtrace (most recent call first):
       [0] _add_objective_row_v152 (res://MainGame.gd:2181)
       [1] _rebuild_quests (res://MainGame.gd:2206)
       [2] _refresh_all (res://MainGame.gd:688)
       [3] _prepare_deterministic_tap (res://V2021VisualRuntimeQa.gd:307)
       [4] _wait_render_stable (res://V2021VisualRuntimeQa.gd:358)
SCRIPT ERROR: Invalid call. Nonexistent function 'style_objective_header' in base 'GDScript'.
   at: _add_objective_header_v152 (res://MainGame.gd:2166)
   GDScript backtrace (most recent call first):
       [0] _add_objective_header_v152 (res://MainGame.gd:2166)
       [1] _rebuild_quests (res://MainGame.gd:2205)
       [2] _refresh_all (res://MainGame.gd:688)
       [3] _prepare_deterministic_tap (res://V2021VisualRuntimeQa.gd:307)
       [4] _wait_render_stable (res://V2021VisualRuntimeQa.gd:358)
SCRIPT ERROR: Invalid call. Nonexistent function 'objective_icon_role' in base 'GDScript'.
   at: _add_objective_row_v152 (res://MainGame.gd:2181)
   GDScript backtrace (most recent call first):
       [0] _add_objective_row_v152 (res://MainGame.gd:2181)
       [1] _rebuild_quests (res://MainGame.gd:2206)
       [2] _refresh_all (res://MainGame.gd:688)
       [3] _prepare_deterministic_tap (res://V2021VisualRuntimeQa.gd:307)
       [4] _wait_render_stable (res://V2021VisualRuntimeQa.gd:358)
SCRIPT ERROR: Invalid call. Nonexistent function 'objective_icon_role' in base 'GDScript'.
   at: _add_objective_row_v152 (res://MainGame.gd:2181)
   GDScript backtrace (most recent call first):
       [0] _add_objective_row_v152 (res://MainGame.gd:2181)
       [1] _rebuild_quests (res://MainGame.gd:2206)
       [2] _refresh_all (res://MainGame.gd:688)
       [3] _prepare_deterministic_tap (res://V2021VisualRuntimeQa.gd:307)
       [4] _wait_render_stable (res://V2021VisualRuntimeQa.gd:358)
SCRIPT ERROR: Invalid call. Nonexistent function 'objective_icon_role' in base 'GDScript'.
   at: _add_objective_row_v152 (res://MainGame.gd:2181)
   GDScript backtrace (most recent call first):
       [0] _add_objective_row_v152 (res://MainGame.gd:2181)
       [1] _rebuild_quests (res://MainGame.gd:2206)
       [2] _refresh_all (res://MainGame.gd:688)
       [3] _prepare_deterministic_tap (res://V2021VisualRuntimeQa.gd:307)
       [4] _wait_render_stable (res://V2021VisualRuntimeQa.gd:358)
SCRIPT ERROR: Invalid call. Nonexistent function 'objective_icon_role' in base 'GDScript'.
   at: _add_objective_row_v152 (res://MainGame.gd:2181)
   GDScript backtrace (most recent call first):
       [0] _add_objective_row_v152 (res://MainGame.gd:2181)
       [1] _rebuild_quests (res://MainGame.gd:2206)
       [2] _refresh_all (res://MainGame.gd:688)
       [3] _prepare_deterministic_tap (res://V2021VisualRuntimeQa.gd:307)
       [4] _wait_render_stable (res://V2021VisualRuntimeQa.gd:358)
SCRIPT ERROR: Invalid call. Nonexistent function 'objective_icon_role' in base 'GDScript'.
   at: _add_objective_row_v152 (res://MainGame.gd:2181)
   GDScript backtrace (most recent call first):
       [0] _add_objective_row_v152 (res://MainGame.gd:2181)
       [1] _rebuild_quests (res://MainGame.gd:2206)
       [2] _refresh_all (res://MainGame.gd:688)
       [3] _prepare_deterministic_tap (res://V2021VisualRuntimeQa.gd:307)
       [4] _wait_render_stable (res://V2021VisualRuntimeQa.gd:358)
SCRIPT ERROR: Invalid call. Nonexistent function 'style_objective_header' in base 'GDScript'.
   at: _add_objective_header_v152 (res://MainGame.gd:2166)
   GDScript backtrace (most recent call first):
       [0] _add_objective_header_v152 (res://MainGame.gd:2166)
       [1] _rebuild_quests (res://MainGame.gd:2207)
       [2] _refresh_all (res://MainGame.gd:688)
       [3] _prepare_deterministic_tap (res://V2021VisualRuntimeQa.gd:307)
       [4] _wait_render_stable (res://V2021VisualRuntimeQa.gd:358)
SCRIPT ERROR: Invalid call. Nonexistent function 'objective_icon_role' in base 'GDScript'.
   at: _rebuild_quests (res://MainGame.gd:2214)
   GDScript backtrace (most recent call first):
       [0] _rebuild_quests (res://MainGame.gd:2214)
       [1] _refresh_all (res://MainGame.gd:688)
       [2] _prepare_deterministic_tap (res://V2021VisualRuntimeQa.gd:307)
       [3] _wait_render_stable (res://V2021VisualRuntimeQa.gd:358)
SCRIPT ERROR: Invalid call. Nonexistent function 'refresh_progression_state' in base 'GDScript'.
   at: _refresh_progression_p0 (res://MainGame.gd:2903)
   GDScript backtrace (most recent call first):
       [0] _refresh_progression_p0 (res://MainGame.gd:2903)
       [1] _refresh_all (res://MainGame.gd:696)
       [2] _prepare_deterministic_tap (res://V2021VisualRuntimeQa.gd:307)
       [3] _wait_render_stable (res://V2021VisualRuntimeQa.gd:358)
SCRIPT ERROR: Invalid call. Nonexistent function 'refresh_shop_state' in base 'GDScript'.
   at: _refresh_shop_p0 (res://MainGame.gd:2810)
   GDScript backtrace (most recent call first):
       [0] _refresh_shop_p0 (res://MainGame.gd:2810)
       [1] _refresh_all (res://MainGame.gd:697)
       [2] _prepare_deterministic_tap (res://V2021VisualRuntimeQa.gd:307)
       [3] _wait_render_stable (res://V2021VisualRuntimeQa.gd:358)
SCRIPT ERROR: Invalid call. Nonexistent function 'refresh_afk_state' in base 'GDScript'.
   at: _refresh_afk_p0 (res://MainGame.gd:2910)
   GDScript backtrace (most recent call first):
       [0] _refresh_afk_p0 (res://MainGame.gd:2910)
       [1] _refresh_all (res://MainGame.gd:698)
       [2] _prepare_deterministic_tap (res://V2021VisualRuntimeQa.gd:307)
       [3] _wait_render_stable (res://V2021VisualRuntimeQa.gd:358)
SCRIPT ERROR: Invalid call. Nonexistent function 'refresh_home_loop_state' in base 'GDScript'.
   at: _update_monster_ui (res://MainGame.gd:1219)
   GDScript backtrace (most recent call first):
       [0] _update_monster_ui (res://MainGame.gd:1219)
       [1] damage_monster (res://PlayerData.gd:94)
       [2] _on_monster_pressed (res://MainGame.gd:1311)
       [3] _run_tap_determinism (res://V2021VisualRuntimeQa.gd:249)
       [4] _prepare_deterministic_tap (res://V2021VisualRuntimeQa.gd:307)
       [5] _wait_render_stable (res://V2021VisualRuntimeQa.gd:358)
SCRIPT ERROR: Invalid call. Nonexistent function 'style_objective_header' in base 'GDScript'.
   at: _add_objective_header_v152 (res://MainGame.gd:2166)
   GDScript backtrace (most recent call first):
       [0] _add_objective_header_v152 (res://MainGame.gd:2166)
       [1] _rebuild_quests (res://MainGame.gd:2205)
       [2] add_progress (res://QuestSystem.gd:35)
       [3] _on_monster_pressed (res://MainGame.gd:1313)
       [4] _run_tap_determinism (res://V2021VisualRuntimeQa.gd:249)
       [5] _prepare_deterministic_tap (res://V2021VisualRuntimeQa.gd:307)
       [6] _wait_render_stable (res://V2021VisualRuntimeQa.gd:358)
SCRIPT ERROR: Invalid call. Nonexistent function 'objective_icon_role' in base 'GDScript'.
   at: _add_objective_row_v152 (res://MainGame.gd:2181)
   GDScript backtrace (most recent call first):
       [0] _add_objective_row_v152 (res://MainGame.gd:2181)
       [1] _rebuild_quests (res://MainGame.gd:2206)
       [2] add_progress (res://QuestSystem.gd:35)
       [3] _on_monster_pressed (res://MainGame.gd:1313)
       [4] _run_tap_determinism (res://V2021VisualRuntimeQa.gd:249)
       [5] _prepare_deterministic_tap (res://V2021VisualRuntimeQa.gd:307)
       [6] _wait_render_stable (res://V2021VisualRuntimeQa.gd:358)
SCRIPT ERROR: Invalid call. Nonexistent function 'objective_icon_role' in base 'GDScript'.
   at: _add_objective_row_v152 (res://MainGame.gd:2181)
   GDScript backtrace (most recent call first):
       [0] _add_objective_row_v152 (res://MainGame.gd:2181)
       [1] _rebuild_quests (res://MainGame.gd:2206)
       [2] add_progress (res://QuestSystem.gd:35)
       [3] _on_monster_pressed (res://MainGame.gd:1313)
       [4] _run_tap_determinism (res://V2021VisualRuntimeQa.gd:249)
       [5] _prepare_deterministic_tap (res://V2021VisualRuntimeQa.gd:307)
       [6] _wait_render_stable (res://V2021VisualRuntimeQa.gd:358)
SCRIPT ERROR: Invalid call. Nonexistent function 'objective_icon_role' in base 'GDScript'.
   at: _add_objective_row_v152 (res://MainGame.gd:2181)
   GDScript backtrace (most recent call first):
       [0] _add_objective_row_v152 (res://MainGame.gd:2181)
       [1] _rebuild_quests (res://MainGame.gd:2206)
       [2] add_progress (res://QuestSystem.gd:35)
       [3] _on_monster_pressed (res://MainGame.gd:1313)
       [4] _run_tap_determinism (res://V2021VisualRuntimeQa.gd:249)
       [5] _prepare_deterministic_tap (res://V2021VisualRuntimeQa.gd:307)
       [6] _wait_render_stable (res://V2021VisualRuntimeQa.gd:358)
SCRIPT ERROR: Invalid call. Nonexistent function 'style_objective_header' in base 'GDScript'.
   at: _add_objective_header_v152 (res://MainGame.gd:2166)
   GDScript backtrace (most recent call first):
       [0] _add_objective_header_v152 (res://MainGame.gd:2166)
       [1] _rebuild_quests (res://MainGame.gd:2205)
       [2] add_progress (res://QuestSystem.gd:35)
       [3] _on_monster_pressed (res://MainGame.gd:1313)
       [4] _run_tap_determinism (res://V2021VisualRuntimeQa.gd:249)
       [5] _prepare_deterministic_tap (res://V2021VisualRuntimeQa.gd:307)
       [6] _wait_render_stable (res://V2021VisualRuntimeQa.gd:358)
SCRIPT ERROR: Invalid call. Nonexistent function 'objective_icon_role' in base 'GDScript'.
   at: _add_objective_row_v152 (res://MainGame.gd:2181)
   GDScript backtrace (most recent call first):
       [0] _add_objective_row_v152 (res://MainGame.gd:2181)
       [1] _rebuild_quests (res://MainGame.gd:2206)
       [2] add_progress (res://QuestSystem.gd:35)
       [3] _on_monster_pressed (res://MainGame.gd:1313)
       [4] _run_tap_determinism (res://V2021VisualRuntimeQa.gd:249)
       [5] _prepare_deterministic_tap (res://V2021VisualRuntimeQa.gd:307)
       [6] _wait_render_stable (res://V2021VisualRuntimeQa.gd:358)
SCRIPT ERROR: Invalid call. Nonexistent function 'objective_icon_role' in base 'GDScript'.
   at: _add_objective_row_v152 (res://MainGame.gd:2181)
   GDScript backtrace (most recent call first):
       [0] _add_objective_row_v152 (res://MainGame.gd:2181)
       [1] _rebuild_quests (res://MainGame.gd:2206)
       [2] add_progress (res://QuestSystem.gd:35)
       [3] _on_monster_pressed (res://MainGame.gd:1313)
       [4] _run_tap_determinism (res://V2021VisualRuntimeQa.gd:249)
       [5] _prepare_deterministic_tap (res://V2021VisualRuntimeQa.gd:307)
       [6] _wait_render_stable (res://V2021VisualRuntimeQa.gd:358)
SCRIPT ERROR: Invalid call. Nonexistent function 'objective_icon_role' in base 'GDScript'.
   at: _add_objective_row_v152 (res://MainGame.gd:2181)
   GDScript backtrace (most recent call first):
       [0] _add_objective_row_v152 (res://MainGame.gd:2181)
       [1] _rebuild_quests (res://MainGame.gd:2206)
       [2] add_progress (res://QuestSystem.gd:35)
       [3] _on_monster_pressed (res://MainGame.gd:1313)
       [4] _run_tap_determinism (res://V2021VisualRuntimeQa.gd:249)
       [5] _prepare_deterministic_tap (res://V2021VisualRuntimeQa.gd:307)
       [6] _wait_render_stable (res://V2021VisualRuntimeQa.gd:358)
SCRIPT ERROR: Invalid call. Nonexistent function 'style_objective_header' in base 'GDScript'.
   at: _add_objective_header_v152 (res://MainGame.gd:2166)
   GDScript backtrace (most recent call first):
       [0] _add_objective_header_v152 (res://MainGame.gd:2166)
       [1] _rebuild_quests (res://MainGame.gd:2205)
       [2] add_progress (res://QuestSystem.gd:35)
       [3] _on_monster_pressed (res://MainGame.gd:1313)
       [4] _run_tap_determinism (res://V2021VisualRuntimeQa.gd:249)
       [5] _prepare_deterministic_tap (res://V2021VisualRuntimeQa.gd:307)
       [6] _wait_render_stable (res://V2021VisualRuntimeQa.gd:358)
SCRIPT ERROR: Invalid call. Nonexistent function 'objective_icon_role' in base 'GDScript'.
   at: _add_objective_row_v152 (res://MainGame.gd:2181)
   GDScript backtrace (most recent call first):
       [0] _add_objective_row_v152 (res://MainGame.gd:2181)
       [1] _rebuild_quests (res://MainGame.gd:2206)
       [2] add_progress (res://QuestSystem.gd:35)
       [3] _on_monster_pressed (res://MainGame.gd:1313)
       [4] _run_tap_determinism (res://V2021VisualRuntimeQa.gd:249)
       [5] _prepare_deterministic_tap (res://V2021VisualRuntimeQa.gd:307)
       [6] _wait_render_stable (res://V2021VisualRuntimeQa.gd:358)
SCRIPT ERROR: Invalid call. Nonexistent function 'objective_icon_role' in base 'GDScript'.
   at: _add_objective_row_v152 (res://MainGame.gd:2181)
   GDScript backtrace (most recent call first):
       [0] _add_objective_row_v152 (res://MainGame.gd:2181)
       [1] _rebuild_quests (res://MainGame.gd:2206)
       [2] add_progress (res://QuestSystem.gd:35)
       [3] _on_monster_pressed (res://MainGame.gd:1313)
       [4] _run_tap_determinism (res://V2021VisualRuntimeQa.gd:249)
       [5] _prepare_deterministic_tap (res://V2021VisualRuntimeQa.gd:307)
       [6] _wait_render_stable (res://V2021VisualRuntimeQa.gd:358)
SCRIPT ERROR: Invalid call. Nonexistent function 'objective_icon_role' in base 'GDScript'.
   at: _add_objective_row_v152 (res://MainGame.gd:2181)
   GDScript backtrace (most recent call first):
       [0] _add_objective_row_v152 (res://MainGame.gd:2181)
       [1] _rebuild_quests (res://MainGame.gd:2206)
       [2] add_progress (res://QuestSystem.gd:35)
       [3] _on_monster_pressed (res://MainGame.gd:1313)
       [4] _run_tap_determinism (res://V2021VisualRuntimeQa.gd:249)
       [5] _prepare_deterministic_tap (res://V2021VisualRuntimeQa.gd:307)
       [6] _wait_render_stable (res://V2021VisualRuntimeQa.gd:358)
SCRIPT ERROR: Invalid call. Nonexistent function 'objective_icon_role' in base 'GDScript'.
   at: _add_objective_row_v152 (res://MainGame.gd:2181)
   GDScript backtrace (most recent call first):
       [0] _add_objective_row_v152 (res://MainGame.gd:2181)
       [1] _rebuild_quests (res://MainGame.gd:2206)
       [2] add_progress (res://QuestSystem.gd:35)
       [3] _on_monster_pressed (res://MainGame.gd:1313)
       [4] _run_tap_determinism (res://V2021VisualRuntimeQa.gd:249)
       [5] _prepare_deterministic_tap (res://V2021VisualRuntimeQa.gd:307)
       [6] _wait_render_stable (res://V2021VisualRuntimeQa.gd:358)
SCRIPT ERROR: Invalid call. Nonexistent function 'objective_icon_role' in base 'GDScript'.
   at: _add_objective_row_v152 (res://MainGame.gd:2181)
   GDScript backtrace (most recent call first):
       [0] _add_objective_row_v152 (res://MainGame.gd:2181)
       [1] _rebuild_quests (res://MainGame.gd:2206)
       [2] add_progress (res://QuestSystem.gd:35)
       [3] _on_monster_pressed (res://MainGame.gd:1313)
       [4] _run_tap_determinism (res://V2021VisualRuntimeQa.gd:249)
       [5] _prepare_deterministic_tap (res://V2021VisualRuntimeQa.gd:307)
       [6] _wait_render_stable (res://V2021VisualRuntimeQa.gd:358)
SCRIPT ERROR: Invalid call. Nonexistent function 'style_objective_header' in base 'GDScript'.
   at: _add_objective_header_v152 (res://MainGame.gd:2166)
   GDScript backtrace (most recent call first):
       [0] _add_objective_header_v152 (res://MainGame.gd:2166)
       [1] _rebuild_quests (res://MainGame.gd:2207)
       [2] add_progress (res://QuestSystem.gd:35)
       [3] _on_monster_pressed (res://MainGame.gd:1313)
       [4] _run_tap_determinism (res://V2021VisualRuntimeQa.gd:249)
       [5] _prepare_deterministic_tap (res://V2021VisualRuntimeQa.gd:307)
       [6] _wait_render_stable (res://V2021VisualRuntimeQa.gd:358)
SCRIPT ERROR: Invalid call. Nonexistent function 'objective_icon_role' in base 'GDScript'.
   at: _rebuild_quests (res://MainGame.gd:2214)
   GDScript backtrace (most recent call first):
       [0] _rebuild_quests (res://MainGame.gd:2214)
       [1] add_progress (res://QuestSystem.gd:35)
       [2] _on_monster_pressed (res://MainGame.gd:1313)
       [3] _run_tap_determinism (res://V2021VisualRuntimeQa.gd:249)
       [4] _prepare_deterministic_tap (res://V2021VisualRuntimeQa.gd:307)
       [5] _wait_render_stable (res://V2021VisualRuntimeQa.gd:358)
SCRIPT ERROR: Invalid call. Nonexistent function 'refresh_home_loop_state' in base 'GDScript'.
   at: _update_monster_ui (res://MainGame.gd:1219)
   GDScript backtrace (most recent call first):
       [0] _update_monster_ui (res://MainGame.gd:1219)
       [1] _refresh_all (res://MainGame.gd:675)
       [2] @shields_setter (res://PlayerData.gd:14)
       [3] _reset_shared_state (res://P0TestHarness.gd:64)
       [4] apply_profile (res://P0TestHarness.gd:33)
       [5] _run_tap_determinism (res://V2021VisualRuntimeQa.gd:222)
       [6] _prepare_deterministic_tap (res://V2021VisualRuntimeQa.gd:307)
       [7] _wait_render_stable (res://V2021VisualRuntimeQa.gd:358)
SCRIPT ERROR: Invalid call. Nonexistent function 'refresh_village_loop_state' in base 'GDScript'.
   at: _refresh_p0_village (res://MainGame.gd:2410)
   GDScript backtrace (most recent call first):
       [0] _refresh_p0_village (res://MainGame.gd:2410)
       [1] _refresh_all (res://MainGame.gd:680)
       [2] @shields_setter (res://PlayerData.gd:14)
       [3] _reset_shared_state (res://P0TestHarness.gd:64)
       [4] apply_profile (res://P0TestHarness.gd:33)
       [5] _run_tap_determinism (res://V2021VisualRuntimeQa.gd:222)
       [6] _prepare_deterministic_tap (res://V2021VisualRuntimeQa.gd:307)
       [7] _wait_render_stable (res://V2021VisualRuntimeQa.gd:358)
SCRIPT ERROR: Invalid call. Nonexistent function 'refresh_reward_session_state' in base 'GDScript'.
   at: _refresh_meta_ui (res://MainGame.gd:1004)
   GDScript backtrace (most recent call first):
       [0] _refresh_meta_ui (res://MainGame.gd:1004)
       [1] _refresh_all (res://MainGame.gd:683)
       [2] @shields_setter (res://PlayerData.gd:14)
       [3] _reset_shared_state (res://P0TestHarness.gd:64)
       [4] apply_profile (res://P0TestHarness.gd:33)
       [5] _run_tap_determinism (res://V2021VisualRuntimeQa.gd:222)
       [6] _prepare_deterministic_tap (res://V2021VisualRuntimeQa.gd:307)
       [7] _wait_render_stable (res://V2021VisualRuntimeQa.gd:358)
SCRIPT ERROR: Invalid call. Nonexistent function 'style_objective_header' in base 'GDScript'.
   at: _add_objective_header_v152 (res://MainGame.gd:2166)
   GDScript backtrace (most recent call first):
       [0] _add_objective_header_v152 (res://MainGame.gd:2166)
       [1] _rebuild_quests (res://MainGame.gd:2205)
       [2] _refresh_all (res://MainGame.gd:688)
       [3] @shields_setter (res://PlayerData.gd:14)
       [4] _reset_shared_state (res://P0TestHarness.gd:64)
       [5] apply_profile (res://P0TestHarness.gd:33)
       [6] _run_tap_determinism (res://V2021VisualRuntimeQa.gd:222)
       [7] _prepare_deterministic_tap (res://V2021VisualRuntimeQa.gd:307)
       [8] _wait_render_stable (res://V2021VisualRuntimeQa.gd:358)
SCRIPT ERROR: Invalid call. Nonexistent function 'objective_icon_role' in base 'GDScript'.
   at: _add_objective_row_v152 (res://MainGame.gd:2181)
   GDScript backtrace (most recent call first):
       [0] _add_objective_row_v152 (res://MainGame.gd:2181)
       [1] _rebuild_quests (res://MainGame.gd:2206)
       [2] _refresh_all (res://MainGame.gd:688)
       [3] @shields_setter (res://PlayerData.gd:14)
       [4] _reset_shared_state (res://P0TestHarness.gd:64)
       [5] apply_profile (res://P0TestHarness.gd:33)
       [6] _run_tap_determinism (res://V2021VisualRuntimeQa.gd:222)
       [7] _prepare_deterministic_tap (res://V2021VisualRuntimeQa.gd:307)
       [8] _wait_render_stable (res://V2021VisualRuntimeQa.gd:358)
SCRIPT ERROR: Invalid call. Nonexistent function 'objective_icon_role' in base 'GDScript'.
   at: _add_objective_row_v152 (res://MainGame.gd:2181)
   GDScript backtrace (most recent call first):
       [0] _add_objective_row_v152 (res://MainGame.gd:2181)
       [1] _rebuild_quests (res://MainGame.gd:2206)
       [2] _refresh_all (res://MainGame.gd:688)
       [3] @shields_setter (res://PlayerData.gd:14)
       [4] _reset_shared_state (res://P0TestHarness.gd:64)
       [5] apply_profile (res://P0TestHarness.gd:33)
       [6] _run_tap_determinism (res://V2021VisualRuntimeQa.gd:222)
       [7] _prepare_deterministic_tap (res://V2021VisualRuntimeQa.gd:307)
       [8] _wait_render_stable (res://V2021VisualRuntimeQa.gd:358)
SCRIPT ERROR: Invalid call. Nonexistent function 'objective_icon_role' in base 'GDScript'.
   at: _add_objective_row_v152 (res://MainGame.gd:2181)
   GDScript backtrace (most recent call first):
       [0] _add_objective_row_v152 (res://MainGame.gd:2181)
       [1] _rebuild_quests (res://MainGame.gd:2206)
       [2] _refresh_all (res://MainGame.gd:688)
       [3] @shields_setter (res://PlayerData.gd:14)
       [4] _reset_shared_state (res://P0TestHarness.gd:64)
       [5] apply_profile (res://P0TestHarness.gd:33)
       [6] _run_tap_determinism (res://V2021VisualRuntimeQa.gd:222)
       [7] _prepare_deterministic_tap (res://V2021VisualRuntimeQa.gd:307)
       [8] _wait_render_stable (res://V2021VisualRuntimeQa.gd:358)
SCRIPT ERROR: Invalid call. Nonexistent function 'style_objective_header' in base 'GDScript'.
   at: _add_objective_header_v152 (res://MainGame.gd:2166)
   GDScript backtrace (most recent call first):
       [0] _add_objective_header_v152 (res://MainGame.gd:2166)
       [1] _rebuild_quests (res://MainGame.gd:2205)
       [2] _refresh_all (res://MainGame.gd:688)
       [3] @shields_setter (res://PlayerData.gd:14)
       [4] _reset_shared_state (res://P0TestHarness.gd:64)
       [5] apply_profile (res://P0TestHarness.gd:33)
       [6] _run_tap_determinism (res://V2021VisualRuntimeQa.gd:222)
       [7] _prepare_deterministic_tap (res://V2021VisualRuntimeQa.gd:307)
       [8] _wait_render_stable (res://V2021VisualRuntimeQa.gd:358)
SCRIPT ERROR: Invalid call. Nonexistent function 'objective_icon_role' in base 'GDScript'.
   at: _add_objective_row_v152 (res://MainGame.gd:2181)
   GDScript backtrace (most recent call first):
       [0] _add_objective_row_v152 (res://MainGame.gd:2181)
       [1] _rebuild_quests (res://MainGame.gd:2206)
       [2] _refresh_all (res://MainGame.gd:688)
       [3] @shields_setter (res://PlayerData.gd:14)
       [4] _reset_shared_state (res://P0TestHarness.gd:64)
       [5] apply_profile (res://P0TestHarness.gd:33)
       [6] _run_tap_determinism (res://V2021VisualRuntimeQa.gd:222)
       [7] _prepare_deterministic_tap (res://V2021VisualRuntimeQa.gd:307)
       [8] _wait_render_stable (res://V2021VisualRuntimeQa.gd:358)
SCRIPT ERROR: Invalid call. Nonexistent function 'objective_icon_role' in base 'GDScript'.
   at: _add_objective_row_v152 (res://MainGame.gd:2181)
   GDScript backtrace (most recent call first):
       [0] _add_objective_row_v152 (res://MainGame.gd:2181)
       [1] _rebuild_quests (res://MainGame.gd:2206)
       [2] _refresh_all (res://MainGame.gd:688)
       [3] @shields_setter (res://PlayerData.gd:14)
       [4] _reset_shared_state (res://P0TestHarness.gd:64)
       [5] apply_profile (res://P0TestHarness.gd:33)
       [6] _run_tap_determinism (res://V2021VisualRuntimeQa.gd:222)
       [7] _prepare_deterministic_tap (res://V2021VisualRuntimeQa.gd:307)
       [8] _wait_render_stable (res://V2021VisualRuntimeQa.gd:358)
SCRIPT ERROR: Invalid call. Nonexistent function 'objective_icon_role' in base 'GDScript'.
   at: _add_objective_row_v152 (res://MainGame.gd:2181)
   GDScript backtrace (most recent call first):
       [0] _add_objective_row_v152 (res://MainGame.gd:2181)
       [1] _rebuild_quests (res://MainGame.gd:2206)
       [2] _refresh_all (res://MainGame.gd:688)
       [3] @shields_setter (res://PlayerData.gd:14)
       [4] _reset_shared_state (res://P0TestHarness.gd:64)
       [5] apply_profile (res://P0TestHarness.gd:33)
       [6] _run_tap_determinism (res://V2021VisualRuntimeQa.gd:222)
       [7] _prepare_deterministic_tap (res://V2021VisualRuntimeQa.gd:307)
       [8] _wait_render_stable (res://V2021VisualRuntimeQa.gd:358)
SCRIPT ERROR: Invalid call. Nonexistent function 'style_objective_header' in base 'GDScript'.
   at: _add_objective_header_v152 (res://MainGame.gd:2166)
   GDScript backtrace (most recent call first):
       [0] _add_objective_header_v152 (res://MainGame.gd:2166)
       [1] _rebuild_quests (res://MainGame.gd:2205)
       [2] _refresh_all (res://MainGame.gd:688)
       [3] @shields_setter (res://PlayerData.gd:14)
       [4] _reset_shared_state (res://P0TestHarness.gd:64)
       [5] apply_profile (res://P0TestHarness.gd:33)
       [6] _run_tap_determinism (res://V2021VisualRuntimeQa.gd:222)
       [7] _prepare_deterministic_tap (res://V2021VisualRuntimeQa.gd:307)
       [8] _wait_render_stable (res://V2021VisualRuntimeQa.gd:358)
SCRIPT ERROR: Invalid call. Nonexistent function 'objective_icon_role' in base 'GDScript'.
   at: _add_objective_row_v152 (res://MainGame.gd:2181)
   GDScript backtrace (most recent call first):
       [0] _add_objective_row_v152 (res://MainGame.gd:2181)
       [1] _rebuild_quests (res://MainGame.gd:2206)
       [2] _refresh_all (res://MainGame.gd:688)
       [3] @shields_setter (res://PlayerData.gd:14)
       [4] _reset_shared_state (res://P0TestHarness.gd:64)
       [5] apply_profile (res://P0TestHarness.gd:33)
       [6] _run_tap_determinism (res://V2021VisualRuntimeQa.gd:222)
       [7] _prepare_deterministic_tap (res://V2021VisualRuntimeQa.gd:307)
       [8] _wait_render_stable (res://V2021VisualRuntimeQa.gd:358)
SCRIPT ERROR: Invalid call. Nonexistent function 'objective_icon_role' in base 'GDScript'.
   at: _add_objective_row_v152 (res://MainGame.gd:2181)
   GDScript backtrace (most recent call first):
       [0] _add_objective_row_v152 (res://MainGame.gd:2181)
       [1] _rebuild_quests (res://MainGame.gd:2206)
       [2] _refresh_all (res://MainGame.gd:688)
       [3] @shields_setter (res://PlayerData.gd:14)
       [4] _reset_shared_state (res://P0TestHarness.gd:64)
       [5] apply_profile (res://P0TestHarness.gd:33)
       [6] _run_tap_determinism (res://V2021VisualRuntimeQa.gd:222)
       [7] _prepare_deterministic_tap (res://V2021VisualRuntimeQa.gd:307)
       [8] _wait_render_stable (res://V2021VisualRuntimeQa.gd:358)
SCRIPT ERROR: Invalid call. Nonexistent function 'objective_icon_role' in base 'GDScript'.
   at: _add_objective_row_v152 (res://MainGame.gd:2181)
   GDScript backtrace (most recent call first):
       [0] _add_objective_row_v152 (res://MainGame.gd:2181)
       [1] _rebuild_quests (res://MainGame.gd:2206)
       [2] _refresh_all (res://MainGame.gd:688)
       [3] @shields_setter (res://PlayerData.gd:14)
       [4] _reset_shared_state (res://P0TestHarness.gd:64)
       [5] apply_profile (res://P0TestHarness.gd:33)
       [6] _run_tap_determinism (res://V2021VisualRuntimeQa.gd:222)
       [7] _prepare_deterministic_tap (res://V2021VisualRuntimeQa.gd:307)
       [8] _wait_render_stable (res://V2021VisualRuntimeQa.gd:358)
SCRIPT ERROR: Invalid call. Nonexistent function 'objective_icon_role' in base 'GDScript'.
   at: _add_objective_row_v152 (res://MainGame.gd:2181)
   GDScript backtrace (most recent call first):
       [0] _add_objective_row_v152 (res://MainGame.gd:2181)
       [1] _rebuild_quests (res://MainGame.gd:2206)
       [2] _refresh_all (res://MainGame.gd:688)
       [3] @shields_setter (res://PlayerData.gd:14)
       [4] _reset_shared_state (res://P0TestHarness.gd:64)
       [5] apply_profile (res://P0TestHarness.gd:33)
       [6] _run_tap_determinism (res://V2021VisualRuntimeQa.gd:222)
       [7] _prepare_deterministic_tap (res://V2021VisualRuntimeQa.gd:307)
       [8] _wait_render_stable (res://V2021VisualRuntimeQa.gd:358)
SCRIPT ERROR: Invalid call. Nonexistent function 'objective_icon_role' in base 'GDScript'.
   at: _add_objective_row_v152 (res://MainGame.gd:2181)
   GDScript backtrace (most recent call first):
       [0] _add_objective_row_v152 (res://MainGame.gd:2181)
       [1] _rebuild_quests (res://MainGame.gd:2206)
       [2] _refresh_all (res://MainGame.gd:688)
       [3] @shields_setter (res://PlayerData.gd:14)
       [4] _reset_shared_state (res://P0TestHarness.gd:64)
       [5] apply_profile (res://P0TestHarness.gd:33)
       [6] _run_tap_determinism (res://V2021VisualRuntimeQa.gd:222)
       [7] _prepare_deterministic_tap (res://V2021VisualRuntimeQa.gd:307)
       [8] _wait_render_stable (res://V2021VisualRuntimeQa.gd:358)
SCRIPT ERROR: Invalid call. Nonexistent function 'style_objective_header' in base 'GDScript'.
   at: _add_objective_header_v152 (res://MainGame.gd:2166)
   GDScript backtrace (most recent call first):
       [0] _add_objective_header_v152 (res://MainGame.gd:2166)
       [1] _rebuild_quests (res://MainGame.gd:2207)
       [2] _refresh_all (res://MainGame.gd:688)
       [3] @shields_setter (res://PlayerData.gd:14)
       [4] _reset_shared_state (res://P0TestHarness.gd:64)
       [5] apply_profile (res://P0TestHarness.gd:33)
       [6] _run_tap_determinism (res://V2021VisualRuntimeQa.gd:222)
       [7] _prepare_deterministic_tap (res://V2021VisualRuntimeQa.gd:307)
       [8] _wait_render_stable (res://V2021VisualRuntimeQa.gd:358)
SCRIPT ERROR: Invalid call. Nonexistent function 'objective_icon_role' in base 'GDScript'.
   at: _rebuild_quests (res://MainGame.gd:2214)
   GDScript backtrace (most recent call first):
       [0] _rebuild_quests (res://MainGame.gd:2214)
       [1] _refresh_all (res://MainGame.gd:688)
       [2] @shields_setter (res://PlayerData.gd:14)
       [3] _reset_shared_state (res://P0TestHarness.gd:64)
       [4] apply_profile (res://P0TestHarness.gd:33)
       [5] _run_tap_determinism (res://V2021VisualRuntimeQa.gd:222)
       [6] _prepare_deterministic_tap (res://V2021VisualRuntimeQa.gd:307)
       [7] _wait_render_stable (res://V2021VisualRuntimeQa.gd:358)
SCRIPT ERROR: Invalid call. Nonexistent function 'refresh_progression_state' in base 'GDScript'.
   at: _refresh_progression_p0 (res://MainGame.gd:2903)
   GDScript backtrace (most recent call first):
       [0] _refresh_progression_p0 (res://MainGame.gd:2903)
       [1] _refresh_all (res://MainGame.gd:696)
       [2] @shields_setter (res://PlayerData.gd:14)
       [3] _reset_shared_state (res://P0TestHarness.gd:64)
       [4] apply_profile (res://P0TestHarness.gd:33)
       [5] _run_tap_determinism (res://V2021VisualRuntimeQa.gd:222)
       [6] _prepare_deterministic_tap (res://V2021VisualRuntimeQa.gd:307)
       [7] _wait_render_stable (res://V2021VisualRuntimeQa.gd:358)
SCRIPT ERROR: Invalid call. Nonexistent function 'refresh_shop_state' in base 'GDScript'.
   at: _refresh_shop_p0 (res://MainGame.gd:2810)
   GDScript backtrace (most recent call first):
       [0] _refresh_shop_p0 (res://MainGame.gd:2810)
       [1] _refresh_all (res://MainGame.gd:697)
       [2] @shields_setter (res://PlayerData.gd:14)
       [3] _reset_shared_state (res://P0TestHarness.gd:64)
       [4] apply_profile (res://P0TestHarness.gd:33)
       [5] _run_tap_determinism (res://V2021VisualRuntimeQa.gd:222)
       [6] _prepare_deterministic_tap (res://V2021VisualRuntimeQa.gd:307)
       [7] _wait_render_stable (res://V2021VisualRuntimeQa.gd:358)
SCRIPT ERROR: Invalid call. Nonexistent function 'refresh_afk_state' in base 'GDScript'.
   at: _refresh_afk_p0 (res://MainGame.gd:2910)
   GDScript backtrace (most recent call first):
       [0] _refresh_afk_p0 (res://MainGame.gd:2910)
       [1] _refresh_all (res://MainGame.gd:698)
       [2] @shields_setter (res://PlayerData.gd:14)
       [3] _reset_shared_state (res://P0TestHarness.gd:64)
       [4] apply_profile (res://P0TestHarness.gd:33)
       [5] _run_tap_determinism (res://V2021VisualRuntimeQa.gd:222)
       [6] _prepare_deterministic_tap (res://V2021VisualRuntimeQa.gd:307)
       [7] _wait_render_stable (res://V2021VisualRuntimeQa.gd:358)
SCRIPT ERROR: Invalid call. Nonexistent function 'refresh_home_loop_state' in base 'GDScript'.
   at: _update_monster_ui (res://MainGame.gd:1219)
   GDScript backtrace (most recent call first):
       [0] _update_monster_ui (res://MainGame.gd:1219)
       [1] _refresh_all (res://MainGame.gd:675)
       [2] _reset_shared_state (res://P0TestHarness.gd:81)
       [3] apply_profile (res://P0TestHarness.gd:33)
       [4] _run_tap_determinism (res://V2021VisualRuntimeQa.gd:222)
       [5] _prepare_deterministic_tap (res://V2021VisualRuntimeQa.gd:307)
       [6] _wait_render_stable (res://V2021VisualRuntimeQa.gd:358)
SCRIPT ERROR: Invalid call. Nonexistent function 'refresh_village_loop_state' in base 'GDScript'.
   at: _refresh_p0_village (res://MainGame.gd:2410)
   GDScript backtrace (most recent call first):
       [0] _refresh_p0_village (res://MainGame.gd:2410)
       [1] _refresh_all (res://MainGame.gd:680)
       [2] _reset_shared_state (res://P0TestHarness.gd:81)
       [3] apply_profile (res://P0TestHarness.gd:33)
       [4] _run_tap_determinism (res://V2021VisualRuntimeQa.gd:222)
       [5] _prepare_deterministic_tap (res://V2021VisualRuntimeQa.gd:307)
       [6] _wait_render_stable (res://V2021VisualRuntimeQa.gd:358)
SCRIPT ERROR: Invalid call. Nonexistent function 'refresh_reward_session_state' in base 'GDScript'.
   at: _refresh_meta_ui (res://MainGame.gd:1004)
   GDScript backtrace (most recent call first):
       [0] _refresh_meta_ui (res://MainGame.gd:1004)
       [1] _refresh_all (res://MainGame.gd:683)
       [2] _reset_shared_state (res://P0TestHarness.gd:81)
       [3] apply_profile (res://P0TestHarness.gd:33)
       [4] _run_tap_determinism (res://V2021VisualRuntimeQa.gd:222)
       [5] _prepare_deterministic_tap (res://V2021VisualRuntimeQa.gd:307)
       [6] _wait_render_stable (res://V2021VisualRuntimeQa.gd:358)
SCRIPT ERROR: Invalid call. Nonexistent function 'style_objective_header' in base 'GDScript'.
   at: _add_objective_header_v152 (res://MainGame.gd:2166)
   GDScript backtrace (most recent call first):
       [0] _add_objective_header_v152 (res://MainGame.gd:2166)
       [1] _rebuild_quests (res://MainGame.gd:2205)
       [2] _refresh_all (res://MainGame.gd:688)
       [3] _reset_shared_state (res://P0TestHarness.gd:81)
       [4] apply_profile (res://P0TestHarness.gd:33)
       [5] _run_tap_determinism (res://V2021VisualRuntimeQa.gd:222)
       [6] _prepare_deterministic_tap (res://V2021VisualRuntimeQa.gd:307)
       [7] _wait_render_stable (res://V2021VisualRuntimeQa.gd:358)
SCRIPT ERROR: Invalid call. Nonexistent function 'objective_icon_role' in base 'GDScript'.
   at: _add_objective_row_v152 (res://MainGame.gd:2181)
   GDScript backtrace (most recent call first):
       [0] _add_objective_row_v152 (res://MainGame.gd:2181)
       [1] _rebuild_quests (res://MainGame.gd:2206)
       [2] _refresh_all (res://MainGame.gd:688)
       [3] _reset_shared_state (res://P0TestHarness.gd:81)
       [4] apply_profile (res://P0TestHarness.gd:33)
       [5] _run_tap_determinism (res://V2021VisualRuntimeQa.gd:222)
       [6] _prepare_deterministic_tap (res://V2021VisualRuntimeQa.gd:307)
       [7] _wait_render_stable (res://V2021VisualRuntimeQa.gd:358)
SCRIPT ERROR: Invalid call. Nonexistent function 'objective_icon_role' in base 'GDScript'.
   at: _add_objective_row_v152 (res://MainGame.gd:2181)
   GDScript backtrace (most recent call first):
       [0] _add_objective_row_v152 (res://MainGame.gd:2181)
       [1] _rebuild_quests (res://MainGame.gd:2206)
       [2] _refresh_all (res://MainGame.gd:688)
       [3] _reset_shared_state (res://P0TestHarness.gd:81)
       [4] apply_profile (res://P0TestHarness.gd:33)
       [5] _run_tap_determinism (res://V2021VisualRuntimeQa.gd:222)
       [6] _prepare_deterministic_tap (res://V2021VisualRuntimeQa.gd:307)
       [7] _wait_render_stable (res://V2021VisualRuntimeQa.gd:358)
SCRIPT ERROR: Invalid call. Nonexistent function 'objective_icon_role' in base 'GDScript'.
   at: _add_objective_row_v152 (res://MainGame.gd:2181)
   GDScript backtrace (most recent call first):
       [0] _add_objective_row_v152 (res://MainGame.gd:2181)
       [1] _rebuild_quests (res://MainGame.gd:2206)
       [2] _refresh_all (res://MainGame.gd:688)
       [3] _reset_shared_state (res://P0TestHarness.gd:81)
       [4] apply_profile (res://P0TestHarness.gd:33)
       [5] _run_tap_determinism (res://V2021VisualRuntimeQa.gd:222)
       [6] _prepare_deterministic_tap (res://V2021VisualRuntimeQa.gd:307)
       [7] _wait_render_stable (res://V2021VisualRuntimeQa.gd:358)
SCRIPT ERROR: Invalid call. Nonexistent function 'style_objective_header' in base 'GDScript'.
   at: _add_objective_header_v152 (res://MainGame.gd:2166)
   GDScript backtrace (most recent call first):
       [0] _add_objective_header_v152 (res://MainGame.gd:2166)
       [1] _rebuild_quests (res://MainGame.gd:2205)
       [2] _refresh_all (res://MainGame.gd:688)
       [3] _reset_shared_state (res://P0TestHarness.gd:81)
       [4] apply_profile (res://P0TestHarness.gd:33)
       [5] _run_tap_determinism (res://V2021VisualRuntimeQa.gd:222)
       [6] _prepare_deterministic_tap (res://V2021VisualRuntimeQa.gd:307)
       [7] _wait_render_stable (res://V2021VisualRuntimeQa.gd:358)
SCRIPT ERROR: Invalid call. Nonexistent function 'objective_icon_role' in base 'GDScript'.
   at: _add_objective_row_v152 (res://MainGame.gd:2181)
   GDScript backtrace (most recent call first):
       [0] _add_objective_row_v152 (res://MainGame.gd:2181)
       [1] _rebuild_quests (res://MainGame.gd:2206)
       [2] _refresh_all (res://MainGame.gd:688)
       [3] _reset_shared_state (res://P0TestHarness.gd:81)
       [4] apply_profile (res://P0TestHarness.gd:33)
       [5] _run_tap_determinism (res://V2021VisualRuntimeQa.gd:222)
       [6] _prepare_deterministic_tap (res://V2021VisualRuntimeQa.gd:307)
       [7] _wait_render_stable (res://V2021VisualRuntimeQa.gd:358)
SCRIPT ERROR: Invalid call. Nonexistent function 'objective_icon_role' in base 'GDScript'.
   at: _add_objective_row_v152 (res://MainGame.gd:2181)
   GDScript backtrace (most recent call first):
       [0] _add_objective_row_v152 (res://MainGame.gd:2181)
       [1] _rebuild_quests (res://MainGame.gd:2206)
       [2] _refresh_all (res://MainGame.gd:688)
       [3] _reset_shared_state (res://P0TestHarness.gd:81)
       [4] apply_profile (res://P0TestHarness.gd:33)
       [5] _run_tap_determinism (res://V2021VisualRuntimeQa.gd:222)
       [6] _prepare_deterministic_tap (res://V2021VisualRuntimeQa.gd:307)
       [7] _wait_render_stable (res://V2021VisualRuntimeQa.gd:358)
SCRIPT ERROR: Invalid call. Nonexistent function 'objective_icon_role' in base 'GDScript'.
   at: _add_objective_row_v152 (res://MainGame.gd:2181)
   GDScript backtrace (most recent call first):
       [0] _add_objective_row_v152 (res://MainGame.gd:2181)
       [1] _rebuild_quests (res://MainGame.gd:2206)
       [2] _refresh_all (res://MainGame.gd:688)
       [3] _reset_shared_state (res://P0TestHarness.gd:81)
       [4] apply_profile (res://P0TestHarness.gd:33)
       [5] _run_tap_determinism (res://V2021VisualRuntimeQa.gd:222)
       [6] _prepare_deterministic_tap (res://V2021VisualRuntimeQa.gd:307)
       [7] _wait_render_stable (res://V2021VisualRuntimeQa.gd:358)
SCRIPT ERROR: Invalid call. Nonexistent function 'style_objective_header' in base 'GDScript'.
   at: _add_objective_header_v152 (res://MainGame.gd:2166)
   GDScript backtrace (most recent call first):
       [0] _add_objective_header_v152 (res://MainGame.gd:2166)
       [1] _rebuild_quests (res://MainGame.gd:2205)
       [2] _refresh_all (res://MainGame.gd:688)
       [3] _reset_shared_state (res://P0TestHarness.gd:81)
       [4] apply_profile (res://P0TestHarness.gd:33)
       [5] _run_tap_determinism (res://V2021VisualRuntimeQa.gd:222)
       [6] _prepare_deterministic_tap (res://V2021VisualRuntimeQa.gd:307)
       [7] _wait_render_stable (res://V2021VisualRuntimeQa.gd:358)
SCRIPT ERROR: Invalid call. Nonexistent function 'objective_icon_role' in base 'GDScript'.
   at: _add_objective_row_v152 (res://MainGame.gd:2181)
   GDScript backtrace (most recent call first):
       [0] _add_objective_row_v152 (res://MainGame.gd:2181)
       [1] _rebuild_quests (res://MainGame.gd:2206)
       [2] _refresh_all (res://MainGame.gd:688)
       [3] _reset_shared_state (res://P0TestHarness.gd:81)
       [4] apply_profile (res://P0TestHarness.gd:33)
       [5] _run_tap_determinism (res://V2021VisualRuntimeQa.gd:222)
       [6] _prepare_deterministic_tap (res://V2021VisualRuntimeQa.gd:307)
       [7] _wait_render_stable (res://V2021VisualRuntimeQa.gd:358)
SCRIPT ERROR: Invalid call. Nonexistent function 'objective_icon_role' in base 'GDScript'.
   at: _add_objective_row_v152 (res://MainGame.gd:2181)
   GDScript backtrace (most recent call first):
       [0] _add_objective_row_v152 (res://MainGame.gd:2181)
       [1] _rebuild_quests (res://MainGame.gd:2206)
       [2] _refresh_all (res://MainGame.gd:688)
       [3] _reset_shared_state (res://P0TestHarness.gd:81)
       [4] apply_profile (res://P0TestHarness.gd:33)
       [5] _run_tap_determinism (res://V2021VisualRuntimeQa.gd:222)
       [6] _prepare_deterministic_tap (res://V2021VisualRuntimeQa.gd:307)
       [7] _wait_render_stable (res://V2021VisualRuntimeQa.gd:358)
SCRIPT ERROR: Invalid call. Nonexistent function 'objective_icon_role' in base 'GDScript'.
   at: _add_objective_row_v152 (res://MainGame.gd:2181)
   GDScript backtrace (most recent call first):
       [0] _add_objective_row_v152 (res://MainGame.gd:2181)
       [1] _rebuild_quests (res://MainGame.gd:2206)
       [2] _refresh_all (res://MainGame.gd:688)
       [3] _reset_shared_state (res://P0TestHarness.gd:81)
       [4] apply_profile (res://P0TestHarness.gd:33)
       [5] _run_tap_determinism (res://V2021VisualRuntimeQa.gd:222)
       [6] _prepare_deterministic_tap (res://V2021VisualRuntimeQa.gd:307)
       [7] _wait_render_stable (res://V2021VisualRuntimeQa.gd:358)
SCRIPT ERROR: Invalid call. Nonexistent function 'objective_icon_role' in base 'GDScript'.
   at: _add_objective_row_v152 (res://MainGame.gd:2181)
   GDScript backtrace (most recent call first):
       [0] _add_objective_row_v152 (res://MainGame.gd:2181)
       [1] _rebuild_quests (res://MainGame.gd:2206)
       [2] _refresh_all (res://MainGame.gd:688)
       [3] _reset_shared_state (res://P0TestHarness.gd:81)
       [4] apply_profile (res://P0TestHarness.gd:33)
       [5] _run_tap_determinism (res://V2021VisualRuntimeQa.gd:222)
       [6] _prepare_deterministic_tap (res://V2021VisualRuntimeQa.gd:307)
       [7] _wait_render_stable (res://V2021VisualRuntimeQa.gd:358)
SCRIPT ERROR: Invalid call. Nonexistent function 'objective_icon_role' in base 'GDScript'.
   at: _add_objective_row_v152 (res://MainGame.gd:2181)
   GDScript backtrace (most recent call first):
       [0] _add_objective_row_v152 (res://MainGame.gd:2181)
       [1] _rebuild_quests (res://MainGame.gd:2206)
       [2] _refresh_all (res://MainGame.gd:688)
       [3] _reset_shared_state (res://P0TestHarness.gd:81)
       [4] apply_profile (res://P0TestHarness.gd:33)
       [5] _run_tap_determinism (res://V2021VisualRuntimeQa.gd:222)
       [6] _prepare_deterministic_tap (res://V2021VisualRuntimeQa.gd:307)
       [7] _wait_render_stable (res://V2021VisualRuntimeQa.gd:358)
SCRIPT ERROR: Invalid call. Nonexistent function 'style_objective_header' in base 'GDScript'.
   at: _add_objective_header_v152 (res://MainGame.gd:2166)
   GDScript backtrace (most recent call first):
       [0] _add_objective_header_v152 (res://MainGame.gd:2166)
       [1] _rebuild_quests (res://MainGame.gd:2207)
       [2] _refresh_all (res://MainGame.gd:688)
       [3] _reset_shared_state (res://P0TestHarness.gd:81)
       [4] apply_profile (res://P0TestHarness.gd:33)
       [5] _run_tap_determinism (res://V2021VisualRuntimeQa.gd:222)
       [6] _prepare_deterministic_tap (res://V2021VisualRuntimeQa.gd:307)
       [7] _wait_render_stable (res://V2021VisualRuntimeQa.gd:358)
SCRIPT ERROR: Invalid call. Nonexistent function 'objective_icon_role' in base 'GDScript'.
   at: _rebuild_quests (res://MainGame.gd:2214)
   GDScript backtrace (most recent call first):
       [0] _rebuild_quests (res://MainGame.gd:2214)
       [1] _refresh_all (res://MainGame.gd:688)
       [2] _reset_shared_state (res://P0TestHarness.gd:81)
       [3] apply_profile (res://P0TestHarness.gd:33)
       [4] _run_tap_determinism (res://V2021VisualRuntimeQa.gd:222)
       [5] _prepare_deterministic_tap (res://V2021VisualRuntimeQa.gd:307)
       [6] _wait_render_stable (res://V2021VisualRuntimeQa.gd:358)
SCRIPT ERROR: Invalid call. Nonexistent function 'refresh_progression_state' in base 'GDScript'.
   at: _refresh_progression_p0 (res://MainGame.gd:2903)
   GDScript backtrace (most recent call first):
       [0] _refresh_progression_p0 (res://MainGame.gd:2903)
       [1] _refresh_all (res://MainGame.gd:696)
       [2] _reset_shared_state (res://P0TestHarness.gd:81)
       [3] apply_profile (res://P0TestHarness.gd:33)
       [4] _run_tap_determinism (res://V2021VisualRuntimeQa.gd:222)
       [5] _prepare_deterministic_tap (res://V2021VisualRuntimeQa.gd:307)
       [6] _wait_render_stable (res://V2021VisualRuntimeQa.gd:358)
SCRIPT ERROR: Invalid call. Nonexistent function 'refresh_shop_state' in base 'GDScript'.
   at: _refresh_shop_p0 (res://MainGame.gd:2810)
   GDScript backtrace (most recent call first):
       [0] _refresh_shop_p0 (res://MainGame.gd:2810)
       [1] _refresh_all (res://MainGame.gd:697)
       [2] _reset_shared_state (res://P0TestHarness.gd:81)
       [3] apply_profile (res://P0TestHarness.gd:33)
       [4] _run_tap_determinism (res://V2021VisualRuntimeQa.gd:222)
       [5] _prepare_deterministic_tap (res://V2021VisualRuntimeQa.gd:307)
       [6] _wait_render_stable (res://V2021VisualRuntimeQa.gd:358)
SCRIPT ERROR: Invalid call. Nonexistent function 'refresh_afk_state' in base 'GDScript'.
   at: _refresh_afk_p0 (res://MainGame.gd:2910)
   GDScript backtrace (most recent call first):
       [0] _refresh_afk_p0 (res://MainGame.gd:2910)
       [1] _refresh_all (res://MainGame.gd:698)
       [2] _reset_shared_state (res://P0TestHarness.gd:81)
       [3] apply_profile (res://P0TestHarness.gd:33)
       [4] _run_tap_determinism (res://V2021VisualRuntimeQa.gd:222)
       [5] _prepare_deterministic_tap (res://V2021VisualRuntimeQa.gd:307)
       [6] _wait_render_stable (res://V2021VisualRuntimeQa.gd:358)
SCRIPT ERROR: Invalid call. Nonexistent function 'refresh_home_loop_state' in base 'GDScript'.
   at: _update_monster_ui (res://MainGame.gd:1219)
   GDScript backtrace (most recent call first):
       [0] _update_monster_ui (res://MainGame.gd:1219)
       [1] _reset_shared_state (res://P0TestHarness.gd:82)
       [2] apply_profile (res://P0TestHarness.gd:33)
       [3] _run_tap_determinism (res://V2021VisualRuntimeQa.gd:222)
       [4] _prepare_deterministic_tap (res://V2021VisualRuntimeQa.gd:307)
       [5] _wait_render_stable (res://V2021VisualRuntimeQa.gd:358)
SCRIPT ERROR: Invalid call. Nonexistent function 'refresh_home_loop_state' in base 'GDScript'.
   at: _update_monster_ui (res://MainGame.gd:1219)
   GDScript backtrace (most recent call first):
       [0] _update_monster_ui (res://MainGame.gd:1219)
       [1] _refresh_all (res://MainGame.gd:675)
       [2] _reset_shared_state (res://P0TestHarness.gd:83)
       [3] apply_profile (res://P0TestHarness.gd:33)
       [4] _run_tap_determinism (res://V2021VisualRuntimeQa.gd:222)
       [5] _prepare_deterministic_tap (res://V2021VisualRuntimeQa.gd:307)
       [6] _wait_render_stable (res://V2021VisualRuntimeQa.gd:358)
SCRIPT ERROR: Invalid call. Nonexistent function 'refresh_village_loop_state' in base 'GDScript'.
   at: _refresh_p0_village (res://MainGame.gd:2410)
   GDScript backtrace (most recent call first):
       [0] _refresh_p0_village (res://MainGame.gd:2410)
       [1] _refresh_all (res://MainGame.gd:680)
       [2] _reset_shared_state (res://P0TestHarness.gd:83)
       [3] apply_profile (res://P0TestHarness.gd:33)
       [4] _run_tap_determinism (res://V2021VisualRuntimeQa.gd:222)
       [5] _prepare_deterministic_tap (res://V2021VisualRuntimeQa.gd:307)
       [6] _wait_render_stable (res://V2021VisualRuntimeQa.gd:358)
SCRIPT ERROR: Invalid call. Nonexistent function 'refresh_reward_session_state' in base 'GDScript'.
   at: _refresh_meta_ui (res://MainGame.gd:1004)
   GDScript backtrace (most recent call first):
       [0] _refresh_meta_ui (res://MainGame.gd:1004)
       [1] _refresh_all (res://MainGame.gd:683)
       [2] _reset_shared_state (res://P0TestHarness.gd:83)
       [3] apply_profile (res://P0TestHarness.gd:33)
       [4] _run_tap_determinism (res://V2021VisualRuntimeQa.gd:222)
       [5] _prepare_deterministic_tap (res://V2021VisualRuntimeQa.gd:307)
       [6] _wait_render_stable (res://V2021VisualRuntimeQa.gd:358)
SCRIPT ERROR: Invalid call. Nonexistent function 'style_objective_header' in base 'GDScript'.
   at: _add_objective_header_v152 (res://MainGame.gd:2166)
   GDScript backtrace (most recent call first):
       [0] _add_objective_header_v152 (res://MainGame.gd:2166)
       [1] _rebuild_quests (res://MainGame.gd:2205)
       [2] _refresh_all (res://MainGame.gd:688)
       [3] _reset_shared_state (res://P0TestHarness.gd:83)
       [4] apply_profile (res://P0TestHarness.gd:33)
       [5] _run_tap_determinism (res://V2021VisualRuntimeQa.gd:222)
       [6] _prepare_deterministic_tap (res://V2021VisualRuntimeQa.gd:307)
       [7] _wait_render_stable (res://V2021VisualRuntimeQa.gd:358)
SCRIPT ERROR: Invalid call. Nonexistent function 'objective_icon_role' in base 'GDScript'.
   at: _add_objective_row_v152 (res://MainGame.gd:2181)
   GDScript backtrace (most recent call first):
       [0] _add_objective_row_v152 (res://MainGame.gd:2181)
       [1] _rebuild_quests (res://MainGame.gd:2206)
       [2] _refresh_all (res://MainGame.gd:688)
       [3] _reset_shared_state (res://P0TestHarness.gd:83)
       [4] apply_profile (res://P0TestHarness.gd:33)
       [5] _run_tap_determinism (res://V2021VisualRuntimeQa.gd:222)
       [6] _prepare_deterministic_tap (res://V2021VisualRuntimeQa.gd:307)
       [7] _wait_render_stable (res://V2021VisualRuntimeQa.gd:358)
SCRIPT ERROR: Invalid call. Nonexistent function 'objective_icon_role' in base 'GDScript'.
   at: _add_objective_row_v152 (res://MainGame.gd:2181)
   GDScript backtrace (most recent call first):
       [0] _add_objective_row_v152 (res://MainGame.gd:2181)
       [1] _rebuild_quests (res://MainGame.gd:2206)
       [2] _refresh_all (res://MainGame.gd:688)
       [3] _reset_shared_state (res://P0TestHarness.gd:83)
       [4] apply_profile (res://P0TestHarness.gd:33)
       [5] _run_tap_determinism (res://V2021VisualRuntimeQa.gd:222)
       [6] _prepare_deterministic_tap (res://V2021VisualRuntimeQa.gd:307)
       [7] _wait_render_stable (res://V2021VisualRuntimeQa.gd:358)
SCRIPT ERROR: Invalid call. Nonexistent function 'objective_icon_role' in base 'GDScript'.
   at: _add_objective_row_v152 (res://MainGame.gd:2181)
   GDScript backtrace (most recent call first):
       [0] _add_objective_row_v152 (res://MainGame.gd:2181)
       [1] _rebuild_quests (res://MainGame.gd:2206)
       [2] _refresh_all (res://MainGame.gd:688)
       [3] _reset_shared_state (res://P0TestHarness.gd:83)
       [4] apply_profile (res://P0TestHarness.gd:33)
       [5] _run_tap_determinism (res://V2021VisualRuntimeQa.gd:222)
       [6] _prepare_deterministic_tap (res://V2021VisualRuntimeQa.gd:307)
       [7] _wait_render_stable (res://V2021VisualRuntimeQa.gd:358)
SCRIPT ERROR: Invalid call. Nonexistent function 'style_objective_header' in base 'GDScript'.
   at: _add_objective_header_v152 (res://MainGame.gd:2166)
   GDScript backtrace (most recent call first):
       [0] _add_objective_header_v152 (res://MainGame.gd:2166)
       [1] _rebuild_quests (res://MainGame.gd:2205)
       [2] _refresh_all (res://MainGame.gd:688)
       [3] _reset_shared_state (res://P0TestHarness.gd:83)
       [4] apply_profile (res://P0TestHarness.gd:33)
       [5] _run_tap_determinism (res://V2021VisualRuntimeQa.gd:222)
       [6] _prepare_deterministic_tap (res://V2021VisualRuntimeQa.gd:307)
       [7] _wait_render_stable (res://V2021VisualRuntimeQa.gd:358)
SCRIPT ERROR: Invalid call. Nonexistent function 'objective_icon_role' in base 'GDScript'.
   at: _add_objective_row_v152 (res://MainGame.gd:2181)
   GDScript backtrace (most recent call first):
       [0] _add_objective_row_v152 (res://MainGame.gd:2181)
       [1] _rebuild_quests (res://MainGame.gd:2206)
       [2] _refresh_all (res://MainGame.gd:688)
       [3] _reset_shared_state (res://P0TestHarness.gd:83)
       [4] apply_profile (res://P0TestHarness.gd:33)
       [5] _run_tap_determinism (res://V2021VisualRuntimeQa.gd:222)
       [6] _prepare_deterministic_tap (res://V2021VisualRuntimeQa.gd:307)
       [7] _wait_render_stable (res://V2021VisualRuntimeQa.gd:358)
SCRIPT ERROR: Invalid call. Nonexistent function 'objective_icon_role' in base 'GDScript'.
   at: _add_objective_row_v152 (res://MainGame.gd:2181)
   GDScript backtrace (most recent call first):
       [0] _add_objective_row_v152 (res://MainGame.gd:2181)
       [1] _rebuild_quests (res://MainGame.gd:2206)
       [2] _refresh_all (res://MainGame.gd:688)
       [3] _reset_shared_state (res://P0TestHarness.gd:83)
       [4] apply_profile (res://P0TestHarness.gd:33)
       [5] _run_tap_determinism (res://V2021VisualRuntimeQa.gd:222)
       [6] _prepare_deterministic_tap (res://V2021VisualRuntimeQa.gd:307)
       [7] _wait_render_stable (res://V2021VisualRuntimeQa.gd:358)
SCRIPT ERROR: Invalid call. Nonexistent function 'objective_icon_role' in base 'GDScript'.
   at: _add_objective_row_v152 (res://MainGame.gd:2181)
   GDScript backtrace (most recent call first):
       [0] _add_objective_row_v152 (res://MainGame.gd:2181)
       [1] _rebuild_quests (res://MainGame.gd:2206)
       [2] _refresh_all (res://MainGame.gd:688)
       [3] _reset_shared_state (res://P0TestHarness.gd:83)
       [4] apply_profile (res://P0TestHarness.gd:33)
       [5] _run_tap_determinism (res://V2021VisualRuntimeQa.gd:222)
       [6] _prepare_deterministic_tap (res://V2021VisualRuntimeQa.gd:307)
       [7] _wait_render_stable (res://V2021VisualRuntimeQa.gd:358)
SCRIPT ERROR: Invalid call. Nonexistent function 'style_objective_header' in base 'GDScript'.
   at: _add_objective_header_v152 (res://MainGame.gd:2166)
   GDScript backtrace (most recent call first):
       [0] _add_objective_header_v152 (res://MainGame.gd:2166)
       [1] _rebuild_quests (res://MainGame.gd:2205)
       [2] _refresh_all (res://MainGame.gd:688)
       [3] _reset_shared_state (res://P0TestHarness.gd:83)
       [4] apply_profile (res://P0TestHarness.gd:33)
       [5] _run_tap_determinism (res://V2021VisualRuntimeQa.gd:222)
       [6] _prepare_deterministic_tap (res://V2021VisualRuntimeQa.gd:307)
       [7] _wait_render_stable (res://V2021VisualRuntimeQa.gd:358)
SCRIPT ERROR: Invalid call. Nonexistent function 'objective_icon_role' in base 'GDScript'.
   at: _add_objective_row_v152 (res://MainGame.gd:2181)
   GDScript backtrace (most recent call first):
       [0] _add_objective_row_v152 (res://MainGame.gd:2181)
       [1] _rebuild_quests (res://MainGame.gd:2206)
       [2] _refresh_all (res://MainGame.gd:688)
       [3] _reset_shared_state (res://P0TestHarness.gd:83)
       [4] apply_profile (res://P0TestHarness.gd:33)
       [5] _run_tap_determinism (res://V2021VisualRuntimeQa.gd:222)
       [6] _prepare_deterministic_tap (res://V2021VisualRuntimeQa.gd:307)
       [7] _wait_render_stable (res://V2021VisualRuntimeQa.gd:358)
SCRIPT ERROR: Invalid call. Nonexistent function 'objective_icon_role' in base 'GDScript'.
   at: _add_objective_row_v152 (res://MainGame.gd:2181)
   GDScript backtrace (most recent call first):
       [0] _add_objective_row_v152 (res://MainGame.gd:2181)
       [1] _rebuild_quests (res://MainGame.gd:2206)
       [2] _refresh_all (res://MainGame.gd:688)
       [3] _reset_shared_state (res://P0TestHarness.gd:83)
       [4] apply_profile (res://P0TestHarness.gd:33)
       [5] _run_tap_determinism (res://V2021VisualRuntimeQa.gd:222)
       [6] _prepare_deterministic_tap (res://V2021VisualRuntimeQa.gd:307)
       [7] _wait_render_stable (res://V2021VisualRuntimeQa.gd:358)
SCRIPT ERROR: Invalid call. Nonexistent function 'objective_icon_role' in base 'GDScript'.
   at: _add_objective_row_v152 (res://MainGame.gd:2181)
   GDScript backtrace (most recent call first):
       [0] _add_objective_row_v152 (res://MainGame.gd:2181)
       [1] _rebuild_quests (res://MainGame.gd:2206)
       [2] _refresh_all (res://MainGame.gd:688)
       [3] _reset_shared_state (res://P0TestHarness.gd:83)
       [4] apply_profile (res://P0TestHarness.gd:33)
       [5] _run_tap_determinism (res://V2021VisualRuntimeQa.gd:222)
       [6] _prepare_deterministic_tap (res://V2021VisualRuntimeQa.gd:307)
       [7] _wait_render_stable (res://V2021VisualRuntimeQa.gd:358)
SCRIPT ERROR: Invalid call. Nonexistent function 'objective_icon_role' in base 'GDScript'.
   at: _add_objective_row_v152 (res://MainGame.gd:2181)
   GDScript backtrace (most recent call first):
       [0] _add_objective_row_v152 (res://MainGame.gd:2181)
       [1] _rebuild_quests (res://MainGame.gd:2206)
       [2] _refresh_all (res://MainGame.gd:688)
       [3] _reset_shared_state (res://P0TestHarness.gd:83)
       [4] apply_profile (res://P0TestHarness.gd:33)
       [5] _run_tap_determinism (res://V2021VisualRuntimeQa.gd:222)
       [6] _prepare_deterministic_tap (res://V2021VisualRuntimeQa.gd:307)
       [7] _wait_render_stable (res://V2021VisualRuntimeQa.gd:358)
SCRIPT ERROR: Invalid call. Nonexistent function 'objective_icon_role' in base 'GDScript'.
   at: _add_objective_row_v152 (res://MainGame.gd:2181)
   GDScript backtrace (most recent call first):
       [0] _add_objective_row_v152 (res://MainGame.gd:2181)
       [1] _rebuild_quests (res://MainGame.gd:2206)
       [2] _refresh_all (res://MainGame.gd:688)
       [3] _reset_shared_state (res://P0TestHarness.gd:83)
       [4] apply_profile (res://P0TestHarness.gd:33)
       [5] _run_tap_determinism (res://V2021VisualRuntimeQa.gd:222)
       [6] _prepare_deterministic_tap (res://V2021VisualRuntimeQa.gd:307)
       [7] _wait_render_stable (res://V2021VisualRuntimeQa.gd:358)
SCRIPT ERROR: Invalid call. Nonexistent function 'style_objective_header' in base 'GDScript'.
   at: _add_objective_header_v152 (res://MainGame.gd:2166)
   GDScript backtrace (most recent call first):
       [0] _add_objective_header_v152 (res://MainGame.gd:2166)
       [1] _rebuild_quests (res://MainGame.gd:2207)
       [2] _refresh_all (res://MainGame.gd:688)
       [3] _reset_shared_state (res://P0TestHarness.gd:83)
       [4] apply_profile (res://P0TestHarness.gd:33)
       [5] _run_tap_determinism (res://V2021VisualRuntimeQa.gd:222)
       [6] _prepare_deterministic_tap (res://V2021VisualRuntimeQa.gd:307)
       [7] _wait_render_stable (res://V2021VisualRuntimeQa.gd:358)
SCRIPT ERROR: Invalid call. Nonexistent function 'objective_icon_role' in base 'GDScript'.
   at: _rebuild_quests (res://MainGame.gd:2214)
   GDScript backtrace (most recent call first):
       [0] _rebuild_quests (res://MainGame.gd:2214)
       [1] _refresh_all (res://MainGame.gd:688)
       [2] _reset_shared_state (res://P0TestHarness.gd:83)
       [3] apply_profile (res://P0TestHarness.gd:33)
       [4] _run_tap_determinism (res://V2021VisualRuntimeQa.gd:222)
       [5] _prepare_deterministic_tap (res://V2021VisualRuntimeQa.gd:307)
       [6] _wait_render_stable (res://V2021VisualRuntimeQa.gd:358)
SCRIPT ERROR: Invalid call. Nonexistent function 'refresh_progression_state' in base 'GDScript'.
   at: _refresh_progression_p0 (res://MainGame.gd:2903)
   GDScript backtrace (most recent call first):
       [0] _refresh_progression_p0 (res://MainGame.gd:2903)
       [1] _refresh_all (res://MainGame.gd:696)
       [2] _reset_shared_state (res://P0TestHarness.gd:83)
       [3] apply_profile (res://P0TestHarness.gd:33)
       [4] _run_tap_determinism (res://V2021VisualRuntimeQa.gd:222)
       [5] _prepare_deterministic_tap (res://V2021VisualRuntimeQa.gd:307)
       [6] _wait_render_stable (res://V2021VisualRuntimeQa.gd:358)
SCRIPT ERROR: Invalid call. Nonexistent function 'refresh_shop_state' in base 'GDScript'.
   at: _refresh_shop_p0 (res://MainGame.gd:2810)
   GDScript backtrace (most recent call first):
       [0] _refresh_shop_p0 (res://MainGame.gd:2810)
       [1] _refresh_all (res://MainGame.gd:697)
       [2] _reset_shared_state (res://P0TestHarness.gd:83)
       [3] apply_profile (res://P0TestHarness.gd:33)
       [4] _run_tap_determinism (res://V2021VisualRuntimeQa.gd:222)
       [5] _prepare_deterministic_tap (res://V2021VisualRuntimeQa.gd:307)
       [6] _wait_render_stable (res://V2021VisualRuntimeQa.gd:358)
SCRIPT ERROR: Invalid call. Nonexistent function 'refresh_afk_state' in base 'GDScript'.
   at: _refresh_afk_p0 (res://MainGame.gd:2910)
   GDScript backtrace (most recent call first):
       [0] _refresh_afk_p0 (res://MainGame.gd:2910)
       [1] _refresh_all (res://MainGame.gd:698)
       [2] _reset_shared_state (res://P0TestHarness.gd:83)
       [3] apply_profile (res://P0TestHarness.gd:33)
       [4] _run_tap_determinism (res://V2021VisualRuntimeQa.gd:222)
       [5] _prepare_deterministic_tap (res://V2021VisualRuntimeQa.gd:307)
       [6] _wait_render_stable (res://V2021VisualRuntimeQa.gd:358)
SCRIPT ERROR: Invalid call. Nonexistent function 'refresh_village_loop_state' in base 'GDScript'.
   at: _refresh_p0_village (res://MainGame.gd:2410)
   GDScript backtrace (most recent call first):
       [0] _refresh_p0_village (res://MainGame.gd:2410)
       [1] _reset_shared_state (res://P0TestHarness.gd:84)
       [2] apply_profile (res://P0TestHarness.gd:33)
       [3] _run_tap_determinism (res://V2021VisualRuntimeQa.gd:222)
       [4] _prepare_deterministic_tap (res://V2021VisualRuntimeQa.gd:307)
       [5] _wait_render_stable (res://V2021VisualRuntimeQa.gd:358)
[CORE_ANALYTICS] {"event":"test_profile_applied","payload":{"profile":"fresh"},"time_unix":1789104318.939}
[CORE_ANALYTICS] {"event":"game_start","payload":{},"time_unix":1789104319.051}
SCRIPT ERROR: Invalid call. Nonexistent function 'refresh_home_loop_state' in base 'GDScript'.
   at: _update_monster_ui (res://MainGame.gd:1219)
   GDScript backtrace (most recent call first):
       [0] _update_monster_ui (res://MainGame.gd:1219)
       [1] _refresh_all (res://MainGame.gd:675)
       [2] @shields_setter (res://PlayerData.gd:14)
       [3] apply_save_data (res://PlayerData.gd:150)
       [4] load_game (res://SaveGame.gd:150)
       [5] _ready (res://MainGame.gd:515)
SCRIPT ERROR: Invalid call. Nonexistent function 'refresh_village_loop_state' in base 'GDScript'.
   at: _refresh_p0_village (res://MainGame.gd:2410)
   GDScript backtrace (most recent call first):
       [0] _refresh_p0_village (res://MainGame.gd:2410)
       [1] _refresh_all (res://MainGame.gd:680)
       [2] @shields_setter (res://PlayerData.gd:14)
       [3] apply_save_data (res://PlayerData.gd:150)
       [4] load_game (res://SaveGame.gd:150)
       [5] _ready (res://MainGame.gd:515)
SCRIPT ERROR: Invalid call. Nonexistent function 'refresh_reward_session_state' in base 'GDScript'.
   at: _refresh_meta_ui (res://MainGame.gd:1004)
   GDScript backtrace (most recent call first):
       [0] _refresh_meta_ui (res://MainGame.gd:1004)
       [1] _refresh_all (res://MainGame.gd:683)
       [2] @shields_setter (res://PlayerData.gd:14)
       [3] apply_save_data (res://PlayerData.gd:150)
       [4] load_game (res://SaveGame.gd:150)
       [5] _ready (res://MainGame.gd:515)
SCRIPT ERROR: Invalid call. Nonexistent function 'style_objective_header' in base 'GDScript'.
   at: _add_objective_header_v152 (res://MainGame.gd:2166)
   GDScript backtrace (most recent call first):
       [0] _add_objective_header_v152 (res://MainGame.gd:2166)
       [1] _rebuild_quests (res://MainGame.gd:2205)
       [2] _refresh_all (res://MainGame.gd:688)
       [3] @shields_setter (res://PlayerData.gd:14)
       [4] apply_save_data (res://PlayerData.gd:150)
       [5] load_game (res://SaveGame.gd:150)
       [6] _ready (res://MainGame.gd:515)
SCRIPT ERROR: Invalid call. Nonexistent function 'objective_icon_role' in base 'GDScript'.
   at: _add_objective_row_v152 (res://MainGame.gd:2181)
   GDScript backtrace (most recent call first):
       [0] _add_objective_row_v152 (res://MainGame.gd:2181)
       [1] _rebuild_quests (res://MainGame.gd:2206)
       [2] _refresh_all (res://MainGame.gd:688)
       [3] @shields_setter (res://PlayerData.gd:14)
       [4] apply_save_data (res://PlayerData.gd:150)
       [5] load_game (res://SaveGame.gd:150)
       [6] _ready (res://MainGame.gd:515)
SCRIPT ERROR: Invalid call. Nonexistent function 'objective_icon_role' in base 'GDScript'.
   at: _add_objective_row_v152 (res://MainGame.gd:2181)
   GDScript backtrace (most recent call first):
       [0] _add_objective_row_v152 (res://MainGame.gd:2181)
       [1] _rebuild_quests (res://MainGame.gd:2206)
       [2] _refresh_all (res://MainGame.gd:688)
       [3] @shields_setter (res://PlayerData.gd:14)
       [4] apply_save_data (res://PlayerData.gd:150)
       [5] load_game (res://SaveGame.gd:150)
       [6] _ready (res://MainGame.gd:515)
SCRIPT ERROR: Invalid call. Nonexistent function 'objective_icon_role' in base 'GDScript'.
   at: _add_objective_row_v152 (res://MainGame.gd:2181)
   GDScript backtrace (most recent call first):
       [0] _add_objective_row_v152 (res://MainGame.gd:2181)
       [1] _rebuild_quests (res://MainGame.gd:2206)
       [2] _refresh_all (res://MainGame.gd:688)
       [3] @shields_setter (res://PlayerData.gd:14)
       [4] apply_save_data (res://PlayerData.gd:150)
       [5] load_game (res://SaveGame.gd:150)
       [6] _ready (res://MainGame.gd:515)
SCRIPT ERROR: Invalid call. Nonexistent function 'style_objective_header' in base 'GDScript'.
   at: _add_objective_header_v152 (res://MainGame.gd:2166)
   GDScript backtrace (most recent call first):
       [0] _add_objective_header_v152 (res://MainGame.gd:2166)
       [1] _rebuild_quests (res://MainGame.gd:2205)
       [2] _refresh_all (res://MainGame.gd:688)
       [3] @shields_setter (res://PlayerData.gd:14)
       [4] apply_save_data (res://PlayerData.gd:150)
       [5] load_game (res://SaveGame.gd:150)
       [6] _ready (res://MainGame.gd:515)
SCRIPT ERROR: Invalid call. Nonexistent function 'objective_icon_role' in base 'GDScript'.
   at: _add_objective_row_v152 (res://MainGame.gd:2181)
   GDScript backtrace (most recent call first):
       [0] _add_objective_row_v152 (res://MainGame.gd:2181)
       [1] _rebuild_quests (res://MainGame.gd:2206)
       [2] _refresh_all (res://MainGame.gd:688)
       [3] @shields_setter (res://PlayerData.gd:14)
       [4] apply_save_data (res://PlayerData.gd:150)
       [5] load_game (res://SaveGame.gd:150)
       [6] _ready (res://MainGame.gd:515)
SCRIPT ERROR: Invalid call. Nonexistent function 'objective_icon_role' in base 'GDScript'.
   at: _add_objective_row_v152 (res://MainGame.gd:2181)
   GDScript backtrace (most recent call first):
       [0] _add_objective_row_v152 (res://MainGame.gd:2181)
       [1] _rebuild_quests (res://MainGame.gd:2206)
       [2] _refresh_all (res://MainGame.gd:688)
       [3] @shields_setter (res://PlayerData.gd:14)
       [4] apply_save_data (res://PlayerData.gd:150)
       [5] load_game (res://SaveGame.gd:150)
       [6] _ready (res://MainGame.gd:515)
SCRIPT ERROR: Invalid call. Nonexistent function 'objective_icon_role' in base 'GDScript'.
   at: _add_objective_row_v152 (res://MainGame.gd:2181)
   GDScript backtrace (most recent call first):
       [0] _add_objective_row_v152 (res://MainGame.gd:2181)
       [1] _rebuild_quests (res://MainGame.gd:2206)
       [2] _refresh_all (res://MainGame.gd:688)
       [3] @shields_setter (res://PlayerData.gd:14)
       [4] apply_save_data (res://PlayerData.gd:150)
       [5] load_game (res://SaveGame.gd:150)
       [6] _ready (res://MainGame.gd:515)
SCRIPT ERROR: Invalid call. Nonexistent function 'style_objective_header' in base 'GDScript'.
   at: _add_objective_header_v152 (res://MainGame.gd:2166)
   GDScript backtrace (most recent call first):
       [0] _add_objective_header_v152 (res://MainGame.gd:2166)
       [1] _rebuild_quests (res://MainGame.gd:2205)
       [2] _refresh_all (res://MainGame.gd:688)
       [3] @shields_setter (res://PlayerData.gd:14)
       [4] apply_save_data (res://PlayerData.gd:150)
       [5] load_game (res://SaveGame.gd:150)
       [6] _ready (res://MainGame.gd:515)
SCRIPT ERROR: Invalid call. Nonexistent function 'objective_icon_role' in base 'GDScript'.
   at: _add_objective_row_v152 (res://MainGame.gd:2181)
   GDScript backtrace (most recent call first):
       [0] _add_objective_row_v152 (res://MainGame.gd:2181)
       [1] _rebuild_quests (res://MainGame.gd:2206)
       [2] _refresh_all (res://MainGame.gd:688)
       [3] @shields_setter (res://PlayerData.gd:14)
       [4] apply_save_data (res://PlayerData.gd:150)
       [5] load_game (res://SaveGame.gd:150)
       [6] _ready (res://MainGame.gd:515)
SCRIPT ERROR: Invalid call. Nonexistent function 'objective_icon_role' in base 'GDScript'.
   at: _add_objective_row_v152 (res://MainGame.gd:2181)
   GDScript backtrace (most recent call first):
       [0] _add_objective_row_v152 (res://MainGame.gd:2181)
       [1] _rebuild_quests (res://MainGame.gd:2206)
       [2] _refresh_all (res://MainGame.gd:688)
       [3] @shields_setter (res://PlayerData.gd:14)
       [4] apply_save_data (res://PlayerData.gd:150)
       [5] load_game (res://SaveGame.gd:150)
       [6] _ready (res://MainGame.gd:515)
SCRIPT ERROR: Invalid call. Nonexistent function 'objective_icon_role' in base 'GDScript'.
   at: _add_objective_row_v152 (res://MainGame.gd:2181)
   GDScript backtrace (most recent call first):
       [0] _add_objective_row_v152 (res://MainGame.gd:2181)
       [1] _rebuild_quests (res://MainGame.gd:2206)
       [2] _refresh_all (res://MainGame.gd:688)
       [3] @shields_setter (res://PlayerData.gd:14)
       [4] apply_save_data (res://PlayerData.gd:150)
       [5] load_game (res://SaveGame.gd:150)
       [6] _ready (res://MainGame.gd:515)
SCRIPT ERROR: Invalid call. Nonexistent function 'objective_icon_role' in base 'GDScript'.
   at: _add_objective_row_v152 (res://MainGame.gd:2181)
   GDScript backtrace (most recent call first):
       [0] _add_objective_row_v152 (res://MainGame.gd:2181)
       [1] _rebuild_quests (res://MainGame.gd:2206)
       [2] _refresh_all (res://MainGame.gd:688)
       [3] @shields_setter (res://PlayerData.gd:14)
       [4] apply_save_data (res://PlayerData.gd:150)
       [5] load_game (res://SaveGame.gd:150)
       [6] _ready (res://MainGame.gd:515)
SCRIPT ERROR: Invalid call. Nonexistent function 'objective_icon_role' in base 'GDScript'.
   at: _add_objective_row_v152 (res://MainGame.gd:2181)
   GDScript backtrace (most recent call first):
       [0] _add_objective_row_v152 (res://MainGame.gd:2181)
       [1] _rebuild_quests (res://MainGame.gd:2206)
       [2] _refresh_all (res://MainGame.gd:688)
       [3] @shields_setter (res://PlayerData.gd:14)
       [4] apply_save_data (res://PlayerData.gd:150)
       [5] load_game (res://SaveGame.gd:150)
       [6] _ready (res://MainGame.gd:515)
SCRIPT ERROR: Invalid call. Nonexistent function 'style_objective_header' in base 'GDScript'.
   at: _add_objective_header_v152 (res://MainGame.gd:2166)
   GDScript backtrace (most recent call first):
       [0] _add_objective_header_v152 (res://MainGame.gd:2166)
       [1] _rebuild_quests (res://MainGame.gd:2207)
       [2] _refresh_all (res://MainGame.gd:688)
       [3] @shields_setter (res://PlayerData.gd:14)
       [4] apply_save_data (res://PlayerData.gd:150)
       [5] load_game (res://SaveGame.gd:150)
       [6] _ready (res://MainGame.gd:515)
SCRIPT ERROR: Invalid call. Nonexistent function 'objective_icon_role' in base 'GDScript'.
   at: _rebuild_quests (res://MainGame.gd:2214)
   GDScript backtrace (most recent call first):
       [0] _rebuild_quests (res://MainGame.gd:2214)
       [1] _refresh_all (res://MainGame.gd:688)
       [2] @shields_setter (res://PlayerData.gd:14)
       [3] apply_save_data (res://PlayerData.gd:150)
       [4] load_game (res://SaveGame.gd:150)
       [5] _ready (res://MainGame.gd:515)
SCRIPT ERROR: Invalid call. Nonexistent function 'refresh_progression_state' in base 'GDScript'.
   at: _refresh_progression_p0 (res://MainGame.gd:2903)
   GDScript backtrace (most recent call first):
       [0] _refresh_progression_p0 (res://MainGame.gd:2903)
       [1] _refresh_all (res://MainGame.gd:696)
       [2] @shields_setter (res://PlayerData.gd:14)
       [3] apply_save_data (res://PlayerData.gd:150)
       [4] load_game (res://SaveGame.gd:150)
       [5] _ready (res://MainGame.gd:515)
SCRIPT ERROR: Invalid call. Nonexistent function 'refresh_shop_state' in base 'GDScript'.
   at: _refresh_shop_p0 (res://MainGame.gd:2810)
   GDScript backtrace (most recent call first):
       [0] _refresh_shop_p0 (res://MainGame.gd:2810)
       [1] _refresh_all (res://MainGame.gd:697)
       [2] @shields_setter (res://PlayerData.gd:14)
       [3] apply_save_data (res://PlayerData.gd:150)
       [4] load_game (res://SaveGame.gd:150)
       [5] _ready (res://MainGame.gd:515)
SCRIPT ERROR: Invalid call. Nonexistent function 'refresh_afk_state' in base 'GDScript'.
   at: _refresh_afk_p0 (res://MainGame.gd:2910)
   GDScript backtrace (most recent call first):
       [0] _refresh_afk_p0 (res://MainGame.gd:2910)
       [1] _refresh_all (res://MainGame.gd:698)
       [2] @shields_setter (res://PlayerData.gd:14)
       [3] apply_save_data (res://PlayerData.gd:150)
       [4] load_game (res://SaveGame.gd:150)
       [5] _ready (res://MainGame.gd:515)
SCRIPT ERROR: Invalid call. Nonexistent function 'refresh_home_loop_state' in base 'GDScript'.
   at: _update_monster_ui (res://MainGame.gd:1219)
   GDScript backtrace (most recent call first):
       [0] _update_monster_ui (res://MainGame.gd:1219)
       [1] _refresh_all (res://MainGame.gd:675)
       [2] apply_save_data (res://PlayerData.gd:163)
       [3] load_game (res://SaveGame.gd:150)
       [4] _ready (res://MainGame.gd:515)
SCRIPT ERROR: Invalid call. Nonexistent function 'refresh_village_loop_state' in base 'GDScript'.
   at: _refresh_p0_village (res://MainGame.gd:2410)
   GDScript backtrace (most recent call first):
       [0] _refresh_p0_village (res://MainGame.gd:2410)
       [1] _refresh_all (res://MainGame.gd:680)
       [2] apply_save_data (res://PlayerData.gd:163)
       [3] load_game (res://SaveGame.gd:150)
       [4] _ready (res://MainGame.gd:515)
SCRIPT ERROR: Invalid call. Nonexistent function 'refresh_reward_session_state' in base 'GDScript'.
   at: _refresh_meta_ui (res://MainGame.gd:1004)
   GDScript backtrace (most recent call first):
       [0] _refresh_meta_ui (res://MainGame.gd:1004)
       [1] _refresh_all (res://MainGame.gd:683)
       [2] apply_save_data (res://PlayerData.gd:163)
       [3] load_game (res://SaveGame.gd:150)
       [4] _ready (res://MainGame.gd:515)
SCRIPT ERROR: Invalid call. Nonexistent function 'style_objective_header' in base 'GDScript'.
   at: _add_objective_header_v152 (res://MainGame.gd:2166)
   GDScript backtrace (most recent call first):
       [0] _add_objective_header_v152 (res://MainGame.gd:2166)
       [1] _rebuild_quests (res://MainGame.gd:2205)
       [2] _refresh_all (res://MainGame.gd:688)
       [3] apply_save_data (res://PlayerData.gd:163)
       [4] load_game (res://SaveGame.gd:150)
       [5] _ready (res://MainGame.gd:515)
SCRIPT ERROR: Invalid call. Nonexistent function 'objective_icon_role' in base 'GDScript'.
   at: _add_objective_row_v152 (res://MainGame.gd:2181)
   GDScript backtrace (most recent call first):
       [0] _add_objective_row_v152 (res://MainGame.gd:2181)
       [1] _rebuild_quests (res://MainGame.gd:2206)
       [2] _refresh_all (res://MainGame.gd:688)
       [3] apply_save_data (res://PlayerData.gd:163)
       [4] load_game (res://SaveGame.gd:150)
       [5] _ready (res://MainGame.gd:515)
SCRIPT ERROR: Invalid call. Nonexistent function 'objective_icon_role' in base 'GDScript'.
   at: _add_objective_row_v152 (res://MainGame.gd:2181)
   GDScript backtrace (most recent call first):
       [0] _add_objective_row_v152 (res://MainGame.gd:2181)
       [1] _rebuild_quests (res://MainGame.gd:2206)
       [2] _refresh_all (res://MainGame.gd:688)
       [3] apply_save_data (res://PlayerData.gd:163)
       [4] load_game (res://SaveGame.gd:150)
       [5] _ready (res://MainGame.gd:515)
SCRIPT ERROR: Invalid call. Nonexistent function 'objective_icon_role' in base 'GDScript'.
   at: _add_objective_row_v152 (res://MainGame.gd:2181)
   GDScript backtrace (most recent call first):
       [0] _add_objective_row_v152 (res://MainGame.gd:2181)
       [1] _rebuild_quests (res://MainGame.gd:2206)
       [2] _refresh_all (res://MainGame.gd:688)
       [3] apply_save_data (res://PlayerData.gd:163)
       [4] load_game (res://SaveGame.gd:150)
       [5] _ready (res://MainGame.gd:515)
SCRIPT ERROR: Invalid call. Nonexistent function 'style_objective_header' in base 'GDScript'.
   at: _add_objective_header_v152 (res://MainGame.gd:2166)
   GDScript backtrace (most recent call first):
       [0] _add_objective_header_v152 (res://MainGame.gd:2166)
       [1] _rebuild_quests (res://MainGame.gd:2205)
       [2] _refresh_all (res://MainGame.gd:688)
       [3] apply_save_data (res://PlayerData.gd:163)
       [4] load_game (res://SaveGame.gd:150)
       [5] _ready (res://MainGame.gd:515)
SCRIPT ERROR: Invalid call. Nonexistent function 'objective_icon_role' in base 'GDScript'.
   at: _add_objective_row_v152 (res://MainGame.gd:2181)
   GDScript backtrace (most recent call first):
       [0] _add_objective_row_v152 (res://MainGame.gd:2181)
       [1] _rebuild_quests (res://MainGame.gd:2206)
       [2] _refresh_all (res://MainGame.gd:688)
       [3] apply_save_data (res://PlayerData.gd:163)
       [4] load_game (res://SaveGame.gd:150)
       [5] _ready (res://MainGame.gd:515)
SCRIPT ERROR: Invalid call. Nonexistent function 'objective_icon_role' in base 'GDScript'.
   at: _add_objective_row_v152 (res://MainGame.gd:2181)
   GDScript backtrace (most recent call first):
       [0] _add_objective_row_v152 (res://MainGame.gd:2181)
       [1] _rebuild_quests (res://MainGame.gd:2206)
       [2] _refresh_all (res://MainGame.gd:688)
       [3] apply_save_data (res://PlayerData.gd:163)
       [4] load_game (res://SaveGame.gd:150)
       [5] _ready (res://MainGame.gd:515)
SCRIPT ERROR: Invalid call. Nonexistent function 'objective_icon_role' in base 'GDScript'.
   at: _add_objective_row_v152 (res://MainGame.gd:2181)
   GDScript backtrace (most recent call first):
       [0] _add_objective_row_v152 (res://MainGame.gd:2181)
       [1] _rebuild_quests (res://MainGame.gd:2206)
       [2] _refresh_all (res://MainGame.gd:688)
       [3] apply_save_data (res://PlayerData.gd:163)
       [4] load_game (res://SaveGame.gd:150)
       [5] _ready (res://MainGame.gd:515)
SCRIPT ERROR: Invalid call. Nonexistent function 'style_objective_header' in base 'GDScript'.
   at: _add_objective_header_v152 (res://MainGame.gd:2166)
   GDScript backtrace (most recent call first):
       [0] _add_objective_header_v152 (res://MainGame.gd:2166)
       [1] _rebuild_quests (res://MainGame.gd:2205)
       [2] _refresh_all (res://MainGame.gd:688)
       [3] apply_save_data (res://PlayerData.gd:163)
       [4] load_game (res://SaveGame.gd:150)
       [5] _ready (res://MainGame.gd:515)
SCRIPT ERROR: Invalid call. Nonexistent function 'objective_icon_role' in base 'GDScript'.
   at: _add_objective_row_v152 (res://MainGame.gd:2181)
   GDScript backtrace (most recent call first):
       [0] _add_objective_row_v152 (res://MainGame.gd:2181)
       [1] _rebuild_quests (res://MainGame.gd:2206)
       [2] _refresh_all (res://MainGame.gd:688)
       [3] apply_save_data (res://PlayerData.gd:163)
       [4] load_game (res://SaveGame.gd:150)
       [5] _ready (res://MainGame.gd:515)
SCRIPT ERROR: Invalid call. Nonexistent function 'objective_icon_role' in base 'GDScript'.
   at: _add_objective_row_v152 (res://MainGame.gd:2181)
   GDScript backtrace (most recent call first):
       [0] _add_objective_row_v152 (res://MainGame.gd:2181)
       [1] _rebuild_quests (res://MainGame.gd:2206)
       [2] _refresh_all (res://MainGame.gd:688)
       [3] apply_save_data (res://PlayerData.gd:163)
       [4] load_game (res://SaveGame.gd:150)
       [5] _ready (res://MainGame.gd:515)
SCRIPT ERROR: Invalid call. Nonexistent function 'objective_icon_role' in base 'GDScript'.
   at: _add_objective_row_v152 (res://MainGame.gd:2181)
   GDScript backtrace (most recent call first):
       [0] _add_objective_row_v152 (res://MainGame.gd:2181)
       [1] _rebuild_quests (res://MainGame.gd:2206)
       [2] _refresh_all (res://MainGame.gd:688)
       [3] apply_save_data (res://PlayerData.gd:163)
       [4] load_game (res://SaveGame.gd:150)
       [5] _ready (res://MainGame.gd:515)
SCRIPT ERROR: Invalid call. Nonexistent function 'objective_icon_role' in base 'GDScript'.
   at: _add_objective_row_v152 (res://MainGame.gd:2181)
   GDScript backtrace (most recent call first):
       [0] _add_objective_row_v152 (res://MainGame.gd:2181)
       [1] _rebuild_quests (res://MainGame.gd:2206)
       [2] _refresh_all (res://MainGame.gd:688)
       [3] apply_save_data (res://PlayerData.gd:163)
       [4] load_game (res://SaveGame.gd:150)
       [5] _ready (res://MainGame.gd:515)
SCRIPT ERROR: Invalid call. Nonexistent function 'objective_icon_role' in base 'GDScript'.
   at: _add_objective_row_v152 (res://MainGame.gd:2181)
   GDScript backtrace (most recent call first):
       [0] _add_objective_row_v152 (res://MainGame.gd:2181)
       [1] _rebuild_quests (res://MainGame.gd:2206)
       [2] _refresh_all (res://MainGame.gd:688)
       [3] apply_save_data (res://PlayerData.gd:163)
       [4] load_game (res://SaveGame.gd:150)
       [5] _ready (res://MainGame.gd:515)
SCRIPT ERROR: Invalid call. Nonexistent function 'style_objective_header' in base 'GDScript'.
   at: _add_objective_header_v152 (res://MainGame.gd:2166)
   GDScript backtrace (most recent call first):
       [0] _add_objective_header_v152 (res://MainGame.gd:2166)
       [1] _rebuild_quests (res://MainGame.gd:2207)
       [2] _refresh_all (res://MainGame.gd:688)
       [3] apply_save_data (res://PlayerData.gd:163)
       [4] load_game (res://SaveGame.gd:150)
       [5] _ready (res://MainGame.gd:515)
SCRIPT ERROR: Invalid call. Nonexistent function 'objective_icon_role' in base 'GDScript'.
   at: _rebuild_quests (res://MainGame.gd:2214)
   GDScript backtrace (most recent call first):
       [0] _rebuild_quests (res://MainGame.gd:2214)
       [1] _refresh_all (res://MainGame.gd:688)
       [2] apply_save_data (res://PlayerData.gd:163)
       [3] load_game (res://SaveGame.gd:150)
       [4] _ready (res://MainGame.gd:515)
SCRIPT ERROR: Invalid call. Nonexistent function 'refresh_progression_state' in base 'GDScript'.
   at: _refresh_progression_p0 (res://MainGame.gd:2903)
   GDScript backtrace (most recent call first):
       [0] _refresh_progression_p0 (res://MainGame.gd:2903)
       [1] _refresh_all (res://MainGame.gd:696)
       [2] apply_save_data (res://PlayerData.gd:163)
       [3] load_game (res://SaveGame.gd:150)
       [4] _ready (res://MainGame.gd:515)
SCRIPT ERROR: Invalid call. Nonexistent function 'refresh_shop_state' in base 'GDScript'.
   at: _refresh_shop_p0 (res://MainGame.gd:2810)
   GDScript backtrace (most recent call first):
       [0] _refresh_shop_p0 (res://MainGame.gd:2810)
       [1] _refresh_all (res://MainGame.gd:697)
       [2] apply_save_data (res://PlayerData.gd:163)
       [3] load_game (res://SaveGame.gd:150)
       [4] _ready (res://MainGame.gd:515)
SCRIPT ERROR: Invalid call. Nonexistent function 'refresh_afk_state' in base 'GDScript'.
   at: _refresh_afk_p0 (res://MainGame.gd:2910)
   GDScript backtrace (most recent call first):
       [0] _refresh_afk_p0 (res://MainGame.gd:2910)
       [1] _refresh_all (res://MainGame.gd:698)
       [2] apply_save_data (res://PlayerData.gd:163)
       [3] load_game (res://SaveGame.gd:150)
       [4] _ready (res://MainGame.gd:515)
SCRIPT ERROR: Invalid call. Nonexistent function 'refresh_home_loop_state' in base 'GDScript'.
   at: _update_monster_ui (res://MainGame.gd:1219)
   GDScript backtrace (most recent call first):
       [0] _update_monster_ui (res://MainGame.gd:1219)
       [1] apply_save_data (res://PlayerData.gd:164)
       [2] load_game (res://SaveGame.gd:150)
       [3] _ready (res://MainGame.gd:515)
SCRIPT ERROR: Invalid call. Nonexistent function 'refresh_home_loop_state' in base 'GDScript'.
   at: _update_monster_ui (res://MainGame.gd:1219)
   GDScript backtrace (most recent call first):
       [0] _update_monster_ui (res://MainGame.gd:1219)
       [1] _refresh_all (res://MainGame.gd:675)
       [2] apply_save_data (res://PlayerData.gd:165)
       [3] load_game (res://SaveGame.gd:150)
       [4] _ready (res://MainGame.gd:515)
SCRIPT ERROR: Invalid call. Nonexistent function 'refresh_village_loop_state' in base 'GDScript'.
   at: _refresh_p0_village (res://MainGame.gd:2410)
   GDScript backtrace (most recent call first):
       [0] _refresh_p0_village (res://MainGame.gd:2410)
       [1] _refresh_all (res://MainGame.gd:680)
       [2] apply_save_data (res://PlayerData.gd:165)
       [3] load_game (res://SaveGame.gd:150)
       [4] _ready (res://MainGame.gd:515)
SCRIPT ERROR: Invalid call. Nonexistent function 'refresh_reward_session_state' in base 'GDScript'.
   at: _refresh_meta_ui (res://MainGame.gd:1004)
   GDScript backtrace (most recent call first):
       [0] _refresh_meta_ui (res://MainGame.gd:1004)
       [1] _refresh_all (res://MainGame.gd:683)
       [2] apply_save_data (res://PlayerData.gd:165)
       [3] load_game (res://SaveGame.gd:150)
       [4] _ready (res://MainGame.gd:515)
SCRIPT ERROR: Invalid call. Nonexistent function 'style_objective_header' in base 'GDScript'.
   at: _add_objective_header_v152 (res://MainGame.gd:2166)
   GDScript backtrace (most recent call first):
       [0] _add_objective_header_v152 (res://MainGame.gd:2166)
       [1] _rebuild_quests (res://MainGame.gd:2205)
       [2] _refresh_all (res://MainGame.gd:688)
       [3] apply_save_data (res://PlayerData.gd:165)
       [4] load_game (res://SaveGame.gd:150)
       [5] _ready (res://MainGame.gd:515)
SCRIPT ERROR: Invalid call. Nonexistent function 'objective_icon_role' in base 'GDScript'.
   at: _add_objective_row_v152 (res://MainGame.gd:2181)
   GDScript backtrace (most recent call first):
       [0] _add_objective_row_v152 (res://MainGame.gd:2181)
       [1] _rebuild_quests (res://MainGame.gd:2206)
       [2] _refresh_all (res://MainGame.gd:688)
       [3] apply_save_data (res://PlayerData.gd:165)
       [4] load_game (res://SaveGame.gd:150)
       [5] _ready (res://MainGame.gd:515)
SCRIPT ERROR: Invalid call. Nonexistent function 'objective_icon_role' in base 'GDScript'.
   at: _add_objective_row_v152 (res://MainGame.gd:2181)
   GDScript backtrace (most recent call first):
       [0] _add_objective_row_v152 (res://MainGame.gd:2181)
       [1] _rebuild_quests (res://MainGame.gd:2206)
       [2] _refresh_all (res://MainGame.gd:688)
       [3] apply_save_data (res://PlayerData.gd:165)
       [4] load_game (res://SaveGame.gd:150)
       [5] _ready (res://MainGame.gd:515)
SCRIPT ERROR: Invalid call. Nonexistent function 'objective_icon_role' in base 'GDScript'.
   at: _add_objective_row_v152 (res://MainGame.gd:2181)
   GDScript backtrace (most recent call first):
       [0] _add_objective_row_v152 (res://MainGame.gd:2181)
       [1] _rebuild_quests (res://MainGame.gd:2206)
       [2] _refresh_all (res://MainGame.gd:688)
       [3] apply_save_data (res://PlayerData.gd:165)
       [4] load_game (res://SaveGame.gd:150)
       [5] _ready (res://MainGame.gd:515)
SCRIPT ERROR: Invalid call. Nonexistent function 'style_objective_header' in base 'GDScript'.
   at: _add_objective_header_v152 (res://MainGame.gd:2166)
   GDScript backtrace (most recent call first):
       [0] _add_objective_header_v152 (res://MainGame.gd:2166)
       [1] _rebuild_quests (res://MainGame.gd:2205)
       [2] _refresh_all (res://MainGame.gd:688)
       [3] apply_save_data (res://PlayerData.gd:165)
       [4] load_game (res://SaveGame.gd:150)
       [5] _ready (res://MainGame.gd:515)
SCRIPT ERROR: Invalid call. Nonexistent function 'objective_icon_role' in base 'GDScript'.
   at: _add_objective_row_v152 (res://MainGame.gd:2181)
   GDScript backtrace (most recent call first):
       [0] _add_objective_row_v152 (res://MainGame.gd:2181)
       [1] _rebuild_quests (res://MainGame.gd:2206)
       [2] _refresh_all (res://MainGame.gd:688)
       [3] apply_save_data (res://PlayerData.gd:165)
       [4] load_game (res://SaveGame.gd:150)
       [5] _ready (res://MainGame.gd:515)
SCRIPT ERROR: Invalid call. Nonexistent function 'objective_icon_role' in base 'GDScript'.
   at: _add_objective_row_v152 (res://MainGame.gd:2181)
   GDScript backtrace (most recent call first):
       [0] _add_objective_row_v152 (res://MainGame.gd:2181)
       [1] _rebuild_quests (res://MainGame.gd:2206)
       [2] _refresh_all (res://MainGame.gd:688)
       [3] apply_save_data (res://PlayerData.gd:165)
       [4] load_game (res://SaveGame.gd:150)
       [5] _ready (res://MainGame.gd:515)
SCRIPT ERROR: Invalid call. Nonexistent function 'objective_icon_role' in base 'GDScript'.
   at: _add_objective_row_v152 (res://MainGame.gd:2181)
   GDScript backtrace (most recent call first):
       [0] _add_objective_row_v152 (res://MainGame.gd:2181)
       [1] _rebuild_quests (res://MainGame.gd:2206)
       [2] _refresh_all (res://MainGame.gd:688)
       [3] apply_save_data (res://PlayerData.gd:165)
       [4] load_game (res://SaveGame.gd:150)
       [5] _ready (res://MainGame.gd:515)
SCRIPT ERROR: Invalid call. Nonexistent function 'style_objective_header' in base 'GDScript'.
   at: _add_objective_header_v152 (res://MainGame.gd:2166)
   GDScript backtrace (most recent call first):
       [0] _add_objective_header_v152 (res://MainGame.gd:2166)
       [1] _rebuild_quests (res://MainGame.gd:2205)
       [2] _refresh_all (res://MainGame.gd:688)
       [3] apply_save_data (res://PlayerData.gd:165)
       [4] load_game (res://SaveGame.gd:150)
       [5] _ready (res://MainGame.gd:515)
SCRIPT ERROR: Invalid call. Nonexistent function 'objective_icon_role' in base 'GDScript'.
   at: _add_objective_row_v152 (res://MainGame.gd:2181)
   GDScript backtrace (most recent call first):
       [0] _add_objective_row_v152 (res://MainGame.gd:2181)
       [1] _rebuild_quests (res://MainGame.gd:2206)
       [2] _refresh_all (res://MainGame.gd:688)
       [3] apply_save_data (res://PlayerData.gd:165)
       [4] load_game (res://SaveGame.gd:150)
       [5] _ready (res://MainGame.gd:515)
SCRIPT ERROR: Invalid call. Nonexistent function 'objective_icon_role' in base 'GDScript'.
   at: _add_objective_row_v152 (res://MainGame.gd:2181)
   GDScript backtrace (most recent call first):
       [0] _add_objective_row_v152 (res://MainGame.gd:2181)
       [1] _rebuild_quests (res://MainGame.gd:2206)
       [2] _refresh_all (res://MainGame.gd:688)
       [3] apply_save_data (res://PlayerData.gd:165)
       [4] load_game (res://SaveGame.gd:150)
       [5] _ready (res://MainGame.gd:515)
SCRIPT ERROR: Invalid call. Nonexistent function 'objective_icon_role' in base 'GDScript'.
   at: _add_objective_row_v152 (res://MainGame.gd:2181)
   GDScript backtrace (most recent call first):
       [0] _add_objective_row_v152 (res://MainGame.gd:2181)
       [1] _rebuild_quests (res://MainGame.gd:2206)
       [2] _refresh_all (res://MainGame.gd:688)
       [3] apply_save_data (res://PlayerData.gd:165)
       [4] load_game (res://SaveGame.gd:150)
       [5] _ready (res://MainGame.gd:515)
SCRIPT ERROR: Invalid call. Nonexistent function 'objective_icon_role' in base 'GDScript'.
   at: _add_objective_row_v152 (res://MainGame.gd:2181)
   GDScript backtrace (most recent call first):
       [0] _add_objective_row_v152 (res://MainGame.gd:2181)
       [1] _rebuild_quests (res://MainGame.gd:2206)
       [2] _refresh_all (res://MainGame.gd:688)
       [3] apply_save_data (res://PlayerData.gd:165)
       [4] load_game (res://SaveGame.gd:150)
       [5] _ready (res://MainGame.gd:515)
SCRIPT ERROR: Invalid call. Nonexistent function 'objective_icon_role' in base 'GDScript'.
   at: _add_objective_row_v152 (res://MainGame.gd:2181)
   GDScript backtrace (most recent call first):
       [0] _add_objective_row_v152 (res://MainGame.gd:2181)
       [1] _rebuild_quests (res://MainGame.gd:2206)
       [2] _refresh_all (res://MainGame.gd:688)
       [3] apply_save_data (res://PlayerData.gd:165)
       [4] load_game (res://SaveGame.gd:150)
       [5] _ready (res://MainGame.gd:515)
SCRIPT ERROR: Invalid call. Nonexistent function 'style_objective_header' in base 'GDScript'.
   at: _add_objective_header_v152 (res://MainGame.gd:2166)
   GDScript backtrace (most recent call first):
       [0] _add_objective_header_v152 (res://MainGame.gd:2166)
       [1] _rebuild_quests (res://MainGame.gd:2207)
       [2] _refresh_all (res://MainGame.gd:688)
       [3] apply_save_data (res://PlayerData.gd:165)
       [4] load_game (res://SaveGame.gd:150)
       [5] _ready (res://MainGame.gd:515)
SCRIPT ERROR: Invalid call. Nonexistent function 'objective_icon_role' in base 'GDScript'.
   at: _rebuild_quests (res://MainGame.gd:2214)
   GDScript backtrace (most recent call first):
       [0] _rebuild_quests (res://MainGame.gd:2214)
       [1] _refresh_all (res://MainGame.gd:688)
       [2] apply_save_data (res://PlayerData.gd:165)
       [3] load_game (res://SaveGame.gd:150)
       [4] _ready (res://MainGame.gd:515)
SCRIPT ERROR: Invalid call. Nonexistent function 'refresh_progression_state' in base 'GDScript'.
   at: _refresh_progression_p0 (res://MainGame.gd:2903)
   GDScript backtrace (most recent call first):
       [0] _refresh_progression_p0 (res://MainGame.gd:2903)
       [1] _refresh_all (res://MainGame.gd:696)
       [2] apply_save_data (res://PlayerData.gd:165)
       [3] load_game (res://SaveGame.gd:150)
       [4] _ready (res://MainGame.gd:515)
SCRIPT ERROR: Invalid call. Nonexistent function 'refresh_shop_state' in base 'GDScript'.
   at: _refresh_shop_p0 (res://MainGame.gd:2810)
   GDScript backtrace (most recent call first):
       [0] _refresh_shop_p0 (res://MainGame.gd:2810)
       [1] _refresh_all (res://MainGame.gd:697)
       [2] apply_save_data (res://PlayerData.gd:165)
       [3] load_game (res://SaveGame.gd:150)
       [4] _ready (res://MainGame.gd:515)
SCRIPT ERROR: Invalid call. Nonexistent function 'refresh_afk_state' in base 'GDScript'.
   at: _refresh_afk_p0 (res://MainGame.gd:2910)
   GDScript backtrace (most recent call first):
       [0] _refresh_afk_p0 (res://MainGame.gd:2910)
       [1] _refresh_all (res://MainGame.gd:698)
       [2] apply_save_data (res://PlayerData.gd:165)
       [3] load_game (res://SaveGame.gd:150)
       [4] _ready (res://MainGame.gd:515)
SCRIPT ERROR: Invalid call. Nonexistent function 'style_objective_header' in base 'GDScript'.
   at: _add_objective_header_v152 (res://MainGame.gd:2166)
   GDScript backtrace (most recent call first):
       [0] _add_objective_header_v152 (res://MainGame.gd:2166)
       [1] _rebuild_quests (res://MainGame.gd:2205)
       [2] apply_save_data (res://QuestSystem.gd:105)
       [3] load_game (res://SaveGame.gd:153)
       [4] _ready (res://MainGame.gd:515)
SCRIPT ERROR: Invalid call. Nonexistent function 'objective_icon_role' in base 'GDScript'.
   at: _add_objective_row_v152 (res://MainGame.gd:2181)
   GDScript backtrace (most recent call first):
       [0] _add_objective_row_v152 (res://MainGame.gd:2181)
       [1] _rebuild_quests (res://MainGame.gd:2206)
       [2] apply_save_data (res://QuestSystem.gd:105)
       [3] load_game (res://SaveGame.gd:153)
       [4] _ready (res://MainGame.gd:515)
SCRIPT ERROR: Invalid call. Nonexistent function 'objective_icon_role' in base 'GDScript'.
   at: _add_objective_row_v152 (res://MainGame.gd:2181)
   GDScript backtrace (most recent call first):
       [0] _add_objective_row_v152 (res://MainGame.gd:2181)
       [1] _rebuild_quests (res://MainGame.gd:2206)
       [2] apply_save_data (res://QuestSystem.gd:105)
       [3] load_game (res://SaveGame.gd:153)
       [4] _ready (res://MainGame.gd:515)
SCRIPT ERROR: Invalid call. Nonexistent function 'objective_icon_role' in base 'GDScript'.
   at: _add_objective_row_v152 (res://MainGame.gd:2181)
   GDScript backtrace (most recent call first):
       [0] _add_objective_row_v152 (res://MainGame.gd:2181)
       [1] _rebuild_quests (res://MainGame.gd:2206)
       [2] apply_save_data (res://QuestSystem.gd:105)
       [3] load_game (res://SaveGame.gd:153)
       [4] _ready (res://MainGame.gd:515)
SCRIPT ERROR: Invalid call. Nonexistent function 'style_objective_header' in base 'GDScript'.
   at: _add_objective_header_v152 (res://MainGame.gd:2166)
   GDScript backtrace (most recent call first):
       [0] _add_objective_header_v152 (res://MainGame.gd:2166)
       [1] _rebuild_quests (res://MainGame.gd:2205)
       [2] apply_save_data (res://QuestSystem.gd:105)
       [3] load_game (res://SaveGame.gd:153)
       [4] _ready (res://MainGame.gd:515)
SCRIPT ERROR: Invalid call. Nonexistent function 'objective_icon_role' in base 'GDScript'.
   at: _add_objective_row_v152 (res://MainGame.gd:2181)
   GDScript backtrace (most recent call first):
       [0] _add_objective_row_v152 (res://MainGame.gd:2181)
       [1] _rebuild_quests (res://MainGame.gd:2206)
       [2] apply_save_data (res://QuestSystem.gd:105)
       [3] load_game (res://SaveGame.gd:153)
       [4] _ready (res://MainGame.gd:515)
SCRIPT ERROR: Invalid call. Nonexistent function 'objective_icon_role' in base 'GDScript'.
   at: _add_objective_row_v152 (res://MainGame.gd:2181)
   GDScript backtrace (most recent call first):
       [0] _add_objective_row_v152 (res://MainGame.gd:2181)
       [1] _rebuild_quests (res://MainGame.gd:2206)
       [2] apply_save_data (res://QuestSystem.gd:105)
       [3] load_game (res://SaveGame.gd:153)
       [4] _ready (res://MainGame.gd:515)
SCRIPT ERROR: Invalid call. Nonexistent function 'objective_icon_role' in base 'GDScript'.
   at: _add_objective_row_v152 (res://MainGame.gd:2181)
   GDScript backtrace (most recent call first):
       [0] _add_objective_row_v152 (res://MainGame.gd:2181)
       [1] _rebuild_quests (res://MainGame.gd:2206)
       [2] apply_save_data (res://QuestSystem.gd:105)
       [3] load_game (res://SaveGame.gd:153)
       [4] _ready (res://MainGame.gd:515)
SCRIPT ERROR: Invalid call. Nonexistent function 'style_objective_header' in base 'GDScript'.
   at: _add_objective_header_v152 (res://MainGame.gd:2166)
   GDScript backtrace (most recent call first):
       [0] _add_objective_header_v152 (res://MainGame.gd:2166)
       [1] _rebuild_quests (res://MainGame.gd:2205)
       [2] apply_save_data (res://QuestSystem.gd:105)
       [3] load_game (res://SaveGame.gd:153)
       [4] _ready (res://MainGame.gd:515)
SCRIPT ERROR: Invalid call. Nonexistent function 'objective_icon_role' in base 'GDScript'.
   at: _add_objective_row_v152 (res://MainGame.gd:2181)
   GDScript backtrace (most recent call first):
       [0] _add_objective_row_v152 (res://MainGame.gd:2181)
       [1] _rebuild_quests (res://MainGame.gd:2206)
       [2] apply_save_data (res://QuestSystem.gd:105)
       [3] load_game (res://SaveGame.gd:153)
       [4] _ready (res://MainGame.gd:515)
SCRIPT ERROR: Invalid call. Nonexistent function 'objective_icon_role' in base 'GDScript'.
   at: _add_objective_row_v152 (res://MainGame.gd:2181)
   GDScript backtrace (most recent call first):
       [0] _add_objective_row_v152 (res://MainGame.gd:2181)
       [1] _rebuild_quests (res://MainGame.gd:2206)
       [2] apply_save_data (res://QuestSystem.gd:105)
       [3] load_game (res://SaveGame.gd:153)
       [4] _ready (res://MainGame.gd:515)
SCRIPT ERROR: Invalid call. Nonexistent function 'objective_icon_role' in base 'GDScript'.
   at: _add_objective_row_v152 (res://MainGame.gd:2181)
   GDScript backtrace (most recent call first):
       [0] _add_objective_row_v152 (res://MainGame.gd:2181)
       [1] _rebuild_quests (res://MainGame.gd:2206)
       [2] apply_save_data (res://QuestSystem.gd:105)
       [3] load_game (res://SaveGame.gd:153)
       [4] _ready (res://MainGame.gd:515)
SCRIPT ERROR: Invalid call. Nonexistent function 'objective_icon_role' in base 'GDScript'.
   at: _add_objective_row_v152 (res://MainGame.gd:2181)
   GDScript backtrace (most recent call first):
       [0] _add_objective_row_v152 (res://MainGame.gd:2181)
       [1] _rebuild_quests (res://MainGame.gd:2206)
       [2] apply_save_data (res://QuestSystem.gd:105)
       [3] load_game (res://SaveGame.gd:153)
       [4] _ready (res://MainGame.gd:515)
SCRIPT ERROR: Invalid call. Nonexistent function 'objective_icon_role' in base 'GDScript'.
   at: _add_objective_row_v152 (res://MainGame.gd:2181)
   GDScript backtrace (most recent call first):
       [0] _add_objective_row_v152 (res://MainGame.gd:2181)
       [1] _rebuild_quests (res://MainGame.gd:2206)
       [2] apply_save_data (res://QuestSystem.gd:105)
       [3] load_game (res://SaveGame.gd:153)
       [4] _ready (res://MainGame.gd:515)
SCRIPT ERROR: Invalid call. Nonexistent function 'style_objective_header' in base 'GDScript'.
   at: _add_objective_header_v152 (res://MainGame.gd:2166)
   GDScript backtrace (most recent call first):
       [0] _add_objective_header_v152 (res://MainGame.gd:2166)
       [1] _rebuild_quests (res://MainGame.gd:2207)
       [2] apply_save_data (res://QuestSystem.gd:105)
       [3] load_game (res://SaveGame.gd:153)
       [4] _ready (res://MainGame.gd:515)
SCRIPT ERROR: Invalid call. Nonexistent function 'objective_icon_role' in base 'GDScript'.
   at: _rebuild_quests (res://MainGame.gd:2214)
   GDScript backtrace (most recent call first):
       [0] _rebuild_quests (res://MainGame.gd:2214)
       [1] apply_save_data (res://QuestSystem.gd:105)
       [2] load_game (res://SaveGame.gd:153)
       [3] _ready (res://MainGame.gd:515)
SCRIPT ERROR: Invalid call. Nonexistent function 'refresh_village_loop_state' in base 'GDScript'.
   at: _refresh_p0_village (res://MainGame.gd:2410)
   GDScript backtrace (most recent call first):
       [0] _refresh_p0_village (res://MainGame.gd:2410)
       [1] apply_save_data (res://P0VillageSystem.gd:233)
       [2] load_game (res://SaveGame.gd:154)
       [3] _ready (res://MainGame.gd:515)
SCRIPT ERROR: Invalid call. Nonexistent function 'refresh_village_loop_state' in base 'GDScript'.
   at: _refresh_p0_village (res://MainGame.gd:2410)
   GDScript backtrace (most recent call first):
       [0] _refresh_p0_village (res://MainGame.gd:2410)
       [1] apply_save_data (res://VillageProgressionSystem.gd:179)
       [2] load_game (res://SaveGame.gd:155)
       [3] _ready (res://MainGame.gd:515)
SCRIPT ERROR: Invalid call. Nonexistent function 'refresh_reward_session_state' in base 'GDScript'.
   at: _refresh_meta_ui (res://MainGame.gd:1004)
   GDScript backtrace (most recent call first):
       [0] _refresh_meta_ui (res://MainGame.gd:1004)
       [1] apply_save_data (res://MetaProgressSystem.gd:137)
       [2] load_game (res://SaveGame.gd:162)
       [3] _ready (res://MainGame.gd:515)
SCRIPT ERROR: Trying to assign an array of type "Array" to a variable of type "Array[int]".
   at: apply_save_data (res://PuzzleSystem.gd:162)
   GDScript backtrace (most recent call first):
       [0] apply_save_data (res://PuzzleSystem.gd:162)
       [1] load_game (res://SaveGame.gd:164)
       [2] _ready (res://MainGame.gd:515)
SCRIPT ERROR: Invalid call. Nonexistent function 'style_objective_header' in base 'GDScript'.
   at: _add_objective_header_v152 (res://MainGame.gd:2166)
   GDScript backtrace (most recent call first):
       [0] _add_objective_header_v152 (res://MainGame.gd:2166)
       [1] _rebuild_quests (res://MainGame.gd:2205)
       [2] apply_save_data (res://ObjectiveSystem.gd:127)
       [3] load_game (res://SaveGame.gd:169)
       [4] _ready (res://MainGame.gd:515)
SCRIPT ERROR: Invalid call. Nonexistent function 'objective_icon_role' in base 'GDScript'.
   at: _add_objective_row_v152 (res://MainGame.gd:2181)
   GDScript backtrace (most recent call first):
       [0] _add_objective_row_v152 (res://MainGame.gd:2181)
       [1] _rebuild_quests (res://MainGame.gd:2206)
       [2] apply_save_data (res://ObjectiveSystem.gd:127)
       [3] load_game (res://SaveGame.gd:169)
       [4] _ready (res://MainGame.gd:515)
SCRIPT ERROR: Invalid call. Nonexistent function 'objective_icon_role' in base 'GDScript'.
   at: _add_objective_row_v152 (res://MainGame.gd:2181)
   GDScript backtrace (most recent call first):
       [0] _add_objective_row_v152 (res://MainGame.gd:2181)
       [1] _rebuild_quests (res://MainGame.gd:2206)
       [2] apply_save_data (res://ObjectiveSystem.gd:127)
       [3] load_game (res://SaveGame.gd:169)
       [4] _ready (res://MainGame.gd:515)
SCRIPT ERROR: Invalid call. Nonexistent function 'objective_icon_role' in base 'GDScript'.
   at: _add_objective_row_v152 (res://MainGame.gd:2181)
   GDScript backtrace (most recent call first):
       [0] _add_objective_row_v152 (res://MainGame.gd:2181)
       [1] _rebuild_quests (res://MainGame.gd:2206)
       [2] apply_save_data (res://ObjectiveSystem.gd:127)
       [3] load_game (res://SaveGame.gd:169)
       [4] _ready (res://MainGame.gd:515)
SCRIPT ERROR: Invalid call. Nonexistent function 'style_objective_header' in base 'GDScript'.
   at: _add_objective_header_v152 (res://MainGame.gd:2166)
   GDScript backtrace (most recent call first):
       [0] _add_objective_header_v152 (res://MainGame.gd:2166)
       [1] _rebuild_quests (res://MainGame.gd:2205)
       [2] apply_save_data (res://ObjectiveSystem.gd:127)
       [3] load_game (res://SaveGame.gd:169)
       [4] _ready (res://MainGame.gd:515)
SCRIPT ERROR: Invalid call. Nonexistent function 'objective_icon_role' in base 'GDScript'.
   at: _add_objective_row_v152 (res://MainGame.gd:2181)
   GDScript backtrace (most recent call first):
       [0] _add_objective_row_v152 (res://MainGame.gd:2181)
       [1] _rebuild_quests (res://MainGame.gd:2206)
       [2] apply_save_data (res://ObjectiveSystem.gd:127)
       [3] load_game (res://SaveGame.gd:169)
       [4] _ready (res://MainGame.gd:515)
SCRIPT ERROR: Invalid call. Nonexistent function 'objective_icon_role' in base 'GDScript'.
   at: _add_objective_row_v152 (res://MainGame.gd:2181)
   GDScript backtrace (most recent call first):
       [0] _add_objective_row_v152 (res://MainGame.gd:2181)
       [1] _rebuild_quests (res://MainGame.gd:2206)
       [2] apply_save_data (res://ObjectiveSystem.gd:127)
       [3] load_game (res://SaveGame.gd:169)
       [4] _ready (res://MainGame.gd:515)
SCRIPT ERROR: Invalid call. Nonexistent function 'objective_icon_role' in base 'GDScript'.
   at: _add_objective_row_v152 (res://MainGame.gd:2181)
   GDScript backtrace (most recent call first):
       [0] _add_objective_row_v152 (res://MainGame.gd:2181)
       [1] _rebuild_quests (res://MainGame.gd:2206)
       [2] apply_save_data (res://ObjectiveSystem.gd:127)
       [3] load_game (res://SaveGame.gd:169)
       [4] _ready (res://MainGame.gd:515)
SCRIPT ERROR: Invalid call. Nonexistent function 'style_objective_header' in base 'GDScript'.
   at: _add_objective_header_v152 (res://MainGame.gd:2166)
   GDScript backtrace (most recent call first):
       [0] _add_objective_header_v152 (res://MainGame.gd:2166)
       [1] _rebuild_quests (res://MainGame.gd:2205)
       [2] apply_save_data (res://ObjectiveSystem.gd:127)
       [3] load_game (res://SaveGame.gd:169)
       [4] _ready (res://MainGame.gd:515)
SCRIPT ERROR: Invalid call. Nonexistent function 'objective_icon_role' in base 'GDScript'.
   at: _add_objective_row_v152 (res://MainGame.gd:2181)
   GDScript backtrace (most recent call first):
       [0] _add_objective_row_v152 (res://MainGame.gd:2181)
       [1] _rebuild_quests (res://MainGame.gd:2206)
       [2] apply_save_data (res://ObjectiveSystem.gd:127)
       [3] load_game (res://SaveGame.gd:169)
       [4] _ready (res://MainGame.gd:515)
SCRIPT ERROR: Invalid call. Nonexistent function 'objective_icon_role' in base 'GDScript'.
   at: _add_objective_row_v152 (res://MainGame.gd:2181)
   GDScript backtrace (most recent call first):
       [0] _add_objective_row_v152 (res://MainGame.gd:2181)
       [1] _rebuild_quests (res://MainGame.gd:2206)
       [2] apply_save_data (res://ObjectiveSystem.gd:127)
       [3] load_game (res://SaveGame.gd:169)
       [4] _ready (res://MainGame.gd:515)
SCRIPT ERROR: Invalid call. Nonexistent function 'objective_icon_role' in base 'GDScript'.
   at: _add_objective_row_v152 (res://MainGame.gd:2181)
   GDScript backtrace (most recent call first):
       [0] _add_objective_row_v152 (res://MainGame.gd:2181)
       [1] _rebuild_quests (res://MainGame.gd:2206)
       [2] apply_save_data (res://ObjectiveSystem.gd:127)
       [3] load_game (res://SaveGame.gd:169)
       [4] _ready (res://MainGame.gd:515)
SCRIPT ERROR: Invalid call. Nonexistent function 'objective_icon_role' in base 'GDScript'.
   at: _add_objective_row_v152 (res://MainGame.gd:2181)
   GDScript backtrace (most recent call first):
       [0] _add_objective_row_v152 (res://MainGame.gd:2181)
       [1] _rebuild_quests (res://MainGame.gd:2206)
       [2] apply_save_data (res://ObjectiveSystem.gd:127)
       [3] load_game (res://SaveGame.gd:169)
       [4] _ready (res://MainGame.gd:515)
SCRIPT ERROR: Invalid call. Nonexistent function 'objective_icon_role' in base 'GDScript'.
   at: _add_objective_row_v152 (res://MainGame.gd:2181)
   GDScript backtrace (most recent call first):
       [0] _add_objective_row_v152 (res://MainGame.gd:2181)
       [1] _rebuild_quests (res://MainGame.gd:2206)
       [2] apply_save_data (res://ObjectiveSystem.gd:127)
       [3] load_game (res://SaveGame.gd:169)
       [4] _ready (res://MainGame.gd:515)
SCRIPT ERROR: Invalid call. Nonexistent function 'style_objective_header' in base 'GDScript'.
   at: _add_objective_header_v152 (res://MainGame.gd:2166)
   GDScript backtrace (most recent call first):
       [0] _add_objective_header_v152 (res://MainGame.gd:2166)
       [1] _rebuild_quests (res://MainGame.gd:2207)
       [2] apply_save_data (res://ObjectiveSystem.gd:127)
       [3] load_game (res://SaveGame.gd:169)
       [4] _ready (res://MainGame.gd:515)
SCRIPT ERROR: Invalid call. Nonexistent function 'objective_icon_role' in base 'GDScript'.
   at: _rebuild_quests (res://MainGame.gd:2214)
   GDScript backtrace (most recent call first):
       [0] _rebuild_quests (res://MainGame.gd:2214)
       [1] apply_save_data (res://ObjectiveSystem.gd:127)
       [2] load_game (res://SaveGame.gd:169)
       [3] _ready (res://MainGame.gd:515)
SCRIPT ERROR: Invalid call. Nonexistent function 'refresh_afk_state' in base 'GDScript'.
   at: _refresh_afk_p0 (res://MainGame.gd:2910)
   GDScript backtrace (most recent call first):
       [0] _refresh_afk_p0 (res://MainGame.gd:2910)
       [1] apply_save_data (res://AfkRewardSystem.gd:73)
       [2] load_game (res://SaveGame.gd:172)
       [3] _ready (res://MainGame.gd:515)
ERROR: P0 violation: Daily visible
   at: push_error (core/variant/variant_utility.cpp:1023)
   GDScript backtrace (most recent call first):
       [0] log_contract_status (res://CoreAcceptanceService.gd:52)
       [1] _ready (res://MainGame.gd:526)
ERROR: P0 violation: Quests visible
   at: push_error (core/variant/variant_utility.cpp:1023)
   GDScript backtrace (most recent call first):
       [0] log_contract_status (res://CoreAcceptanceService.gd:52)
       [1] _ready (res://MainGame.gd:526)
[CORE_ANALYTICS] {"event":"core_session_start","payload":{"gold":300,"monster_level":1,"save_recovered":false,"seconds_away":1,"spins":10},"time_unix":1789104319.172}
ERROR: P0 violation: Heroes visible
   at: push_error (core/variant/variant_utility.cpp:1023)
   GDScript backtrace (most recent call first):
       [0] log_contract_status (res://CoreAcceptanceService.gd:52)
       [1] _ready (res://MainGame.gd:526)
ERROR: P0 violation: Hero Auto-DPS active
   at: push_error (core/variant/variant_utility.cpp:1023)
   GDScript backtrace (most recent call first):
       [0] log_contract_status (res://CoreAcceptanceService.gd:52)
       [1] _ready (res://MainGame.gd:526)
[CORE_ANALYTICS] {"event":"core_contract_fail","payload":{"errors":["P0 violation: Daily visible","P0 violation: Quests visible","P0 violation: Heroes visible","P0 violation: Hero Auto-DPS active"]},"time_unix":1789104319.175}
SCRIPT ERROR: Invalid call. Nonexistent function 'refresh_home_loop_state' in base 'GDScript'.
   at: _update_monster_ui (res://MainGame.gd:1219)
   GDScript backtrace (most recent call first):
       [0] _update_monster_ui (res://MainGame.gd:1219)
       [1] _refresh_all (res://MainGame.gd:675)
       [2] _ready (res://MainGame.gd:530)
SCRIPT ERROR: Invalid call. Nonexistent function 'refresh_village_loop_state' in base 'GDScript'.
   at: _refresh_p0_village (res://MainGame.gd:2410)
   GDScript backtrace (most recent call first):
       [0] _refresh_p0_village (res://MainGame.gd:2410)
       [1] _refresh_all (res://MainGame.gd:680)
       [2] _ready (res://MainGame.gd:530)
SCRIPT ERROR: Invalid call. Nonexistent function 'refresh_reward_session_state' in base 'GDScript'.
   at: _refresh_meta_ui (res://MainGame.gd:1004)
   GDScript backtrace (most recent call first):
       [0] _refresh_meta_ui (res://MainGame.gd:1004)
       [1] _refresh_all (res://MainGame.gd:683)
       [2] _ready (res://MainGame.gd:530)
SCRIPT ERROR: Invalid call. Nonexistent function 'style_objective_header' in base 'GDScript'.
   at: _add_objective_header_v152 (res://MainGame.gd:2166)
   GDScript backtrace (most recent call first):
       [0] _add_objective_header_v152 (res://MainGame.gd:2166)
       [1] _rebuild_quests (res://MainGame.gd:2205)
       [2] _refresh_all (res://MainGame.gd:688)
       [3] _ready (res://MainGame.gd:530)
SCRIPT ERROR: Invalid call. Nonexistent function 'objective_icon_role' in base 'GDScript'.
   at: _add_objective_row_v152 (res://MainGame.gd:2181)
   GDScript backtrace (most recent call first):
       [0] _add_objective_row_v152 (res://MainGame.gd:2181)
       [1] _rebuild_quests (res://MainGame.gd:2206)
       [2] _refresh_all (res://MainGame.gd:688)
       [3] _ready (res://MainGame.gd:530)
SCRIPT ERROR: Invalid call. Nonexistent function 'objective_icon_role' in base 'GDScript'.
   at: _add_objective_row_v152 (res://MainGame.gd:2181)
   GDScript backtrace (most recent call first):
       [0] _add_objective_row_v152 (res://MainGame.gd:2181)
       [1] _rebuild_quests (res://MainGame.gd:2206)
       [2] _refresh_all (res://MainGame.gd:688)
       [3] _ready (res://MainGame.gd:530)
SCRIPT ERROR: Invalid call. Nonexistent function 'objective_icon_role' in base 'GDScript'.
   at: _add_objective_row_v152 (res://MainGame.gd:2181)
   GDScript backtrace (most recent call first):
       [0] _add_objective_row_v152 (res://MainGame.gd:2181)
       [1] _rebuild_quests (res://MainGame.gd:2206)
       [2] _refresh_all (res://MainGame.gd:688)
       [3] _ready (res://MainGame.gd:530)
SCRIPT ERROR: Invalid call. Nonexistent function 'style_objective_header' in base 'GDScript'.
   at: _add_objective_header_v152 (res://MainGame.gd:2166)
   GDScript backtrace (most recent call first):
       [0] _add_objective_header_v152 (res://MainGame.gd:2166)
       [1] _rebuild_quests (res://MainGame.gd:2205)
       [2] _refresh_all (res://MainGame.gd:688)
       [3] _ready (res://MainGame.gd:530)
SCRIPT ERROR: Invalid call. Nonexistent function 'objective_icon_role' in base 'GDScript'.
   at: _add_objective_row_v152 (res://MainGame.gd:2181)
   GDScript backtrace (most recent call first):
       [0] _add_objective_row_v152 (res://MainGame.gd:2181)
       [1] _rebuild_quests (res://MainGame.gd:2206)
       [2] _refresh_all (res://MainGame.gd:688)
       [3] _ready (res://MainGame.gd:530)
SCRIPT ERROR: Invalid call. Nonexistent function 'objective_icon_role' in base 'GDScript'.
   at: _add_objective_row_v152 (res://MainGame.gd:2181)
   GDScript backtrace (most recent call first):
       [0] _add_objective_row_v152 (res://MainGame.gd:2181)
       [1] _rebuild_quests (res://MainGame.gd:2206)
       [2] _refresh_all (res://MainGame.gd:688)
       [3] _ready (res://MainGame.gd:530)
SCRIPT ERROR: Invalid call. Nonexistent function 'objective_icon_role' in base 'GDScript'.
   at: _add_objective_row_v152 (res://MainGame.gd:2181)
   GDScript backtrace (most recent call first):
       [0] _add_objective_row_v152 (res://MainGame.gd:2181)
       [1] _rebuild_quests (res://MainGame.gd:2206)
       [2] _refresh_all (res://MainGame.gd:688)
       [3] _ready (res://MainGame.gd:530)
SCRIPT ERROR: Invalid call. Nonexistent function 'style_objective_header' in base 'GDScript'.
   at: _add_objective_header_v152 (res://MainGame.gd:2166)
   GDScript backtrace (most recent call first):
       [0] _add_objective_header_v152 (res://MainGame.gd:2166)
       [1] _rebuild_quests (res://MainGame.gd:2205)
       [2] _refresh_all (res://MainGame.gd:688)
       [3] _ready (res://MainGame.gd:530)
SCRIPT ERROR: Invalid call. Nonexistent function 'objective_icon_role' in base 'GDScript'.
   at: _add_objective_row_v152 (res://MainGame.gd:2181)
   GDScript backtrace (most recent call first):
       [0] _add_objective_row_v152 (res://MainGame.gd:2181)
       [1] _rebuild_quests (res://MainGame.gd:2206)
       [2] _refresh_all (res://MainGame.gd:688)
       [3] _ready (res://MainGame.gd:530)
SCRIPT ERROR: Invalid call. Nonexistent function 'objective_icon_role' in base 'GDScript'.
   at: _add_objective_row_v152 (res://MainGame.gd:2181)
   GDScript backtrace (most recent call first):
       [0] _add_objective_row_v152 (res://MainGame.gd:2181)
       [1] _rebuild_quests (res://MainGame.gd:2206)
       [2] _refresh_all (res://MainGame.gd:688)
       [3] _ready (res://MainGame.gd:530)
SCRIPT ERROR: Invalid call. Nonexistent function 'objective_icon_role' in base 'GDScript'.
   at: _add_objective_row_v152 (res://MainGame.gd:2181)
   GDScript backtrace (most recent call first):
       [0] _add_objective_row_v152 (res://MainGame.gd:2181)
       [1] _rebuild_quests (res://MainGame.gd:2206)
       [2] _refresh_all (res://MainGame.gd:688)
       [3] _ready (res://MainGame.gd:530)
SCRIPT ERROR: Invalid call. Nonexistent function 'objective_icon_role' in base 'GDScript'.
   at: _add_objective_row_v152 (res://MainGame.gd:2181)
   GDScript backtrace (most recent call first):
       [0] _add_objective_row_v152 (res://MainGame.gd:2181)
       [1] _rebuild_quests (res://MainGame.gd:2206)
       [2] _refresh_all (res://MainGame.gd:688)
       [3] _ready (res://MainGame.gd:530)
SCRIPT ERROR: Invalid call. Nonexistent function 'objective_icon_role' in base 'GDScript'.
   at: _add_objective_row_v152 (res://MainGame.gd:2181)
   GDScript backtrace (most recent call first):
       [0] _add_objective_row_v152 (res://MainGame.gd:2181)
       [1] _rebuild_quests (res://MainGame.gd:2206)
       [2] _refresh_all (res://MainGame.gd:688)
       [3] _ready (res://MainGame.gd:530)
SCRIPT ERROR: Invalid call. Nonexistent function 'style_objective_header' in base 'GDScript'.
   at: _add_objective_header_v152 (res://MainGame.gd:2166)
   GDScript backtrace (most recent call first):
       [0] _add_objective_header_v152 (res://MainGame.gd:2166)
       [1] _rebuild_quests (res://MainGame.gd:2207)
       [2] _refresh_all (res://MainGame.gd:688)
       [3] _ready (res://MainGame.gd:530)
SCRIPT ERROR: Invalid call. Nonexistent function 'objective_icon_role' in base 'GDScript'.
   at: _rebuild_quests (res://MainGame.gd:2214)
   GDScript backtrace (most recent call first):
       [0] _rebuild_quests (res://MainGame.gd:2214)
       [1] _refresh_all (res://MainGame.gd:688)
       [2] _ready (res://MainGame.gd:530)
SCRIPT ERROR: Invalid call. Nonexistent function 'refresh_progression_state' in base 'GDScript'.
   at: _refresh_progression_p0 (res://MainGame.gd:2903)
   GDScript backtrace (most recent call first):
       [0] _refresh_progression_p0 (res://MainGame.gd:2903)
       [1] _refresh_all (res://MainGame.gd:696)
       [2] _ready (res://MainGame.gd:530)
SCRIPT ERROR: Invalid call. Nonexistent function 'refresh_shop_state' in base 'GDScript'.
   at: _refresh_shop_p0 (res://MainGame.gd:2810)
   GDScript backtrace (most recent call first):
       [0] _refresh_shop_p0 (res://MainGame.gd:2810)
       [1] _refresh_all (res://MainGame.gd:697)
       [2] _ready (res://MainGame.gd:530)
SCRIPT ERROR: Invalid call. Nonexistent function 'refresh_afk_state' in base 'GDScript'.
   at: _refresh_afk_p0 (res://MainGame.gd:2910)
   GDScript backtrace (most recent call first):
       [0] _refresh_afk_p0 (res://MainGame.gd:2910)
       [1] _refresh_all (res://MainGame.gd:698)
       [2] _ready (res://MainGame.gd:530)
SCRIPT ERROR: Invalid call. Nonexistent function 'style_objective_header' in base 'GDScript'.
   at: _add_objective_header_v152 (res://MainGame.gd:2166)
   GDScript backtrace (most recent call first):
       [0] _add_objective_header_v152 (res://MainGame.gd:2166)
       [1] _rebuild_quests (res://MainGame.gd:2205)
       [2] _ready (res://MainGame.gd:532)
SCRIPT ERROR: Invalid call. Nonexistent function 'objective_icon_role' in base 'GDScript'.
   at: _add_objective_row_v152 (res://MainGame.gd:2181)
   GDScript backtrace (most recent call first):
       [0] _add_objective_row_v152 (res://MainGame.gd:2181)
       [1] _rebuild_quests (res://MainGame.gd:2206)
       [2] _ready (res://MainGame.gd:532)
SCRIPT ERROR: Invalid call. Nonexistent function 'objective_icon_role' in base 'GDScript'.
   at: _add_objective_row_v152 (res://MainGame.gd:2181)
   GDScript backtrace (most recent call first):
       [0] _add_objective_row_v152 (res://MainGame.gd:2181)
       [1] _rebuild_quests (res://MainGame.gd:2206)
       [2] _ready (res://MainGame.gd:532)
SCRIPT ERROR: Invalid call. Nonexistent function 'objective_icon_role' in base 'GDScript'.
   at: _add_objective_row_v152 (res://MainGame.gd:2181)
   GDScript backtrace (most recent call first):
       [0] _add_objective_row_v152 (res://MainGame.gd:2181)
       [1] _rebuild_quests (res://MainGame.gd:2206)
       [2] _ready (res://MainGame.gd:532)
SCRIPT ERROR: Invalid call. Nonexistent function 'style_objective_header' in base 'GDScript'.
   at: _add_objective_header_v152 (res://MainGame.gd:2166)
   GDScript backtrace (most recent call first):
       [0] _add_objective_header_v152 (res://MainGame.gd:2166)
       [1] _rebuild_quests (res://MainGame.gd:2205)
       [2] _ready (res://MainGame.gd:532)
SCRIPT ERROR: Invalid call. Nonexistent function 'objective_icon_role' in base 'GDScript'.
   at: _add_objective_row_v152 (res://MainGame.gd:2181)
   GDScript backtrace (most recent call first):
       [0] _add_objective_row_v152 (res://MainGame.gd:2181)
       [1] _rebuild_quests (res://MainGame.gd:2206)
       [2] _ready (res://MainGame.gd:532)
SCRIPT ERROR: Invalid call. Nonexistent function 'objective_icon_role' in base 'GDScript'.
   at: _add_objective_row_v152 (res://MainGame.gd:2181)
   GDScript backtrace (most recent call first):
       [0] _add_objective_row_v152 (res://MainGame.gd:2181)
       [1] _rebuild_quests (res://MainGame.gd:2206)
       [2] _ready (res://MainGame.gd:532)
SCRIPT ERROR: Invalid call. Nonexistent function 'objective_icon_role' in base 'GDScript'.
   at: _add_objective_row_v152 (res://MainGame.gd:2181)
   GDScript backtrace (most recent call first):
       [0] _add_objective_row_v152 (res://MainGame.gd:2181)
       [1] _rebuild_quests (res://MainGame.gd:2206)
       [2] _ready (res://MainGame.gd:532)
SCRIPT ERROR: Invalid call. Nonexistent function 'style_objective_header' in base 'GDScript'.
   at: _add_objective_header_v152 (res://MainGame.gd:2166)
   GDScript backtrace (most recent call first):
       [0] _add_objective_header_v152 (res://MainGame.gd:2166)
       [1] _rebuild_quests (res://MainGame.gd:2205)
       [2] _ready (res://MainGame.gd:532)
SCRIPT ERROR: Invalid call. Nonexistent function 'objective_icon_role' in base 'GDScript'.
   at: _add_objective_row_v152 (res://MainGame.gd:2181)
   GDScript backtrace (most recent call first):
       [0] _add_objective_row_v152 (res://MainGame.gd:2181)
       [1] _rebuild_quests (res://MainGame.gd:2206)
       [2] _ready (res://MainGame.gd:532)
SCRIPT ERROR: Invalid call. Nonexistent function 'objective_icon_role' in base 'GDScript'.
   at: _add_objective_row_v152 (res://MainGame.gd:2181)
   GDScript backtrace (most recent call first):
       [0] _add_objective_row_v152 (res://MainGame.gd:2181)
       [1] _rebuild_quests (res://MainGame.gd:2206)
       [2] _ready (res://MainGame.gd:532)
SCRIPT ERROR: Invalid call. Nonexistent function 'objective_icon_role' in base 'GDScript'.
   at: _add_objective_row_v152 (res://MainGame.gd:2181)
   GDScript backtrace (most recent call first):
       [0] _add_objective_row_v152 (res://MainGame.gd:2181)
       [1] _rebuild_quests (res://MainGame.gd:2206)
       [2] _ready (res://MainGame.gd:532)
SCRIPT ERROR: Invalid call. Nonexistent function 'objective_icon_role' in base 'GDScript'.
   at: _add_objective_row_v152 (res://MainGame.gd:2181)
   GDScript backtrace (most recent call first):
       [0] _add_objective_row_v152 (res://MainGame.gd:2181)
       [1] _rebuild_quests (res://MainGame.gd:2206)
       [2] _ready (res://MainGame.gd:532)
SCRIPT ERROR: Invalid call. Nonexistent function 'objective_icon_role' in base 'GDScript'.
   at: _add_objective_row_v152 (res://MainGame.gd:2181)
   GDScript backtrace (most recent call first):
       [0] _add_objective_row_v152 (res://MainGame.gd:2181)
       [1] _rebuild_quests (res://MainGame.gd:2206)
       [2] _ready (res://MainGame.gd:532)
SCRIPT ERROR: Invalid call. Nonexistent function 'style_objective_header' in base 'GDScript'.
   at: _add_objective_header_v152 (res://MainGame.gd:2166)
   GDScript backtrace (most recent call first):
       [0] _add_objective_header_v152 (res://MainGame.gd:2166)
       [1] _rebuild_quests (res://MainGame.gd:2207)
       [2] _ready (res://MainGame.gd:532)
SCRIPT ERROR: Invalid call. Nonexistent function 'objective_icon_role' in base 'GDScript'.
   at: _rebuild_quests (res://MainGame.gd:2214)
   GDScript backtrace (most recent call first):
       [0] _rebuild_quests (res://MainGame.gd:2214)
       [1] _ready (res://MainGame.gd:532)
SCRIPT ERROR: Invalid call. Nonexistent function 'set_primary_nav_state' in base 'GDScript'.
   at: _switch_view (res://MainGame.gd:1298)
   GDScript backtrace (most recent call first):
       [0] _switch_view (res://MainGame.gd:1298)
       [1] _ready (res://MainGame.gd:537)
ERROR: [P0_BOOT] Main scene setting drift: res://BootFlow.tscn
   at: push_error (core/variant/variant_utility.cpp:1023)
   GDScript backtrace (most recent call first):
       [0] complete_scene_boot (res://P0BootDiagnostics.gd:79)
       [1] _ready (res://MainGame.gd:540)
ERROR: [P0_BOOT] Core contract: P0 violation: Daily visible
   at: push_error (core/variant/variant_utility.cpp:1023)
   GDScript backtrace (most recent call first):
       [0] complete_scene_boot (res://P0BootDiagnostics.gd:79)
       [1] _ready (res://MainGame.gd:540)
ERROR: [P0_BOOT] Core contract: P0 violation: Quests visible
   at: push_error (core/variant/variant_utility.cpp:1023)
   GDScript backtrace (most recent call first):
       [0] complete_scene_boot (res://P0BootDiagnostics.gd:79)
       [1] _ready (res://MainGame.gd:540)
ERROR: [P0_BOOT] Core contract: P0 violation: Heroes visible
   at: push_error (core/variant/variant_utility.cpp:1023)
   GDScript backtrace (most recent call first):
       [0] complete_scene_boot (res://P0BootDiagnostics.gd:79)
       [1] _ready (res://MainGame.gd:540)
ERROR: [P0_BOOT] Core contract: P0 violation: Hero Auto-DPS active
   at: push_error (core/variant/variant_utility.cpp:1023)
   GDScript backtrace (most recent call first):
       [0] complete_scene_boot (res://P0BootDiagnostics.gd:79)
       [1] _ready (res://MainGame.gd:540)
ERROR: [P0_BOOT] P1 isolation: HeroSystem processing during P0
   at: push_error (core/variant/variant_utility.cpp:1023)
   GDScript backtrace (most recent call first):
       [0] complete_scene_boot (res://P0BootDiagnostics.gd:79)
[CORE_ANALYTICS] {"event":"p0_boot_fail","payload":{"errors":["Main scene setting drift: res://BootFlow.tscn","Core contract: P0 violation: Daily visible","Core contract: P0 violation: Quests visible","Core contract: P0 violation: Heroes visible","Core contract: P0 violation: Hero Auto-DPS active","P1 isolation: HeroSystem processing during P0"]},"time_unix":1789104319.207}
       [1] _ready (res://MainGame.gd:540)
SCRIPT ERROR: Invalid call. Nonexistent function 'apply' in base 'GDScript'.
   at: _apply_mobile_runtime_polish (res://MainGame.gd:552)
   GDScript backtrace (most recent call first):
       [0] _apply_mobile_runtime_polish (res://MainGame.gd:552)
SCRIPT ERROR: Invalid call. Nonexistent function 'apply' in base 'GDScript'.
   at: _apply_mobile_runtime_polish (res://MainGame.gd:552)
   GDScript backtrace (most recent call first):
       [0] _apply_mobile_runtime_polish (res://MainGame.gd:552)
       [1] _wait_until_main_ready (res://V2021VisualRuntimeQa.gd:334)
       [2] _wait_until (res://V2021VisualRuntimeQa.gd:363)
ERROR: Lambda capture at index 0 was freed. Passed "null" instead.
   at: call (modules/gdscript/gdscript_lambda_callable.cpp:110)
SCRIPT ERROR: Invalid call. Nonexistent function 'set_primary_nav_state' in base 'GDScript'.
   at: _switch_view (res://MainGame.gd:1298)
   GDScript backtrace (most recent call first):
       [0] _switch_view (res://MainGame.gd:1298)
       [1] _prepare_deterministic_tap (res://V2021VisualRuntimeQa.gd:302)
       [2] _run_tap_determinism (res://V2021VisualRuntimeQa.gd:238)
       [3] _wait_until_main_ready (res://V2021VisualRuntimeQa.gd:335)
       [4] _wait_render_stable (res://V2021VisualRuntimeQa.gd:358)
SCRIPT ERROR: Invalid call. Nonexistent function 'refresh_home_loop_state' in base 'GDScript'.
   at: _update_monster_ui (res://MainGame.gd:1219)
   GDScript backtrace (most recent call first):
       [0] _update_monster_ui (res://MainGame.gd:1219)
       [1] _refresh_all (res://MainGame.gd:675)
       [2] _close_no_spins_state (res://MainGame.gd:1629)
       [3] _dismiss_overlays (res://V2021VisualRuntimeQa.gd:489)
       [4] _wait_render (res://V2021VisualRuntimeQa.gd:353)
SCRIPT ERROR: Invalid call. Nonexistent function 'refresh_village_loop_state' in base 'GDScript'.
   at: _refresh_p0_village (res://MainGame.gd:2410)
   GDScript backtrace (most recent call first):
       [0] _refresh_p0_village (res://MainGame.gd:2410)
       [1] _refresh_all (res://MainGame.gd:680)
       [2] _close_no_spins_state (res://MainGame.gd:1629)
       [3] _dismiss_overlays (res://V2021VisualRuntimeQa.gd:489)
       [4] _wait_render (res://V2021VisualRuntimeQa.gd:353)
SCRIPT ERROR: Invalid call. Nonexistent function 'refresh_reward_session_state' in base 'GDScript'.
   at: _refresh_meta_ui (res://MainGame.gd:1004)
   GDScript backtrace (most recent call first):
       [0] _refresh_meta_ui (res://MainGame.gd:1004)
       [1] _refresh_all (res://MainGame.gd:683)
       [2] _close_no_spins_state (res://MainGame.gd:1629)
       [3] _dismiss_overlays (res://V2021VisualRuntimeQa.gd:489)
       [4] _wait_render (res://V2021VisualRuntimeQa.gd:353)
SCRIPT ERROR: Invalid call. Nonexistent function 'style_objective_header' in base 'GDScript'.
   at: _add_objective_header_v152 (res://MainGame.gd:2166)
   GDScript backtrace (most recent call first):
       [0] _add_objective_header_v152 (res://MainGame.gd:2166)
       [1] _rebuild_quests (res://MainGame.gd:2205)
       [2] _refresh_all (res://MainGame.gd:688)
       [3] _close_no_spins_state (res://MainGame.gd:1629)
       [4] _dismiss_overlays (res://V2021VisualRuntimeQa.gd:489)
       [5] _wait_render (res://V2021VisualRuntimeQa.gd:353)
SCRIPT ERROR: Invalid call. Nonexistent function 'objective_icon_role' in base 'GDScript'.
   at: _add_objective_row_v152 (res://MainGame.gd:2181)
   GDScript backtrace (most recent call first):
       [0] _add_objective_row_v152 (res://MainGame.gd:2181)
       [1] _rebuild_quests (res://MainGame.gd:2206)
       [2] _refresh_all (res://MainGame.gd:688)
       [3] _close_no_spins_state (res://MainGame.gd:1629)
       [4] _dismiss_overlays (res://V2021VisualRuntimeQa.gd:489)
       [5] _wait_render (res://V2021VisualRuntimeQa.gd:353)
SCRIPT ERROR: Invalid call. Nonexistent function 'objective_icon_role' in base 'GDScript'.
   at: _add_objective_row_v152 (res://MainGame.gd:2181)
   GDScript backtrace (most recent call first):
       [0] _add_objective_row_v152 (res://MainGame.gd:2181)
       [1] _rebuild_quests (res://MainGame.gd:2206)
       [2] _refresh_all (res://MainGame.gd:688)
       [3] _close_no_spins_state (res://MainGame.gd:1629)
       [4] _dismiss_overlays (res://V2021VisualRuntimeQa.gd:489)
       [5] _wait_render (res://V2021VisualRuntimeQa.gd:353)
SCRIPT ERROR: Invalid call. Nonexistent function 'objective_icon_role' in base 'GDScript'.
   at: _add_objective_row_v152 (res://MainGame.gd:2181)
   GDScript backtrace (most recent call first):
       [0] _add_objective_row_v152 (res://MainGame.gd:2181)
       [1] _rebuild_quests (res://MainGame.gd:2206)
       [2] _refresh_all (res://MainGame.gd:688)
       [3] _close_no_spins_state (res://MainGame.gd:1629)
       [4] _dismiss_overlays (res://V2021VisualRuntimeQa.gd:489)
       [5] _wait_render (res://V2021VisualRuntimeQa.gd:353)
SCRIPT ERROR: Invalid call. Nonexistent function 'style_objective_header' in base 'GDScript'.
   at: _add_objective_header_v152 (res://MainGame.gd:2166)
   GDScript backtrace (most recent call first):
       [0] _add_objective_header_v152 (res://MainGame.gd:2166)
       [1] _rebuild_quests (res://MainGame.gd:2205)
       [2] _refresh_all (res://MainGame.gd:688)
       [3] _close_no_spins_state (res://MainGame.gd:1629)
       [4] _dismiss_overlays (res://V2021VisualRuntimeQa.gd:489)
       [5] _wait_render (res://V2021VisualRuntimeQa.gd:353)
SCRIPT ERROR: Invalid call. Nonexistent function 'objective_icon_role' in base 'GDScript'.
   at: _add_objective_row_v152 (res://MainGame.gd:2181)
   GDScript backtrace (most recent call first):
       [0] _add_objective_row_v152 (res://MainGame.gd:2181)
       [1] _rebuild_quests (res://MainGame.gd:2206)
       [2] _refresh_all (res://MainGame.gd:688)
       [3] _close_no_spins_state (res://MainGame.gd:1629)
       [4] _dismiss_overlays (res://V2021VisualRuntimeQa.gd:489)
       [5] _wait_render (res://V2021VisualRuntimeQa.gd:353)
SCRIPT ERROR: Invalid call. Nonexistent function 'objective_icon_role' in base 'GDScript'.
   at: _add_objective_row_v152 (res://MainGame.gd:2181)
   GDScript backtrace (most recent call first):
       [0] _add_objective_row_v152 (res://MainGame.gd:2181)
       [1] _rebuild_quests (res://MainGame.gd:2206)
       [2] _refresh_all (res://MainGame.gd:688)
       [3] _close_no_spins_state (res://MainGame.gd:1629)
       [4] _dismiss_overlays (res://V2021VisualRuntimeQa.gd:489)
       [5] _wait_render (res://V2021VisualRuntimeQa.gd:353)
SCRIPT ERROR: Invalid call. Nonexistent function 'objective_icon_role' in base 'GDScript'.
   at: _add_objective_row_v152 (res://MainGame.gd:2181)
   GDScript backtrace (most recent call first):
       [0] _add_objective_row_v152 (res://MainGame.gd:2181)
       [1] _rebuild_quests (res://MainGame.gd:2206)
       [2] _refresh_all (res://MainGame.gd:688)
       [3] _close_no_spins_state (res://MainGame.gd:1629)
       [4] _dismiss_overlays (res://V2021VisualRuntimeQa.gd:489)
       [5] _wait_render (res://V2021VisualRuntimeQa.gd:353)
SCRIPT ERROR: Invalid call. Nonexistent function 'style_objective_header' in base 'GDScript'.
   at: _add_objective_header_v152 (res://MainGame.gd:2166)
   GDScript backtrace (most recent call first):
       [0] _add_objective_header_v152 (res://MainGame.gd:2166)
       [1] _rebuild_quests (res://MainGame.gd:2205)
       [2] _refresh_all (res://MainGame.gd:688)
       [3] _close_no_spins_state (res://MainGame.gd:1629)
       [4] _dismiss_overlays (res://V2021VisualRuntimeQa.gd:489)
       [5] _wait_render (res://V2021VisualRuntimeQa.gd:353)
SCRIPT ERROR: Invalid call. Nonexistent function 'objective_icon_role' in base 'GDScript'.
   at: _add_objective_row_v152 (res://MainGame.gd:2181)
   GDScript backtrace (most recent call first):
       [0] _add_objective_row_v152 (res://MainGame.gd:2181)
       [1] _rebuild_quests (res://MainGame.gd:2206)
       [2] _refresh_all (res://MainGame.gd:688)
       [3] _close_no_spins_state (res://MainGame.gd:1629)
       [4] _dismiss_overlays (res://V2021VisualRuntimeQa.gd:489)
       [5] _wait_render (res://V2021VisualRuntimeQa.gd:353)
SCRIPT ERROR: Invalid call. Nonexistent function 'objective_icon_role' in base 'GDScript'.
   at: _add_objective_row_v152 (res://MainGame.gd:2181)
   GDScript backtrace (most recent call first):
       [0] _add_objective_row_v152 (res://MainGame.gd:2181)
       [1] _rebuild_quests (res://MainGame.gd:2206)
       [2] _refresh_all (res://MainGame.gd:688)
       [3] _close_no_spins_state (res://MainGame.gd:1629)
       [4] _dismiss_overlays (res://V2021VisualRuntimeQa.gd:489)
       [5] _wait_render (res://V2021VisualRuntimeQa.gd:353)
SCRIPT ERROR: Invalid call. Nonexistent function 'objective_icon_role' in base 'GDScript'.
   at: _add_objective_row_v152 (res://MainGame.gd:2181)
   GDScript backtrace (most recent call first):
       [0] _add_objective_row_v152 (res://MainGame.gd:2181)
       [1] _rebuild_quests (res://MainGame.gd:2206)
       [2] _refresh_all (res://MainGame.gd:688)
       [3] _close_no_spins_state (res://MainGame.gd:1629)
       [4] _dismiss_overlays (res://V2021VisualRuntimeQa.gd:489)
       [5] _wait_render (res://V2021VisualRuntimeQa.gd:353)
SCRIPT ERROR: Invalid call. Nonexistent function 'objective_icon_role' in base 'GDScript'.
   at: _add_objective_row_v152 (res://MainGame.gd:2181)
   GDScript backtrace (most recent call first):
       [0] _add_objective_row_v152 (res://MainGame.gd:2181)
       [1] _rebuild_quests (res://MainGame.gd:2206)
       [2] _refresh_all (res://MainGame.gd:688)
       [3] _close_no_spins_state (res://MainGame.gd:1629)
       [4] _dismiss_overlays (res://V2021VisualRuntimeQa.gd:489)
       [5] _wait_render (res://V2021VisualRuntimeQa.gd:353)
SCRIPT ERROR: Invalid call. Nonexistent function 'objective_icon_role' in base 'GDScript'.
   at: _add_objective_row_v152 (res://MainGame.gd:2181)
   GDScript backtrace (most recent call first):
       [0] _add_objective_row_v152 (res://MainGame.gd:2181)
       [1] _rebuild_quests (res://MainGame.gd:2206)
       [2] _refresh_all (res://MainGame.gd:688)
       [3] _close_no_spins_state (res://MainGame.gd:1629)
       [4] _dismiss_overlays (res://V2021VisualRuntimeQa.gd:489)
       [5] _wait_render (res://V2021VisualRuntimeQa.gd:353)
SCRIPT ERROR: Invalid call. Nonexistent function 'style_objective_header' in base 'GDScript'.
   at: _add_objective_header_v152 (res://MainGame.gd:2166)
   GDScript backtrace (most recent call first):
       [0] _add_objective_header_v152 (res://MainGame.gd:2166)
       [1] _rebuild_quests (res://MainGame.gd:2207)
       [2] _refresh_all (res://MainGame.gd:688)
       [3] _close_no_spins_state (res://MainGame.gd:1629)
       [4] _dismiss_overlays (res://V2021VisualRuntimeQa.gd:489)
       [5] _wait_render (res://V2021VisualRuntimeQa.gd:353)
SCRIPT ERROR: Invalid call. Nonexistent function 'objective_icon_role' in base 'GDScript'.
   at: _rebuild_quests (res://MainGame.gd:2214)
   GDScript backtrace (most recent call first):
       [0] _rebuild_quests (res://MainGame.gd:2214)
       [1] _refresh_all (res://MainGame.gd:688)
       [2] _close_no_spins_state (res://MainGame.gd:1629)
       [3] _dismiss_overlays (res://V2021VisualRuntimeQa.gd:489)
       [4] _wait_render (res://V2021VisualRuntimeQa.gd:353)
SCRIPT ERROR: Invalid call. Nonexistent function 'refresh_progression_state' in base 'GDScript'.
   at: _refresh_progression_p0 (res://MainGame.gd:2903)
   GDScript backtrace (most recent call first):
       [0] _refresh_progression_p0 (res://MainGame.gd:2903)
       [1] _refresh_all (res://MainGame.gd:696)
       [2] _close_no_spins_state (res://MainGame.gd:1629)
       [3] _dismiss_overlays (res://V2021VisualRuntimeQa.gd:489)
       [4] _wait_render (res://V2021VisualRuntimeQa.gd:353)
SCRIPT ERROR: Invalid call. Nonexistent function 'refresh_shop_state' in base 'GDScript'.
   at: _refresh_shop_p0 (res://MainGame.gd:2810)
   GDScript backtrace (most recent call first):
       [0] _refresh_shop_p0 (res://MainGame.gd:2810)
       [1] _refresh_all (res://MainGame.gd:697)
       [2] _close_no_spins_state (res://MainGame.gd:1629)
       [3] _dismiss_overlays (res://V2021VisualRuntimeQa.gd:489)
       [4] _wait_render (res://V2021VisualRuntimeQa.gd:353)
SCRIPT ERROR: Invalid call. Nonexistent function 'refresh_afk_state' in base 'GDScript'.
   at: _refresh_afk_p0 (res://MainGame.gd:2910)
   GDScript backtrace (most recent call first):
       [0] _refresh_afk_p0 (res://MainGame.gd:2910)
       [1] _refresh_all (res://MainGame.gd:698)
       [2] _close_no_spins_state (res://MainGame.gd:1629)
       [3] _dismiss_overlays (res://V2021VisualRuntimeQa.gd:489)
       [4] _wait_render (res://V2021VisualRuntimeQa.gd:353)
SCRIPT ERROR: Invalid call. Nonexistent function 'refresh_home_loop_state' in base 'GDScript'.
   at: _update_monster_ui (res://MainGame.gd:1219)
   GDScript backtrace (most recent call first):
       [0] _update_monster_ui (res://MainGame.gd:1219)
       [1] _refresh_all (res://MainGame.gd:675)
       [2] _prepare_deterministic_tap (res://V2021VisualRuntimeQa.gd:307)
       [3] _wait_render_stable (res://V2021VisualRuntimeQa.gd:358)
SCRIPT ERROR: Invalid call. Nonexistent function 'refresh_village_loop_state' in base 'GDScript'.
   at: _refresh_p0_village (res://MainGame.gd:2410)
   GDScript backtrace (most recent call first):
       [0] _refresh_p0_village (res://MainGame.gd:2410)
       [1] _refresh_all (res://MainGame.gd:680)
       [2] _prepare_deterministic_tap (res://V2021VisualRuntimeQa.gd:307)
       [3] _wait_render_stable (res://V2021VisualRuntimeQa.gd:358)
SCRIPT ERROR: Invalid call. Nonexistent function 'refresh_reward_session_state' in base 'GDScript'.
   at: _refresh_meta_ui (res://MainGame.gd:1004)
   GDScript backtrace (most recent call first):
       [0] _refresh_meta_ui (res://MainGame.gd:1004)
       [1] _refresh_all (res://MainGame.gd:683)
       [2] _prepare_deterministic_tap (res://V2021VisualRuntimeQa.gd:307)
       [3] _wait_render_stable (res://V2021VisualRuntimeQa.gd:358)
SCRIPT ERROR: Invalid call. Nonexistent function 'style_objective_header' in base 'GDScript'.
   at: _add_objective_header_v152 (res://MainGame.gd:2166)
   GDScript backtrace (most recent call first):
       [0] _add_objective_header_v152 (res://MainGame.gd:2166)
       [1] _rebuild_quests (res://MainGame.gd:2205)
       [2] _refresh_all (res://MainGame.gd:688)
       [3] _prepare_deterministic_tap (res://V2021VisualRuntimeQa.gd:307)
       [4] _wait_render_stable (res://V2021VisualRuntimeQa.gd:358)
SCRIPT ERROR: Invalid call. Nonexistent function 'objective_icon_role' in base 'GDScript'.
   at: _add_objective_row_v152 (res://MainGame.gd:2181)
   GDScript backtrace (most recent call first):
       [0] _add_objective_row_v152 (res://MainGame.gd:2181)
       [1] _rebuild_quests (res://MainGame.gd:2206)
       [2] _refresh_all (res://MainGame.gd:688)
       [3] _prepare_deterministic_tap (res://V2021VisualRuntimeQa.gd:307)
       [4] _wait_render_stable (res://V2021VisualRuntimeQa.gd:358)
SCRIPT ERROR: Invalid call. Nonexistent function 'objective_icon_role' in base 'GDScript'.
   at: _add_objective_row_v152 (res://MainGame.gd:2181)
   GDScript backtrace (most recent call first):
       [0] _add_objective_row_v152 (res://MainGame.gd:2181)
       [1] _rebuild_quests (res://MainGame.gd:2206)
       [2] _refresh_all (res://MainGame.gd:688)
       [3] _prepare_deterministic_tap (res://V2021VisualRuntimeQa.gd:307)
       [4] _wait_render_stable (res://V2021VisualRuntimeQa.gd:358)
SCRIPT ERROR: Invalid call. Nonexistent function 'objective_icon_role' in base 'GDScript'.
   at: _add_objective_row_v152 (res://MainGame.gd:2181)
   GDScript backtrace (most recent call first):
       [0] _add_objective_row_v152 (res://MainGame.gd:2181)
       [1] _rebuild_quests (res://MainGame.gd:2206)
       [2] _refresh_all (res://MainGame.gd:688)
       [3] _prepare_deterministic_tap (res://V2021VisualRuntimeQa.gd:307)
       [4] _wait_render_stable (res://V2021VisualRuntimeQa.gd:358)
SCRIPT ERROR: Invalid call. Nonexistent function 'style_objective_header' in base 'GDScript'.
   at: _add_objective_header_v152 (res://MainGame.gd:2166)
   GDScript backtrace (most recent call first):
       [0] _add_objective_header_v152 (res://MainGame.gd:2166)
       [1] _rebuild_quests (res://MainGame.gd:2205)
       [2] _refresh_all (res://MainGame.gd:688)
       [3] _prepare_deterministic_tap (res://V2021VisualRuntimeQa.gd:307)
       [4] _wait_render_stable (res://V2021VisualRuntimeQa.gd:358)
SCRIPT ERROR: Invalid call. Nonexistent function 'objective_icon_role' in base 'GDScript'.
   at: _add_objective_row_v152 (res://MainGame.gd:2181)
   GDScript backtrace (most recent call first):
       [0] _add_objective_row_v152 (res://MainGame.gd:2181)
       [1] _rebuild_quests (res://MainGame.gd:2206)
       [2] _refresh_all (res://MainGame.gd:688)
       [3] _prepare_deterministic_tap (res://V2021VisualRuntimeQa.gd:307)
       [4] _wait_render_stable (res://V2021VisualRuntimeQa.gd:358)
SCRIPT ERROR: Invalid call. Nonexistent function 'objective_icon_role' in base 'GDScript'.
   at: _add_objective_row_v152 (res://MainGame.gd:2181)
   GDScript backtrace (most recent call first):
       [0] _add_objective_row_v152 (res://MainGame.gd:2181)
       [1] _rebuild_quests (res://MainGame.gd:2206)
       [2] _refresh_all (res://MainGame.gd:688)
       [3] _prepare_deterministic_tap (res://V2021VisualRuntimeQa.gd:307)
       [4] _wait_render_stable (res://V2021VisualRuntimeQa.gd:358)
SCRIPT ERROR: Invalid call. Nonexistent function 'objective_icon_role' in base 'GDScript'.
   at: _add_objective_row_v152 (res://MainGame.gd:2181)
   GDScript backtrace (most recent call first):
       [0] _add_objective_row_v152 (res://MainGame.gd:2181)
       [1] _rebuild_quests (res://MainGame.gd:2206)
       [2] _refresh_all (res://MainGame.gd:688)
       [3] _prepare_deterministic_tap (res://V2021VisualRuntimeQa.gd:307)
       [4] _wait_render_stable (res://V2021VisualRuntimeQa.gd:358)
SCRIPT ERROR: Invalid call. Nonexistent function 'style_objective_header' in base 'GDScript'.
   at: _add_objective_header_v152 (res://MainGame.gd:2166)
   GDScript backtrace (most recent call first):
       [0] _add_objective_header_v152 (res://MainGame.gd:2166)
       [1] _rebuild_quests (res://MainGame.gd:2205)
       [2] _refresh_all (res://MainGame.gd:688)
       [3] _prepare_deterministic_tap (res://V2021VisualRuntimeQa.gd:307)
       [4] _wait_render_stable (res://V2021VisualRuntimeQa.gd:358)
SCRIPT ERROR: Invalid call. Nonexistent function 'objective_icon_role' in base 'GDScript'.
   at: _add_objective_row_v152 (res://MainGame.gd:2181)
   GDScript backtrace (most recent call first):
       [0] _add_objective_row_v152 (res://MainGame.gd:2181)
       [1] _rebuild_quests (res://MainGame.gd:2206)
       [2] _refresh_all (res://MainGame.gd:688)
       [3] _prepare_deterministic_tap (res://V2021VisualRuntimeQa.gd:307)
       [4] _wait_render_stable (res://V2021VisualRuntimeQa.gd:358)
SCRIPT ERROR: Invalid call. Nonexistent function 'objective_icon_role' in base 'GDScript'.
   at: _add_objective_row_v152 (res://MainGame.gd:2181)
   GDScript backtrace (most recent call first):
       [0] _add_objective_row_v152 (res://MainGame.gd:2181)
       [1] _rebuild_quests (res://MainGame.gd:2206)
       [2] _refresh_all (res://MainGame.gd:688)
       [3] _prepare_deterministic_tap (res://V2021VisualRuntimeQa.gd:307)
       [4] _wait_render_stable (res://V2021VisualRuntimeQa.gd:358)
SCRIPT ERROR: Invalid call. Nonexistent function 'objective_icon_role' in base 'GDScript'.
   at: _add_objective_row_v152 (res://MainGame.gd:2181)
   GDScript backtrace (most recent call first):
       [0] _add_objective_row_v152 (res://MainGame.gd:2181)
       [1] _rebuild_quests (res://MainGame.gd:2206)
       [2] _refresh_all (res://MainGame.gd:688)
       [3] _prepare_deterministic_tap (res://V2021VisualRuntimeQa.gd:307)
       [4] _wait_render_stable (res://V2021VisualRuntimeQa.gd:358)
SCRIPT ERROR: Invalid call. Nonexistent function 'objective_icon_role' in base 'GDScript'.
   at: _add_objective_row_v152 (res://MainGame.gd:2181)
   GDScript backtrace (most recent call first):
       [0] _add_objective_row_v152 (res://MainGame.gd:2181)
       [1] _rebuild_quests (res://MainGame.gd:2206)
       [2] _refresh_all (res://MainGame.gd:688)
       [3] _prepare_deterministic_tap (res://V2021VisualRuntimeQa.gd:307)
       [4] _wait_render_stable (res://V2021VisualRuntimeQa.gd:358)
SCRIPT ERROR: Invalid call. Nonexistent function 'objective_icon_role' in base 'GDScript'.
   at: _add_objective_row_v152 (res://MainGame.gd:2181)
   GDScript backtrace (most recent call first):
       [0] _add_objective_row_v152 (res://MainGame.gd:2181)
       [1] _rebuild_quests (res://MainGame.gd:2206)
       [2] _refresh_all (res://MainGame.gd:688)
       [3] _prepare_deterministic_tap (res://V2021VisualRuntimeQa.gd:307)
       [4] _wait_render_stable (res://V2021VisualRuntimeQa.gd:358)
SCRIPT ERROR: Invalid call. Nonexistent function 'style_objective_header' in base 'GDScript'.
   at: _add_objective_header_v152 (res://MainGame.gd:2166)
   GDScript backtrace (most recent call first):
       [0] _add_objective_header_v152 (res://MainGame.gd:2166)
       [1] _rebuild_quests (res://MainGame.gd:2207)
       [2] _refresh_all (res://MainGame.gd:688)
       [3] _prepare_deterministic_tap (res://V2021VisualRuntimeQa.gd:307)
       [4] _wait_render_stable (res://V2021VisualRuntimeQa.gd:358)
SCRIPT ERROR: Invalid call. Nonexistent function 'objective_icon_role' in base 'GDScript'.
   at: _rebuild_quests (res://MainGame.gd:2214)
   GDScript backtrace (most recent call first):
       [0] _rebuild_quests (res://MainGame.gd:2214)
       [1] _refresh_all (res://MainGame.gd:688)
       [2] _prepare_deterministic_tap (res://V2021VisualRuntimeQa.gd:307)
       [3] _wait_render_stable (res://V2021VisualRuntimeQa.gd:358)
SCRIPT ERROR: Invalid call. Nonexistent function 'refresh_progression_state' in base 'GDScript'.
   at: _refresh_progression_p0 (res://MainGame.gd:2903)
   GDScript backtrace (most recent call first):
       [0] _refresh_progression_p0 (res://MainGame.gd:2903)
       [1] _refresh_all (res://MainGame.gd:696)
       [2] _prepare_deterministic_tap (res://V2021VisualRuntimeQa.gd:307)
       [3] _wait_render_stable (res://V2021VisualRuntimeQa.gd:358)
SCRIPT ERROR: Invalid call. Nonexistent function 'refresh_shop_state' in base 'GDScript'.
   at: _refresh_shop_p0 (res://MainGame.gd:2810)
   GDScript backtrace (most recent call first):
       [0] _refresh_shop_p0 (res://MainGame.gd:2810)
       [1] _refresh_all (res://MainGame.gd:697)
       [2] _prepare_deterministic_tap (res://V2021VisualRuntimeQa.gd:307)
       [3] _wait_render_stable (res://V2021VisualRuntimeQa.gd:358)
SCRIPT ERROR: Invalid call. Nonexistent function 'refresh_afk_state' in base 'GDScript'.
   at: _refresh_afk_p0 (res://MainGame.gd:2910)
   GDScript backtrace (most recent call first):
       [0] _refresh_afk_p0 (res://MainGame.gd:2910)
       [1] _refresh_all (res://MainGame.gd:698)
       [2] _prepare_deterministic_tap (res://V2021VisualRuntimeQa.gd:307)
       [3] _wait_render_stable (res://V2021VisualRuntimeQa.gd:358)
SCRIPT ERROR: Invalid call. Nonexistent function 'refresh_home_loop_state' in base 'GDScript'.
   at: _update_monster_ui (res://MainGame.gd:1219)
   GDScript backtrace (most recent call first):
       [0] _update_monster_ui (res://MainGame.gd:1219)
       [1] damage_monster (res://PlayerData.gd:94)
       [2] _on_monster_pressed (res://MainGame.gd:1311)
       [3] _run_tap_determinism (res://V2021VisualRuntimeQa.gd:249)
       [4] _prepare_deterministic_tap (res://V2021VisualRuntimeQa.gd:307)
       [5] _wait_render_stable (res://V2021VisualRuntimeQa.gd:358)
SCRIPT ERROR: Invalid call. Nonexistent function 'style_objective_header' in base 'GDScript'.
   at: _add_objective_header_v152 (res://MainGame.gd:2166)
   GDScript backtrace (most recent call first):
       [0] _add_objective_header_v152 (res://MainGame.gd:2166)
       [1] _rebuild_quests (res://MainGame.gd:2205)
       [2] add_progress (res://QuestSystem.gd:35)
       [3] _on_monster_pressed (res://MainGame.gd:1313)
       [4] _run_tap_determinism (res://V2021VisualRuntimeQa.gd:249)
       [5] _prepare_deterministic_tap (res://V2021VisualRuntimeQa.gd:307)
       [6] _wait_render_stable (res://V2021VisualRuntimeQa.gd:358)
SCRIPT ERROR: Invalid call. Nonexistent function 'objective_icon_role' in base 'GDScript'.
   at: _add_objective_row_v152 (res://MainGame.gd:2181)
   GDScript backtrace (most recent call first):
       [0] _add_objective_row_v152 (res://MainGame.gd:2181)
       [1] _rebuild_quests (res://MainGame.gd:2206)
       [2] add_progress (res://QuestSystem.gd:35)
       [3] _on_monster_pressed (res://MainGame.gd:1313)
       [4] _run_tap_determinism (res://V2021VisualRuntimeQa.gd:249)
       [5] _prepare_deterministic_tap (res://V2021VisualRuntimeQa.gd:307)
       [6] _wait_render_stable (res://V2021VisualRuntimeQa.gd:358)
SCRIPT ERROR: Invalid call. Nonexistent function 'objective_icon_role' in base 'GDScript'.
   at: _add_objective_row_v152 (res://MainGame.gd:2181)
   GDScript backtrace (most recent call first):
       [0] _add_objective_row_v152 (res://MainGame.gd:2181)
       [1] _rebuild_quests (res://MainGame.gd:2206)
       [2] add_progress (res://QuestSystem.gd:35)
       [3] _on_monster_pressed (res://MainGame.gd:1313)
       [4] _run_tap_determinism (res://V2021VisualRuntimeQa.gd:249)
       [5] _prepare_deterministic_tap (res://V2021VisualRuntimeQa.gd:307)
       [6] _wait_render_stable (res://V2021VisualRuntimeQa.gd:358)
SCRIPT ERROR: Invalid call. Nonexistent function 'objective_icon_role' in base 'GDScript'.
   at: _add_objective_row_v152 (res://MainGame.gd:2181)
   GDScript backtrace (most recent call first):
       [0] _add_objective_row_v152 (res://MainGame.gd:2181)
       [1] _rebuild_quests (res://MainGame.gd:2206)
       [2] add_progress (res://QuestSystem.gd:35)
       [3] _on_monster_pressed (res://MainGame.gd:1313)
       [4] _run_tap_determinism (res://V2021VisualRuntimeQa.gd:249)
       [5] _prepare_deterministic_tap (res://V2021VisualRuntimeQa.gd:307)
       [6] _wait_render_stable (res://V2021VisualRuntimeQa.gd:358)
SCRIPT ERROR: Invalid call. Nonexistent function 'style_objective_header' in base 'GDScript'.
   at: _add_objective_header_v152 (res://MainGame.gd:2166)
   GDScript backtrace (most recent call first):
       [0] _add_objective_header_v152 (res://MainGame.gd:2166)
       [1] _rebuild_quests (res://MainGame.gd:2205)
       [2] add_progress (res://QuestSystem.gd:35)
       [3] _on_monster_pressed (res://MainGame.gd:1313)
       [4] _run_tap_determinism (res://V2021VisualRuntimeQa.gd:249)
       [5] _prepare_deterministic_tap (res://V2021VisualRuntimeQa.gd:307)
       [6] _wait_render_stable (res://V2021VisualRuntimeQa.gd:358)
SCRIPT ERROR: Invalid call. Nonexistent function 'objective_icon_role' in base 'GDScript'.
   at: _add_objective_row_v152 (res://MainGame.gd:2181)
   GDScript backtrace (most recent call first):
       [0] _add_objective_row_v152 (res://MainGame.gd:2181)
       [1] _rebuild_quests (res://MainGame.gd:2206)
       [2] add_progress (res://QuestSystem.gd:35)
       [3] _on_monster_pressed (res://MainGame.gd:1313)
       [4] _run_tap_determinism (res://V2021VisualRuntimeQa.gd:249)
       [5] _prepare_deterministic_tap (res://V2021VisualRuntimeQa.gd:307)
       [6] _wait_render_stable (res://V2021VisualRuntimeQa.gd:358)
SCRIPT ERROR: Invalid call. Nonexistent function 'objective_icon_role' in base 'GDScript'.
   at: _add_objective_row_v152 (res://MainGame.gd:2181)
   GDScript backtrace (most recent call first):
       [0] _add_objective_row_v152 (res://MainGame.gd:2181)
       [1] _rebuild_quests (res://MainGame.gd:2206)
       [2] add_progress (res://QuestSystem.gd:35)
       [3] _on_monster_pressed (res://MainGame.gd:1313)
       [4] _run_tap_determinism (res://V2021VisualRuntimeQa.gd:249)
       [5] _prepare_deterministic_tap (res://V2021VisualRuntimeQa.gd:307)
       [6] _wait_render_stable (res://V2021VisualRuntimeQa.gd:358)
SCRIPT ERROR: Invalid call. Nonexistent function 'objective_icon_role' in base 'GDScript'.
   at: _add_objective_row_v152 (res://MainGame.gd:2181)
   GDScript backtrace (most recent call first):
       [0] _add_objective_row_v152 (res://MainGame.gd:2181)
       [1] _rebuild_quests (res://MainGame.gd:2206)
       [2] add_progress (res://QuestSystem.gd:35)
       [3] _on_monster_pressed (res://MainGame.gd:1313)
       [4] _run_tap_determinism (res://V2021VisualRuntimeQa.gd:249)
       [5] _prepare_deterministic_tap (res://V2021VisualRuntimeQa.gd:307)
       [6] _wait_render_stable (res://V2021VisualRuntimeQa.gd:358)
SCRIPT ERROR: Invalid call. Nonexistent function 'style_objective_header' in base 'GDScript'.
   at: _add_objective_header_v152 (res://MainGame.gd:2166)
   GDScript backtrace (most recent call first):
       [0] _add_objective_header_v152 (res://MainGame.gd:2166)
       [1] _rebuild_quests (res://MainGame.gd:2205)
       [2] add_progress (res://QuestSystem.gd:35)
       [3] _on_monster_pressed (res://MainGame.gd:1313)
       [4] _run_tap_determinism (res://V2021VisualRuntimeQa.gd:249)
       [5] _prepare_deterministic_tap (res://V2021VisualRuntimeQa.gd:307)
       [6] _wait_render_stable (res://V2021VisualRuntimeQa.gd:358)
SCRIPT ERROR: Invalid call. Nonexistent function 'objective_icon_role' in base 'GDScript'.
   at: _add_objective_row_v152 (res://MainGame.gd:2181)
   GDScript backtrace (most recent call first):
       [0] _add_objective_row_v152 (res://MainGame.gd:2181)
       [1] _rebuild_quests (res://MainGame.gd:2206)
       [2] add_progress (res://QuestSystem.gd:35)
       [3] _on_monster_pressed (res://MainGame.gd:1313)
       [4] _run_tap_determinism (res://V2021VisualRuntimeQa.gd:249)
       [5] _prepare_deterministic_tap (res://V2021VisualRuntimeQa.gd:307)
       [6] _wait_render_stable (res://V2021VisualRuntimeQa.gd:358)
SCRIPT ERROR: Invalid call. Nonexistent function 'objective_icon_role' in base 'GDScript'.
   at: _add_objective_row_v152 (res://MainGame.gd:2181)
   GDScript backtrace (most recent call first):
       [0] _add_objective_row_v152 (res://MainGame.gd:2181)
       [1] _rebuild_quests (res://MainGame.gd:2206)
       [2] add_progress (res://QuestSystem.gd:35)
       [3] _on_monster_pressed (res://MainGame.gd:1313)
       [4] _run_tap_determinism (res://V2021VisualRuntimeQa.gd:249)
       [5] _prepare_deterministic_tap (res://V2021VisualRuntimeQa.gd:307)
       [6] _wait_render_stable (res://V2021VisualRuntimeQa.gd:358)
SCRIPT ERROR: Invalid call. Nonexistent function 'objective_icon_role' in base 'GDScript'.
   at: _add_objective_row_v152 (res://MainGame.gd:2181)
   GDScript backtrace (most recent call first):
       [0] _add_objective_row_v152 (res://MainGame.gd:2181)
       [1] _rebuild_quests (res://MainGame.gd:2206)
       [2] add_progress (res://QuestSystem.gd:35)
       [3] _on_monster_pressed (res://MainGame.gd:1313)
       [4] _run_tap_determinism (res://V2021VisualRuntimeQa.gd:249)
       [5] _prepare_deterministic_tap (res://V2021VisualRuntimeQa.gd:307)
       [6] _wait_render_stable (res://V2021VisualRuntimeQa.gd:358)
SCRIPT ERROR: Invalid call. Nonexistent function 'objective_icon_role' in base 'GDScript'.
   at: _add_objective_row_v152 (res://MainGame.gd:2181)
   GDScript backtrace (most recent call first):
       [0] _add_objective_row_v152 (res://MainGame.gd:2181)
       [1] _rebuild_quests (res://MainGame.gd:2206)
       [2] add_progress (res://QuestSystem.gd:35)
       [3] _on_monster_pressed (res://MainGame.gd:1313)
       [4] _run_tap_determinism (res://V2021VisualRuntimeQa.gd:249)
       [5] _prepare_deterministic_tap (res://V2021VisualRuntimeQa.gd:307)
       [6] _wait_render_stable (res://V2021VisualRuntimeQa.gd:358)
SCRIPT ERROR: Invalid call. Nonexistent function 'objective_icon_role' in base 'GDScript'.
   at: _add_objective_row_v152 (res://MainGame.gd:2181)
   GDScript backtrace (most recent call first):
       [0] _add_objective_row_v152 (res://MainGame.gd:2181)
       [1] _rebuild_quests (res://MainGame.gd:2206)
       [2] add_progress (res://QuestSystem.gd:35)
       [3] _on_monster_pressed (res://MainGame.gd:1313)
       [4] _run_tap_determinism (res://V2021VisualRuntimeQa.gd:249)
       [5] _prepare_deterministic_tap (res://V2021VisualRuntimeQa.gd:307)
       [6] _wait_render_stable (res://V2021VisualRuntimeQa.gd:358)
SCRIPT ERROR: Invalid call. Nonexistent function 'style_objective_header' in base 'GDScript'.
   at: _add_objective_header_v152 (res://MainGame.gd:2166)
   GDScript backtrace (most recent call first):
       [0] _add_objective_header_v152 (res://MainGame.gd:2166)
       [1] _rebuild_quests (res://MainGame.gd:2207)
       [2] add_progress (res://QuestSystem.gd:35)
       [3] _on_monster_pressed (res://MainGame.gd:1313)
       [4] _run_tap_determinism (res://V2021VisualRuntimeQa.gd:249)
       [5] _prepare_deterministic_tap (res://V2021VisualRuntimeQa.gd:307)
       [6] _wait_render_stable (res://V2021VisualRuntimeQa.gd:358)
SCRIPT ERROR: Invalid call. Nonexistent function 'objective_icon_role' in base 'GDScript'.
   at: _rebuild_quests (res://MainGame.gd:2214)
   GDScript backtrace (most recent call first):
       [0] _rebuild_quests (res://MainGame.gd:2214)
       [1] add_progress (res://QuestSystem.gd:35)
       [2] _on_monster_pressed (res://MainGame.gd:1313)
       [3] _run_tap_determinism (res://V2021VisualRuntimeQa.gd:249)
       [4] _prepare_deterministic_tap (res://V2021VisualRuntimeQa.gd:307)
       [5] _wait_render_stable (res://V2021VisualRuntimeQa.gd:358)
SCRIPT ERROR: Invalid call. Nonexistent function 'apply' in base 'GDScript'.
   at: _apply_mobile_runtime_polish (res://MainGame.gd:552)
   GDScript backtrace (most recent call first):
       [0] _apply_mobile_runtime_polish (res://MainGame.gd:552)
       [1] _on_viewport_size_changed (res://MainGame.gd:3109)
       [2] _apply_viewport (res://V2021VisualRuntimeQa.gd:345)
       [3] _run_smoke_flow (res://V2021VisualRuntimeQa.gd:114)
       [4] _run_acceptance (res://V2021VisualRuntimeQa.gd:98)
       [5] _run_tap_determinism (res://V2021VisualRuntimeQa.gd:260)
       [6] _prepare_deterministic_tap (res://V2021VisualRuntimeQa.gd:307)
       [7] _wait_render_stable (res://V2021VisualRuntimeQa.gd:358)
SCRIPT ERROR: Invalid call. Nonexistent function 'refresh_home_loop_state' in base 'GDScript'.
   at: _update_monster_ui (res://MainGame.gd:1219)
   GDScript backtrace (most recent call first):
       [0] _update_monster_ui (res://MainGame.gd:1219)
       [1] _refresh_all (res://MainGame.gd:675)
       [2] @shields_setter (res://PlayerData.gd:14)
       [3] _reset_shared_state (res://P0TestHarness.gd:64)
       [4] apply_profile (res://P0TestHarness.gd:33)
       [5] _run_smoke_flow (res://V2021VisualRuntimeQa.gd:115)
       [6] _run_acceptance (res://V2021VisualRuntimeQa.gd:98)
       [7] _run_tap_determinism (res://V2021VisualRuntimeQa.gd:260)
       [8] _prepare_deterministic_tap (res://V2021VisualRuntimeQa.gd:307)
       [9] _wait_render_stable (res://V2021VisualRuntimeQa.gd:358)
SCRIPT ERROR: Invalid call. Nonexistent function 'refresh_village_loop_state' in base 'GDScript'.
   at: _refresh_p0_village (res://MainGame.gd:2410)
   GDScript backtrace (most recent call first):
       [0] _refresh_p0_village (res://MainGame.gd:2410)
       [1] _refresh_all (res://MainGame.gd:680)
       [2] @shields_setter (res://PlayerData.gd:14)
       [3] _reset_shared_state (res://P0TestHarness.gd:64)
       [4] apply_profile (res://P0TestHarness.gd:33)
       [5] _run_smoke_flow (res://V2021VisualRuntimeQa.gd:115)
       [6] _run_acceptance (res://V2021VisualRuntimeQa.gd:98)
       [7] _run_tap_determinism (res://V2021VisualRuntimeQa.gd:260)
       [8] _prepare_deterministic_tap (res://V2021VisualRuntimeQa.gd:307)
       [9] _wait_render_stable (res://V2021VisualRuntimeQa.gd:358)
SCRIPT ERROR: Invalid call. Nonexistent function 'refresh_reward_session_state' in base 'GDScript'.
   at: _refresh_meta_ui (res://MainGame.gd:1004)
   GDScript backtrace (most recent call first):
       [0] _refresh_meta_ui (res://MainGame.gd:1004)
       [1] _refresh_all (res://MainGame.gd:683)
       [2] @shields_setter (res://PlayerData.gd:14)
       [3] _reset_shared_state (res://P0TestHarness.gd:64)
       [4] apply_profile (res://P0TestHarness.gd:33)
       [5] _run_smoke_flow (res://V2021VisualRuntimeQa.gd:115)
       [6] _run_acceptance (res://V2021VisualRuntimeQa.gd:98)
       [7] _run_tap_determinism (res://V2021VisualRuntimeQa.gd:260)
       [8] _prepare_deterministic_tap (res://V2021VisualRuntimeQa.gd:307)
       [9] _wait_render_stable (res://V2021VisualRuntimeQa.gd:358)
SCRIPT ERROR: Invalid call. Nonexistent function 'style_objective_header' in base 'GDScript'.
   at: _add_objective_header_v152 (res://MainGame.gd:2166)
   GDScript backtrace (most recent call first):
       [0] _add_objective_header_v152 (res://MainGame.gd:2166)
       [1] _rebuild_quests (res://MainGame.gd:2205)
       [2] _refresh_all (res://MainGame.gd:688)
       [3] @shields_setter (res://PlayerData.gd:14)
       [4] _reset_shared_state (res://P0TestHarness.gd:64)
       [5] apply_profile (res://P0TestHarness.gd:33)
       [6] _run_smoke_flow (res://V2021VisualRuntimeQa.gd:115)
       [7] _run_acceptance (res://V2021VisualRuntimeQa.gd:98)
       [8] _run_tap_determinism (res://V2021VisualRuntimeQa.gd:260)
       [9] _prepare_deterministic_tap (res://V2021VisualRuntimeQa.gd:307)
       [10] _wait_render_stable (res://V2021VisualRuntimeQa.gd:358)
SCRIPT ERROR: Invalid call. Nonexistent function 'objective_icon_role' in base 'GDScript'.
   at: _add_objective_row_v152 (res://MainGame.gd:2181)
   GDScript backtrace (most recent call first):
       [0] _add_objective_row_v152 (res://MainGame.gd:2181)
       [1] _rebuild_quests (res://MainGame.gd:2206)
       [2] _refresh_all (res://MainGame.gd:688)
       [3] @shields_setter (res://PlayerData.gd:14)
       [4] _reset_shared_state (res://P0TestHarness.gd:64)
       [5] apply_profile (res://P0TestHarness.gd:33)
       [6] _run_smoke_flow (res://V2021VisualRuntimeQa.gd:115)
       [7] _run_acceptance (res://V2021VisualRuntimeQa.gd:98)
       [8] _run_tap_determinism (res://V2021VisualRuntimeQa.gd:260)
       [9] _prepare_deterministic_tap (res://V2021VisualRuntimeQa.gd:307)
       [10] _wait_render_stable (res://V2021VisualRuntimeQa.gd:358)
SCRIPT ERROR: Invalid call. Nonexistent function 'objective_icon_role' in base 'GDScript'.
   at: _add_objective_row_v152 (res://MainGame.gd:2181)
   GDScript backtrace (most recent call first):
       [0] _add_objective_row_v152 (res://MainGame.gd:2181)
       [1] _rebuild_quests (res://MainGame.gd:2206)
       [2] _refresh_all (res://MainGame.gd:688)
       [3] @shields_setter (res://PlayerData.gd:14)
       [4] _reset_shared_state (res://P0TestHarness.gd:64)
       [5] apply_profile (res://P0TestHarness.gd:33)
       [6] _run_smoke_flow (res://V2021VisualRuntimeQa.gd:115)
       [7] _run_acceptance (res://V2021VisualRuntimeQa.gd:98)
       [8] _run_tap_determinism (res://V2021VisualRuntimeQa.gd:260)
       [9] _prepare_deterministic_tap (res://V2021VisualRuntimeQa.gd:307)
       [10] _wait_render_stable (res://V2021VisualRuntimeQa.gd:358)
SCRIPT ERROR: Invalid call. Nonexistent function 'objective_icon_role' in base 'GDScript'.
   at: _add_objective_row_v152 (res://MainGame.gd:2181)
   GDScript backtrace (most recent call first):
       [0] _add_objective_row_v152 (res://MainGame.gd:2181)
       [1] _rebuild_quests (res://MainGame.gd:2206)
       [2] _refresh_all (res://MainGame.gd:688)
       [3] @shields_setter (res://PlayerData.gd:14)
       [4] _reset_shared_state (res://P0TestHarness.gd:64)
       [5] apply_profile (res://P0TestHarness.gd:33)
       [6] _run_smoke_flow (res://V2021VisualRuntimeQa.gd:115)
       [7] _run_acceptance (res://V2021VisualRuntimeQa.gd:98)
       [8] _run_tap_determinism (res://V2021VisualRuntimeQa.gd:260)
       [9] _prepare_deterministic_tap (res://V2021VisualRuntimeQa.gd:307)
       [10] _wait_render_stable (res://V2021VisualRuntimeQa.gd:358)
SCRIPT ERROR: Invalid call. Nonexistent function 'style_objective_header' in base 'GDScript'.
   at: _add_objective_header_v152 (res://MainGame.gd:2166)
   GDScript backtrace (most recent call first):
       [0] _add_objective_header_v152 (res://MainGame.gd:2166)
       [1] _rebuild_quests (res://MainGame.gd:2205)
       [2] _refresh_all (res://MainGame.gd:688)
       [3] @shields_setter (res://PlayerData.gd:14)
       [4] _reset_shared_state (res://P0TestHarness.gd:64)
       [5] apply_profile (res://P0TestHarness.gd:33)
       [6] _run_smoke_flow (res://V2021VisualRuntimeQa.gd:115)
       [7] _run_acceptance (res://V2021VisualRuntimeQa.gd:98)
       [8] _run_tap_determinism (res://V2021VisualRuntimeQa.gd:260)
       [9] _prepare_deterministic_tap (res://V2021VisualRuntimeQa.gd:307)
       [10] _wait_render_stable (res://V2021VisualRuntimeQa.gd:358)
SCRIPT ERROR: Invalid call. Nonexistent function 'objective_icon_role' in base 'GDScript'.
   at: _add_objective_row_v152 (res://MainGame.gd:2181)
   GDScript backtrace (most recent call first):
       [0] _add_objective_row_v152 (res://MainGame.gd:2181)
       [1] _rebuild_quests (res://MainGame.gd:2206)
       [2] _refresh_all (res://MainGame.gd:688)
       [3] @shields_setter (res://PlayerData.gd:14)
       [4] _reset_shared_state (res://P0TestHarness.gd:64)
       [5] apply_profile (res://P0TestHarness.gd:33)
       [6] _run_smoke_flow (res://V2021VisualRuntimeQa.gd:115)
       [7] _run_acceptance (res://V2021VisualRuntimeQa.gd:98)
       [8] _run_tap_determinism (res://V2021VisualRuntimeQa.gd:260)
       [9] _prepare_deterministic_tap (res://V2021VisualRuntimeQa.gd:307)
       [10] _wait_render_stable (res://V2021VisualRuntimeQa.gd:358)
SCRIPT ERROR: Invalid call. Nonexistent function 'objective_icon_role' in base 'GDScript'.
   at: _add_objective_row_v152 (res://MainGame.gd:2181)
   GDScript backtrace (most recent call first):
       [0] _add_objective_row_v152 (res://MainGame.gd:2181)
       [1] _rebuild_quests (res://MainGame.gd:2206)
       [2] _refresh_all (res://MainGame.gd:688)
       [3] @shields_setter (res://PlayerData.gd:14)
       [4] _reset_shared_state (res://P0TestHarness.gd:64)
       [5] apply_profile (res://P0TestHarness.gd:33)
       [6] _run_smoke_flow (res://V2021VisualRuntimeQa.gd:115)
       [7] _run_acceptance (res://V2021VisualRuntimeQa.gd:98)
       [8] _run_tap_determinism (res://V2021VisualRuntimeQa.gd:260)
       [9] _prepare_deterministic_tap (res://V2021VisualRuntimeQa.gd:307)
       [10] _wait_render_stable (res://V2021VisualRuntimeQa.gd:358)
SCRIPT ERROR: Invalid call. Nonexistent function 'objective_icon_role' in base 'GDScript'.
   at: _add_objective_row_v152 (res://MainGame.gd:2181)
   GDScript backtrace (most recent call first):
       [0] _add_objective_row_v152 (res://MainGame.gd:2181)
       [1] _rebuild_quests (res://MainGame.gd:2206)
       [2] _refresh_all (res://MainGame.gd:688)
       [3] @shields_setter (res://PlayerData.gd:14)
       [4] _reset_shared_state (res://P0TestHarness.gd:64)
       [5] apply_profile (res://P0TestHarness.gd:33)
       [6] _run_smoke_flow (res://V2021VisualRuntimeQa.gd:115)
       [7] _run_acceptance (res://V2021VisualRuntimeQa.gd:98)
       [8] _run_tap_determinism (res://V2021VisualRuntimeQa.gd:260)
       [9] _prepare_deterministic_tap (res://V2021VisualRuntimeQa.gd:307)
       [10] _wait_render_stable (res://V2021VisualRuntimeQa.gd:358)
SCRIPT ERROR: Invalid call. Nonexistent function 'style_objective_header' in base 'GDScript'.
   at: _add_objective_header_v152 (res://MainGame.gd:2166)
   GDScript backtrace (most recent call first):
       [0] _add_objective_header_v152 (res://MainGame.gd:2166)
       [1] _rebuild_quests (res://MainGame.gd:2205)
       [2] _refresh_all (res://MainGame.gd:688)
       [3] @shields_setter (res://PlayerData.gd:14)
       [4] _reset_shared_state (res://P0TestHarness.gd:64)
       [5] apply_profile (res://P0TestHarness.gd:33)
       [6] _run_smoke_flow (res://V2021VisualRuntimeQa.gd:115)
       [7] _run_acceptance (res://V2021VisualRuntimeQa.gd:98)
       [8] _run_tap_determinism (res://V2021VisualRuntimeQa.gd:260)
       [9] _prepare_deterministic_tap (res://V2021VisualRuntimeQa.gd:307)
       [10] _wait_render_stable (res://V2021VisualRuntimeQa.gd:358)
SCRIPT ERROR: Invalid call. Nonexistent function 'objective_icon_role' in base 'GDScript'.
   at: _add_objective_row_v152 (res://MainGame.gd:2181)
   GDScript backtrace (most recent call first):
       [0] _add_objective_row_v152 (res://MainGame.gd:2181)
       [1] _rebuild_quests (res://MainGame.gd:2206)
       [2] _refresh_all (res://MainGame.gd:688)
       [3] @shields_setter (res://PlayerData.gd:14)
       [4] _reset_shared_state (res://P0TestHarness.gd:64)
       [5] apply_profile (res://P0TestHarness.gd:33)
       [6] _run_smoke_flow (res://V2021VisualRuntimeQa.gd:115)
       [7] _run_acceptance (res://V2021VisualRuntimeQa.gd:98)
       [8] _run_tap_determinism (res://V2021VisualRuntimeQa.gd:260)
       [9] _prepare_deterministic_tap (res://V2021VisualRuntimeQa.gd:307)
       [10] _wait_render_stable (res://V2021VisualRuntimeQa.gd:358)
SCRIPT ERROR: Invalid call. Nonexistent function 'objective_icon_role' in base 'GDScript'.
   at: _add_objective_row_v152 (res://MainGame.gd:2181)
   GDScript backtrace (most recent call first):
       [0] _add_objective_row_v152 (res://MainGame.gd:2181)
       [1] _rebuild_quests (res://MainGame.gd:2206)
       [2] _refresh_all (res://MainGame.gd:688)
       [3] @shields_setter (res://PlayerData.gd:14)
       [4] _reset_shared_state (res://P0TestHarness.gd:64)
       [5] apply_profile (res://P0TestHarness.gd:33)
       [6] _run_smoke_flow (res://V2021VisualRuntimeQa.gd:115)
       [7] _run_acceptance (res://V2021VisualRuntimeQa.gd:98)
       [8] _run_tap_determinism (res://V2021VisualRuntimeQa.gd:260)
       [9] _prepare_deterministic_tap (res://V2021VisualRuntimeQa.gd:307)
       [10] _wait_render_stable (res://V2021VisualRuntimeQa.gd:358)
SCRIPT ERROR: Invalid call. Nonexistent function 'objective_icon_role' in base 'GDScript'.
   at: _add_objective_row_v152 (res://MainGame.gd:2181)
   GDScript backtrace (most recent call first):
       [0] _add_objective_row_v152 (res://MainGame.gd:2181)
       [1] _rebuild_quests (res://MainGame.gd:2206)
       [2] _refresh_all (res://MainGame.gd:688)
       [3] @shields_setter (res://PlayerData.gd:14)
       [4] _reset_shared_state (res://P0TestHarness.gd:64)
       [5] apply_profile (res://P0TestHarness.gd:33)
       [6] _run_smoke_flow (res://V2021VisualRuntimeQa.gd:115)
       [7] _run_acceptance (res://V2021VisualRuntimeQa.gd:98)
       [8] _run_tap_determinism (res://V2021VisualRuntimeQa.gd:260)
       [9] _prepare_deterministic_tap (res://V2021VisualRuntimeQa.gd:307)
       [10] _wait_render_stable (res://V2021VisualRuntimeQa.gd:358)
SCRIPT ERROR: Invalid call. Nonexistent function 'objective_icon_role' in base 'GDScript'.
   at: _add_objective_row_v152 (res://MainGame.gd:2181)
   GDScript backtrace (most recent call first):
       [0] _add_objective_row_v152 (res://MainGame.gd:2181)
       [1] _rebuild_quests (res://MainGame.gd:2206)
       [2] _refresh_all (res://MainGame.gd:688)
       [3] @shields_setter (res://PlayerData.gd:14)
       [4] _reset_shared_state (res://P0TestHarness.gd:64)
       [5] apply_profile (res://P0TestHarness.gd:33)
       [6] _run_smoke_flow (res://V2021VisualRuntimeQa.gd:115)
       [7] _run_acceptance (res://V2021VisualRuntimeQa.gd:98)
       [8] _run_tap_determinism (res://V2021VisualRuntimeQa.gd:260)
       [9] _prepare_deterministic_tap (res://V2021VisualRuntimeQa.gd:307)
       [10] _wait_render_stable (res://V2021VisualRuntimeQa.gd:358)
SCRIPT ERROR: Invalid call. Nonexistent function 'objective_icon_role' in base 'GDScript'.
   at: _add_objective_row_v152 (res://MainGame.gd:2181)
   GDScript backtrace (most recent call first):
       [0] _add_objective_row_v152 (res://MainGame.gd:2181)
       [1] _rebuild_quests (res://MainGame.gd:2206)
       [2] _refresh_all (res://MainGame.gd:688)
       [3] @shields_setter (res://PlayerData.gd:14)
       [4] _reset_shared_state (res://P0TestHarness.gd:64)
       [5] apply_profile (res://P0TestHarness.gd:33)
       [6] _run_smoke_flow (res://V2021VisualRuntimeQa.gd:115)
       [7] _run_acceptance (res://V2021VisualRuntimeQa.gd:98)
       [8] _run_tap_determinism (res://V2021VisualRuntimeQa.gd:260)
       [9] _prepare_deterministic_tap (res://V2021VisualRuntimeQa.gd:307)
       [10] _wait_render_stable (res://V2021VisualRuntimeQa.gd:358)
SCRIPT ERROR: Invalid call. Nonexistent function 'style_objective_header' in base 'GDScript'.
   at: _add_objective_header_v152 (res://MainGame.gd:2166)
   GDScript backtrace (most recent call first):
       [0] _add_objective_header_v152 (res://MainGame.gd:2166)
       [1] _rebuild_quests (res://MainGame.gd:2207)
       [2] _refresh_all (res://MainGame.gd:688)
       [3] @shields_setter (res://PlayerData.gd:14)
       [4] _reset_shared_state (res://P0TestHarness.gd:64)
       [5] apply_profile (res://P0TestHarness.gd:33)
       [6] _run_smoke_flow (res://V2021VisualRuntimeQa.gd:115)
       [7] _run_acceptance (res://V2021VisualRuntimeQa.gd:98)
       [8] _run_tap_determinism (res://V2021VisualRuntimeQa.gd:260)
       [9] _prepare_deterministic_tap (res://V2021VisualRuntimeQa.gd:307)
       [10] _wait_render_stable (res://V2021VisualRuntimeQa.gd:358)
SCRIPT ERROR: Invalid call. Nonexistent function 'objective_icon_role' in base 'GDScript'.
   at: _rebuild_quests (res://MainGame.gd:2214)
   GDScript backtrace (most recent call first):
       [0] _rebuild_quests (res://MainGame.gd:2214)
       [1] _refresh_all (res://MainGame.gd:688)
       [2] @shields_setter (res://PlayerData.gd:14)
       [3] _reset_shared_state (res://P0TestHarness.gd:64)
       [4] apply_profile (res://P0TestHarness.gd:33)
       [5] _run_smoke_flow (res://V2021VisualRuntimeQa.gd:115)
       [6] _run_acceptance (res://V2021VisualRuntimeQa.gd:98)
       [7] _run_tap_determinism (res://V2021VisualRuntimeQa.gd:260)
       [8] _prepare_deterministic_tap (res://V2021VisualRuntimeQa.gd:307)
       [9] _wait_render_stable (res://V2021VisualRuntimeQa.gd:358)
SCRIPT ERROR: Invalid call. Nonexistent function 'refresh_progression_state' in base 'GDScript'.
   at: _refresh_progression_p0 (res://MainGame.gd:2903)
   GDScript backtrace (most recent call first):
       [0] _refresh_progression_p0 (res://MainGame.gd:2903)
       [1] _refresh_all (res://MainGame.gd:696)
       [2] @shields_setter (res://PlayerData.gd:14)
       [3] _reset_shared_state (res://P0TestHarness.gd:64)
       [4] apply_profile (res://P0TestHarness.gd:33)
       [5] _run_smoke_flow (res://V2021VisualRuntimeQa.gd:115)
       [6] _run_acceptance (res://V2021VisualRuntimeQa.gd:98)
       [7] _run_tap_determinism (res://V2021VisualRuntimeQa.gd:260)
       [8] _prepare_deterministic_tap (res://V2021VisualRuntimeQa.gd:307)
       [9] _wait_render_stable (res://V2021VisualRuntimeQa.gd:358)
SCRIPT ERROR: Invalid call. Nonexistent function 'refresh_shop_state' in base 'GDScript'.
   at: _refresh_shop_p0 (res://MainGame.gd:2810)
   GDScript backtrace (most recent call first):
       [0] _refresh_shop_p0 (res://MainGame.gd:2810)
       [1] _refresh_all (res://MainGame.gd:697)
       [2] @shields_setter (res://PlayerData.gd:14)
       [3] _reset_shared_state (res://P0TestHarness.gd:64)
       [4] apply_profile (res://P0TestHarness.gd:33)
       [5] _run_smoke_flow (res://V2021VisualRuntimeQa.gd:115)
       [6] _run_acceptance (res://V2021VisualRuntimeQa.gd:98)
       [7] _run_tap_determinism (res://V2021VisualRuntimeQa.gd:260)
       [8] _prepare_deterministic_tap (res://V2021VisualRuntimeQa.gd:307)
       [9] _wait_render_stable (res://V2021VisualRuntimeQa.gd:358)
SCRIPT ERROR: Invalid call. Nonexistent function 'refresh_afk_state' in base 'GDScript'.
   at: _refresh_afk_p0 (res://MainGame.gd:2910)
   GDScript backtrace (most recent call first):
       [0] _refresh_afk_p0 (res://MainGame.gd:2910)
       [1] _refresh_all (res://MainGame.gd:698)
       [2] @shields_setter (res://PlayerData.gd:14)
       [3] _reset_shared_state (res://P0TestHarness.gd:64)
       [4] apply_profile (res://P0TestHarness.gd:33)
       [5] _run_smoke_flow (res://V2021VisualRuntimeQa.gd:115)
       [6] _run_acceptance (res://V2021VisualRuntimeQa.gd:98)
       [7] _run_tap_determinism (res://V2021VisualRuntimeQa.gd:260)
       [8] _prepare_deterministic_tap (res://V2021VisualRuntimeQa.gd:307)
       [9] _wait_render_stable (res://V2021VisualRuntimeQa.gd:358)
SCRIPT ERROR: Invalid call. Nonexistent function 'refresh_home_loop_state' in base 'GDScript'.
   at: _update_monster_ui (res://MainGame.gd:1219)
   GDScript backtrace (most recent call first):
       [0] _update_monster_ui (res://MainGame.gd:1219)
       [1] _refresh_all (res://MainGame.gd:675)
       [2] _reset_shared_state (res://P0TestHarness.gd:81)
       [3] apply_profile (res://P0TestHarness.gd:33)
       [4] _run_smoke_flow (res://V2021VisualRuntimeQa.gd:115)
       [5] _run_acceptance (res://V2021VisualRuntimeQa.gd:98)
       [6] _run_tap_determinism (res://V2021VisualRuntimeQa.gd:260)
       [7] _prepare_deterministic_tap (res://V2021VisualRuntimeQa.gd:307)
       [8] _wait_render_stable (res://V2021VisualRuntimeQa.gd:358)
SCRIPT ERROR: Invalid call. Nonexistent function 'refresh_village_loop_state' in base 'GDScript'.
   at: _refresh_p0_village (res://MainGame.gd:2410)
   GDScript backtrace (most recent call first):
       [0] _refresh_p0_village (res://MainGame.gd:2410)
       [1] _refresh_all (res://MainGame.gd:680)
       [2] _reset_shared_state (res://P0TestHarness.gd:81)
       [3] apply_profile (res://P0TestHarness.gd:33)
       [4] _run_smoke_flow (res://V2021VisualRuntimeQa.gd:115)
       [5] _run_acceptance (res://V2021VisualRuntimeQa.gd:98)
       [6] _run_tap_determinism (res://V2021VisualRuntimeQa.gd:260)
       [7] _prepare_deterministic_tap (res://V2021VisualRuntimeQa.gd:307)
       [8] _wait_render_stable (res://V2021VisualRuntimeQa.gd:358)
SCRIPT ERROR: Invalid call. Nonexistent function 'refresh_reward_session_state' in base 'GDScript'.
   at: _refresh_meta_ui (res://MainGame.gd:1004)
   GDScript backtrace (most recent call first):
       [0] _refresh_meta_ui (res://MainGame.gd:1004)
       [1] _refresh_all (res://MainGame.gd:683)
       [2] _reset_shared_state (res://P0TestHarness.gd:81)
       [3] apply_profile (res://P0TestHarness.gd:33)
       [4] _run_smoke_flow (res://V2021VisualRuntimeQa.gd:115)
       [5] _run_acceptance (res://V2021VisualRuntimeQa.gd:98)
       [6] _run_tap_determinism (res://V2021VisualRuntimeQa.gd:260)
       [7] _prepare_deterministic_tap (res://V2021VisualRuntimeQa.gd:307)
       [8] _wait_render_stable (res://V2021VisualRuntimeQa.gd:358)
SCRIPT ERROR: Invalid call. Nonexistent function 'style_objective_header' in base 'GDScript'.
   at: _add_objective_header_v152 (res://MainGame.gd:2166)
   GDScript backtrace (most recent call first):
       [0] _add_objective_header_v152 (res://MainGame.gd:2166)
       [1] _rebuild_quests (res://MainGame.gd:2205)
       [2] _refresh_all (res://MainGame.gd:688)
       [3] _reset_shared_state (res://P0TestHarness.gd:81)
       [4] apply_profile (res://P0TestHarness.gd:33)
       [5] _run_smoke_flow (res://V2021VisualRuntimeQa.gd:115)
       [6] _run_acceptance (res://V2021VisualRuntimeQa.gd:98)
       [7] _run_tap_determinism (res://V2021VisualRuntimeQa.gd:260)
       [8] _prepare_deterministic_tap (res://V2021VisualRuntimeQa.gd:307)
       [9] _wait_render_stable (res://V2021VisualRuntimeQa.gd:358)
SCRIPT ERROR: Invalid call. Nonexistent function 'objective_icon_role' in base 'GDScript'.
   at: _add_objective_row_v152 (res://MainGame.gd:2181)
   GDScript backtrace (most recent call first):
       [0] _add_objective_row_v152 (res://MainGame.gd:2181)
       [1] _rebuild_quests (res://MainGame.gd:2206)
       [2] _refresh_all (res://MainGame.gd:688)
       [3] _reset_shared_state (res://P0TestHarness.gd:81)
       [4] apply_profile (res://P0TestHarness.gd:33)
       [5] _run_smoke_flow (res://V2021VisualRuntimeQa.gd:115)
       [6] _run_acceptance (res://V2021VisualRuntimeQa.gd:98)
       [7] _run_tap_determinism (res://V2021VisualRuntimeQa.gd:260)
       [8] _prepare_deterministic_tap (res://V2021VisualRuntimeQa.gd:307)
       [9] _wait_render_stable (res://V2021VisualRuntimeQa.gd:358)
SCRIPT ERROR: Invalid call. Nonexistent function 'objective_icon_role' in base 'GDScript'.
   at: _add_objective_row_v152 (res://MainGame.gd:2181)
   GDScript backtrace (most recent call first):
       [0] _add_objective_row_v152 (res://MainGame.gd:2181)
       [1] _rebuild_quests (res://MainGame.gd:2206)
       [2] _refresh_all (res://MainGame.gd:688)
       [3] _reset_shared_state (res://P0TestHarness.gd:81)
       [4] apply_profile (res://P0TestHarness.gd:33)
       [5] _run_smoke_flow (res://V2021VisualRuntimeQa.gd:115)
       [6] _run_acceptance (res://V2021VisualRuntimeQa.gd:98)
       [7] _run_tap_determinism (res://V2021VisualRuntimeQa.gd:260)
       [8] _prepare_deterministic_tap (res://V2021VisualRuntimeQa.gd:307)
       [9] _wait_render_stable (res://V2021VisualRuntimeQa.gd:358)
SCRIPT ERROR: Invalid call. Nonexistent function 'objective_icon_role' in base 'GDScript'.
   at: _add_objective_row_v152 (res://MainGame.gd:2181)
   GDScript backtrace (most recent call first):
       [0] _add_objective_row_v152 (res://MainGame.gd:2181)
       [1] _rebuild_quests (res://MainGame.gd:2206)
       [2] _refresh_all (res://MainGame.gd:688)
       [3] _reset_shared_state (res://P0TestHarness.gd:81)
       [4] apply_profile (res://P0TestHarness.gd:33)
       [5] _run_smoke_flow (res://V2021VisualRuntimeQa.gd:115)
       [6] _run_acceptance (res://V2021VisualRuntimeQa.gd:98)
       [7] _run_tap_determinism (res://V2021VisualRuntimeQa.gd:260)
       [8] _prepare_deterministic_tap (res://V2021VisualRuntimeQa.gd:307)
       [9] _wait_render_stable (res://V2021VisualRuntimeQa.gd:358)
SCRIPT ERROR: Invalid call. Nonexistent function 'style_objective_header' in base 'GDScript'.
   at: _add_objective_header_v152 (res://MainGame.gd:2166)
   GDScript backtrace (most recent call first):
       [0] _add_objective_header_v152 (res://MainGame.gd:2166)
       [1] _rebuild_quests (res://MainGame.gd:2205)
       [2] _refresh_all (res://MainGame.gd:688)
       [3] _reset_shared_state (res://P0TestHarness.gd:81)
       [4] apply_profile (res://P0TestHarness.gd:33)
       [5] _run_smoke_flow (res://V2021VisualRuntimeQa.gd:115)
       [6] _run_acceptance (res://V2021VisualRuntimeQa.gd:98)
       [7] _run_tap_determinism (res://V2021VisualRuntimeQa.gd:260)
       [8] _prepare_deterministic_tap (res://V2021VisualRuntimeQa.gd:307)
       [9] _wait_render_stable (res://V2021VisualRuntimeQa.gd:358)
SCRIPT ERROR: Invalid call. Nonexistent function 'objective_icon_role' in base 'GDScript'.
   at: _add_objective_row_v152 (res://MainGame.gd:2181)
   GDScript backtrace (most recent call first):
       [0] _add_objective_row_v152 (res://MainGame.gd:2181)
       [1] _rebuild_quests (res://MainGame.gd:2206)
       [2] _refresh_all (res://MainGame.gd:688)
       [3] _reset_shared_state (res://P0TestHarness.gd:81)
       [4] apply_profile (res://P0TestHarness.gd:33)
       [5] _run_smoke_flow (res://V2021VisualRuntimeQa.gd:115)
       [6] _run_acceptance (res://V2021VisualRuntimeQa.gd:98)
       [7] _run_tap_determinism (res://V2021VisualRuntimeQa.gd:260)
       [8] _prepare_deterministic_tap (res://V2021VisualRuntimeQa.gd:307)
       [9] _wait_render_stable (res://V2021VisualRuntimeQa.gd:358)
SCRIPT ERROR: Invalid call. Nonexistent function 'objective_icon_role' in base 'GDScript'.
   at: _add_objective_row_v152 (res://MainGame.gd:2181)
   GDScript backtrace (most recent call first):
       [0] _add_objective_row_v152 (res://MainGame.gd:2181)
       [1] _rebuild_quests (res://MainGame.gd:2206)
       [2] _refresh_all (res://MainGame.gd:688)
       [3] _reset_shared_state (res://P0TestHarness.gd:81)
       [4] apply_profile (res://P0TestHarness.gd:33)
       [5] _run_smoke_flow (res://V2021VisualRuntimeQa.gd:115)
       [6] _run_acceptance (res://V2021VisualRuntimeQa.gd:98)
       [7] _run_tap_determinism (res://V2021VisualRuntimeQa.gd:260)
       [8] _prepare_deterministic_tap (res://V2021VisualRuntimeQa.gd:307)
       [9] _wait_render_stable (res://V2021VisualRuntimeQa.gd:358)
SCRIPT ERROR: Invalid call. Nonexistent function 'objective_icon_role' in base 'GDScript'.
   at: _add_objective_row_v152 (res://MainGame.gd:2181)
   GDScript backtrace (most recent call first):
       [0] _add_objective_row_v152 (res://MainGame.gd:2181)
       [1] _rebuild_quests (res://MainGame.gd:2206)
       [2] _refresh_all (res://MainGame.gd:688)
       [3] _reset_shared_state (res://P0TestHarness.gd:81)
       [4] apply_profile (res://P0TestHarness.gd:33)
       [5] _run_smoke_flow (res://V2021VisualRuntimeQa.gd:115)
       [6] _run_acceptance (res://V2021VisualRuntimeQa.gd:98)
       [7] _run_tap_determinism (res://V2021VisualRuntimeQa.gd:260)
       [8] _prepare_deterministic_tap (res://V2021VisualRuntimeQa.gd:307)
       [9] _wait_render_stable (res://V2021VisualRuntimeQa.gd:358)
SCRIPT ERROR: Invalid call. Nonexistent function 'style_objective_header' in base 'GDScript'.
   at: _add_objective_header_v152 (res://MainGame.gd:2166)
   GDScript backtrace (most recent call first):
       [0] _add_objective_header_v152 (res://MainGame.gd:2166)
       [1] _rebuild_quests (res://MainGame.gd:2205)
       [2] _refresh_all (res://MainGame.gd:688)
       [3] _reset_shared_state (res://P0TestHarness.gd:81)
       [4] apply_profile (res://P0TestHarness.gd:33)
       [5] _run_smoke_flow (res://V2021VisualRuntimeQa.gd:115)
       [6] _run_acceptance (res://V2021VisualRuntimeQa.gd:98)
       [7] _run_tap_determinism (res://V2021VisualRuntimeQa.gd:260)
       [8] _prepare_deterministic_tap (res://V2021VisualRuntimeQa.gd:307)
       [9] _wait_render_stable (res://V2021VisualRuntimeQa.gd:358)
SCRIPT ERROR: Invalid call. Nonexistent function 'objective_icon_role' in base 'GDScript'.
   at: _add_objective_row_v152 (res://MainGame.gd:2181)
   GDScript backtrace (most recent call first):
       [0] _add_objective_row_v152 (res://MainGame.gd:2181)
       [1] _rebuild_quests (res://MainGame.gd:2206)
       [2] _refresh_all (res://MainGame.gd:688)
       [3] _reset_shared_state (res://P0TestHarness.gd:81)
       [4] apply_profile (res://P0TestHarness.gd:33)
       [5] _run_smoke_flow (res://V2021VisualRuntimeQa.gd:115)
       [6] _run_acceptance (res://V2021VisualRuntimeQa.gd:98)
       [7] _run_tap_determinism (res://V2021VisualRuntimeQa.gd:260)
       [8] _prepare_deterministic_tap (res://V2021VisualRuntimeQa.gd:307)
       [9] _wait_render_stable (res://V2021VisualRuntimeQa.gd:358)
SCRIPT ERROR: Invalid call. Nonexistent function 'objective_icon_role' in base 'GDScript'.
   at: _add_objective_row_v152 (res://MainGame.gd:2181)
   GDScript backtrace (most recent call first):
       [0] _add_objective_row_v152 (res://MainGame.gd:2181)
       [1] _rebuild_quests (res://MainGame.gd:2206)
       [2] _refresh_all (res://MainGame.gd:688)
       [3] _reset_shared_state (res://P0TestHarness.gd:81)
       [4] apply_profile (res://P0TestHarness.gd:33)
       [5] _run_smoke_flow (res://V2021VisualRuntimeQa.gd:115)
       [6] _run_acceptance (res://V2021VisualRuntimeQa.gd:98)
       [7] _run_tap_determinism (res://V2021VisualRuntimeQa.gd:260)
       [8] _prepare_deterministic_tap (res://V2021VisualRuntimeQa.gd:307)
       [9] _wait_render_stable (res://V2021VisualRuntimeQa.gd:358)
SCRIPT ERROR: Invalid call. Nonexistent function 'objective_icon_role' in base 'GDScript'.
   at: _add_objective_row_v152 (res://MainGame.gd:2181)
   GDScript backtrace (most recent call first):
       [0] _add_objective_row_v152 (res://MainGame.gd:2181)
       [1] _rebuild_quests (res://MainGame.gd:2206)
       [2] _refresh_all (res://MainGame.gd:688)
       [3] _reset_shared_state (res://P0TestHarness.gd:81)
       [4] apply_profile (res://P0TestHarness.gd:33)
       [5] _run_smoke_flow (res://V2021VisualRuntimeQa.gd:115)
       [6] _run_acceptance (res://V2021VisualRuntimeQa.gd:98)
       [7] _run_tap_determinism (res://V2021VisualRuntimeQa.gd:260)
       [8] _prepare_deterministic_tap (res://V2021VisualRuntimeQa.gd:307)
       [9] _wait_render_stable (res://V2021VisualRuntimeQa.gd:358)
SCRIPT ERROR: Invalid call. Nonexistent function 'objective_icon_role' in base 'GDScript'.
   at: _add_objective_row_v152 (res://MainGame.gd:2181)
   GDScript backtrace (most recent call first):
       [0] _add_objective_row_v152 (res://MainGame.gd:2181)
       [1] _rebuild_quests (res://MainGame.gd:2206)
       [2] _refresh_all (res://MainGame.gd:688)
       [3] _reset_shared_state (res://P0TestHarness.gd:81)
       [4] apply_profile (res://P0TestHarness.gd:33)
       [5] _run_smoke_flow (res://V2021VisualRuntimeQa.gd:115)
       [6] _run_acceptance (res://V2021VisualRuntimeQa.gd:98)
       [7] _run_tap_determinism (res://V2021VisualRuntimeQa.gd:260)
       [8] _prepare_deterministic_tap (res://V2021VisualRuntimeQa.gd:307)
       [9] _wait_render_stable (res://V2021VisualRuntimeQa.gd:358)
SCRIPT ERROR: Invalid call. Nonexistent function 'objective_icon_role' in base 'GDScript'.
   at: _add_objective_row_v152 (res://MainGame.gd:2181)
   GDScript backtrace (most recent call first):
       [0] _add_objective_row_v152 (res://MainGame.gd:2181)
       [1] _rebuild_quests (res://MainGame.gd:2206)
       [2] _refresh_all (res://MainGame.gd:688)
       [3] _reset_shared_state (res://P0TestHarness.gd:81)
       [4] apply_profile (res://P0TestHarness.gd:33)
       [5] _run_smoke_flow (res://V2021VisualRuntimeQa.gd:115)
       [6] _run_acceptance (res://V2021VisualRuntimeQa.gd:98)
       [7] _run_tap_determinism (res://V2021VisualRuntimeQa.gd:260)
       [8] _prepare_deterministic_tap (res://V2021VisualRuntimeQa.gd:307)
       [9] _wait_render_stable (res://V2021VisualRuntimeQa.gd:358)
SCRIPT ERROR: Invalid call. Nonexistent function 'style_objective_header' in base 'GDScript'.
   at: _add_objective_header_v152 (res://MainGame.gd:2166)
   GDScript backtrace (most recent call first):
       [0] _add_objective_header_v152 (res://MainGame.gd:2166)
       [1] _rebuild_quests (res://MainGame.gd:2207)
       [2] _refresh_all (res://MainGame.gd:688)
       [3] _reset_shared_state (res://P0TestHarness.gd:81)
       [4] apply_profile (res://P0TestHarness.gd:33)
       [5] _run_smoke_flow (res://V2021VisualRuntimeQa.gd:115)
       [6] _run_acceptance (res://V2021VisualRuntimeQa.gd:98)
       [7] _run_tap_determinism (res://V2021VisualRuntimeQa.gd:260)
       [8] _prepare_deterministic_tap (res://V2021VisualRuntimeQa.gd:307)
       [9] _wait_render_stable (res://V2021VisualRuntimeQa.gd:358)
SCRIPT ERROR: Invalid call. Nonexistent function 'objective_icon_role' in base 'GDScript'.
   at: _rebuild_quests (res://MainGame.gd:2214)
   GDScript backtrace (most recent call first):
       [0] _rebuild_quests (res://MainGame.gd:2214)
       [1] _refresh_all (res://MainGame.gd:688)
       [2] _reset_shared_state (res://P0TestHarness.gd:81)
       [3] apply_profile (res://P0TestHarness.gd:33)
       [4] _run_smoke_flow (res://V2021VisualRuntimeQa.gd:115)
       [5] _run_acceptance (res://V2021VisualRuntimeQa.gd:98)
       [6] _run_tap_determinism (res://V2021VisualRuntimeQa.gd:260)
       [7] _prepare_deterministic_tap (res://V2021VisualRuntimeQa.gd:307)
       [8] _wait_render_stable (res://V2021VisualRuntimeQa.gd:358)
SCRIPT ERROR: Invalid call. Nonexistent function 'refresh_progression_state' in base 'GDScript'.
   at: _refresh_progression_p0 (res://MainGame.gd:2903)
   GDScript backtrace (most recent call first):
       [0] _refresh_progression_p0 (res://MainGame.gd:2903)
       [1] _refresh_all (res://MainGame.gd:696)
       [2] _reset_shared_state (res://P0TestHarness.gd:81)
       [3] apply_profile (res://P0TestHarness.gd:33)
       [4] _run_smoke_flow (res://V2021VisualRuntimeQa.gd:115)
       [5] _run_acceptance (res://V2021VisualRuntimeQa.gd:98)
       [6] _run_tap_determinism (res://V2021VisualRuntimeQa.gd:260)
       [7] _prepare_deterministic_tap (res://V2021VisualRuntimeQa.gd:307)
       [8] _wait_render_stable (res://V2021VisualRuntimeQa.gd:358)
SCRIPT ERROR: Invalid call. Nonexistent function 'refresh_shop_state' in base 'GDScript'.
   at: _refresh_shop_p0 (res://MainGame.gd:2810)
   GDScript backtrace (most recent call first):
       [0] _refresh_shop_p0 (res://MainGame.gd:2810)
       [1] _refresh_all (res://MainGame.gd:697)
       [2] _reset_shared_state (res://P0TestHarness.gd:81)
       [3] apply_profile (res://P0TestHarness.gd:33)
       [4] _run_smoke_flow (res://V2021VisualRuntimeQa.gd:115)
       [5] _run_acceptance (res://V2021VisualRuntimeQa.gd:98)
       [6] _run_tap_determinism (res://V2021VisualRuntimeQa.gd:260)
       [7] _prepare_deterministic_tap (res://V2021VisualRuntimeQa.gd:307)
       [8] _wait_render_stable (res://V2021VisualRuntimeQa.gd:358)
SCRIPT ERROR: Invalid call. Nonexistent function 'refresh_afk_state' in base 'GDScript'.
   at: _refresh_afk_p0 (res://MainGame.gd:2910)
   GDScript backtrace (most recent call first):
       [0] _refresh_afk_p0 (res://MainGame.gd:2910)
       [1] _refresh_all (res://MainGame.gd:698)
       [2] _reset_shared_state (res://P0TestHarness.gd:81)
       [3] apply_profile (res://P0TestHarness.gd:33)
       [4] _run_smoke_flow (res://V2021VisualRuntimeQa.gd:115)
       [5] _run_acceptance (res://V2021VisualRuntimeQa.gd:98)
       [6] _run_tap_determinism (res://V2021VisualRuntimeQa.gd:260)
       [7] _prepare_deterministic_tap (res://V2021VisualRuntimeQa.gd:307)
       [8] _wait_render_stable (res://V2021VisualRuntimeQa.gd:358)
SCRIPT ERROR: Invalid call. Nonexistent function 'refresh_home_loop_state' in base 'GDScript'.
   at: _update_monster_ui (res://MainGame.gd:1219)
   GDScript backtrace (most recent call first):
       [0] _update_monster_ui (res://MainGame.gd:1219)
       [1] _reset_shared_state (res://P0TestHarness.gd:82)
       [2] apply_profile (res://P0TestHarness.gd:33)
       [3] _run_smoke_flow (res://V2021VisualRuntimeQa.gd:115)
       [4] _run_acceptance (res://V2021VisualRuntimeQa.gd:98)
       [5] _run_tap_determinism (res://V2021VisualRuntimeQa.gd:260)
       [6] _prepare_deterministic_tap (res://V2021VisualRuntimeQa.gd:307)
       [7] _wait_render_stable (res://V2021VisualRuntimeQa.gd:358)
SCRIPT ERROR: Invalid call. Nonexistent function 'refresh_home_loop_state' in base 'GDScript'.
   at: _update_monster_ui (res://MainGame.gd:1219)
   GDScript backtrace (most recent call first):
       [0] _update_monster_ui (res://MainGame.gd:1219)
       [1] _refresh_all (res://MainGame.gd:675)
       [2] _reset_shared_state (res://P0TestHarness.gd:83)
       [3] apply_profile (res://P0TestHarness.gd:33)
       [4] _run_smoke_flow (res://V2021VisualRuntimeQa.gd:115)
       [5] _run_acceptance (res://V2021VisualRuntimeQa.gd:98)
       [6] _run_tap_determinism (res://V2021VisualRuntimeQa.gd:260)
       [7] _prepare_deterministic_tap (res://V2021VisualRuntimeQa.gd:307)
       [8] _wait_render_stable (res://V2021VisualRuntimeQa.gd:358)
SCRIPT ERROR: Invalid call. Nonexistent function 'refresh_village_loop_state' in base 'GDScript'.
   at: _refresh_p0_village (res://MainGame.gd:2410)
   GDScript backtrace (most recent call first):
       [0] _refresh_p0_village (res://MainGame.gd:2410)
       [1] _refresh_all (res://MainGame.gd:680)
       [2] _reset_shared_state (res://P0TestHarness.gd:83)
       [3] apply_profile (res://P0TestHarness.gd:33)
       [4] _run_smoke_flow (res://V2021VisualRuntimeQa.gd:115)
       [5] _run_acceptance (res://V2021VisualRuntimeQa.gd:98)
       [6] _run_tap_determinism (res://V2021VisualRuntimeQa.gd:260)
       [7] _prepare_deterministic_tap (res://V2021VisualRuntimeQa.gd:307)
       [8] _wait_render_stable (res://V2021VisualRuntimeQa.gd:358)
SCRIPT ERROR: Invalid call. Nonexistent function 'refresh_reward_session_state' in base 'GDScript'.
   at: _refresh_meta_ui (res://MainGame.gd:1004)
   GDScript backtrace (most recent call first):
       [0] _refresh_meta_ui (res://MainGame.gd:1004)
       [1] _refresh_all (res://MainGame.gd:683)
       [2] _reset_shared_state (res://P0TestHarness.gd:83)
       [3] apply_profile (res://P0TestHarness.gd:33)
       [4] _run_smoke_flow (res://V2021VisualRuntimeQa.gd:115)
       [5] _run_acceptance (res://V2021VisualRuntimeQa.gd:98)
       [6] _run_tap_determinism (res://V2021VisualRuntimeQa.gd:260)
       [7] _prepare_deterministic_tap (res://V2021VisualRuntimeQa.gd:307)
       [8] _wait_render_stable (res://V2021VisualRuntimeQa.gd:358)
SCRIPT ERROR: Invalid call. Nonexistent function 'style_objective_header' in base 'GDScript'.
   at: _add_objective_header_v152 (res://MainGame.gd:2166)
   GDScript backtrace (most recent call first):
       [0] _add_objective_header_v152 (res://MainGame.gd:2166)
       [1] _rebuild_quests (res://MainGame.gd:2205)
       [2] _refresh_all (res://MainGame.gd:688)
       [3] _reset_shared_state (res://P0TestHarness.gd:83)
       [4] apply_profile (res://P0TestHarness.gd:33)
       [5] _run_smoke_flow (res://V2021VisualRuntimeQa.gd:115)
       [6] _run_acceptance (res://V2021VisualRuntimeQa.gd:98)
       [7] _run_tap_determinism (res://V2021VisualRuntimeQa.gd:260)
       [8] _prepare_deterministic_tap (res://V2021VisualRuntimeQa.gd:307)
       [9] _wait_render_stable (res://V2021VisualRuntimeQa.gd:358)
SCRIPT ERROR: Invalid call. Nonexistent function 'objective_icon_role' in base 'GDScript'.
   at: _add_objective_row_v152 (res://MainGame.gd:2181)
   GDScript backtrace (most recent call first):
       [0] _add_objective_row_v152 (res://MainGame.gd:2181)
       [1] _rebuild_quests (res://MainGame.gd:2206)
       [2] _refresh_all (res://MainGame.gd:688)
       [3] _reset_shared_state (res://P0TestHarness.gd:83)
       [4] apply_profile (res://P0TestHarness.gd:33)
       [5] _run_smoke_flow (res://V2021VisualRuntimeQa.gd:115)
       [6] _run_acceptance (res://V2021VisualRuntimeQa.gd:98)
       [7] _run_tap_determinism (res://V2021VisualRuntimeQa.gd:260)
       [8] _prepare_deterministic_tap (res://V2021VisualRuntimeQa.gd:307)
       [9] _wait_render_stable (res://V2021VisualRuntimeQa.gd:358)
SCRIPT ERROR: Invalid call. Nonexistent function 'objective_icon_role' in base 'GDScript'.
   at: _add_objective_row_v152 (res://MainGame.gd:2181)
   GDScript backtrace (most recent call first):
       [0] _add_objective_row_v152 (res://MainGame.gd:2181)
       [1] _rebuild_quests (res://MainGame.gd:2206)
       [2] _refresh_all (res://MainGame.gd:688)
       [3] _reset_shared_state (res://P0TestHarness.gd:83)
       [4] apply_profile (res://P0TestHarness.gd:33)
       [5] _run_smoke_flow (res://V2021VisualRuntimeQa.gd:115)
       [6] _run_acceptance (res://V2021VisualRuntimeQa.gd:98)
       [7] _run_tap_determinism (res://V2021VisualRuntimeQa.gd:260)
       [8] _prepare_deterministic_tap (res://V2021VisualRuntimeQa.gd:307)
       [9] _wait_render_stable (res://V2021VisualRuntimeQa.gd:358)
SCRIPT ERROR: Invalid call. Nonexistent function 'objective_icon_role' in base 'GDScript'.
   at: _add_objective_row_v152 (res://MainGame.gd:2181)
   GDScript backtrace (most recent call first):
       [0] _add_objective_row_v152 (res://MainGame.gd:2181)
       [1] _rebuild_quests (res://MainGame.gd:2206)
       [2] _refresh_all (res://MainGame.gd:688)
       [3] _reset_shared_state (res://P0TestHarness.gd:83)
       [4] apply_profile (res://P0TestHarness.gd:33)
       [5] _run_smoke_flow (res://V2021VisualRuntimeQa.gd:115)
       [6] _run_acceptance (res://V2021VisualRuntimeQa.gd:98)
       [7] _run_tap_determinism (res://V2021VisualRuntimeQa.gd:260)
       [8] _prepare_deterministic_tap (res://V2021VisualRuntimeQa.gd:307)
       [9] _wait_render_stable (res://V2021VisualRuntimeQa.gd:358)
SCRIPT ERROR: Invalid call. Nonexistent function 'style_objective_header' in base 'GDScript'.
   at: _add_objective_header_v152 (res://MainGame.gd:2166)
   GDScript backtrace (most recent call first):
       [0] _add_objective_header_v152 (res://MainGame.gd:2166)
       [1] _rebuild_quests (res://MainGame.gd:2205)
       [2] _refresh_all (res://MainGame.gd:688)
       [3] _reset_shared_state (res://P0TestHarness.gd:83)
       [4] apply_profile (res://P0TestHarness.gd:33)
       [5] _run_smoke_flow (res://V2021VisualRuntimeQa.gd:115)
       [6] _run_acceptance (res://V2021VisualRuntimeQa.gd:98)
       [7] _run_tap_determinism (res://V2021VisualRuntimeQa.gd:260)
       [8] _prepare_deterministic_tap (res://V2021VisualRuntimeQa.gd:307)
       [9] _wait_render_stable (res://V2021VisualRuntimeQa.gd:358)
SCRIPT ERROR: Invalid call. Nonexistent function 'objective_icon_role' in base 'GDScript'.
   at: _add_objective_row_v152 (res://MainGame.gd:2181)
   GDScript backtrace (most recent call first):
       [0] _add_objective_row_v152 (res://MainGame.gd:2181)
       [1] _rebuild_quests (res://MainGame.gd:2206)
       [2] _refresh_all (res://MainGame.gd:688)
       [3] _reset_shared_state (res://P0TestHarness.gd:83)
       [4] apply_profile (res://P0TestHarness.gd:33)
       [5] _run_smoke_flow (res://V2021VisualRuntimeQa.gd:115)
       [6] _run_acceptance (res://V2021VisualRuntimeQa.gd:98)
       [7] _run_tap_determinism (res://V2021VisualRuntimeQa.gd:260)
       [8] _prepare_deterministic_tap (res://V2021VisualRuntimeQa.gd:307)
       [9] _wait_render_stable (res://V2021VisualRuntimeQa.gd:358)
SCRIPT ERROR: Invalid call. Nonexistent function 'objective_icon_role' in base 'GDScript'.
   at: _add_objective_row_v152 (res://MainGame.gd:2181)
   GDScript backtrace (most recent call first):
       [0] _add_objective_row_v152 (res://MainGame.gd:2181)
       [1] _rebuild_quests (res://MainGame.gd:2206)
       [2] _refresh_all (res://MainGame.gd:688)
       [3] _reset_shared_state (res://P0TestHarness.gd:83)
       [4] apply_profile (res://P0TestHarness.gd:33)
       [5] _run_smoke_flow (res://V2021VisualRuntimeQa.gd:115)
       [6] _run_acceptance (res://V2021VisualRuntimeQa.gd:98)
       [7] _run_tap_determinism (res://V2021VisualRuntimeQa.gd:260)
       [8] _prepare_deterministic_tap (res://V2021VisualRuntimeQa.gd:307)
       [9] _wait_render_stable (res://V2021VisualRuntimeQa.gd:358)
SCRIPT ERROR: Invalid call. Nonexistent function 'objective_icon_role' in base 'GDScript'.
   at: _add_objective_row_v152 (res://MainGame.gd:2181)
   GDScript backtrace (most recent call first):
       [0] _add_objective_row_v152 (res://MainGame.gd:2181)
       [1] _rebuild_quests (res://MainGame.gd:2206)
       [2] _refresh_all (res://MainGame.gd:688)
       [3] _reset_shared_state (res://P0TestHarness.gd:83)
       [4] apply_profile (res://P0TestHarness.gd:33)
       [5] _run_smoke_flow (res://V2021VisualRuntimeQa.gd:115)
       [6] _run_acceptance (res://V2021VisualRuntimeQa.gd:98)
       [7] _run_tap_determinism (res://V2021VisualRuntimeQa.gd:260)
       [8] _prepare_deterministic_tap (res://V2021VisualRuntimeQa.gd:307)
       [9] _wait_render_stable (res://V2021VisualRuntimeQa.gd:358)
SCRIPT ERROR: Invalid call. Nonexistent function 'style_objective_header' in base 'GDScript'.
   at: _add_objective_header_v152 (res://MainGame.gd:2166)
   GDScript backtrace (most recent call first):
       [0] _add_objective_header_v152 (res://MainGame.gd:2166)
       [1] _rebuild_quests (res://MainGame.gd:2205)
       [2] _refresh_all (res://MainGame.gd:688)
       [3] _reset_shared_state (res://P0TestHarness.gd:83)
       [4] apply_profile (res://P0TestHarness.gd:33)
       [5] _run_smoke_flow (res://V2021VisualRuntimeQa.gd:115)
       [6] _run_acceptance (res://V2021VisualRuntimeQa.gd:98)
       [7] _run_tap_determinism (res://V2021VisualRuntimeQa.gd:260)
       [8] _prepare_deterministic_tap (res://V2021VisualRuntimeQa.gd:307)
       [9] _wait_render_stable (res://V2021VisualRuntimeQa.gd:358)
SCRIPT ERROR: Invalid call. Nonexistent function 'objective_icon_role' in base 'GDScript'.
   at: _add_objective_row_v152 (res://MainGame.gd:2181)
   GDScript backtrace (most recent call first):
       [0] _add_objective_row_v152 (res://MainGame.gd:2181)
       [1] _rebuild_quests (res://MainGame.gd:2206)
       [2] _refresh_all (res://MainGame.gd:688)
       [3] _reset_shared_state (res://P0TestHarness.gd:83)
       [4] apply_profile (res://P0TestHarness.gd:33)
       [5] _run_smoke_flow (res://V2021VisualRuntimeQa.gd:115)
       [6] _run_acceptance (res://V2021VisualRuntimeQa.gd:98)
       [7] _run_tap_determinism (res://V2021VisualRuntimeQa.gd:260)
       [8] _prepare_deterministic_tap (res://V2021VisualRuntimeQa.gd:307)
       [9] _wait_render_stable (res://V2021VisualRuntimeQa.gd:358)
SCRIPT ERROR: Invalid call. Nonexistent function 'objective_icon_role' in base 'GDScript'.
   at: _add_objective_row_v152 (res://MainGame.gd:2181)
   GDScript backtrace (most recent call first):
       [0] _add_objective_row_v152 (res://MainGame.gd:2181)
       [1] _rebuild_quests (res://MainGame.gd:2206)
       [2] _refresh_all (res://MainGame.gd:688)
       [3] _reset_shared_state (res://P0TestHarness.gd:83)
       [4] apply_profile (res://P0TestHarness.gd:33)
       [5] _run_smoke_flow (res://V2021VisualRuntimeQa.gd:115)
       [6] _run_acceptance (res://V2021VisualRuntimeQa.gd:98)
       [7] _run_tap_determinism (res://V2021VisualRuntimeQa.gd:260)
       [8] _prepare_deterministic_tap (res://V2021VisualRuntimeQa.gd:307)
       [9] _wait_render_stable (res://V2021VisualRuntimeQa.gd:358)
SCRIPT ERROR: Invalid call. Nonexistent function 'objective_icon_role' in base 'GDScript'.
   at: _add_objective_row_v152 (res://MainGame.gd:2181)
   GDScript backtrace (most recent call first):
       [0] _add_objective_row_v152 (res://MainGame.gd:2181)
       [1] _rebuild_quests (res://MainGame.gd:2206)
       [2] _refresh_all (res://MainGame.gd:688)
       [3] _reset_shared_state (res://P0TestHarness.gd:83)
       [4] apply_profile (res://P0TestHarness.gd:33)
       [5] _run_smoke_flow (res://V2021VisualRuntimeQa.gd:115)
       [6] _run_acceptance (res://V2021VisualRuntimeQa.gd:98)
       [7] _run_tap_determinism (res://V2021VisualRuntimeQa.gd:260)
       [8] _prepare_deterministic_tap (res://V2021VisualRuntimeQa.gd:307)
       [9] _wait_render_stable (res://V2021VisualRuntimeQa.gd:358)
SCRIPT ERROR: Invalid call. Nonexistent function 'objective_icon_role' in base 'GDScript'.
   at: _add_objective_row_v152 (res://MainGame.gd:2181)
   GDScript backtrace (most recent call first):
       [0] _add_objective_row_v152 (res://MainGame.gd:2181)
       [1] _rebuild_quests (res://MainGame.gd:2206)
       [2] _refresh_all (res://MainGame.gd:688)
       [3] _reset_shared_state (res://P0TestHarness.gd:83)
       [4] apply_profile (res://P0TestHarness.gd:33)
       [5] _run_smoke_flow (res://V2021VisualRuntimeQa.gd:115)
       [6] _run_acceptance (res://V2021VisualRuntimeQa.gd:98)
       [7] _run_tap_determinism (res://V2021VisualRuntimeQa.gd:260)
       [8] _prepare_deterministic_tap (res://V2021VisualRuntimeQa.gd:307)
       [9] _wait_render_stable (res://V2021VisualRuntimeQa.gd:358)
SCRIPT ERROR: Invalid call. Nonexistent function 'objective_icon_role' in base 'GDScript'.
   at: _add_objective_row_v152 (res://MainGame.gd:2181)
   GDScript backtrace (most recent call first):
       [0] _add_objective_row_v152 (res://MainGame.gd:2181)
       [1] _rebuild_quests (res://MainGame.gd:2206)
       [2] _refresh_all (res://MainGame.gd:688)
       [3] _reset_shared_state (res://P0TestHarness.gd:83)
       [4] apply_profile (res://P0TestHarness.gd:33)
       [5] _run_smoke_flow (res://V2021VisualRuntimeQa.gd:115)
       [6] _run_acceptance (res://V2021VisualRuntimeQa.gd:98)
       [7] _run_tap_determinism (res://V2021VisualRuntimeQa.gd:260)
       [8] _prepare_deterministic_tap (res://V2021VisualRuntimeQa.gd:307)
       [9] _wait_render_stable (res://V2021VisualRuntimeQa.gd:358)
SCRIPT ERROR: Invalid call. Nonexistent function 'style_objective_header' in base 'GDScript'.
   at: _add_objective_header_v152 (res://MainGame.gd:2166)
   GDScript backtrace (most recent call first):
       [0] _add_objective_header_v152 (res://MainGame.gd:2166)
       [1] _rebuild_quests (res://MainGame.gd:2207)
       [2] _refresh_all (res://MainGame.gd:688)
       [3] _reset_shared_state (res://P0TestHarness.gd:83)
       [4] apply_profile (res://P0TestHarness.gd:33)
       [5] _run_smoke_flow (res://V2021VisualRuntimeQa.gd:115)
       [6] _run_acceptance (res://V2021VisualRuntimeQa.gd:98)
       [7] _run_tap_determinism (res://V2021VisualRuntimeQa.gd:260)
       [8] _prepare_deterministic_tap (res://V2021VisualRuntimeQa.gd:307)
       [9] _wait_render_stable (res://V2021VisualRuntimeQa.gd:358)
SCRIPT ERROR: Invalid call. Nonexistent function 'objective_icon_role' in base 'GDScript'.
   at: _rebuild_quests (res://MainGame.gd:2214)
   GDScript backtrace (most recent call first):
       [0] _rebuild_quests (res://MainGame.gd:2214)
       [1] _refresh_all (res://MainGame.gd:688)
       [2] _reset_shared_state (res://P0TestHarness.gd:83)
       [3] apply_profile (res://P0TestHarness.gd:33)
       [4] _run_smoke_flow (res://V2021VisualRuntimeQa.gd:115)
       [5] _run_acceptance (res://V2021VisualRuntimeQa.gd:98)
       [6] _run_tap_determinism (res://V2021VisualRuntimeQa.gd:260)
       [7] _prepare_deterministic_tap (res://V2021VisualRuntimeQa.gd:307)
       [8] _wait_render_stable (res://V2021VisualRuntimeQa.gd:358)
SCRIPT ERROR: Invalid call. Nonexistent function 'refresh_progression_state' in base 'GDScript'.
   at: _refresh_progression_p0 (res://MainGame.gd:2903)
   GDScript backtrace (most recent call first):
       [0] _refresh_progression_p0 (res://MainGame.gd:2903)
       [1] _refresh_all (res://MainGame.gd:696)
       [2] _reset_shared_state (res://P0TestHarness.gd:83)
       [3] apply_profile (res://P0TestHarness.gd:33)
       [4] _run_smoke_flow (res://V2021VisualRuntimeQa.gd:115)
       [5] _run_acceptance (res://V2021VisualRuntimeQa.gd:98)
       [6] _run_tap_determinism (res://V2021VisualRuntimeQa.gd:260)
       [7] _prepare_deterministic_tap (res://V2021VisualRuntimeQa.gd:307)
       [8] _wait_render_stable (res://V2021VisualRuntimeQa.gd:358)
SCRIPT ERROR: Invalid call. Nonexistent function 'refresh_shop_state' in base 'GDScript'.
   at: _refresh_shop_p0 (res://MainGame.gd:2810)
   GDScript backtrace (most recent call first):
       [0] _refresh_shop_p0 (res://MainGame.gd:2810)
       [1] _refresh_all (res://MainGame.gd:697)
       [2] _reset_shared_state (res://P0TestHarness.gd:83)
       [3] apply_profile (res://P0TestHarness.gd:33)
       [4] _run_smoke_flow (res://V2021VisualRuntimeQa.gd:115)
       [5] _run_acceptance (res://V2021VisualRuntimeQa.gd:98)
       [6] _run_tap_determinism (res://V2021VisualRuntimeQa.gd:260)
       [7] _prepare_deterministic_tap (res://V2021VisualRuntimeQa.gd:307)
       [8] _wait_render_stable (res://V2021VisualRuntimeQa.gd:358)
SCRIPT ERROR: Invalid call. Nonexistent function 'refresh_afk_state' in base 'GDScript'.
   at: _refresh_afk_p0 (res://MainGame.gd:2910)
   GDScript backtrace (most recent call first):
       [0] _refresh_afk_p0 (res://MainGame.gd:2910)
       [1] _refresh_all (res://MainGame.gd:698)
       [2] _reset_shared_state (res://P0TestHarness.gd:83)
       [3] apply_profile (res://P0TestHarness.gd:33)
       [4] _run_smoke_flow (res://V2021VisualRuntimeQa.gd:115)
       [5] _run_acceptance (res://V2021VisualRuntimeQa.gd:98)
       [6] _run_tap_determinism (res://V2021VisualRuntimeQa.gd:260)
       [7] _prepare_deterministic_tap (res://V2021VisualRuntimeQa.gd:307)
       [8] _wait_render_stable (res://V2021VisualRuntimeQa.gd:358)
SCRIPT ERROR: Invalid call. Nonexistent function 'refresh_village_loop_state' in base 'GDScript'.
   at: _refresh_p0_village (res://MainGame.gd:2410)
   GDScript backtrace (most recent call first):
       [0] _refresh_p0_village (res://MainGame.gd:2410)
       [1] _reset_shared_state (res://P0TestHarness.gd:84)
       [2] apply_profile (res://P0TestHarness.gd:33)
       [3] _run_smoke_flow (res://V2021VisualRuntimeQa.gd:115)
       [4] _run_acceptance (res://V2021VisualRuntimeQa.gd:98)
       [5] _run_tap_determinism (res://V2021VisualRuntimeQa.gd:260)
       [6] _prepare_deterministic_tap (res://V2021VisualRuntimeQa.gd:307)
       [7] _wait_render_stable (res://V2021VisualRuntimeQa.gd:358)
[CORE_ANALYTICS] {"event":"test_profile_applied","payload":{"profile":"fresh"},"time_unix":1789104320.288}
ERROR: Lambda capture at index 0 was freed. Passed "null" instead.
   at: call (modules/gdscript/gdscript_lambda_callable.cpp:110)
[CORE_ANALYTICS] {"event":"game_start","payload":{},"time_unix":1789104320.598}
SCRIPT ERROR: Invalid call. Nonexistent function 'refresh_home_loop_state' in base 'GDScript'.
   at: _update_monster_ui (res://MainGame.gd:1219)
   GDScript backtrace (most recent call first):
       [0] _update_monster_ui (res://MainGame.gd:1219)
       [1] _refresh_all (res://MainGame.gd:675)
       [2] @shields_setter (res://PlayerData.gd:14)
       [3] apply_save_data (res://PlayerData.gd:150)
       [4] load_game (res://SaveGame.gd:150)
       [5] _ready (res://MainGame.gd:515)
SCRIPT ERROR: Invalid call. Nonexistent function 'refresh_village_loop_state' in base 'GDScript'.
   at: _refresh_p0_village (res://MainGame.gd:2410)
   GDScript backtrace (most recent call first):
       [0] _refresh_p0_village (res://MainGame.gd:2410)
       [1] _refresh_all (res://MainGame.gd:680)
       [2] @shields_setter (res://PlayerData.gd:14)
       [3] apply_save_data (res://PlayerData.gd:150)
       [4] load_game (res://SaveGame.gd:150)
       [5] _ready (res://MainGame.gd:515)
SCRIPT ERROR: Invalid call. Nonexistent function 'refresh_reward_session_state' in base 'GDScript'.
   at: _refresh_meta_ui (res://MainGame.gd:1004)
   GDScript backtrace (most recent call first):
       [0] _refresh_meta_ui (res://MainGame.gd:1004)
       [1] _refresh_all (res://MainGame.gd:683)
       [2] @shields_setter (res://PlayerData.gd:14)
       [3] apply_save_data (res://PlayerData.gd:150)
       [4] load_game (res://SaveGame.gd:150)
       [5] _ready (res://MainGame.gd:515)
SCRIPT ERROR: Invalid call. Nonexistent function 'style_objective_header' in base 'GDScript'.
   at: _add_objective_header_v152 (res://MainGame.gd:2166)
   GDScript backtrace (most recent call first):
       [0] _add_objective_header_v152 (res://MainGame.gd:2166)
       [1] _rebuild_quests (res://MainGame.gd:2205)
       [2] _refresh_all (res://MainGame.gd:688)
       [3] @shields_setter (res://PlayerData.gd:14)
       [4] apply_save_data (res://PlayerData.gd:150)
       [5] load_game (res://SaveGame.gd:150)
       [6] _ready (res://MainGame.gd:515)
SCRIPT ERROR: Invalid call. Nonexistent function 'objective_icon_role' in base 'GDScript'.
   at: _add_objective_row_v152 (res://MainGame.gd:2181)
   GDScript backtrace (most recent call first):
       [0] _add_objective_row_v152 (res://MainGame.gd:2181)
       [1] _rebuild_quests (res://MainGame.gd:2206)
       [2] _refresh_all (res://MainGame.gd:688)
       [3] @shields_setter (res://PlayerData.gd:14)
       [4] apply_save_data (res://PlayerData.gd:150)
       [5] load_game (res://SaveGame.gd:150)
       [6] _ready (res://MainGame.gd:515)
SCRIPT ERROR: Invalid call. Nonexistent function 'objective_icon_role' in base 'GDScript'.
   at: _add_objective_row_v152 (res://MainGame.gd:2181)
   GDScript backtrace (most recent call first):
       [0] _add_objective_row_v152 (res://MainGame.gd:2181)
       [1] _rebuild_quests (res://MainGame.gd:2206)
       [2] _refresh_all (res://MainGame.gd:688)
       [3] @shields_setter (res://PlayerData.gd:14)
       [4] apply_save_data (res://PlayerData.gd:150)
       [5] load_game (res://SaveGame.gd:150)
       [6] _ready (res://MainGame.gd:515)
SCRIPT ERROR: Invalid call. Nonexistent function 'objective_icon_role' in base 'GDScript'.
   at: _add_objective_row_v152 (res://MainGame.gd:2181)
   GDScript backtrace (most recent call first):
       [0] _add_objective_row_v152 (res://MainGame.gd:2181)
       [1] _rebuild_quests (res://MainGame.gd:2206)
       [2] _refresh_all (res://MainGame.gd:688)
       [3] @shields_setter (res://PlayerData.gd:14)
       [4] apply_save_data (res://PlayerData.gd:150)
       [5] load_game (res://SaveGame.gd:150)
       [6] _ready (res://MainGame.gd:515)
SCRIPT ERROR: Invalid call. Nonexistent function 'style_objective_header' in base 'GDScript'.
   at: _add_objective_header_v152 (res://MainGame.gd:2166)
   GDScript backtrace (most recent call first):
       [0] _add_objective_header_v152 (res://MainGame.gd:2166)
       [1] _rebuild_quests (res://MainGame.gd:2205)
       [2] _refresh_all (res://MainGame.gd:688)
       [3] @shields_setter (res://PlayerData.gd:14)
       [4] apply_save_data (res://PlayerData.gd:150)
       [5] load_game (res://SaveGame.gd:150)
       [6] _ready (res://MainGame.gd:515)
SCRIPT ERROR: Invalid call. Nonexistent function 'objective_icon_role' in base 'GDScript'.
   at: _add_objective_row_v152 (res://MainGame.gd:2181)
   GDScript backtrace (most recent call first):
       [0] _add_objective_row_v152 (res://MainGame.gd:2181)
       [1] _rebuild_quests (res://MainGame.gd:2206)
       [2] _refresh_all (res://MainGame.gd:688)
       [3] @shields_setter (res://PlayerData.gd:14)
       [4] apply_save_data (res://PlayerData.gd:150)
       [5] load_game (res://SaveGame.gd:150)
       [6] _ready (res://MainGame.gd:515)
SCRIPT ERROR: Invalid call. Nonexistent function 'objective_icon_role' in base 'GDScript'.
   at: _add_objective_row_v152 (res://MainGame.gd:2181)
   GDScript backtrace (most recent call first):
       [0] _add_objective_row_v152 (res://MainGame.gd:2181)
       [1] _rebuild_quests (res://MainGame.gd:2206)
       [2] _refresh_all (res://MainGame.gd:688)
       [3] @shields_setter (res://PlayerData.gd:14)
       [4] apply_save_data (res://PlayerData.gd:150)
       [5] load_game (res://SaveGame.gd:150)
       [6] _ready (res://MainGame.gd:515)
SCRIPT ERROR: Invalid call. Nonexistent function 'objective_icon_role' in base 'GDScript'.
   at: _add_objective_row_v152 (res://MainGame.gd:2181)
   GDScript backtrace (most recent call first):
       [0] _add_objective_row_v152 (res://MainGame.gd:2181)
       [1] _rebuild_quests (res://MainGame.gd:2206)
       [2] _refresh_all (res://MainGame.gd:688)
       [3] @shields_setter (res://PlayerData.gd:14)
       [4] apply_save_data (res://PlayerData.gd:150)
       [5] load_game (res://SaveGame.gd:150)
       [6] _ready (res://MainGame.gd:515)
SCRIPT ERROR: Invalid call. Nonexistent function 'style_objective_header' in base 'GDScript'.
   at: _add_objective_header_v152 (res://MainGame.gd:2166)
   GDScript backtrace (most recent call first):
       [0] _add_objective_header_v152 (res://MainGame.gd:2166)
       [1] _rebuild_quests (res://MainGame.gd:2205)
       [2] _refresh_all (res://MainGame.gd:688)
       [3] @shields_setter (res://PlayerData.gd:14)
       [4] apply_save_data (res://PlayerData.gd:150)
       [5] load_game (res://SaveGame.gd:150)
       [6] _ready (res://MainGame.gd:515)
SCRIPT ERROR: Invalid call. Nonexistent function 'objective_icon_role' in base 'GDScript'.
   at: _add_objective_row_v152 (res://MainGame.gd:2181)
   GDScript backtrace (most recent call first):
       [0] _add_objective_row_v152 (res://MainGame.gd:2181)
       [1] _rebuild_quests (res://MainGame.gd:2206)
       [2] _refresh_all (res://MainGame.gd:688)
       [3] @shields_setter (res://PlayerData.gd:14)
       [4] apply_save_data (res://PlayerData.gd:150)
       [5] load_game (res://SaveGame.gd:150)
       [6] _ready (res://MainGame.gd:515)
SCRIPT ERROR: Invalid call. Nonexistent function 'objective_icon_role' in base 'GDScript'.
   at: _add_objective_row_v152 (res://MainGame.gd:2181)
   GDScript backtrace (most recent call first):
       [0] _add_objective_row_v152 (res://MainGame.gd:2181)
       [1] _rebuild_quests (res://MainGame.gd:2206)
       [2] _refresh_all (res://MainGame.gd:688)
       [3] @shields_setter (res://PlayerData.gd:14)
       [4] apply_save_data (res://PlayerData.gd:150)
       [5] load_game (res://SaveGame.gd:150)
       [6] _ready (res://MainGame.gd:515)
SCRIPT ERROR: Invalid call. Nonexistent function 'objective_icon_role' in base 'GDScript'.
   at: _add_objective_row_v152 (res://MainGame.gd:2181)
   GDScript backtrace (most recent call first):
       [0] _add_objective_row_v152 (res://MainGame.gd:2181)
       [1] _rebuild_quests (res://MainGame.gd:2206)
       [2] _refresh_all (res://MainGame.gd:688)
       [3] @shields_setter (res://PlayerData.gd:14)
       [4] apply_save_data (res://PlayerData.gd:150)
       [5] load_game (res://SaveGame.gd:150)
       [6] _ready (res://MainGame.gd:515)
SCRIPT ERROR: Invalid call. Nonexistent function 'objective_icon_role' in base 'GDScript'.
   at: _add_objective_row_v152 (res://MainGame.gd:2181)
   GDScript backtrace (most recent call first):
       [0] _add_objective_row_v152 (res://MainGame.gd:2181)
       [1] _rebuild_quests (res://MainGame.gd:2206)
       [2] _refresh_all (res://MainGame.gd:688)
       [3] @shields_setter (res://PlayerData.gd:14)
       [4] apply_save_data (res://PlayerData.gd:150)
       [5] load_game (res://SaveGame.gd:150)
       [6] _ready (res://MainGame.gd:515)
SCRIPT ERROR: Invalid call. Nonexistent function 'objective_icon_role' in base 'GDScript'.
   at: _add_objective_row_v152 (res://MainGame.gd:2181)
   GDScript backtrace (most recent call first):
       [0] _add_objective_row_v152 (res://MainGame.gd:2181)
       [1] _rebuild_quests (res://MainGame.gd:2206)
       [2] _refresh_all (res://MainGame.gd:688)
       [3] @shields_setter (res://PlayerData.gd:14)
       [4] apply_save_data (res://PlayerData.gd:150)
       [5] load_game (res://SaveGame.gd:150)
       [6] _ready (res://MainGame.gd:515)
SCRIPT ERROR: Invalid call. Nonexistent function 'style_objective_header' in base 'GDScript'.
   at: _add_objective_header_v152 (res://MainGame.gd:2166)
   GDScript backtrace (most recent call first):
       [0] _add_objective_header_v152 (res://MainGame.gd:2166)
       [1] _rebuild_quests (res://MainGame.gd:2207)
       [2] _refresh_all (res://MainGame.gd:688)
       [3] @shields_setter (res://PlayerData.gd:14)
       [4] apply_save_data (res://PlayerData.gd:150)
       [5] load_game (res://SaveGame.gd:150)
       [6] _ready (res://MainGame.gd:515)
SCRIPT ERROR: Invalid call. Nonexistent function 'objective_icon_role' in base 'GDScript'.
   at: _rebuild_quests (res://MainGame.gd:2214)
   GDScript backtrace (most recent call first):
       [0] _rebuild_quests (res://MainGame.gd:2214)
       [1] _refresh_all (res://MainGame.gd:688)
       [2] @shields_setter (res://PlayerData.gd:14)
       [3] apply_save_data (res://PlayerData.gd:150)
       [4] load_game (res://SaveGame.gd:150)
       [5] _ready (res://MainGame.gd:515)
SCRIPT ERROR: Invalid call. Nonexistent function 'refresh_progression_state' in base 'GDScript'.
   at: _refresh_progression_p0 (res://MainGame.gd:2903)
   GDScript backtrace (most recent call first):
       [0] _refresh_progression_p0 (res://MainGame.gd:2903)
       [1] _refresh_all (res://MainGame.gd:696)
       [2] @shields_setter (res://PlayerData.gd:14)
       [3] apply_save_data (res://PlayerData.gd:150)
       [4] load_game (res://SaveGame.gd:150)
       [5] _ready (res://MainGame.gd:515)
SCRIPT ERROR: Invalid call. Nonexistent function 'refresh_shop_state' in base 'GDScript'.
   at: _refresh_shop_p0 (res://MainGame.gd:2810)
   GDScript backtrace (most recent call first):
       [0] _refresh_shop_p0 (res://MainGame.gd:2810)
       [1] _refresh_all (res://MainGame.gd:697)
       [2] @shields_setter (res://PlayerData.gd:14)
       [3] apply_save_data (res://PlayerData.gd:150)
       [4] load_game (res://SaveGame.gd:150)
       [5] _ready (res://MainGame.gd:515)
SCRIPT ERROR: Invalid call. Nonexistent function 'refresh_afk_state' in base 'GDScript'.
   at: _refresh_afk_p0 (res://MainGame.gd:2910)
   GDScript backtrace (most recent call first):
       [0] _refresh_afk_p0 (res://MainGame.gd:2910)
       [1] _refresh_all (res://MainGame.gd:698)
       [2] @shields_setter (res://PlayerData.gd:14)
       [3] apply_save_data (res://PlayerData.gd:150)
       [4] load_game (res://SaveGame.gd:150)
       [5] _ready (res://MainGame.gd:515)
SCRIPT ERROR: Invalid call. Nonexistent function 'refresh_home_loop_state' in base 'GDScript'.
   at: _update_monster_ui (res://MainGame.gd:1219)
   GDScript backtrace (most recent call first):
       [0] _update_monster_ui (res://MainGame.gd:1219)
       [1] _refresh_all (res://MainGame.gd:675)
       [2] apply_save_data (res://PlayerData.gd:163)
       [3] load_game (res://SaveGame.gd:150)
       [4] _ready (res://MainGame.gd:515)
SCRIPT ERROR: Invalid call. Nonexistent function 'refresh_village_loop_state' in base 'GDScript'.
   at: _refresh_p0_village (res://MainGame.gd:2410)
   GDScript backtrace (most recent call first):
       [0] _refresh_p0_village (res://MainGame.gd:2410)
       [1] _refresh_all (res://MainGame.gd:680)
       [2] apply_save_data (res://PlayerData.gd:163)
       [3] load_game (res://SaveGame.gd:150)
       [4] _ready (res://MainGame.gd:515)
SCRIPT ERROR: Invalid call. Nonexistent function 'refresh_reward_session_state' in base 'GDScript'.
   at: _refresh_meta_ui (res://MainGame.gd:1004)
   GDScript backtrace (most recent call first):
       [0] _refresh_meta_ui (res://MainGame.gd:1004)
       [1] _refresh_all (res://MainGame.gd:683)
       [2] apply_save_data (res://PlayerData.gd:163)
       [3] load_game (res://SaveGame.gd:150)
       [4] _ready (res://MainGame.gd:515)
SCRIPT ERROR: Invalid call. Nonexistent function 'style_objective_header' in base 'GDScript'.
   at: _add_objective_header_v152 (res://MainGame.gd:2166)
   GDScript backtrace (most recent call first):
       [0] _add_objective_header_v152 (res://MainGame.gd:2166)
       [1] _rebuild_quests (res://MainGame.gd:2205)
       [2] _refresh_all (res://MainGame.gd:688)
       [3] apply_save_data (res://PlayerData.gd:163)
       [4] load_game (res://SaveGame.gd:150)
       [5] _ready (res://MainGame.gd:515)
SCRIPT ERROR: Invalid call. Nonexistent function 'objective_icon_role' in base 'GDScript'.
   at: _add_objective_row_v152 (res://MainGame.gd:2181)
   GDScript backtrace (most recent call first):
       [0] _add_objective_row_v152 (res://MainGame.gd:2181)
       [1] _rebuild_quests (res://MainGame.gd:2206)
       [2] _refresh_all (res://MainGame.gd:688)
       [3] apply_save_data (res://PlayerData.gd:163)
       [4] load_game (res://SaveGame.gd:150)
       [5] _ready (res://MainGame.gd:515)
SCRIPT ERROR: Invalid call. Nonexistent function 'objective_icon_role' in base 'GDScript'.
   at: _add_objective_row_v152 (res://MainGame.gd:2181)
   GDScript backtrace (most recent call first):
       [0] _add_objective_row_v152 (res://MainGame.gd:2181)
       [1] _rebuild_quests (res://MainGame.gd:2206)
       [2] _refresh_all (res://MainGame.gd:688)
       [3] apply_save_data (res://PlayerData.gd:163)
       [4] load_game (res://SaveGame.gd:150)
       [5] _ready (res://MainGame.gd:515)
SCRIPT ERROR: Invalid call. Nonexistent function 'objective_icon_role' in base 'GDScript'.
   at: _add_objective_row_v152 (res://MainGame.gd:2181)
   GDScript backtrace (most recent call first):
       [0] _add_objective_row_v152 (res://MainGame.gd:2181)
       [1] _rebuild_quests (res://MainGame.gd:2206)
       [2] _refresh_all (res://MainGame.gd:688)
       [3] apply_save_data (res://PlayerData.gd:163)
       [4] load_game (res://SaveGame.gd:150)
       [5] _ready (res://MainGame.gd:515)
SCRIPT ERROR: Invalid call. Nonexistent function 'style_objective_header' in base 'GDScript'.
   at: _add_objective_header_v152 (res://MainGame.gd:2166)
   GDScript backtrace (most recent call first):
       [0] _add_objective_header_v152 (res://MainGame.gd:2166)
       [1] _rebuild_quests (res://MainGame.gd:2205)
       [2] _refresh_all (res://MainGame.gd:688)
       [3] apply_save_data (res://PlayerData.gd:163)
       [4] load_game (res://SaveGame.gd:150)
       [5] _ready (res://MainGame.gd:515)
SCRIPT ERROR: Invalid call. Nonexistent function 'objective_icon_role' in base 'GDScript'.
   at: _add_objective_row_v152 (res://MainGame.gd:2181)
   GDScript backtrace (most recent call first):
       [0] _add_objective_row_v152 (res://MainGame.gd:2181)
       [1] _rebuild_quests (res://MainGame.gd:2206)
       [2] _refresh_all (res://MainGame.gd:688)
       [3] apply_save_data (res://PlayerData.gd:163)
       [4] load_game (res://SaveGame.gd:150)
       [5] _ready (res://MainGame.gd:515)
SCRIPT ERROR: Invalid call. Nonexistent function 'objective_icon_role' in base 'GDScript'.
   at: _add_objective_row_v152 (res://MainGame.gd:2181)
   GDScript backtrace (most recent call first):
       [0] _add_objective_row_v152 (res://MainGame.gd:2181)
       [1] _rebuild_quests (res://MainGame.gd:2206)
       [2] _refresh_all (res://MainGame.gd:688)
       [3] apply_save_data (res://PlayerData.gd:163)
       [4] load_game (res://SaveGame.gd:150)
       [5] _ready (res://MainGame.gd:515)
SCRIPT ERROR: Invalid call. Nonexistent function 'objective_icon_role' in base 'GDScript'.
   at: _add_objective_row_v152 (res://MainGame.gd:2181)
   GDScript backtrace (most recent call first):
       [0] _add_objective_row_v152 (res://MainGame.gd:2181)
       [1] _rebuild_quests (res://MainGame.gd:2206)
       [2] _refresh_all (res://MainGame.gd:688)
       [3] apply_save_data (res://PlayerData.gd:163)
       [4] load_game (res://SaveGame.gd:150)
       [5] _ready (res://MainGame.gd:515)
SCRIPT ERROR: Invalid call. Nonexistent function 'style_objective_header' in base 'GDScript'.
   at: _add_objective_header_v152 (res://MainGame.gd:2166)
   GDScript backtrace (most recent call first):
       [0] _add_objective_header_v152 (res://MainGame.gd:2166)
       [1] _rebuild_quests (res://MainGame.gd:2205)
       [2] _refresh_all (res://MainGame.gd:688)
       [3] apply_save_data (res://PlayerData.gd:163)
       [4] load_game (res://SaveGame.gd:150)
       [5] _ready (res://MainGame.gd:515)
SCRIPT ERROR: Invalid call. Nonexistent function 'objective_icon_role' in base 'GDScript'.
   at: _add_objective_row_v152 (res://MainGame.gd:2181)
   GDScript backtrace (most recent call first):
       [0] _add_objective_row_v152 (res://MainGame.gd:2181)
       [1] _rebuild_quests (res://MainGame.gd:2206)
       [2] _refresh_all (res://MainGame.gd:688)
       [3] apply_save_data (res://PlayerData.gd:163)
       [4] load_game (res://SaveGame.gd:150)
       [5] _ready (res://MainGame.gd:515)
SCRIPT ERROR: Invalid call. Nonexistent function 'objective_icon_role' in base 'GDScript'.
   at: _add_objective_row_v152 (res://MainGame.gd:2181)
   GDScript backtrace (most recent call first):
       [0] _add_objective_row_v152 (res://MainGame.gd:2181)
       [1] _rebuild_quests (res://MainGame.gd:2206)
       [2] _refresh_all (res://MainGame.gd:688)
       [3] apply_save_data (res://PlayerData.gd:163)
       [4] load_game (res://SaveGame.gd:150)
       [5] _ready (res://MainGame.gd:515)
SCRIPT ERROR: Invalid call. Nonexistent function 'objective_icon_role' in base 'GDScript'.
   at: _add_objective_row_v152 (res://MainGame.gd:2181)
   GDScript backtrace (most recent call first):
       [0] _add_objective_row_v152 (res://MainGame.gd:2181)
       [1] _rebuild_quests (res://MainGame.gd:2206)
       [2] _refresh_all (res://MainGame.gd:688)
       [3] apply_save_data (res://PlayerData.gd:163)
       [4] load_game (res://SaveGame.gd:150)
       [5] _ready (res://MainGame.gd:515)
SCRIPT ERROR: Invalid call. Nonexistent function 'objective_icon_role' in base 'GDScript'.
   at: _add_objective_row_v152 (res://MainGame.gd:2181)
   GDScript backtrace (most recent call first):
       [0] _add_objective_row_v152 (res://MainGame.gd:2181)
       [1] _rebuild_quests (res://MainGame.gd:2206)
       [2] _refresh_all (res://MainGame.gd:688)
       [3] apply_save_data (res://PlayerData.gd:163)
       [4] load_game (res://SaveGame.gd:150)
       [5] _ready (res://MainGame.gd:515)
SCRIPT ERROR: Invalid call. Nonexistent function 'objective_icon_role' in base 'GDScript'.
   at: _add_objective_row_v152 (res://MainGame.gd:2181)
   GDScript backtrace (most recent call first):
       [0] _add_objective_row_v152 (res://MainGame.gd:2181)
       [1] _rebuild_quests (res://MainGame.gd:2206)
       [2] _refresh_all (res://MainGame.gd:688)
       [3] apply_save_data (res://PlayerData.gd:163)
       [4] load_game (res://SaveGame.gd:150)
       [5] _ready (res://MainGame.gd:515)
SCRIPT ERROR: Invalid call. Nonexistent function 'style_objective_header' in base 'GDScript'.
   at: _add_objective_header_v152 (res://MainGame.gd:2166)
   GDScript backtrace (most recent call first):
       [0] _add_objective_header_v152 (res://MainGame.gd:2166)
       [1] _rebuild_quests (res://MainGame.gd:2207)
       [2] _refresh_all (res://MainGame.gd:688)
       [3] apply_save_data (res://PlayerData.gd:163)
       [4] load_game (res://SaveGame.gd:150)
       [5] _ready (res://MainGame.gd:515)
SCRIPT ERROR: Invalid call. Nonexistent function 'objective_icon_role' in base 'GDScript'.
   at: _rebuild_quests (res://MainGame.gd:2214)
   GDScript backtrace (most recent call first):
       [0] _rebuild_quests (res://MainGame.gd:2214)
       [1] _refresh_all (res://MainGame.gd:688)
       [2] apply_save_data (res://PlayerData.gd:163)
       [3] load_game (res://SaveGame.gd:150)
       [4] _ready (res://MainGame.gd:515)
SCRIPT ERROR: Invalid call. Nonexistent function 'refresh_progression_state' in base 'GDScript'.
   at: _refresh_progression_p0 (res://MainGame.gd:2903)
   GDScript backtrace (most recent call first):
       [0] _refresh_progression_p0 (res://MainGame.gd:2903)
       [1] _refresh_all (res://MainGame.gd:696)
       [2] apply_save_data (res://PlayerData.gd:163)
       [3] load_game (res://SaveGame.gd:150)
       [4] _ready (res://MainGame.gd:515)
SCRIPT ERROR: Invalid call. Nonexistent function 'refresh_shop_state' in base 'GDScript'.
   at: _refresh_shop_p0 (res://MainGame.gd:2810)
   GDScript backtrace (most recent call first):
       [0] _refresh_shop_p0 (res://MainGame.gd:2810)
       [1] _refresh_all (res://MainGame.gd:697)
       [2] apply_save_data (res://PlayerData.gd:163)
       [3] load_game (res://SaveGame.gd:150)
       [4] _ready (res://MainGame.gd:515)
SCRIPT ERROR: Invalid call. Nonexistent function 'refresh_afk_state' in base 'GDScript'.
   at: _refresh_afk_p0 (res://MainGame.gd:2910)
   GDScript backtrace (most recent call first):
       [0] _refresh_afk_p0 (res://MainGame.gd:2910)
       [1] _refresh_all (res://MainGame.gd:698)
       [2] apply_save_data (res://PlayerData.gd:163)
       [3] load_game (res://SaveGame.gd:150)
       [4] _ready (res://MainGame.gd:515)
SCRIPT ERROR: Invalid call. Nonexistent function 'refresh_home_loop_state' in base 'GDScript'.
   at: _update_monster_ui (res://MainGame.gd:1219)
   GDScript backtrace (most recent call first):
       [0] _update_monster_ui (res://MainGame.gd:1219)
       [1] apply_save_data (res://PlayerData.gd:164)
       [2] load_game (res://SaveGame.gd:150)
       [3] _ready (res://MainGame.gd:515)
SCRIPT ERROR: Invalid call. Nonexistent function 'refresh_home_loop_state' in base 'GDScript'.
   at: _update_monster_ui (res://MainGame.gd:1219)
   GDScript backtrace (most recent call first):
       [0] _update_monster_ui (res://MainGame.gd:1219)
       [1] _refresh_all (res://MainGame.gd:675)
       [2] apply_save_data (res://PlayerData.gd:165)
       [3] load_game (res://SaveGame.gd:150)
       [4] _ready (res://MainGame.gd:515)
SCRIPT ERROR: Invalid call. Nonexistent function 'refresh_village_loop_state' in base 'GDScript'.
   at: _refresh_p0_village (res://MainGame.gd:2410)
   GDScript backtrace (most recent call first):
       [0] _refresh_p0_village (res://MainGame.gd:2410)
       [1] _refresh_all (res://MainGame.gd:680)
       [2] apply_save_data (res://PlayerData.gd:165)
       [3] load_game (res://SaveGame.gd:150)
       [4] _ready (res://MainGame.gd:515)
SCRIPT ERROR: Invalid call. Nonexistent function 'refresh_reward_session_state' in base 'GDScript'.
   at: _refresh_meta_ui (res://MainGame.gd:1004)
   GDScript backtrace (most recent call first):
       [0] _refresh_meta_ui (res://MainGame.gd:1004)
       [1] _refresh_all (res://MainGame.gd:683)
       [2] apply_save_data (res://PlayerData.gd:165)
       [3] load_game (res://SaveGame.gd:150)
       [4] _ready (res://MainGame.gd:515)
SCRIPT ERROR: Invalid call. Nonexistent function 'style_objective_header' in base 'GDScript'.
   at: _add_objective_header_v152 (res://MainGame.gd:2166)
   GDScript backtrace (most recent call first):
       [0] _add_objective_header_v152 (res://MainGame.gd:2166)
       [1] _rebuild_quests (res://MainGame.gd:2205)
       [2] _refresh_all (res://MainGame.gd:688)
       [3] apply_save_data (res://PlayerData.gd:165)
       [4] load_game (res://SaveGame.gd:150)
       [5] _ready (res://MainGame.gd:515)
SCRIPT ERROR: Invalid call. Nonexistent function 'objective_icon_role' in base 'GDScript'.
   at: _add_objective_row_v152 (res://MainGame.gd:2181)
   GDScript backtrace (most recent call first):
       [0] _add_objective_row_v152 (res://MainGame.gd:2181)
       [1] _rebuild_quests (res://MainGame.gd:2206)
       [2] _refresh_all (res://MainGame.gd:688)
       [3] apply_save_data (res://PlayerData.gd:165)
       [4] load_game (res://SaveGame.gd:150)
       [5] _ready (res://MainGame.gd:515)
SCRIPT ERROR: Invalid call. Nonexistent function 'objective_icon_role' in base 'GDScript'.
   at: _add_objective_row_v152 (res://MainGame.gd:2181)
   GDScript backtrace (most recent call first):
       [0] _add_objective_row_v152 (res://MainGame.gd:2181)
       [1] _rebuild_quests (res://MainGame.gd:2206)
       [2] _refresh_all (res://MainGame.gd:688)
       [3] apply_save_data (res://PlayerData.gd:165)
       [4] load_game (res://SaveGame.gd:150)
       [5] _ready (res://MainGame.gd:515)
SCRIPT ERROR: Invalid call. Nonexistent function 'objective_icon_role' in base 'GDScript'.
   at: _add_objective_row_v152 (res://MainGame.gd:2181)
   GDScript backtrace (most recent call first):
       [0] _add_objective_row_v152 (res://MainGame.gd:2181)
       [1] _rebuild_quests (res://MainGame.gd:2206)
       [2] _refresh_all (res://MainGame.gd:688)
       [3] apply_save_data (res://PlayerData.gd:165)
       [4] load_game (res://SaveGame.gd:150)
       [5] _ready (res://MainGame.gd:515)
SCRIPT ERROR: Invalid call. Nonexistent function 'style_objective_header' in base 'GDScript'.
   at: _add_objective_header_v152 (res://MainGame.gd:2166)
   GDScript backtrace (most recent call first):
       [0] _add_objective_header_v152 (res://MainGame.gd:2166)
       [1] _rebuild_quests (res://MainGame.gd:2205)
       [2] _refresh_all (res://MainGame.gd:688)
       [3] apply_save_data (res://PlayerData.gd:165)
       [4] load_game (res://SaveGame.gd:150)
       [5] _ready (res://MainGame.gd:515)
SCRIPT ERROR: Invalid call. Nonexistent function 'objective_icon_role' in base 'GDScript'.
   at: _add_objective_row_v152 (res://MainGame.gd:2181)
   GDScript backtrace (most recent call first):
       [0] _add_objective_row_v152 (res://MainGame.gd:2181)
       [1] _rebuild_quests (res://MainGame.gd:2206)
       [2] _refresh_all (res://MainGame.gd:688)
       [3] apply_save_data (res://PlayerData.gd:165)
       [4] load_game (res://SaveGame.gd:150)
       [5] _ready (res://MainGame.gd:515)
SCRIPT ERROR: Invalid call. Nonexistent function 'objective_icon_role' in base 'GDScript'.
   at: _add_objective_row_v152 (res://MainGame.gd:2181)
   GDScript backtrace (most recent call first):
       [0] _add_objective_row_v152 (res://MainGame.gd:2181)
       [1] _rebuild_quests (res://MainGame.gd:2206)
       [2] _refresh_all (res://MainGame.gd:688)
       [3] apply_save_data (res://PlayerData.gd:165)
       [4] load_game (res://SaveGame.gd:150)
       [5] _ready (res://MainGame.gd:515)
SCRIPT ERROR: Invalid call. Nonexistent function 'objective_icon_role' in base 'GDScript'.
   at: _add_objective_row_v152 (res://MainGame.gd:2181)
   GDScript backtrace (most recent call first):
       [0] _add_objective_row_v152 (res://MainGame.gd:2181)
       [1] _rebuild_quests (res://MainGame.gd:2206)
       [2] _refresh_all (res://MainGame.gd:688)
       [3] apply_save_data (res://PlayerData.gd:165)
       [4] load_game (res://SaveGame.gd:150)
       [5] _ready (res://MainGame.gd:515)
SCRIPT ERROR: Invalid call. Nonexistent function 'style_objective_header' in base 'GDScript'.
   at: _add_objective_header_v152 (res://MainGame.gd:2166)
   GDScript backtrace (most recent call first):
       [0] _add_objective_header_v152 (res://MainGame.gd:2166)
       [1] _rebuild_quests (res://MainGame.gd:2205)
       [2] _refresh_all (res://MainGame.gd:688)
       [3] apply_save_data (res://PlayerData.gd:165)
       [4] load_game (res://SaveGame.gd:150)
       [5] _ready (res://MainGame.gd:515)
SCRIPT ERROR: Invalid call. Nonexistent function 'objective_icon_role' in base 'GDScript'.
   at: _add_objective_row_v152 (res://MainGame.gd:2181)
   GDScript backtrace (most recent call first):
       [0] _add_objective_row_v152 (res://MainGame.gd:2181)
       [1] _rebuild_quests (res://MainGame.gd:2206)
       [2] _refresh_all (res://MainGame.gd:688)
       [3] apply_save_data (res://PlayerData.gd:165)
       [4] load_game (res://SaveGame.gd:150)
       [5] _ready (res://MainGame.gd:515)
SCRIPT ERROR: Invalid call. Nonexistent function 'objective_icon_role' in base 'GDScript'.
   at: _add_objective_row_v152 (res://MainGame.gd:2181)
   GDScript backtrace (most recent call first):
       [0] _add_objective_row_v152 (res://MainGame.gd:2181)
       [1] _rebuild_quests (res://MainGame.gd:2206)
       [2] _refresh_all (res://MainGame.gd:688)
       [3] apply_save_data (res://PlayerData.gd:165)
       [4] load_game (res://SaveGame.gd:150)
       [5] _ready (res://MainGame.gd:515)
SCRIPT ERROR: Invalid call. Nonexistent function 'objective_icon_role' in base 'GDScript'.
   at: _add_objective_row_v152 (res://MainGame.gd:2181)
   GDScript backtrace (most recent call first):
       [0] _add_objective_row_v152 (res://MainGame.gd:2181)
       [1] _rebuild_quests (res://MainGame.gd:2206)
       [2] _refresh_all (res://MainGame.gd:688)
       [3] apply_save_data (res://PlayerData.gd:165)
       [4] load_game (res://SaveGame.gd:150)
       [5] _ready (res://MainGame.gd:515)
SCRIPT ERROR: Invalid call. Nonexistent function 'objective_icon_role' in base 'GDScript'.
   at: _add_objective_row_v152 (res://MainGame.gd:2181)
   GDScript backtrace (most recent call first):
       [0] _add_objective_row_v152 (res://MainGame.gd:2181)
       [1] _rebuild_quests (res://MainGame.gd:2206)
       [2] _refresh_all (res://MainGame.gd:688)
       [3] apply_save_data (res://PlayerData.gd:165)
       [4] load_game (res://SaveGame.gd:150)
       [5] _ready (res://MainGame.gd:515)
SCRIPT ERROR: Invalid call. Nonexistent function 'objective_icon_role' in base 'GDScript'.
   at: _add_objective_row_v152 (res://MainGame.gd:2181)
   GDScript backtrace (most recent call first):
       [0] _add_objective_row_v152 (res://MainGame.gd:2181)
       [1] _rebuild_quests (res://MainGame.gd:2206)
       [2] _refresh_all (res://MainGame.gd:688)
       [3] apply_save_data (res://PlayerData.gd:165)
       [4] load_game (res://SaveGame.gd:150)
       [5] _ready (res://MainGame.gd:515)
SCRIPT ERROR: Invalid call. Nonexistent function 'style_objective_header' in base 'GDScript'.
   at: _add_objective_header_v152 (res://MainGame.gd:2166)
   GDScript backtrace (most recent call first):
       [0] _add_objective_header_v152 (res://MainGame.gd:2166)
       [1] _rebuild_quests (res://MainGame.gd:2207)
       [2] _refresh_all (res://MainGame.gd:688)
       [3] apply_save_data (res://PlayerData.gd:165)
       [4] load_game (res://SaveGame.gd:150)
       [5] _ready (res://MainGame.gd:515)
SCRIPT ERROR: Invalid call. Nonexistent function 'objective_icon_role' in base 'GDScript'.
   at: _rebuild_quests (res://MainGame.gd:2214)
   GDScript backtrace (most recent call first):
       [0] _rebuild_quests (res://MainGame.gd:2214)
       [1] _refresh_all (res://MainGame.gd:688)
       [2] apply_save_data (res://PlayerData.gd:165)
       [3] load_game (res://SaveGame.gd:150)
       [4] _ready (res://MainGame.gd:515)
SCRIPT ERROR: Invalid call. Nonexistent function 'refresh_progression_state' in base 'GDScript'.
   at: _refresh_progression_p0 (res://MainGame.gd:2903)
   GDScript backtrace (most recent call first):
       [0] _refresh_progression_p0 (res://MainGame.gd:2903)
       [1] _refresh_all (res://MainGame.gd:696)
       [2] apply_save_data (res://PlayerData.gd:165)
       [3] load_game (res://SaveGame.gd:150)
       [4] _ready (res://MainGame.gd:515)
SCRIPT ERROR: Invalid call. Nonexistent function 'refresh_shop_state' in base 'GDScript'.
   at: _refresh_shop_p0 (res://MainGame.gd:2810)
   GDScript backtrace (most recent call first):
       [0] _refresh_shop_p0 (res://MainGame.gd:2810)
       [1] _refresh_all (res://MainGame.gd:697)
       [2] apply_save_data (res://PlayerData.gd:165)
       [3] load_game (res://SaveGame.gd:150)
       [4] _ready (res://MainGame.gd:515)
SCRIPT ERROR: Invalid call. Nonexistent function 'refresh_afk_state' in base 'GDScript'.
   at: _refresh_afk_p0 (res://MainGame.gd:2910)
   GDScript backtrace (most recent call first):
       [0] _refresh_afk_p0 (res://MainGame.gd:2910)
       [1] _refresh_all (res://MainGame.gd:698)
       [2] apply_save_data (res://PlayerData.gd:165)
       [3] load_game (res://SaveGame.gd:150)
       [4] _ready (res://MainGame.gd:515)
SCRIPT ERROR: Invalid call. Nonexistent function 'style_objective_header' in base 'GDScript'.
   at: _add_objective_header_v152 (res://MainGame.gd:2166)
   GDScript backtrace (most recent call first):
       [0] _add_objective_header_v152 (res://MainGame.gd:2166)
       [1] _rebuild_quests (res://MainGame.gd:2205)
       [2] apply_save_data (res://QuestSystem.gd:105)
       [3] load_game (res://SaveGame.gd:153)
       [4] _ready (res://MainGame.gd:515)
SCRIPT ERROR: Invalid call. Nonexistent function 'objective_icon_role' in base 'GDScript'.
   at: _add_objective_row_v152 (res://MainGame.gd:2181)
   GDScript backtrace (most recent call first):
       [0] _add_objective_row_v152 (res://MainGame.gd:2181)
       [1] _rebuild_quests (res://MainGame.gd:2206)
       [2] apply_save_data (res://QuestSystem.gd:105)
       [3] load_game (res://SaveGame.gd:153)
       [4] _ready (res://MainGame.gd:515)
SCRIPT ERROR: Invalid call. Nonexistent function 'objective_icon_role' in base 'GDScript'.
   at: _add_objective_row_v152 (res://MainGame.gd:2181)
   GDScript backtrace (most recent call first):
       [0] _add_objective_row_v152 (res://MainGame.gd:2181)
       [1] _rebuild_quests (res://MainGame.gd:2206)
       [2] apply_save_data (res://QuestSystem.gd:105)
       [3] load_game (res://SaveGame.gd:153)
       [4] _ready (res://MainGame.gd:515)
SCRIPT ERROR: Invalid call. Nonexistent function 'objective_icon_role' in base 'GDScript'.
   at: _add_objective_row_v152 (res://MainGame.gd:2181)
   GDScript backtrace (most recent call first):
       [0] _add_objective_row_v152 (res://MainGame.gd:2181)
       [1] _rebuild_quests (res://MainGame.gd:2206)
       [2] apply_save_data (res://QuestSystem.gd:105)
       [3] load_game (res://SaveGame.gd:153)
       [4] _ready (res://MainGame.gd:515)
SCRIPT ERROR: Invalid call. Nonexistent function 'style_objective_header' in base 'GDScript'.
   at: _add_objective_header_v152 (res://MainGame.gd:2166)
   GDScript backtrace (most recent call first):
       [0] _add_objective_header_v152 (res://MainGame.gd:2166)
       [1] _rebuild_quests (res://MainGame.gd:2205)
       [2] apply_save_data (res://QuestSystem.gd:105)
       [3] load_game (res://SaveGame.gd:153)
       [4] _ready (res://MainGame.gd:515)
SCRIPT ERROR: Invalid call. Nonexistent function 'objective_icon_role' in base 'GDScript'.
   at: _add_objective_row_v152 (res://MainGame.gd:2181)
   GDScript backtrace (most recent call first):
       [0] _add_objective_row_v152 (res://MainGame.gd:2181)
       [1] _rebuild_quests (res://MainGame.gd:2206)
       [2] apply_save_data (res://QuestSystem.gd:105)
       [3] load_game (res://SaveGame.gd:153)
       [4] _ready (res://MainGame.gd:515)
SCRIPT ERROR: Invalid call. Nonexistent function 'objective_icon_role' in base 'GDScript'.
   at: _add_objective_row_v152 (res://MainGame.gd:2181)
   GDScript backtrace (most recent call first):
       [0] _add_objective_row_v152 (res://MainGame.gd:2181)
       [1] _rebuild_quests (res://MainGame.gd:2206)
       [2] apply_save_data (res://QuestSystem.gd:105)
       [3] load_game (res://SaveGame.gd:153)
       [4] _ready (res://MainGame.gd:515)
SCRIPT ERROR: Invalid call. Nonexistent function 'objective_icon_role' in base 'GDScript'.
   at: _add_objective_row_v152 (res://MainGame.gd:2181)
   GDScript backtrace (most recent call first):
       [0] _add_objective_row_v152 (res://MainGame.gd:2181)
       [1] _rebuild_quests (res://MainGame.gd:2206)
       [2] apply_save_data (res://QuestSystem.gd:105)
       [3] load_game (res://SaveGame.gd:153)
       [4] _ready (res://MainGame.gd:515)
SCRIPT ERROR: Invalid call. Nonexistent function 'style_objective_header' in base 'GDScript'.
   at: _add_objective_header_v152 (res://MainGame.gd:2166)
   GDScript backtrace (most recent call first):
       [0] _add_objective_header_v152 (res://MainGame.gd:2166)
       [1] _rebuild_quests (res://MainGame.gd:2205)
       [2] apply_save_data (res://QuestSystem.gd:105)
       [3] load_game (res://SaveGame.gd:153)
       [4] _ready (res://MainGame.gd:515)
SCRIPT ERROR: Invalid call. Nonexistent function 'objective_icon_role' in base 'GDScript'.
   at: _add_objective_row_v152 (res://MainGame.gd:2181)
   GDScript backtrace (most recent call first):
       [0] _add_objective_row_v152 (res://MainGame.gd:2181)
       [1] _rebuild_quests (res://MainGame.gd:2206)
       [2] apply_save_data (res://QuestSystem.gd:105)
       [3] load_game (res://SaveGame.gd:153)
       [4] _ready (res://MainGame.gd:515)
SCRIPT ERROR: Invalid call. Nonexistent function 'objective_icon_role' in base 'GDScript'.
   at: _add_objective_row_v152 (res://MainGame.gd:2181)
   GDScript backtrace (most recent call first):
       [0] _add_objective_row_v152 (res://MainGame.gd:2181)
       [1] _rebuild_quests (res://MainGame.gd:2206)
       [2] apply_save_data (res://QuestSystem.gd:105)
       [3] load_game (res://SaveGame.gd:153)
       [4] _ready (res://MainGame.gd:515)
SCRIPT ERROR: Invalid call. Nonexistent function 'objective_icon_role' in base 'GDScript'.
   at: _add_objective_row_v152 (res://MainGame.gd:2181)
   GDScript backtrace (most recent call first):
       [0] _add_objective_row_v152 (res://MainGame.gd:2181)
       [1] _rebuild_quests (res://MainGame.gd:2206)
       [2] apply_save_data (res://QuestSystem.gd:105)
       [3] load_game (res://SaveGame.gd:153)
       [4] _ready (res://MainGame.gd:515)
SCRIPT ERROR: Invalid call. Nonexistent function 'objective_icon_role' in base 'GDScript'.
   at: _add_objective_row_v152 (res://MainGame.gd:2181)
   GDScript backtrace (most recent call first):
       [0] _add_objective_row_v152 (res://MainGame.gd:2181)
       [1] _rebuild_quests (res://MainGame.gd:2206)
       [2] apply_save_data (res://QuestSystem.gd:105)
       [3] load_game (res://SaveGame.gd:153)
       [4] _ready (res://MainGame.gd:515)
SCRIPT ERROR: Invalid call. Nonexistent function 'objective_icon_role' in base 'GDScript'.
   at: _add_objective_row_v152 (res://MainGame.gd:2181)
   GDScript backtrace (most recent call first):
       [0] _add_objective_row_v152 (res://MainGame.gd:2181)
       [1] _rebuild_quests (res://MainGame.gd:2206)
       [2] apply_save_data (res://QuestSystem.gd:105)
       [3] load_game (res://SaveGame.gd:153)
       [4] _ready (res://MainGame.gd:515)
SCRIPT ERROR: Invalid call. Nonexistent function 'style_objective_header' in base 'GDScript'.
   at: _add_objective_header_v152 (res://MainGame.gd:2166)
   GDScript backtrace (most recent call first):
       [0] _add_objective_header_v152 (res://MainGame.gd:2166)
       [1] _rebuild_quests (res://MainGame.gd:2207)
       [2] apply_save_data (res://QuestSystem.gd:105)
       [3] load_game (res://SaveGame.gd:153)
       [4] _ready (res://MainGame.gd:515)
SCRIPT ERROR: Invalid call. Nonexistent function 'objective_icon_role' in base 'GDScript'.
   at: _rebuild_quests (res://MainGame.gd:2214)
   GDScript backtrace (most recent call first):
       [0] _rebuild_quests (res://MainGame.gd:2214)
       [1] apply_save_data (res://QuestSystem.gd:105)
       [2] load_game (res://SaveGame.gd:153)
       [3] _ready (res://MainGame.gd:515)
SCRIPT ERROR: Invalid call. Nonexistent function 'refresh_village_loop_state' in base 'GDScript'.
   at: _refresh_p0_village (res://MainGame.gd:2410)
   GDScript backtrace (most recent call first):
       [0] _refresh_p0_village (res://MainGame.gd:2410)
       [1] apply_save_data (res://P0VillageSystem.gd:233)
       [2] load_game (res://SaveGame.gd:154)
       [3] _ready (res://MainGame.gd:515)
SCRIPT ERROR: Invalid call. Nonexistent function 'refresh_village_loop_state' in base 'GDScript'.
   at: _refresh_p0_village (res://MainGame.gd:2410)
   GDScript backtrace (most recent call first):
       [0] _refresh_p0_village (res://MainGame.gd:2410)
       [1] apply_save_data (res://VillageProgressionSystem.gd:179)
       [2] load_game (res://SaveGame.gd:155)
       [3] _ready (res://MainGame.gd:515)
SCRIPT ERROR: Invalid call. Nonexistent function 'refresh_reward_session_state' in base 'GDScript'.
   at: _refresh_meta_ui (res://MainGame.gd:1004)
   GDScript backtrace (most recent call first):
       [0] _refresh_meta_ui (res://MainGame.gd:1004)
       [1] apply_save_data (res://MetaProgressSystem.gd:137)
       [2] load_game (res://SaveGame.gd:162)
       [3] _ready (res://MainGame.gd:515)
SCRIPT ERROR: Trying to assign an array of type "Array" to a variable of type "Array[int]".
   at: apply_save_data (res://PuzzleSystem.gd:162)
   GDScript backtrace (most recent call first):
       [0] apply_save_data (res://PuzzleSystem.gd:162)
       [1] load_game (res://SaveGame.gd:164)
       [2] _ready (res://MainGame.gd:515)
SCRIPT ERROR: Invalid call. Nonexistent function 'style_objective_header' in base 'GDScript'.
   at: _add_objective_header_v152 (res://MainGame.gd:2166)
   GDScript backtrace (most recent call first):
       [0] _add_objective_header_v152 (res://MainGame.gd:2166)
       [1] _rebuild_quests (res://MainGame.gd:2205)
       [2] apply_save_data (res://ObjectiveSystem.gd:127)
       [3] load_game (res://SaveGame.gd:169)
       [4] _ready (res://MainGame.gd:515)
SCRIPT ERROR: Invalid call. Nonexistent function 'objective_icon_role' in base 'GDScript'.
   at: _add_objective_row_v152 (res://MainGame.gd:2181)
   GDScript backtrace (most recent call first):
       [0] _add_objective_row_v152 (res://MainGame.gd:2181)
       [1] _rebuild_quests (res://MainGame.gd:2206)
       [2] apply_save_data (res://ObjectiveSystem.gd:127)
       [3] load_game (res://SaveGame.gd:169)
       [4] _ready (res://MainGame.gd:515)
SCRIPT ERROR: Invalid call. Nonexistent function 'objective_icon_role' in base 'GDScript'.
   at: _add_objective_row_v152 (res://MainGame.gd:2181)
   GDScript backtrace (most recent call first):
       [0] _add_objective_row_v152 (res://MainGame.gd:2181)
       [1] _rebuild_quests (res://MainGame.gd:2206)
       [2] apply_save_data (res://ObjectiveSystem.gd:127)
       [3] load_game (res://SaveGame.gd:169)
       [4] _ready (res://MainGame.gd:515)
SCRIPT ERROR: Invalid call. Nonexistent function 'objective_icon_role' in base 'GDScript'.
   at: _add_objective_row_v152 (res://MainGame.gd:2181)
   GDScript backtrace (most recent call first):
       [0] _add_objective_row_v152 (res://MainGame.gd:2181)
       [1] _rebuild_quests (res://MainGame.gd:2206)
       [2] apply_save_data (res://ObjectiveSystem.gd:127)
       [3] load_game (res://SaveGame.gd:169)
       [4] _ready (res://MainGame.gd:515)
SCRIPT ERROR: Invalid call. Nonexistent function 'style_objective_header' in base 'GDScript'.
   at: _add_objective_header_v152 (res://MainGame.gd:2166)
   GDScript backtrace (most recent call first):
       [0] _add_objective_header_v152 (res://MainGame.gd:2166)
       [1] _rebuild_quests (res://MainGame.gd:2205)
       [2] apply_save_data (res://ObjectiveSystem.gd:127)
       [3] load_game (res://SaveGame.gd:169)
       [4] _ready (res://MainGame.gd:515)
SCRIPT ERROR: Invalid call. Nonexistent function 'objective_icon_role' in base 'GDScript'.
   at: _add_objective_row_v152 (res://MainGame.gd:2181)
   GDScript backtrace (most recent call first):
       [0] _add_objective_row_v152 (res://MainGame.gd:2181)
       [1] _rebuild_quests (res://MainGame.gd:2206)
       [2] apply_save_data (res://ObjectiveSystem.gd:127)
       [3] load_game (res://SaveGame.gd:169)
       [4] _ready (res://MainGame.gd:515)
SCRIPT ERROR: Invalid call. Nonexistent function 'objective_icon_role' in base 'GDScript'.
   at: _add_objective_row_v152 (res://MainGame.gd:2181)
   GDScript backtrace (most recent call first):
       [0] _add_objective_row_v152 (res://MainGame.gd:2181)
       [1] _rebuild_quests (res://MainGame.gd:2206)
       [2] apply_save_data (res://ObjectiveSystem.gd:127)
       [3] load_game (res://SaveGame.gd:169)
       [4] _ready (res://MainGame.gd:515)
SCRIPT ERROR: Invalid call. Nonexistent function 'objective_icon_role' in base 'GDScript'.
   at: _add_objective_row_v152 (res://MainGame.gd:2181)
   GDScript backtrace (most recent call first):
       [0] _add_objective_row_v152 (res://MainGame.gd:2181)
       [1] _rebuild_quests (res://MainGame.gd:2206)
       [2] apply_save_data (res://ObjectiveSystem.gd:127)
       [3] load_game (res://SaveGame.gd:169)
       [4] _ready (res://MainGame.gd:515)
SCRIPT ERROR: Invalid call. Nonexistent function 'style_objective_header' in base 'GDScript'.
   at: _add_objective_header_v152 (res://MainGame.gd:2166)
   GDScript backtrace (most recent call first):
       [0] _add_objective_header_v152 (res://MainGame.gd:2166)
       [1] _rebuild_quests (res://MainGame.gd:2205)
       [2] apply_save_data (res://ObjectiveSystem.gd:127)
       [3] load_game (res://SaveGame.gd:169)
       [4] _ready (res://MainGame.gd:515)
SCRIPT ERROR: Invalid call. Nonexistent function 'objective_icon_role' in base 'GDScript'.
   at: _add_objective_row_v152 (res://MainGame.gd:2181)
   GDScript backtrace (most recent call first):
       [0] _add_objective_row_v152 (res://MainGame.gd:2181)
       [1] _rebuild_quests (res://MainGame.gd:2206)
       [2] apply_save_data (res://ObjectiveSystem.gd:127)
       [3] load_game (res://SaveGame.gd:169)
       [4] _ready (res://MainGame.gd:515)
SCRIPT ERROR: Invalid call. Nonexistent function 'objective_icon_role' in base 'GDScript'.
   at: _add_objective_row_v152 (res://MainGame.gd:2181)
   GDScript backtrace (most recent call first):
       [0] _add_objective_row_v152 (res://MainGame.gd:2181)
       [1] _rebuild_quests (res://MainGame.gd:2206)
       [2] apply_save_data (res://ObjectiveSystem.gd:127)
       [3] load_game (res://SaveGame.gd:169)
       [4] _ready (res://MainGame.gd:515)
SCRIPT ERROR: Invalid call. Nonexistent function 'objective_icon_role' in base 'GDScript'.
   at: _add_objective_row_v152 (res://MainGame.gd:2181)
   GDScript backtrace (most recent call first):
       [0] _add_objective_row_v152 (res://MainGame.gd:2181)
       [1] _rebuild_quests (res://MainGame.gd:2206)
       [2] apply_save_data (res://ObjectiveSystem.gd:127)
       [3] load_game (res://SaveGame.gd:169)
       [4] _ready (res://MainGame.gd:515)
SCRIPT ERROR: Invalid call. Nonexistent function 'objective_icon_role' in base 'GDScript'.
   at: _add_objective_row_v152 (res://MainGame.gd:2181)
   GDScript backtrace (most recent call first):
       [0] _add_objective_row_v152 (res://MainGame.gd:2181)
       [1] _rebuild_quests (res://MainGame.gd:2206)
       [2] apply_save_data (res://ObjectiveSystem.gd:127)
       [3] load_game (res://SaveGame.gd:169)
       [4] _ready (res://MainGame.gd:515)
SCRIPT ERROR: Invalid call. Nonexistent function 'objective_icon_role' in base 'GDScript'.
   at: _add_objective_row_v152 (res://MainGame.gd:2181)
   GDScript backtrace (most recent call first):
       [0] _add_objective_row_v152 (res://MainGame.gd:2181)
       [1] _rebuild_quests (res://MainGame.gd:2206)
       [2] apply_save_data (res://ObjectiveSystem.gd:127)
       [3] load_game (res://SaveGame.gd:169)
       [4] _ready (res://MainGame.gd:515)
SCRIPT ERROR: Invalid call. Nonexistent function 'style_objective_header' in base 'GDScript'.
   at: _add_objective_header_v152 (res://MainGame.gd:2166)
   GDScript backtrace (most recent call first):
       [0] _add_objective_header_v152 (res://MainGame.gd:2166)
       [1] _rebuild_quests (res://MainGame.gd:2207)
       [2] apply_save_data (res://ObjectiveSystem.gd:127)
       [3] load_game (res://SaveGame.gd:169)
       [4] _ready (res://MainGame.gd:515)
SCRIPT ERROR: Invalid call. Nonexistent function 'objective_icon_role' in base 'GDScript'.
   at: _rebuild_quests (res://MainGame.gd:2214)
   GDScript backtrace (most recent call first):
       [0] _rebuild_quests (res://MainGame.gd:2214)
       [1] apply_save_data (res://ObjectiveSystem.gd:127)
       [2] load_game (res://SaveGame.gd:169)
       [3] _ready (res://MainGame.gd:515)
SCRIPT ERROR: Invalid call. Nonexistent function 'refresh_afk_state' in base 'GDScript'.
   at: _refresh_afk_p0 (res://MainGame.gd:2910)
   GDScript backtrace (most recent call first):
       [0] _refresh_afk_p0 (res://MainGame.gd:2910)
       [1] apply_save_data (res://AfkRewardSystem.gd:73)
       [2] load_game (res://SaveGame.gd:172)
       [3] _ready (res://MainGame.gd:515)
ERROR: P0 violation: Daily visible
   at: push_error (core/variant/variant_utility.cpp:1023)
   GDScript backtrace (most recent call first):
       [0] log_contract_status (res://CoreAcceptanceService.gd:52)
       [1] _ready (res://MainGame.gd:526)
ERROR: P0 violation: Quests visible
   at: push_error (core/variant/variant_utility.cpp:1023)
   GDScript backtrace (most recent call first):
       [0] log_contract_status (res://CoreAcceptanceService.gd:52)
       [1] _ready (res://MainGame.gd:526)
ERROR: P0 violation: Heroes visible
   at: push_error (core/variant/variant_utility.cpp:1023)
   GDScript backtrace (most recent call first):
       [0] log_contract_status (res://CoreAcceptanceService.gd:52)
       [1] _ready (res://MainGame.gd:526)
ERROR: P0 violation: Hero Auto-DPS active
   at: push_error (core/variant/variant_utility.cpp:1023)
   GDScript backtrace (most recent call first):
       [0] log_contract_status (res://CoreAcceptanceService.gd:52)
       [1] _ready (res://MainGame.gd:526)
[CORE_ANALYTICS] {"event":"core_session_start","payload":{"gold":300,"monster_level":1,"save_recovered":false,"seconds_away":0,"spins":10},"time_unix":1789104320.718}
[CORE_ANALYTICS] {"event":"core_contract_fail","payload":{"errors":["P0 violation: Daily visible","P0 violation: Quests visible","P0 violation: Heroes visible","P0 violation: Hero Auto-DPS active"]},"time_unix":1789104320.72}
SCRIPT ERROR: Invalid call. Nonexistent function 'refresh_home_loop_state' in base 'GDScript'.
   at: _update_monster_ui (res://MainGame.gd:1219)
   GDScript backtrace (most recent call first):
       [0] _update_monster_ui (res://MainGame.gd:1219)
       [1] _refresh_all (res://MainGame.gd:675)
       [2] _ready (res://MainGame.gd:530)
SCRIPT ERROR: Invalid call. Nonexistent function 'refresh_village_loop_state' in base 'GDScript'.
   at: _refresh_p0_village (res://MainGame.gd:2410)
   GDScript backtrace (most recent call first):
       [0] _refresh_p0_village (res://MainGame.gd:2410)
       [1] _refresh_all (res://MainGame.gd:680)
       [2] _ready (res://MainGame.gd:530)
SCRIPT ERROR: Invalid call. Nonexistent function 'refresh_reward_session_state' in base 'GDScript'.
   at: _refresh_meta_ui (res://MainGame.gd:1004)
   GDScript backtrace (most recent call first):
       [0] _refresh_meta_ui (res://MainGame.gd:1004)
       [1] _refresh_all (res://MainGame.gd:683)
       [2] _ready (res://MainGame.gd:530)
SCRIPT ERROR: Invalid call. Nonexistent function 'style_objective_header' in base 'GDScript'.
   at: _add_objective_header_v152 (res://MainGame.gd:2166)
   GDScript backtrace (most recent call first):
       [0] _add_objective_header_v152 (res://MainGame.gd:2166)
       [1] _rebuild_quests (res://MainGame.gd:2205)
       [2] _refresh_all (res://MainGame.gd:688)
       [3] _ready (res://MainGame.gd:530)
SCRIPT ERROR: Invalid call. Nonexistent function 'objective_icon_role' in base 'GDScript'.
   at: _add_objective_row_v152 (res://MainGame.gd:2181)
   GDScript backtrace (most recent call first):
       [0] _add_objective_row_v152 (res://MainGame.gd:2181)
       [1] _rebuild_quests (res://MainGame.gd:2206)
       [2] _refresh_all (res://MainGame.gd:688)
       [3] _ready (res://MainGame.gd:530)
SCRIPT ERROR: Invalid call. Nonexistent function 'objective_icon_role' in base 'GDScript'.
   at: _add_objective_row_v152 (res://MainGame.gd:2181)
   GDScript backtrace (most recent call first):
       [0] _add_objective_row_v152 (res://MainGame.gd:2181)
       [1] _rebuild_quests (res://MainGame.gd:2206)
       [2] _refresh_all (res://MainGame.gd:688)
       [3] _ready (res://MainGame.gd:530)
SCRIPT ERROR: Invalid call. Nonexistent function 'objective_icon_role' in base 'GDScript'.
   at: _add_objective_row_v152 (res://MainGame.gd:2181)
   GDScript backtrace (most recent call first):
       [0] _add_objective_row_v152 (res://MainGame.gd:2181)
       [1] _rebuild_quests (res://MainGame.gd:2206)
       [2] _refresh_all (res://MainGame.gd:688)
       [3] _ready (res://MainGame.gd:530)
SCRIPT ERROR: Invalid call. Nonexistent function 'style_objective_header' in base 'GDScript'.
   at: _add_objective_header_v152 (res://MainGame.gd:2166)
   GDScript backtrace (most recent call first):
       [0] _add_objective_header_v152 (res://MainGame.gd:2166)
       [1] _rebuild_quests (res://MainGame.gd:2205)
       [2] _refresh_all (res://MainGame.gd:688)
       [3] _ready (res://MainGame.gd:530)
SCRIPT ERROR: Invalid call. Nonexistent function 'objective_icon_role' in base 'GDScript'.
   at: _add_objective_row_v152 (res://MainGame.gd:2181)
   GDScript backtrace (most recent call first):
       [0] _add_objective_row_v152 (res://MainGame.gd:2181)
       [1] _rebuild_quests (res://MainGame.gd:2206)
       [2] _refresh_all (res://MainGame.gd:688)
       [3] _ready (res://MainGame.gd:530)
SCRIPT ERROR: Invalid call. Nonexistent function 'objective_icon_role' in base 'GDScript'.
   at: _add_objective_row_v152 (res://MainGame.gd:2181)
   GDScript backtrace (most recent call first):
       [0] _add_objective_row_v152 (res://MainGame.gd:2181)
       [1] _rebuild_quests (res://MainGame.gd:2206)
       [2] _refresh_all (res://MainGame.gd:688)
       [3] _ready (res://MainGame.gd:530)
SCRIPT ERROR: Invalid call. Nonexistent function 'objective_icon_role' in base 'GDScript'.
   at: _add_objective_row_v152 (res://MainGame.gd:2181)
   GDScript backtrace (most recent call first):
       [0] _add_objective_row_v152 (res://MainGame.gd:2181)
       [1] _rebuild_quests (res://MainGame.gd:2206)
       [2] _refresh_all (res://MainGame.gd:688)
       [3] _ready (res://MainGame.gd:530)
SCRIPT ERROR: Invalid call. Nonexistent function 'style_objective_header' in base 'GDScript'.
   at: _add_objective_header_v152 (res://MainGame.gd:2166)
   GDScript backtrace (most recent call first):
       [0] _add_objective_header_v152 (res://MainGame.gd:2166)
       [1] _rebuild_quests (res://MainGame.gd:2205)
       [2] _refresh_all (res://MainGame.gd:688)
       [3] _ready (res://MainGame.gd:530)
SCRIPT ERROR: Invalid call. Nonexistent function 'objective_icon_role' in base 'GDScript'.
   at: _add_objective_row_v152 (res://MainGame.gd:2181)
   GDScript backtrace (most recent call first):
       [0] _add_objective_row_v152 (res://MainGame.gd:2181)
       [1] _rebuild_quests (res://MainGame.gd:2206)
       [2] _refresh_all (res://MainGame.gd:688)
       [3] _ready (res://MainGame.gd:530)
SCRIPT ERROR: Invalid call. Nonexistent function 'objective_icon_role' in base 'GDScript'.
   at: _add_objective_row_v152 (res://MainGame.gd:2181)
   GDScript backtrace (most recent call first):
       [0] _add_objective_row_v152 (res://MainGame.gd:2181)
       [1] _rebuild_quests (res://MainGame.gd:2206)
       [2] _refresh_all (res://MainGame.gd:688)
       [3] _ready (res://MainGame.gd:530)
SCRIPT ERROR: Invalid call. Nonexistent function 'objective_icon_role' in base 'GDScript'.
   at: _add_objective_row_v152 (res://MainGame.gd:2181)
   GDScript backtrace (most recent call first):
       [0] _add_objective_row_v152 (res://MainGame.gd:2181)
       [1] _rebuild_quests (res://MainGame.gd:2206)
       [2] _refresh_all (res://MainGame.gd:688)
       [3] _ready (res://MainGame.gd:530)
SCRIPT ERROR: Invalid call. Nonexistent function 'objective_icon_role' in base 'GDScript'.
   at: _add_objective_row_v152 (res://MainGame.gd:2181)
   GDScript backtrace (most recent call first):
       [0] _add_objective_row_v152 (res://MainGame.gd:2181)
       [1] _rebuild_quests (res://MainGame.gd:2206)
       [2] _refresh_all (res://MainGame.gd:688)
       [3] _ready (res://MainGame.gd:530)
SCRIPT ERROR: Invalid call. Nonexistent function 'objective_icon_role' in base 'GDScript'.
   at: _add_objective_row_v152 (res://MainGame.gd:2181)
   GDScript backtrace (most recent call first):
       [0] _add_objective_row_v152 (res://MainGame.gd:2181)
       [1] _rebuild_quests (res://MainGame.gd:2206)
       [2] _refresh_all (res://MainGame.gd:688)
       [3] _ready (res://MainGame.gd:530)
SCRIPT ERROR: Invalid call. Nonexistent function 'style_objective_header' in base 'GDScript'.
   at: _add_objective_header_v152 (res://MainGame.gd:2166)
   GDScript backtrace (most recent call first):
       [0] _add_objective_header_v152 (res://MainGame.gd:2166)
       [1] _rebuild_quests (res://MainGame.gd:2207)
       [2] _refresh_all (res://MainGame.gd:688)
       [3] _ready (res://MainGame.gd:530)
SCRIPT ERROR: Invalid call. Nonexistent function 'objective_icon_role' in base 'GDScript'.
   at: _rebuild_quests (res://MainGame.gd:2214)
   GDScript backtrace (most recent call first):
       [0] _rebuild_quests (res://MainGame.gd:2214)
       [1] _refresh_all (res://MainGame.gd:688)
       [2] _ready (res://MainGame.gd:530)
SCRIPT ERROR: Invalid call. Nonexistent function 'refresh_progression_state' in base 'GDScript'.
   at: _refresh_progression_p0 (res://MainGame.gd:2903)
   GDScript backtrace (most recent call first):
       [0] _refresh_progression_p0 (res://MainGame.gd:2903)
       [1] _refresh_all (res://MainGame.gd:696)
       [2] _ready (res://MainGame.gd:530)
SCRIPT ERROR: Invalid call. Nonexistent function 'refresh_shop_state' in base 'GDScript'.
   at: _refresh_shop_p0 (res://MainGame.gd:2810)
   GDScript backtrace (most recent call first):
       [0] _refresh_shop_p0 (res://MainGame.gd:2810)
       [1] _refresh_all (res://MainGame.gd:697)
       [2] _ready (res://MainGame.gd:530)
SCRIPT ERROR: Invalid call. Nonexistent function 'refresh_afk_state' in base 'GDScript'.
   at: _refresh_afk_p0 (res://MainGame.gd:2910)
   GDScript backtrace (most recent call first):
       [0] _refresh_afk_p0 (res://MainGame.gd:2910)
       [1] _refresh_all (res://MainGame.gd:698)
       [2] _ready (res://MainGame.gd:530)
SCRIPT ERROR: Invalid call. Nonexistent function 'style_objective_header' in base 'GDScript'.
   at: _add_objective_header_v152 (res://MainGame.gd:2166)
   GDScript backtrace (most recent call first):
       [0] _add_objective_header_v152 (res://MainGame.gd:2166)
       [1] _rebuild_quests (res://MainGame.gd:2205)
       [2] _ready (res://MainGame.gd:532)
SCRIPT ERROR: Invalid call. Nonexistent function 'objective_icon_role' in base 'GDScript'.
   at: _add_objective_row_v152 (res://MainGame.gd:2181)
   GDScript backtrace (most recent call first):
       [0] _add_objective_row_v152 (res://MainGame.gd:2181)
       [1] _rebuild_quests (res://MainGame.gd:2206)
       [2] _ready (res://MainGame.gd:532)
SCRIPT ERROR: Invalid call. Nonexistent function 'objective_icon_role' in base 'GDScript'.
   at: _add_objective_row_v152 (res://MainGame.gd:2181)
   GDScript backtrace (most recent call first):
       [0] _add_objective_row_v152 (res://MainGame.gd:2181)
       [1] _rebuild_quests (res://MainGame.gd:2206)
       [2] _ready (res://MainGame.gd:532)
SCRIPT ERROR: Invalid call. Nonexistent function 'objective_icon_role' in base 'GDScript'.
   at: _add_objective_row_v152 (res://MainGame.gd:2181)
   GDScript backtrace (most recent call first):
       [0] _add_objective_row_v152 (res://MainGame.gd:2181)
       [1] _rebuild_quests (res://MainGame.gd:2206)
       [2] _ready (res://MainGame.gd:532)
SCRIPT ERROR: Invalid call. Nonexistent function 'style_objective_header' in base 'GDScript'.
   at: _add_objective_header_v152 (res://MainGame.gd:2166)
   GDScript backtrace (most recent call first):
       [0] _add_objective_header_v152 (res://MainGame.gd:2166)
       [1] _rebuild_quests (res://MainGame.gd:2205)
       [2] _ready (res://MainGame.gd:532)
SCRIPT ERROR: Invalid call. Nonexistent function 'objective_icon_role' in base 'GDScript'.
   at: _add_objective_row_v152 (res://MainGame.gd:2181)
   GDScript backtrace (most recent call first):
       [0] _add_objective_row_v152 (res://MainGame.gd:2181)
       [1] _rebuild_quests (res://MainGame.gd:2206)
       [2] _ready (res://MainGame.gd:532)
SCRIPT ERROR: Invalid call. Nonexistent function 'objective_icon_role' in base 'GDScript'.
   at: _add_objective_row_v152 (res://MainGame.gd:2181)
   GDScript backtrace (most recent call first):
       [0] _add_objective_row_v152 (res://MainGame.gd:2181)
       [1] _rebuild_quests (res://MainGame.gd:2206)
       [2] _ready (res://MainGame.gd:532)
SCRIPT ERROR: Invalid call. Nonexistent function 'objective_icon_role' in base 'GDScript'.
   at: _add_objective_row_v152 (res://MainGame.gd:2181)
   GDScript backtrace (most recent call first):
       [0] _add_objective_row_v152 (res://MainGame.gd:2181)
       [1] _rebuild_quests (res://MainGame.gd:2206)
       [2] _ready (res://MainGame.gd:532)
SCRIPT ERROR: Invalid call. Nonexistent function 'style_objective_header' in base 'GDScript'.
   at: _add_objective_header_v152 (res://MainGame.gd:2166)
   GDScript backtrace (most recent call first):
       [0] _add_objective_header_v152 (res://MainGame.gd:2166)
       [1] _rebuild_quests (res://MainGame.gd:2205)
       [2] _ready (res://MainGame.gd:532)
SCRIPT ERROR: Invalid call. Nonexistent function 'objective_icon_role' in base 'GDScript'.
   at: _add_objective_row_v152 (res://MainGame.gd:2181)
   GDScript backtrace (most recent call first):
       [0] _add_objective_row_v152 (res://MainGame.gd:2181)
       [1] _rebuild_quests (res://MainGame.gd:2206)
       [2] _ready (res://MainGame.gd:532)
SCRIPT ERROR: Invalid call. Nonexistent function 'objective_icon_role' in base 'GDScript'.
   at: _add_objective_row_v152 (res://MainGame.gd:2181)
   GDScript backtrace (most recent call first):
       [0] _add_objective_row_v152 (res://MainGame.gd:2181)
       [1] _rebuild_quests (res://MainGame.gd:2206)
       [2] _ready (res://MainGame.gd:532)
SCRIPT ERROR: Invalid call. Nonexistent function 'objective_icon_role' in base 'GDScript'.
   at: _add_objective_row_v152 (res://MainGame.gd:2181)
   GDScript backtrace (most recent call first):
       [0] _add_objective_row_v152 (res://MainGame.gd:2181)
       [1] _rebuild_quests (res://MainGame.gd:2206)
       [2] _ready (res://MainGame.gd:532)
SCRIPT ERROR: Invalid call. Nonexistent function 'objective_icon_role' in base 'GDScript'.
   at: _add_objective_row_v152 (res://MainGame.gd:2181)
   GDScript backtrace (most recent call first):
       [0] _add_objective_row_v152 (res://MainGame.gd:2181)
       [1] _rebuild_quests (res://MainGame.gd:2206)
       [2] _ready (res://MainGame.gd:532)
SCRIPT ERROR: Invalid call. Nonexistent function 'objective_icon_role' in base 'GDScript'.
   at: _add_objective_row_v152 (res://MainGame.gd:2181)
   GDScript backtrace (most recent call first):
       [0] _add_objective_row_v152 (res://MainGame.gd:2181)
       [1] _rebuild_quests (res://MainGame.gd:2206)
       [2] _ready (res://MainGame.gd:532)
SCRIPT ERROR: Invalid call. Nonexistent function 'style_objective_header' in base 'GDScript'.
   at: _add_objective_header_v152 (res://MainGame.gd:2166)
   GDScript backtrace (most recent call first):
       [0] _add_objective_header_v152 (res://MainGame.gd:2166)
       [1] _rebuild_quests (res://MainGame.gd:2207)
       [2] _ready (res://MainGame.gd:532)
SCRIPT ERROR: Invalid call. Nonexistent function 'objective_icon_role' in base 'GDScript'.
   at: _rebuild_quests (res://MainGame.gd:2214)
   GDScript backtrace (most recent call first):
       [0] _rebuild_quests (res://MainGame.gd:2214)
       [1] _ready (res://MainGame.gd:532)
SCRIPT ERROR: Invalid call. Nonexistent function 'set_primary_nav_state' in base 'GDScript'.
   at: _switch_view (res://MainGame.gd:1298)
   GDScript backtrace (most recent call first):
       [0] _switch_view (res://MainGame.gd:1298)
       [1] _ready (res://MainGame.gd:537)
ERROR: [P0_BOOT] Main scene setting drift: res://BootFlow.tscn
   at: push_error (core/variant/variant_utility.cpp:1023)
   GDScript backtrace (most recent call first):
       [0] complete_scene_boot (res://P0BootDiagnostics.gd:79)
       [1] _ready (res://MainGame.gd:540)
ERROR: [P0_BOOT] Core contract: P0 violation: Daily visible
   at: push_error (core/variant/variant_utility.cpp:1023)
   GDScript backtrace (most recent call first):
       [0] complete_scene_boot (res://P0BootDiagnostics.gd:79)
       [1] _ready (res://MainGame.gd:540)
ERROR: [P0_BOOT] Core contract: P0 violation: Quests visible
   at: push_error (core/variant/variant_utility.cpp:1023)
   GDScript backtrace (most recent call first):
       [0] complete_scene_boot (res://P0BootDiagnostics.gd:79)
       [1] _ready (res://MainGame.gd:540)
ERROR: [P0_BOOT] Core contract: P0 violation: Heroes visible
   at: push_error (core/variant/variant_utility.cpp:1023)
   GDScript backtrace (most recent call first):
       [0] complete_scene_boot (res://P0BootDiagnostics.gd:79)
       [1] _ready (res://MainGame.gd:540)
ERROR: [P0_BOOT] Core contract: P0 violation: Hero Auto-DPS active
   at: push_error (core/variant/variant_utility.cpp:1023)
   GDScript backtrace (most recent call first):
       [0] complete_scene_boot (res://P0BootDiagnostics.gd:79)
       [1] _ready (res://MainGame.gd:540)
ERROR: [P0_BOOT] P1 isolation: HeroSystem processing during P0
   at: push_error (core/variant/variant_utility.cpp:1023)
   GDScript backtrace (most recent call first):
       [0] complete_scene_boot (res://P0BootDiagnostics.gd:79)
       [1] _ready (res://MainGame.gd:540)
[CORE_ANALYTICS] {"event":"p0_boot_fail","payload":{"errors":["Main scene setting drift: res://BootFlow.tscn","Core contract: P0 violation: Daily visible","Core contract: P0 violation: Quests visible","Core contract: P0 violation: Heroes visible","Core contract: P0 violation: Hero Auto-DPS active","P1 isolation: HeroSystem processing during P0"]},"time_unix":1789104320.754}
SCRIPT ERROR: Invalid call. Nonexistent function 'apply' in base 'GDScript'.
   at: _apply_mobile_runtime_polish (res://MainGame.gd:552)
   GDScript backtrace (most recent call first):
       [0] _apply_mobile_runtime_polish (res://MainGame.gd:552)
SCRIPT ERROR: Invalid call. Nonexistent function 'apply' in base 'GDScript'.
   at: _apply_mobile_runtime_polish (res://MainGame.gd:552)
   GDScript backtrace (most recent call first):
       [0] _apply_mobile_runtime_polish (res://MainGame.gd:552)
       [1] _wait_until_main_ready (res://V2021VisualRuntimeQa.gd:334)
       [2] _wait_until (res://V2021VisualRuntimeQa.gd:363)
[VisualRuntimeQa] main loaded=true
SCRIPT ERROR: Invalid call. Nonexistent function 'set_primary_nav_state' in base 'GDScript'.
   at: _switch_view (res://MainGame.gd:1298)
   GDScript backtrace (most recent call first):
       [0] _switch_view (res://MainGame.gd:1298)
       [1] _prepare_deterministic_tap (res://V2021VisualRuntimeQa.gd:302)
       [2] _run_smoke_flow (res://V2021VisualRuntimeQa.gd:121)
       [3] _boot_to_main_game (res://V2021VisualRuntimeQa.gd:328)
       [4] _wait_until_main_ready (res://V2021VisualRuntimeQa.gd:335)
       [5] _wait_render_stable (res://V2021VisualRuntimeQa.gd:358)
SCRIPT ERROR: Invalid call. Nonexistent function 'refresh_home_loop_state' in base 'GDScript'.
   at: _update_monster_ui (res://MainGame.gd:1219)
   GDScript backtrace (most recent call first):
       [0] _update_monster_ui (res://MainGame.gd:1219)
       [1] _refresh_all (res://MainGame.gd:675)
       [2] _close_no_spins_state (res://MainGame.gd:1629)
       [3] _dismiss_overlays (res://V2021VisualRuntimeQa.gd:489)
       [4] _wait_render (res://V2021VisualRuntimeQa.gd:353)
SCRIPT ERROR: Invalid call. Nonexistent function 'refresh_village_loop_state' in base 'GDScript'.
   at: _refresh_p0_village (res://MainGame.gd:2410)
   GDScript backtrace (most recent call first):
       [0] _refresh_p0_village (res://MainGame.gd:2410)
       [1] _refresh_all (res://MainGame.gd:680)
       [2] _close_no_spins_state (res://MainGame.gd:1629)
       [3] _dismiss_overlays (res://V2021VisualRuntimeQa.gd:489)
       [4] _wait_render (res://V2021VisualRuntimeQa.gd:353)
SCRIPT ERROR: Invalid call. Nonexistent function 'refresh_reward_session_state' in base 'GDScript'.
   at: _refresh_meta_ui (res://MainGame.gd:1004)
   GDScript backtrace (most recent call first):
       [0] _refresh_meta_ui (res://MainGame.gd:1004)
       [1] _refresh_all (res://MainGame.gd:683)
       [2] _close_no_spins_state (res://MainGame.gd:1629)
       [3] _dismiss_overlays (res://V2021VisualRuntimeQa.gd:489)
       [4] _wait_render (res://V2021VisualRuntimeQa.gd:353)
SCRIPT ERROR: Invalid call. Nonexistent function 'style_objective_header' in base 'GDScript'.
   at: _add_objective_header_v152 (res://MainGame.gd:2166)
   GDScript backtrace (most recent call first):
       [0] _add_objective_header_v152 (res://MainGame.gd:2166)
       [1] _rebuild_quests (res://MainGame.gd:2205)
       [2] _refresh_all (res://MainGame.gd:688)
       [3] _close_no_spins_state (res://MainGame.gd:1629)
       [4] _dismiss_overlays (res://V2021VisualRuntimeQa.gd:489)
       [5] _wait_render (res://V2021VisualRuntimeQa.gd:353)
SCRIPT ERROR: Invalid call. Nonexistent function 'objective_icon_role' in base 'GDScript'.
   at: _add_objective_row_v152 (res://MainGame.gd:2181)
   GDScript backtrace (most recent call first):
       [0] _add_objective_row_v152 (res://MainGame.gd:2181)
       [1] _rebuild_quests (res://MainGame.gd:2206)
       [2] _refresh_all (res://MainGame.gd:688)
       [3] _close_no_spins_state (res://MainGame.gd:1629)
       [4] _dismiss_overlays (res://V2021VisualRuntimeQa.gd:489)
       [5] _wait_render (res://V2021VisualRuntimeQa.gd:353)
SCRIPT ERROR: Invalid call. Nonexistent function 'objective_icon_role' in base 'GDScript'.
   at: _add_objective_row_v152 (res://MainGame.gd:2181)
   GDScript backtrace (most recent call first):
       [0] _add_objective_row_v152 (res://MainGame.gd:2181)
       [1] _rebuild_quests (res://MainGame.gd:2206)
       [2] _refresh_all (res://MainGame.gd:688)
       [3] _close_no_spins_state (res://MainGame.gd:1629)
       [4] _dismiss_overlays (res://V2021VisualRuntimeQa.gd:489)
       [5] _wait_render (res://V2021VisualRuntimeQa.gd:353)
SCRIPT ERROR: Invalid call. Nonexistent function 'objective_icon_role' in base 'GDScript'.
   at: _add_objective_row_v152 (res://MainGame.gd:2181)
   GDScript backtrace (most recent call first):
       [0] _add_objective_row_v152 (res://MainGame.gd:2181)
       [1] _rebuild_quests (res://MainGame.gd:2206)
       [2] _refresh_all (res://MainGame.gd:688)
       [3] _close_no_spins_state (res://MainGame.gd:1629)
       [4] _dismiss_overlays (res://V2021VisualRuntimeQa.gd:489)
       [5] _wait_render (res://V2021VisualRuntimeQa.gd:353)
SCRIPT ERROR: Invalid call. Nonexistent function 'style_objective_header' in base 'GDScript'.
   at: _add_objective_header_v152 (res://MainGame.gd:2166)
   GDScript backtrace (most recent call first):
       [0] _add_objective_header_v152 (res://MainGame.gd:2166)
       [1] _rebuild_quests (res://MainGame.gd:2205)
       [2] _refresh_all (res://MainGame.gd:688)
       [3] _close_no_spins_state (res://MainGame.gd:1629)
       [4] _dismiss_overlays (res://V2021VisualRuntimeQa.gd:489)
       [5] _wait_render (res://V2021VisualRuntimeQa.gd:353)
SCRIPT ERROR: Invalid call. Nonexistent function 'objective_icon_role' in base 'GDScript'.
   at: _add_objective_row_v152 (res://MainGame.gd:2181)
   GDScript backtrace (most recent call first):
       [0] _add_objective_row_v152 (res://MainGame.gd:2181)
       [1] _rebuild_quests (res://MainGame.gd:2206)
       [2] _refresh_all (res://MainGame.gd:688)
       [3] _close_no_spins_state (res://MainGame.gd:1629)
       [4] _dismiss_overlays (res://V2021VisualRuntimeQa.gd:489)
       [5] _wait_render (res://V2021VisualRuntimeQa.gd:353)
SCRIPT ERROR: Invalid call. Nonexistent function 'objective_icon_role' in base 'GDScript'.
   at: _add_objective_row_v152 (res://MainGame.gd:2181)
   GDScript backtrace (most recent call first):
       [0] _add_objective_row_v152 (res://MainGame.gd:2181)
       [1] _rebuild_quests (res://MainGame.gd:2206)
       [2] _refresh_all (res://MainGame.gd:688)
       [3] _close_no_spins_state (res://MainGame.gd:1629)
       [4] _dismiss_overlays (res://V2021VisualRuntimeQa.gd:489)
       [5] _wait_render (res://V2021VisualRuntimeQa.gd:353)
SCRIPT ERROR: Invalid call. Nonexistent function 'objective_icon_role' in base 'GDScript'.
   at: _add_objective_row_v152 (res://MainGame.gd:2181)
   GDScript backtrace (most recent call first):
       [0] _add_objective_row_v152 (res://MainGame.gd:2181)
       [1] _rebuild_quests (res://MainGame.gd:2206)
       [2] _refresh_all (res://MainGame.gd:688)
       [3] _close_no_spins_state (res://MainGame.gd:1629)
       [4] _dismiss_overlays (res://V2021VisualRuntimeQa.gd:489)
       [5] _wait_render (res://V2021VisualRuntimeQa.gd:353)
SCRIPT ERROR: Invalid call. Nonexistent function 'style_objective_header' in base 'GDScript'.
   at: _add_objective_header_v152 (res://MainGame.gd:2166)
   GDScript backtrace (most recent call first):
       [0] _add_objective_header_v152 (res://MainGame.gd:2166)
       [1] _rebuild_quests (res://MainGame.gd:2205)
       [2] _refresh_all (res://MainGame.gd:688)
       [3] _close_no_spins_state (res://MainGame.gd:1629)
       [4] _dismiss_overlays (res://V2021VisualRuntimeQa.gd:489)
       [5] _wait_render (res://V2021VisualRuntimeQa.gd:353)
SCRIPT ERROR: Invalid call. Nonexistent function 'objective_icon_role' in base 'GDScript'.
   at: _add_objective_row_v152 (res://MainGame.gd:2181)
   GDScript backtrace (most recent call first):
       [0] _add_objective_row_v152 (res://MainGame.gd:2181)
       [1] _rebuild_quests (res://MainGame.gd:2206)
       [2] _refresh_all (res://MainGame.gd:688)
       [3] _close_no_spins_state (res://MainGame.gd:1629)
       [4] _dismiss_overlays (res://V2021VisualRuntimeQa.gd:489)
       [5] _wait_render (res://V2021VisualRuntimeQa.gd:353)
SCRIPT ERROR: Invalid call. Nonexistent function 'objective_icon_role' in base 'GDScript'.
   at: _add_objective_row_v152 (res://MainGame.gd:2181)
   GDScript backtrace (most recent call first):
       [0] _add_objective_row_v152 (res://MainGame.gd:2181)
       [1] _rebuild_quests (res://MainGame.gd:2206)
       [2] _refresh_all (res://MainGame.gd:688)
       [3] _close_no_spins_state (res://MainGame.gd:1629)
       [4] _dismiss_overlays (res://V2021VisualRuntimeQa.gd:489)
       [5] _wait_render (res://V2021VisualRuntimeQa.gd:353)
SCRIPT ERROR: Invalid call. Nonexistent function 'objective_icon_role' in base 'GDScript'.
   at: _add_objective_row_v152 (res://MainGame.gd:2181)
   GDScript backtrace (most recent call first):
       [0] _add_objective_row_v152 (res://MainGame.gd:2181)
       [1] _rebuild_quests (res://MainGame.gd:2206)
       [2] _refresh_all (res://MainGame.gd:688)
       [3] _close_no_spins_state (res://MainGame.gd:1629)
       [4] _dismiss_overlays (res://V2021VisualRuntimeQa.gd:489)
       [5] _wait_render (res://V2021VisualRuntimeQa.gd:353)
SCRIPT ERROR: Invalid call. Nonexistent function 'objective_icon_role' in base 'GDScript'.
   at: _add_objective_row_v152 (res://MainGame.gd:2181)
   GDScript backtrace (most recent call first):
       [0] _add_objective_row_v152 (res://MainGame.gd:2181)
       [1] _rebuild_quests (res://MainGame.gd:2206)
       [2] _refresh_all (res://MainGame.gd:688)
       [3] _close_no_spins_state (res://MainGame.gd:1629)
       [4] _dismiss_overlays (res://V2021VisualRuntimeQa.gd:489)
       [5] _wait_render (res://V2021VisualRuntimeQa.gd:353)
SCRIPT ERROR: Invalid call. Nonexistent function 'objective_icon_role' in base 'GDScript'.
   at: _add_objective_row_v152 (res://MainGame.gd:2181)
   GDScript backtrace (most recent call first):
       [0] _add_objective_row_v152 (res://MainGame.gd:2181)
       [1] _rebuild_quests (res://MainGame.gd:2206)
       [2] _refresh_all (res://MainGame.gd:688)
       [3] _close_no_spins_state (res://MainGame.gd:1629)
       [4] _dismiss_overlays (res://V2021VisualRuntimeQa.gd:489)
       [5] _wait_render (res://V2021VisualRuntimeQa.gd:353)
SCRIPT ERROR: Invalid call. Nonexistent function 'style_objective_header' in base 'GDScript'.
   at: _add_objective_header_v152 (res://MainGame.gd:2166)
   GDScript backtrace (most recent call first):
       [0] _add_objective_header_v152 (res://MainGame.gd:2166)
       [1] _rebuild_quests (res://MainGame.gd:2207)
       [2] _refresh_all (res://MainGame.gd:688)
       [3] _close_no_spins_state (res://MainGame.gd:1629)
       [4] _dismiss_overlays (res://V2021VisualRuntimeQa.gd:489)
       [5] _wait_render (res://V2021VisualRuntimeQa.gd:353)
SCRIPT ERROR: Invalid call. Nonexistent function 'objective_icon_role' in base 'GDScript'.
   at: _rebuild_quests (res://MainGame.gd:2214)
   GDScript backtrace (most recent call first):
       [0] _rebuild_quests (res://MainGame.gd:2214)
       [1] _refresh_all (res://MainGame.gd:688)
       [2] _close_no_spins_state (res://MainGame.gd:1629)
       [3] _dismiss_overlays (res://V2021VisualRuntimeQa.gd:489)
       [4] _wait_render (res://V2021VisualRuntimeQa.gd:353)
SCRIPT ERROR: Invalid call. Nonexistent function 'refresh_progression_state' in base 'GDScript'.
   at: _refresh_progression_p0 (res://MainGame.gd:2903)
   GDScript backtrace (most recent call first):
       [0] _refresh_progression_p0 (res://MainGame.gd:2903)
       [1] _refresh_all (res://MainGame.gd:696)
       [2] _close_no_spins_state (res://MainGame.gd:1629)
       [3] _dismiss_overlays (res://V2021VisualRuntimeQa.gd:489)
       [4] _wait_render (res://V2021VisualRuntimeQa.gd:353)
SCRIPT ERROR: Invalid call. Nonexistent function 'refresh_shop_state' in base 'GDScript'.
   at: _refresh_shop_p0 (res://MainGame.gd:2810)
   GDScript backtrace (most recent call first):
       [0] _refresh_shop_p0 (res://MainGame.gd:2810)
       [1] _refresh_all (res://MainGame.gd:697)
       [2] _close_no_spins_state (res://MainGame.gd:1629)
       [3] _dismiss_overlays (res://V2021VisualRuntimeQa.gd:489)
       [4] _wait_render (res://V2021VisualRuntimeQa.gd:353)
SCRIPT ERROR: Invalid call. Nonexistent function 'refresh_afk_state' in base 'GDScript'.
   at: _refresh_afk_p0 (res://MainGame.gd:2910)
   GDScript backtrace (most recent call first):
       [0] _refresh_afk_p0 (res://MainGame.gd:2910)
       [1] _refresh_all (res://MainGame.gd:698)
       [2] _close_no_spins_state (res://MainGame.gd:1629)
       [3] _dismiss_overlays (res://V2021VisualRuntimeQa.gd:489)
       [4] _wait_render (res://V2021VisualRuntimeQa.gd:353)
SCRIPT ERROR: Invalid call. Nonexistent function 'refresh_home_loop_state' in base 'GDScript'.
   at: _update_monster_ui (res://MainGame.gd:1219)
   GDScript backtrace (most recent call first):
       [0] _update_monster_ui (res://MainGame.gd:1219)
       [1] _refresh_all (res://MainGame.gd:675)
       [2] _prepare_deterministic_tap (res://V2021VisualRuntimeQa.gd:307)
       [3] _wait_render_stable (res://V2021VisualRuntimeQa.gd:358)
SCRIPT ERROR: Invalid call. Nonexistent function 'refresh_village_loop_state' in base 'GDScript'.
   at: _refresh_p0_village (res://MainGame.gd:2410)
   GDScript backtrace (most recent call first):
       [0] _refresh_p0_village (res://MainGame.gd:2410)
       [1] _refresh_all (res://MainGame.gd:680)
       [2] _prepare_deterministic_tap (res://V2021VisualRuntimeQa.gd:307)
       [3] _wait_render_stable (res://V2021VisualRuntimeQa.gd:358)
SCRIPT ERROR: Invalid call. Nonexistent function 'refresh_reward_session_state' in base 'GDScript'.
   at: _refresh_meta_ui (res://MainGame.gd:1004)
   GDScript backtrace (most recent call first):
       [0] _refresh_meta_ui (res://MainGame.gd:1004)
       [1] _refresh_all (res://MainGame.gd:683)
       [2] _prepare_deterministic_tap (res://V2021VisualRuntimeQa.gd:307)
       [3] _wait_render_stable (res://V2021VisualRuntimeQa.gd:358)
SCRIPT ERROR: Invalid call. Nonexistent function 'style_objective_header' in base 'GDScript'.
   at: _add_objective_header_v152 (res://MainGame.gd:2166)
   GDScript backtrace (most recent call first):
       [0] _add_objective_header_v152 (res://MainGame.gd:2166)
       [1] _rebuild_quests (res://MainGame.gd:2205)
       [2] _refresh_all (res://MainGame.gd:688)
       [3] _prepare_deterministic_tap (res://V2021VisualRuntimeQa.gd:307)
       [4] _wait_render_stable (res://V2021VisualRuntimeQa.gd:358)
SCRIPT ERROR: Invalid call. Nonexistent function 'objective_icon_role' in base 'GDScript'.
   at: _add_objective_row_v152 (res://MainGame.gd:2181)
   GDScript backtrace (most recent call first):
       [0] _add_objective_row_v152 (res://MainGame.gd:2181)
       [1] _rebuild_quests (res://MainGame.gd:2206)
       [2] _refresh_all (res://MainGame.gd:688)
       [3] _prepare_deterministic_tap (res://V2021VisualRuntimeQa.gd:307)
       [4] _wait_render_stable (res://V2021VisualRuntimeQa.gd:358)
SCRIPT ERROR: Invalid call. Nonexistent function 'objective_icon_role' in base 'GDScript'.
   at: _add_objective_row_v152 (res://MainGame.gd:2181)
   GDScript backtrace (most recent call first):
       [0] _add_objective_row_v152 (res://MainGame.gd:2181)
       [1] _rebuild_quests (res://MainGame.gd:2206)
       [2] _refresh_all (res://MainGame.gd:688)
       [3] _prepare_deterministic_tap (res://V2021VisualRuntimeQa.gd:307)
       [4] _wait_render_stable (res://V2021VisualRuntimeQa.gd:358)
SCRIPT ERROR: Invalid call. Nonexistent function 'objective_icon_role' in base 'GDScript'.
   at: _add_objective_row_v152 (res://MainGame.gd:2181)
   GDScript backtrace (most recent call first):
       [0] _add_objective_row_v152 (res://MainGame.gd:2181)
       [1] _rebuild_quests (res://MainGame.gd:2206)
       [2] _refresh_all (res://MainGame.gd:688)
       [3] _prepare_deterministic_tap (res://V2021VisualRuntimeQa.gd:307)
       [4] _wait_render_stable (res://V2021VisualRuntimeQa.gd:358)
SCRIPT ERROR: Invalid call. Nonexistent function 'style_objective_header' in base 'GDScript'.
   at: _add_objective_header_v152 (res://MainGame.gd:2166)
   GDScript backtrace (most recent call first):
       [0] _add_objective_header_v152 (res://MainGame.gd:2166)
       [1] _rebuild_quests (res://MainGame.gd:2205)
       [2] _refresh_all (res://MainGame.gd:688)
       [3] _prepare_deterministic_tap (res://V2021VisualRuntimeQa.gd:307)
       [4] _wait_render_stable (res://V2021VisualRuntimeQa.gd:358)
SCRIPT ERROR: Invalid call. Nonexistent function 'objective_icon_role' in base 'GDScript'.
   at: _add_objective_row_v152 (res://MainGame.gd:2181)
   GDScript backtrace (most recent call first):
       [0] _add_objective_row_v152 (res://MainGame.gd:2181)
       [1] _rebuild_quests (res://MainGame.gd:2206)
       [2] _refresh_all (res://MainGame.gd:688)
       [3] _prepare_deterministic_tap (res://V2021VisualRuntimeQa.gd:307)
       [4] _wait_render_stable (res://V2021VisualRuntimeQa.gd:358)
SCRIPT ERROR: Invalid call. Nonexistent function 'objective_icon_role' in base 'GDScript'.
   at: _add_objective_row_v152 (res://MainGame.gd:2181)
   GDScript backtrace (most recent call first):
       [0] _add_objective_row_v152 (res://MainGame.gd:2181)
       [1] _rebuild_quests (res://MainGame.gd:2206)
       [2] _refresh_all (res://MainGame.gd:688)
       [3] _prepare_deterministic_tap (res://V2021VisualRuntimeQa.gd:307)
       [4] _wait_render_stable (res://V2021VisualRuntimeQa.gd:358)
SCRIPT ERROR: Invalid call. Nonexistent function 'objective_icon_role' in base 'GDScript'.
   at: _add_objective_row_v152 (res://MainGame.gd:2181)
   GDScript backtrace (most recent call first):
       [0] _add_objective_row_v152 (res://MainGame.gd:2181)
       [1] _rebuild_quests (res://MainGame.gd:2206)
       [2] _refresh_all (res://MainGame.gd:688)
       [3] _prepare_deterministic_tap (res://V2021VisualRuntimeQa.gd:307)
       [4] _wait_render_stable (res://V2021VisualRuntimeQa.gd:358)
SCRIPT ERROR: Invalid call. Nonexistent function 'style_objective_header' in base 'GDScript'.
   at: _add_objective_header_v152 (res://MainGame.gd:2166)
   GDScript backtrace (most recent call first):
       [0] _add_objective_header_v152 (res://MainGame.gd:2166)
       [1] _rebuild_quests (res://MainGame.gd:2205)
       [2] _refresh_all (res://MainGame.gd:688)
       [3] _prepare_deterministic_tap (res://V2021VisualRuntimeQa.gd:307)
       [4] _wait_render_stable (res://V2021VisualRuntimeQa.gd:358)
SCRIPT ERROR: Invalid call. Nonexistent function 'objective_icon_role' in base 'GDScript'.
   at: _add_objective_row_v152 (res://MainGame.gd:2181)
   GDScript backtrace (most recent call first):
       [0] _add_objective_row_v152 (res://MainGame.gd:2181)
       [1] _rebuild_quests (res://MainGame.gd:2206)
       [2] _refresh_all (res://MainGame.gd:688)
       [3] _prepare_deterministic_tap (res://V2021VisualRuntimeQa.gd:307)
       [4] _wait_render_stable (res://V2021VisualRuntimeQa.gd:358)
SCRIPT ERROR: Invalid call. Nonexistent function 'objective_icon_role' in base 'GDScript'.
   at: _add_objective_row_v152 (res://MainGame.gd:2181)
   GDScript backtrace (most recent call first):
       [0] _add_objective_row_v152 (res://MainGame.gd:2181)
       [1] _rebuild_quests (res://MainGame.gd:2206)
       [2] _refresh_all (res://MainGame.gd:688)
       [3] _prepare_deterministic_tap (res://V2021VisualRuntimeQa.gd:307)
       [4] _wait_render_stable (res://V2021VisualRuntimeQa.gd:358)
SCRIPT ERROR: Invalid call. Nonexistent function 'objective_icon_role' in base 'GDScript'.
   at: _add_objective_row_v152 (res://MainGame.gd:2181)
   GDScript backtrace (most recent call first):
       [0] _add_objective_row_v152 (res://MainGame.gd:2181)
       [1] _rebuild_quests (res://MainGame.gd:2206)
       [2] _refresh_all (res://MainGame.gd:688)
       [3] _prepare_deterministic_tap (res://V2021VisualRuntimeQa.gd:307)
       [4] _wait_render_stable (res://V2021VisualRuntimeQa.gd:358)
SCRIPT ERROR: Invalid call. Nonexistent function 'objective_icon_role' in base 'GDScript'.
   at: _add_objective_row_v152 (res://MainGame.gd:2181)
   GDScript backtrace (most recent call first):
       [0] _add_objective_row_v152 (res://MainGame.gd:2181)
       [1] _rebuild_quests (res://MainGame.gd:2206)
       [2] _refresh_all (res://MainGame.gd:688)
       [3] _prepare_deterministic_tap (res://V2021VisualRuntimeQa.gd:307)
       [4] _wait_render_stable (res://V2021VisualRuntimeQa.gd:358)
SCRIPT ERROR: Invalid call. Nonexistent function 'objective_icon_role' in base 'GDScript'.
   at: _add_objective_row_v152 (res://MainGame.gd:2181)
   GDScript backtrace (most recent call first):
       [0] _add_objective_row_v152 (res://MainGame.gd:2181)
       [1] _rebuild_quests (res://MainGame.gd:2206)
       [2] _refresh_all (res://MainGame.gd:688)
       [3] _prepare_deterministic_tap (res://V2021VisualRuntimeQa.gd:307)
       [4] _wait_render_stable (res://V2021VisualRuntimeQa.gd:358)
SCRIPT ERROR: Invalid call. Nonexistent function 'style_objective_header' in base 'GDScript'.
   at: _add_objective_header_v152 (res://MainGame.gd:2166)
   GDScript backtrace (most recent call first):
       [0] _add_objective_header_v152 (res://MainGame.gd:2166)
       [1] _rebuild_quests (res://MainGame.gd:2207)
       [2] _refresh_all (res://MainGame.gd:688)
       [3] _prepare_deterministic_tap (res://V2021VisualRuntimeQa.gd:307)
       [4] _wait_render_stable (res://V2021VisualRuntimeQa.gd:358)
SCRIPT ERROR: Invalid call. Nonexistent function 'objective_icon_role' in base 'GDScript'.
   at: _rebuild_quests (res://MainGame.gd:2214)
   GDScript backtrace (most recent call first):
       [0] _rebuild_quests (res://MainGame.gd:2214)
       [1] _refresh_all (res://MainGame.gd:688)
       [2] _prepare_deterministic_tap (res://V2021VisualRuntimeQa.gd:307)
       [3] _wait_render_stable (res://V2021VisualRuntimeQa.gd:358)
SCRIPT ERROR: Invalid call. Nonexistent function 'refresh_progression_state' in base 'GDScript'.
   at: _refresh_progression_p0 (res://MainGame.gd:2903)
   GDScript backtrace (most recent call first):
       [0] _refresh_progression_p0 (res://MainGame.gd:2903)
       [1] _refresh_all (res://MainGame.gd:696)
       [2] _prepare_deterministic_tap (res://V2021VisualRuntimeQa.gd:307)
       [3] _wait_render_stable (res://V2021VisualRuntimeQa.gd:358)
SCRIPT ERROR: Invalid call. Nonexistent function 'refresh_shop_state' in base 'GDScript'.
   at: _refresh_shop_p0 (res://MainGame.gd:2810)
   GDScript backtrace (most recent call first):
       [0] _refresh_shop_p0 (res://MainGame.gd:2810)
       [1] _refresh_all (res://MainGame.gd:697)
       [2] _prepare_deterministic_tap (res://V2021VisualRuntimeQa.gd:307)
       [3] _wait_render_stable (res://V2021VisualRuntimeQa.gd:358)
SCRIPT ERROR: Invalid call. Nonexistent function 'refresh_afk_state' in base 'GDScript'.
   at: _refresh_afk_p0 (res://MainGame.gd:2910)
   GDScript backtrace (most recent call first):
       [0] _refresh_afk_p0 (res://MainGame.gd:2910)
       [1] _refresh_all (res://MainGame.gd:698)
       [2] _prepare_deterministic_tap (res://V2021VisualRuntimeQa.gd:307)
       [3] _wait_render_stable (res://V2021VisualRuntimeQa.gd:358)
SCRIPT ERROR: Invalid call. Nonexistent function 'refresh_home_loop_state' in base 'GDScript'.
   at: _update_monster_ui (res://MainGame.gd:1219)
   GDScript backtrace (most recent call first):
       [0] _update_monster_ui (res://MainGame.gd:1219)
       [1] damage_monster (res://PlayerData.gd:94)
       [2] _on_monster_pressed (res://MainGame.gd:1311)
       [3] _run_smoke_flow (res://V2021VisualRuntimeQa.gd:126)
       [4] _capture (res://V2021VisualRuntimeQa.gd:406)
       [5] _grab_viewport_image (res://V2021VisualRuntimeQa.gd:426)
SCRIPT ERROR: Invalid call. Nonexistent function 'style_objective_header' in base 'GDScript'.
   at: _add_objective_header_v152 (res://MainGame.gd:2166)
   GDScript backtrace (most recent call first):
       [0] _add_objective_header_v152 (res://MainGame.gd:2166)
       [1] _rebuild_quests (res://MainGame.gd:2205)
       [2] add_progress (res://QuestSystem.gd:35)
       [3] _on_monster_pressed (res://MainGame.gd:1313)
       [4] _run_smoke_flow (res://V2021VisualRuntimeQa.gd:126)
       [5] _capture (res://V2021VisualRuntimeQa.gd:406)
       [6] _grab_viewport_image (res://V2021VisualRuntimeQa.gd:426)
SCRIPT ERROR: Invalid call. Nonexistent function 'objective_icon_role' in base 'GDScript'.
   at: _add_objective_row_v152 (res://MainGame.gd:2181)
   GDScript backtrace (most recent call first):
       [0] _add_objective_row_v152 (res://MainGame.gd:2181)
       [1] _rebuild_quests (res://MainGame.gd:2206)
       [2] add_progress (res://QuestSystem.gd:35)
       [3] _on_monster_pressed (res://MainGame.gd:1313)
       [4] _run_smoke_flow (res://V2021VisualRuntimeQa.gd:126)
       [5] _capture (res://V2021VisualRuntimeQa.gd:406)
       [6] _grab_viewport_image (res://V2021VisualRuntimeQa.gd:426)
SCRIPT ERROR: Invalid call. Nonexistent function 'objective_icon_role' in base 'GDScript'.
   at: _add_objective_row_v152 (res://MainGame.gd:2181)
   GDScript backtrace (most recent call first):
       [0] _add_objective_row_v152 (res://MainGame.gd:2181)
       [1] _rebuild_quests (res://MainGame.gd:2206)
       [2] add_progress (res://QuestSystem.gd:35)
       [3] _on_monster_pressed (res://MainGame.gd:1313)
       [4] _run_smoke_flow (res://V2021VisualRuntimeQa.gd:126)
       [5] _capture (res://V2021VisualRuntimeQa.gd:406)
       [6] _grab_viewport_image (res://V2021VisualRuntimeQa.gd:426)
SCRIPT ERROR: Invalid call. Nonexistent function 'objective_icon_role' in base 'GDScript'.
   at: _add_objective_row_v152 (res://MainGame.gd:2181)
   GDScript backtrace (most recent call first):
       [0] _add_objective_row_v152 (res://MainGame.gd:2181)
       [1] _rebuild_quests (res://MainGame.gd:2206)
       [2] add_progress (res://QuestSystem.gd:35)
       [3] _on_monster_pressed (res://MainGame.gd:1313)
       [4] _run_smoke_flow (res://V2021VisualRuntimeQa.gd:126)
       [5] _capture (res://V2021VisualRuntimeQa.gd:406)
       [6] _grab_viewport_image (res://V2021VisualRuntimeQa.gd:426)
SCRIPT ERROR: Invalid call. Nonexistent function 'style_objective_header' in base 'GDScript'.
   at: _add_objective_header_v152 (res://MainGame.gd:2166)
   GDScript backtrace (most recent call first):
       [0] _add_objective_header_v152 (res://MainGame.gd:2166)
       [1] _rebuild_quests (res://MainGame.gd:2205)
       [2] add_progress (res://QuestSystem.gd:35)
       [3] _on_monster_pressed (res://MainGame.gd:1313)
       [4] _run_smoke_flow (res://V2021VisualRuntimeQa.gd:126)
       [5] _capture (res://V2021VisualRuntimeQa.gd:406)
       [6] _grab_viewport_image (res://V2021VisualRuntimeQa.gd:426)
SCRIPT ERROR: Invalid call. Nonexistent function 'objective_icon_role' in base 'GDScript'.
   at: _add_objective_row_v152 (res://MainGame.gd:2181)
   GDScript backtrace (most recent call first):
       [0] _add_objective_row_v152 (res://MainGame.gd:2181)
       [1] _rebuild_quests (res://MainGame.gd:2206)
       [2] add_progress (res://QuestSystem.gd:35)
       [3] _on_monster_pressed (res://MainGame.gd:1313)
       [4] _run_smoke_flow (res://V2021VisualRuntimeQa.gd:126)
       [5] _capture (res://V2021VisualRuntimeQa.gd:406)
       [6] _grab_viewport_image (res://V2021VisualRuntimeQa.gd:426)
SCRIPT ERROR: Invalid call. Nonexistent function 'objective_icon_role' in base 'GDScript'.
   at: _add_objective_row_v152 (res://MainGame.gd:2181)
   GDScript backtrace (most recent call first):
       [0] _add_objective_row_v152 (res://MainGame.gd:2181)
       [1] _rebuild_quests (res://MainGame.gd:2206)
       [2] add_progress (res://QuestSystem.gd:35)
       [3] _on_monster_pressed (res://MainGame.gd:1313)
       [4] _run_smoke_flow (res://V2021VisualRuntimeQa.gd:126)
       [5] _capture (res://V2021VisualRuntimeQa.gd:406)
       [6] _grab_viewport_image (res://V2021VisualRuntimeQa.gd:426)
SCRIPT ERROR: Invalid call. Nonexistent function 'objective_icon_role' in base 'GDScript'.
   at: _add_objective_row_v152 (res://MainGame.gd:2181)
   GDScript backtrace (most recent call first):
       [0] _add_objective_row_v152 (res://MainGame.gd:2181)
       [1] _rebuild_quests (res://MainGame.gd:2206)
       [2] add_progress (res://QuestSystem.gd:35)
       [3] _on_monster_pressed (res://MainGame.gd:1313)
       [4] _run_smoke_flow (res://V2021VisualRuntimeQa.gd:126)
       [5] _capture (res://V2021VisualRuntimeQa.gd:406)
       [6] _grab_viewport_image (res://V2021VisualRuntimeQa.gd:426)
SCRIPT ERROR: Invalid call. Nonexistent function 'style_objective_header' in base 'GDScript'.
   at: _add_objective_header_v152 (res://MainGame.gd:2166)
   GDScript backtrace (most recent call first):
       [0] _add_objective_header_v152 (res://MainGame.gd:2166)
       [1] _rebuild_quests (res://MainGame.gd:2205)
       [2] add_progress (res://QuestSystem.gd:35)
       [3] _on_monster_pressed (res://MainGame.gd:1313)
       [4] _run_smoke_flow (res://V2021VisualRuntimeQa.gd:126)
       [5] _capture (res://V2021VisualRuntimeQa.gd:406)
       [6] _grab_viewport_image (res://V2021VisualRuntimeQa.gd:426)
SCRIPT ERROR: Invalid call. Nonexistent function 'objective_icon_role' in base 'GDScript'.
   at: _add_objective_row_v152 (res://MainGame.gd:2181)
   GDScript backtrace (most recent call first):
       [0] _add_objective_row_v152 (res://MainGame.gd:2181)
       [1] _rebuild_quests (res://MainGame.gd:2206)
       [2] add_progress (res://QuestSystem.gd:35)
       [3] _on_monster_pressed (res://MainGame.gd:1313)
       [4] _run_smoke_flow (res://V2021VisualRuntimeQa.gd:126)
       [5] _capture (res://V2021VisualRuntimeQa.gd:406)
       [6] _grab_viewport_image (res://V2021VisualRuntimeQa.gd:426)
SCRIPT ERROR: Invalid call. Nonexistent function 'objective_icon_role' in base 'GDScript'.
   at: _add_objective_row_v152 (res://MainGame.gd:2181)
   GDScript backtrace (most recent call first):
       [0] _add_objective_row_v152 (res://MainGame.gd:2181)
       [1] _rebuild_quests (res://MainGame.gd:2206)
       [2] add_progress (res://QuestSystem.gd:35)
       [3] _on_monster_pressed (res://MainGame.gd:1313)
       [4] _run_smoke_flow (res://V2021VisualRuntimeQa.gd:126)
       [5] _capture (res://V2021VisualRuntimeQa.gd:406)
       [6] _grab_viewport_image (res://V2021VisualRuntimeQa.gd:426)
SCRIPT ERROR: Invalid call. Nonexistent function 'objective_icon_role' in base 'GDScript'.
   at: _add_objective_row_v152 (res://MainGame.gd:2181)
   GDScript backtrace (most recent call first):
       [0] _add_objective_row_v152 (res://MainGame.gd:2181)
       [1] _rebuild_quests (res://MainGame.gd:2206)
       [2] add_progress (res://QuestSystem.gd:35)
       [3] _on_monster_pressed (res://MainGame.gd:1313)
       [4] _run_smoke_flow (res://V2021VisualRuntimeQa.gd:126)
       [5] _capture (res://V2021VisualRuntimeQa.gd:406)
       [6] _grab_viewport_image (res://V2021VisualRuntimeQa.gd:426)
SCRIPT ERROR: Invalid call. Nonexistent function 'objective_icon_role' in base 'GDScript'.
   at: _add_objective_row_v152 (res://MainGame.gd:2181)
   GDScript backtrace (most recent call first):
       [0] _add_objective_row_v152 (res://MainGame.gd:2181)
       [1] _rebuild_quests (res://MainGame.gd:2206)
       [2] add_progress (res://QuestSystem.gd:35)
       [3] _on_monster_pressed (res://MainGame.gd:1313)
       [4] _run_smoke_flow (res://V2021VisualRuntimeQa.gd:126)
       [5] _capture (res://V2021VisualRuntimeQa.gd:406)
       [6] _grab_viewport_image (res://V2021VisualRuntimeQa.gd:426)
SCRIPT ERROR: Invalid call. Nonexistent function 'objective_icon_role' in base 'GDScript'.
   at: _add_objective_row_v152 (res://MainGame.gd:2181)
   GDScript backtrace (most recent call first):
       [0] _add_objective_row_v152 (res://MainGame.gd:2181)
       [1] _rebuild_quests (res://MainGame.gd:2206)
       [2] add_progress (res://QuestSystem.gd:35)
       [3] _on_monster_pressed (res://MainGame.gd:1313)
       [4] _run_smoke_flow (res://V2021VisualRuntimeQa.gd:126)
       [5] _capture (res://V2021VisualRuntimeQa.gd:406)
       [6] _grab_viewport_image (res://V2021VisualRuntimeQa.gd:426)
SCRIPT ERROR: Invalid call. Nonexistent function 'style_objective_header' in base 'GDScript'.
   at: _add_objective_header_v152 (res://MainGame.gd:2166)
   GDScript backtrace (most recent call first):
       [0] _add_objective_header_v152 (res://MainGame.gd:2166)
       [1] _rebuild_quests (res://MainGame.gd:2207)
       [2] add_progress (res://QuestSystem.gd:35)
       [3] _on_monster_pressed (res://MainGame.gd:1313)
       [4] _run_smoke_flow (res://V2021VisualRuntimeQa.gd:126)
       [5] _capture (res://V2021VisualRuntimeQa.gd:406)
       [6] _grab_viewport_image (res://V2021VisualRuntimeQa.gd:426)
SCRIPT ERROR: Invalid call. Nonexistent function 'objective_icon_role' in base 'GDScript'.
   at: _rebuild_quests (res://MainGame.gd:2214)
   GDScript backtrace (most recent call first):
       [0] _rebuild_quests (res://MainGame.gd:2214)
       [1] add_progress (res://QuestSystem.gd:35)
       [2] _on_monster_pressed (res://MainGame.gd:1313)
       [3] _run_smoke_flow (res://V2021VisualRuntimeQa.gd:126)
       [4] _capture (res://V2021VisualRuntimeQa.gd:406)
       [5] _grab_viewport_image (res://V2021VisualRuntimeQa.gd:426)
[CORE_ANALYTICS] {"event":"wheel_open","payload":{},"time_unix":1789104324.132}
SCRIPT ERROR: Invalid call. Nonexistent function 'set_primary_nav_state' in base 'GDScript'.
   at: _switch_view (res://MainGame.gd:1298)
   GDScript backtrace (most recent call first):
       [0] _switch_view (res://MainGame.gd:1298)
       [1] _open_core_view (res://MainGame.gd:3024)
       [2] <anonymous lambda> (res://MainGame.gd:433)
       [3] _press_button (res://V2021VisualRuntimeQa.gd:480)
       [4] _press_nav (res://V2021VisualRuntimeQa.gd:475)
       [5] _run_smoke_flow (res://V2021VisualRuntimeQa.gd:130)
       [6] _capture (res://V2021VisualRuntimeQa.gd:406)
       [7] _grab_viewport_image (res://V2021VisualRuntimeQa.gd:426)
[VisualRuntimeQa] regression
SCRIPT ERROR: Invalid call. Nonexistent function 'refresh_home_loop_state' in base 'GDScript'.
   at: _update_monster_ui (res://MainGame.gd:1219)
   GDScript backtrace (most recent call first):
       [0] _update_monster_ui (res://MainGame.gd:1219)
       [1] _refresh_all (res://MainGame.gd:675)
       [2] @shields_setter (res://PlayerData.gd:14)
       [3] _reset_shared_state (res://P0TestHarness.gd:64)
       [4] apply_profile (res://P0TestHarness.gd:33)
       [5] _run_regression_suite (res://V2021VisualRuntimeQa.gd:268)
       [6] _run_acceptance (res://V2021VisualRuntimeQa.gd:109)
       [7] _run_smoke_flow (res://V2021VisualRuntimeQa.gd:137)
       [8] _capture (res://V2021VisualRuntimeQa.gd:406)
       [9] _grab_viewport_image (res://V2021VisualRuntimeQa.gd:426)
SCRIPT ERROR: Invalid call. Nonexistent function 'refresh_village_loop_state' in base 'GDScript'.
   at: _refresh_p0_village (res://MainGame.gd:2410)
   GDScript backtrace (most recent call first):
       [0] _refresh_p0_village (res://MainGame.gd:2410)
       [1] _refresh_all (res://MainGame.gd:680)
       [2] @shields_setter (res://PlayerData.gd:14)
       [3] _reset_shared_state (res://P0TestHarness.gd:64)
       [4] apply_profile (res://P0TestHarness.gd:33)
       [5] _run_regression_suite (res://V2021VisualRuntimeQa.gd:268)
       [6] _run_acceptance (res://V2021VisualRuntimeQa.gd:109)
       [7] _run_smoke_flow (res://V2021VisualRuntimeQa.gd:137)
       [8] _capture (res://V2021VisualRuntimeQa.gd:406)
       [9] _grab_viewport_image (res://V2021VisualRuntimeQa.gd:426)
SCRIPT ERROR: Invalid call. Nonexistent function 'refresh_reward_session_state' in base 'GDScript'.
   at: _refresh_meta_ui (res://MainGame.gd:1004)
   GDScript backtrace (most recent call first):
       [0] _refresh_meta_ui (res://MainGame.gd:1004)
       [1] _refresh_all (res://MainGame.gd:683)
       [2] @shields_setter (res://PlayerData.gd:14)
       [3] _reset_shared_state (res://P0TestHarness.gd:64)
       [4] apply_profile (res://P0TestHarness.gd:33)
       [5] _run_regression_suite (res://V2021VisualRuntimeQa.gd:268)
       [6] _run_acceptance (res://V2021VisualRuntimeQa.gd:109)
       [7] _run_smoke_flow (res://V2021VisualRuntimeQa.gd:137)
       [8] _capture (res://V2021VisualRuntimeQa.gd:406)
       [9] _grab_viewport_image (res://V2021VisualRuntimeQa.gd:426)
SCRIPT ERROR: Invalid call. Nonexistent function 'style_objective_header' in base 'GDScript'.
   at: _add_objective_header_v152 (res://MainGame.gd:2166)
   GDScript backtrace (most recent call first):
       [0] _add_objective_header_v152 (res://MainGame.gd:2166)
       [1] _rebuild_quests (res://MainGame.gd:2205)
       [2] _refresh_all (res://MainGame.gd:688)
       [3] @shields_setter (res://PlayerData.gd:14)
       [4] _reset_shared_state (res://P0TestHarness.gd:64)
       [5] apply_profile (res://P0TestHarness.gd:33)
       [6] _run_regression_suite (res://V2021VisualRuntimeQa.gd:268)
       [7] _run_acceptance (res://V2021VisualRuntimeQa.gd:109)
       [8] _run_smoke_flow (res://V2021VisualRuntimeQa.gd:137)
       [9] _capture (res://V2021VisualRuntimeQa.gd:406)
       [10] _grab_viewport_image (res://V2021VisualRuntimeQa.gd:426)
SCRIPT ERROR: Invalid call. Nonexistent function 'objective_icon_role' in base 'GDScript'.
   at: _add_objective_row_v152 (res://MainGame.gd:2181)
   GDScript backtrace (most recent call first):
       [0] _add_objective_row_v152 (res://MainGame.gd:2181)
       [1] _rebuild_quests (res://MainGame.gd:2206)
       [2] _refresh_all (res://MainGame.gd:688)
       [3] @shields_setter (res://PlayerData.gd:14)
       [4] _reset_shared_state (res://P0TestHarness.gd:64)
       [5] apply_profile (res://P0TestHarness.gd:33)
       [6] _run_regression_suite (res://V2021VisualRuntimeQa.gd:268)
       [7] _run_acceptance (res://V2021VisualRuntimeQa.gd:109)
       [8] _run_smoke_flow (res://V2021VisualRuntimeQa.gd:137)
       [9] _capture (res://V2021VisualRuntimeQa.gd:406)
       [10] _grab_viewport_image (res://V2021VisualRuntimeQa.gd:426)
SCRIPT ERROR: Invalid call. Nonexistent function 'objective_icon_role' in base 'GDScript'.
   at: _add_objective_row_v152 (res://MainGame.gd:2181)
   GDScript backtrace (most recent call first):
       [0] _add_objective_row_v152 (res://MainGame.gd:2181)
       [1] _rebuild_quests (res://MainGame.gd:2206)
       [2] _refresh_all (res://MainGame.gd:688)
       [3] @shields_setter (res://PlayerData.gd:14)
       [4] _reset_shared_state (res://P0TestHarness.gd:64)
       [5] apply_profile (res://P0TestHarness.gd:33)
       [6] _run_regression_suite (res://V2021VisualRuntimeQa.gd:268)
       [7] _run_acceptance (res://V2021VisualRuntimeQa.gd:109)
       [8] _run_smoke_flow (res://V2021VisualRuntimeQa.gd:137)
       [9] _capture (res://V2021VisualRuntimeQa.gd:406)
       [10] _grab_viewport_image (res://V2021VisualRuntimeQa.gd:426)
SCRIPT ERROR: Invalid call. Nonexistent function 'objective_icon_role' in base 'GDScript'.
   at: _add_objective_row_v152 (res://MainGame.gd:2181)
   GDScript backtrace (most recent call first):
       [0] _add_objective_row_v152 (res://MainGame.gd:2181)
       [1] _rebuild_quests (res://MainGame.gd:2206)
       [2] _refresh_all (res://MainGame.gd:688)
       [3] @shields_setter (res://PlayerData.gd:14)
       [4] _reset_shared_state (res://P0TestHarness.gd:64)
       [5] apply_profile (res://P0TestHarness.gd:33)
       [6] _run_regression_suite (res://V2021VisualRuntimeQa.gd:268)
       [7] _run_acceptance (res://V2021VisualRuntimeQa.gd:109)
       [8] _run_smoke_flow (res://V2021VisualRuntimeQa.gd:137)
       [9] _capture (res://V2021VisualRuntimeQa.gd:406)
       [10] _grab_viewport_image (res://V2021VisualRuntimeQa.gd:426)
SCRIPT ERROR: Invalid call. Nonexistent function 'style_objective_header' in base 'GDScript'.
   at: _add_objective_header_v152 (res://MainGame.gd:2166)
   GDScript backtrace (most recent call first):
       [0] _add_objective_header_v152 (res://MainGame.gd:2166)
       [1] _rebuild_quests (res://MainGame.gd:2205)
       [2] _refresh_all (res://MainGame.gd:688)
       [3] @shields_setter (res://PlayerData.gd:14)
       [4] _reset_shared_state (res://P0TestHarness.gd:64)
       [5] apply_profile (res://P0TestHarness.gd:33)
       [6] _run_regression_suite (res://V2021VisualRuntimeQa.gd:268)
       [7] _run_acceptance (res://V2021VisualRuntimeQa.gd:109)
       [8] _run_smoke_flow (res://V2021VisualRuntimeQa.gd:137)
       [9] _capture (res://V2021VisualRuntimeQa.gd:406)
       [10] _grab_viewport_image (res://V2021VisualRuntimeQa.gd:426)
SCRIPT ERROR: Invalid call. Nonexistent function 'objective_icon_role' in base 'GDScript'.
   at: _add_objective_row_v152 (res://MainGame.gd:2181)
   GDScript backtrace (most recent call first):
       [0] _add_objective_row_v152 (res://MainGame.gd:2181)
       [1] _rebuild_quests (res://MainGame.gd:2206)
       [2] _refresh_all (res://MainGame.gd:688)
       [3] @shields_setter (res://PlayerData.gd:14)
       [4] _reset_shared_state (res://P0TestHarness.gd:64)
       [5] apply_profile (res://P0TestHarness.gd:33)
       [6] _run_regression_suite (res://V2021VisualRuntimeQa.gd:268)
       [7] _run_acceptance (res://V2021VisualRuntimeQa.gd:109)
       [8] _run_smoke_flow (res://V2021VisualRuntimeQa.gd:137)
       [9] _capture (res://V2021VisualRuntimeQa.gd:406)
       [10] _grab_viewport_image (res://V2021VisualRuntimeQa.gd:426)
SCRIPT ERROR: Invalid call. Nonexistent function 'objective_icon_role' in base 'GDScript'.
   at: _add_objective_row_v152 (res://MainGame.gd:2181)
   GDScript backtrace (most recent call first):
       [0] _add_objective_row_v152 (res://MainGame.gd:2181)
       [1] _rebuild_quests (res://MainGame.gd:2206)
       [2] _refresh_all (res://MainGame.gd:688)
       [3] @shields_setter (res://PlayerData.gd:14)
       [4] _reset_shared_state (res://P0TestHarness.gd:64)
       [5] apply_profile (res://P0TestHarness.gd:33)
       [6] _run_regression_suite (res://V2021VisualRuntimeQa.gd:268)
       [7] _run_acceptance (res://V2021VisualRuntimeQa.gd:109)
       [8] _run_smoke_flow (res://V2021VisualRuntimeQa.gd:137)
       [9] _capture (res://V2021VisualRuntimeQa.gd:406)
       [10] _grab_viewport_image (res://V2021VisualRuntimeQa.gd:426)
SCRIPT ERROR: Invalid call. Nonexistent function 'objective_icon_role' in base 'GDScript'.
   at: _add_objective_row_v152 (res://MainGame.gd:2181)
   GDScript backtrace (most recent call first):
       [0] _add_objective_row_v152 (res://MainGame.gd:2181)
       [1] _rebuild_quests (res://MainGame.gd:2206)
       [2] _refresh_all (res://MainGame.gd:688)
       [3] @shields_setter (res://PlayerData.gd:14)
       [4] _reset_shared_state (res://P0TestHarness.gd:64)
       [5] apply_profile (res://P0TestHarness.gd:33)
       [6] _run_regression_suite (res://V2021VisualRuntimeQa.gd:268)
       [7] _run_acceptance (res://V2021VisualRuntimeQa.gd:109)
       [8] _run_smoke_flow (res://V2021VisualRuntimeQa.gd:137)
       [9] _capture (res://V2021VisualRuntimeQa.gd:406)
       [10] _grab_viewport_image (res://V2021VisualRuntimeQa.gd:426)
SCRIPT ERROR: Invalid call. Nonexistent function 'style_objective_header' in base 'GDScript'.
   at: _add_objective_header_v152 (res://MainGame.gd:2166)
   GDScript backtrace (most recent call first):
       [0] _add_objective_header_v152 (res://MainGame.gd:2166)
       [1] _rebuild_quests (res://MainGame.gd:2205)
       [2] _refresh_all (res://MainGame.gd:688)
       [3] @shields_setter (res://PlayerData.gd:14)
       [4] _reset_shared_state (res://P0TestHarness.gd:64)
       [5] apply_profile (res://P0TestHarness.gd:33)
       [6] _run_regression_suite (res://V2021VisualRuntimeQa.gd:268)
       [7] _run_acceptance (res://V2021VisualRuntimeQa.gd:109)
       [8] _run_smoke_flow (res://V2021VisualRuntimeQa.gd:137)
       [9] _capture (res://V2021VisualRuntimeQa.gd:406)
       [10] _grab_viewport_image (res://V2021VisualRuntimeQa.gd:426)
SCRIPT ERROR: Invalid call. Nonexistent function 'objective_icon_role' in base 'GDScript'.
   at: _add_objective_row_v152 (res://MainGame.gd:2181)
   GDScript backtrace (most recent call first):
       [0] _add_objective_row_v152 (res://MainGame.gd:2181)
       [1] _rebuild_quests (res://MainGame.gd:2206)
       [2] _refresh_all (res://MainGame.gd:688)
       [3] @shields_setter (res://PlayerData.gd:14)
       [4] _reset_shared_state (res://P0TestHarness.gd:64)
       [5] apply_profile (res://P0TestHarness.gd:33)
       [6] _run_regression_suite (res://V2021VisualRuntimeQa.gd:268)
       [7] _run_acceptance (res://V2021VisualRuntimeQa.gd:109)
       [8] _run_smoke_flow (res://V2021VisualRuntimeQa.gd:137)
       [9] _capture (res://V2021VisualRuntimeQa.gd:406)
       [10] _grab_viewport_image (res://V2021VisualRuntimeQa.gd:426)
SCRIPT ERROR: Invalid call. Nonexistent function 'objective_icon_role' in base 'GDScript'.
   at: _add_objective_row_v152 (res://MainGame.gd:2181)
   GDScript backtrace (most recent call first):
       [0] _add_objective_row_v152 (res://MainGame.gd:2181)
       [1] _rebuild_quests (res://MainGame.gd:2206)
       [2] _refresh_all (res://MainGame.gd:688)
       [3] @shields_setter (res://PlayerData.gd:14)
       [4] _reset_shared_state (res://P0TestHarness.gd:64)
       [5] apply_profile (res://P0TestHarness.gd:33)
       [6] _run_regression_suite (res://V2021VisualRuntimeQa.gd:268)
       [7] _run_acceptance (res://V2021VisualRuntimeQa.gd:109)
       [8] _run_smoke_flow (res://V2021VisualRuntimeQa.gd:137)
       [9] _capture (res://V2021VisualRuntimeQa.gd:406)
       [10] _grab_viewport_image (res://V2021VisualRuntimeQa.gd:426)
SCRIPT ERROR: Invalid call. Nonexistent function 'objective_icon_role' in base 'GDScript'.
   at: _add_objective_row_v152 (res://MainGame.gd:2181)
   GDScript backtrace (most recent call first):
       [0] _add_objective_row_v152 (res://MainGame.gd:2181)
       [1] _rebuild_quests (res://MainGame.gd:2206)
       [2] _refresh_all (res://MainGame.gd:688)
       [3] @shields_setter (res://PlayerData.gd:14)
       [4] _reset_shared_state (res://P0TestHarness.gd:64)
       [5] apply_profile (res://P0TestHarness.gd:33)
       [6] _run_regression_suite (res://V2021VisualRuntimeQa.gd:268)
       [7] _run_acceptance (res://V2021VisualRuntimeQa.gd:109)
       [8] _run_smoke_flow (res://V2021VisualRuntimeQa.gd:137)
       [9] _capture (res://V2021VisualRuntimeQa.gd:406)
       [10] _grab_viewport_image (res://V2021VisualRuntimeQa.gd:426)
SCRIPT ERROR: Invalid call. Nonexistent function 'objective_icon_role' in base 'GDScript'.
   at: _add_objective_row_v152 (res://MainGame.gd:2181)
   GDScript backtrace (most recent call first):
       [0] _add_objective_row_v152 (res://MainGame.gd:2181)
       [1] _rebuild_quests (res://MainGame.gd:2206)
       [2] _refresh_all (res://MainGame.gd:688)
       [3] @shields_setter (res://PlayerData.gd:14)
       [4] _reset_shared_state (res://P0TestHarness.gd:64)
       [5] apply_profile (res://P0TestHarness.gd:33)
       [6] _run_regression_suite (res://V2021VisualRuntimeQa.gd:268)
       [7] _run_acceptance (res://V2021VisualRuntimeQa.gd:109)
       [8] _run_smoke_flow (res://V2021VisualRuntimeQa.gd:137)
       [9] _capture (res://V2021VisualRuntimeQa.gd:406)
       [10] _grab_viewport_image (res://V2021VisualRuntimeQa.gd:426)
SCRIPT ERROR: Invalid call. Nonexistent function 'objective_icon_role' in base 'GDScript'.
   at: _add_objective_row_v152 (res://MainGame.gd:2181)
   GDScript backtrace (most recent call first):
       [0] _add_objective_row_v152 (res://MainGame.gd:2181)
       [1] _rebuild_quests (res://MainGame.gd:2206)
       [2] _refresh_all (res://MainGame.gd:688)
       [3] @shields_setter (res://PlayerData.gd:14)
       [4] _reset_shared_state (res://P0TestHarness.gd:64)
       [5] apply_profile (res://P0TestHarness.gd:33)
       [6] _run_regression_suite (res://V2021VisualRuntimeQa.gd:268)
       [7] _run_acceptance (res://V2021VisualRuntimeQa.gd:109)
       [8] _run_smoke_flow (res://V2021VisualRuntimeQa.gd:137)
       [9] _capture (res://V2021VisualRuntimeQa.gd:406)
       [10] _grab_viewport_image (res://V2021VisualRuntimeQa.gd:426)
SCRIPT ERROR: Invalid call. Nonexistent function 'style_objective_header' in base 'GDScript'.
   at: _add_objective_header_v152 (res://MainGame.gd:2166)
   GDScript backtrace (most recent call first):
       [0] _add_objective_header_v152 (res://MainGame.gd:2166)
       [1] _rebuild_quests (res://MainGame.gd:2207)
       [2] _refresh_all (res://MainGame.gd:688)
       [3] @shields_setter (res://PlayerData.gd:14)
       [4] _reset_shared_state (res://P0TestHarness.gd:64)
       [5] apply_profile (res://P0TestHarness.gd:33)
       [6] _run_regression_suite (res://V2021VisualRuntimeQa.gd:268)
       [7] _run_acceptance (res://V2021VisualRuntimeQa.gd:109)
       [8] _run_smoke_flow (res://V2021VisualRuntimeQa.gd:137)
       [9] _capture (res://V2021VisualRuntimeQa.gd:406)
       [10] _grab_viewport_image (res://V2021VisualRuntimeQa.gd:426)
SCRIPT ERROR: Invalid call. Nonexistent function 'objective_icon_role' in base 'GDScript'.
   at: _rebuild_quests (res://MainGame.gd:2214)
   GDScript backtrace (most recent call first):
       [0] _rebuild_quests (res://MainGame.gd:2214)
       [1] _refresh_all (res://MainGame.gd:688)
       [2] @shields_setter (res://PlayerData.gd:14)
       [3] _reset_shared_state (res://P0TestHarness.gd:64)
       [4] apply_profile (res://P0TestHarness.gd:33)
       [5] _run_regression_suite (res://V2021VisualRuntimeQa.gd:268)
       [6] _run_acceptance (res://V2021VisualRuntimeQa.gd:109)
       [7] _run_smoke_flow (res://V2021VisualRuntimeQa.gd:137)
       [8] _capture (res://V2021VisualRuntimeQa.gd:406)
       [9] _grab_viewport_image (res://V2021VisualRuntimeQa.gd:426)
SCRIPT ERROR: Invalid call. Nonexistent function 'refresh_progression_state' in base 'GDScript'.
   at: _refresh_progression_p0 (res://MainGame.gd:2903)
   GDScript backtrace (most recent call first):
       [0] _refresh_progression_p0 (res://MainGame.gd:2903)
       [1] _refresh_all (res://MainGame.gd:696)
       [2] @shields_setter (res://PlayerData.gd:14)
       [3] _reset_shared_state (res://P0TestHarness.gd:64)
       [4] apply_profile (res://P0TestHarness.gd:33)
       [5] _run_regression_suite (res://V2021VisualRuntimeQa.gd:268)
       [6] _run_acceptance (res://V2021VisualRuntimeQa.gd:109)
       [7] _run_smoke_flow (res://V2021VisualRuntimeQa.gd:137)
       [8] _capture (res://V2021VisualRuntimeQa.gd:406)
       [9] _grab_viewport_image (res://V2021VisualRuntimeQa.gd:426)
SCRIPT ERROR: Invalid call. Nonexistent function 'refresh_shop_state' in base 'GDScript'.
   at: _refresh_shop_p0 (res://MainGame.gd:2810)
   GDScript backtrace (most recent call first):
       [0] _refresh_shop_p0 (res://MainGame.gd:2810)
       [1] _refresh_all (res://MainGame.gd:697)
       [2] @shields_setter (res://PlayerData.gd:14)
       [3] _reset_shared_state (res://P0TestHarness.gd:64)
       [4] apply_profile (res://P0TestHarness.gd:33)
       [5] _run_regression_suite (res://V2021VisualRuntimeQa.gd:268)
       [6] _run_acceptance (res://V2021VisualRuntimeQa.gd:109)
       [7] _run_smoke_flow (res://V2021VisualRuntimeQa.gd:137)
       [8] _capture (res://V2021VisualRuntimeQa.gd:406)
       [9] _grab_viewport_image (res://V2021VisualRuntimeQa.gd:426)
SCRIPT ERROR: Invalid call. Nonexistent function 'refresh_afk_state' in base 'GDScript'.
   at: _refresh_afk_p0 (res://MainGame.gd:2910)
   GDScript backtrace (most recent call first):
       [0] _refresh_afk_p0 (res://MainGame.gd:2910)
       [1] _refresh_all (res://MainGame.gd:698)
       [2] @shields_setter (res://PlayerData.gd:14)
       [3] _reset_shared_state (res://P0TestHarness.gd:64)
       [4] apply_profile (res://P0TestHarness.gd:33)
       [5] _run_regression_suite (res://V2021VisualRuntimeQa.gd:268)
       [6] _run_acceptance (res://V2021VisualRuntimeQa.gd:109)
       [7] _run_smoke_flow (res://V2021VisualRuntimeQa.gd:137)
       [8] _capture (res://V2021VisualRuntimeQa.gd:406)
       [9] _grab_viewport_image (res://V2021VisualRuntimeQa.gd:426)
SCRIPT ERROR: Invalid call. Nonexistent function 'refresh_home_loop_state' in base 'GDScript'.
   at: _update_monster_ui (res://MainGame.gd:1219)
   GDScript backtrace (most recent call first):
       [0] _update_monster_ui (res://MainGame.gd:1219)
       [1] _refresh_all (res://MainGame.gd:675)
       [2] _reset_shared_state (res://P0TestHarness.gd:81)
       [3] apply_profile (res://P0TestHarness.gd:33)
       [4] _run_regression_suite (res://V2021VisualRuntimeQa.gd:268)
       [5] _run_acceptance (res://V2021VisualRuntimeQa.gd:109)
       [6] _run_smoke_flow (res://V2021VisualRuntimeQa.gd:137)
       [7] _capture (res://V2021VisualRuntimeQa.gd:406)
       [8] _grab_viewport_image (res://V2021VisualRuntimeQa.gd:426)
SCRIPT ERROR: Invalid call. Nonexistent function 'refresh_village_loop_state' in base 'GDScript'.
   at: _refresh_p0_village (res://MainGame.gd:2410)
   GDScript backtrace (most recent call first):
       [0] _refresh_p0_village (res://MainGame.gd:2410)
       [1] _refresh_all (res://MainGame.gd:680)
       [2] _reset_shared_state (res://P0TestHarness.gd:81)
       [3] apply_profile (res://P0TestHarness.gd:33)
       [4] _run_regression_suite (res://V2021VisualRuntimeQa.gd:268)
       [5] _run_acceptance (res://V2021VisualRuntimeQa.gd:109)
       [6] _run_smoke_flow (res://V2021VisualRuntimeQa.gd:137)
       [7] _capture (res://V2021VisualRuntimeQa.gd:406)
       [8] _grab_viewport_image (res://V2021VisualRuntimeQa.gd:426)
SCRIPT ERROR: Invalid call. Nonexistent function 'refresh_reward_session_state' in base 'GDScript'.
   at: _refresh_meta_ui (res://MainGame.gd:1004)
   GDScript backtrace (most recent call first):
       [0] _refresh_meta_ui (res://MainGame.gd:1004)
       [1] _refresh_all (res://MainGame.gd:683)
       [2] _reset_shared_state (res://P0TestHarness.gd:81)
       [3] apply_profile (res://P0TestHarness.gd:33)
       [4] _run_regression_suite (res://V2021VisualRuntimeQa.gd:268)
       [5] _run_acceptance (res://V2021VisualRuntimeQa.gd:109)
       [6] _run_smoke_flow (res://V2021VisualRuntimeQa.gd:137)
       [7] _capture (res://V2021VisualRuntimeQa.gd:406)
       [8] _grab_viewport_image (res://V2021VisualRuntimeQa.gd:426)
SCRIPT ERROR: Invalid call. Nonexistent function 'style_objective_header' in base 'GDScript'.
   at: _add_objective_header_v152 (res://MainGame.gd:2166)
   GDScript backtrace (most recent call first):
       [0] _add_objective_header_v152 (res://MainGame.gd:2166)
       [1] _rebuild_quests (res://MainGame.gd:2205)
       [2] _refresh_all (res://MainGame.gd:688)
       [3] _reset_shared_state (res://P0TestHarness.gd:81)
       [4] apply_profile (res://P0TestHarness.gd:33)
       [5] _run_regression_suite (res://V2021VisualRuntimeQa.gd:268)
       [6] _run_acceptance (res://V2021VisualRuntimeQa.gd:109)
       [7] _run_smoke_flow (res://V2021VisualRuntimeQa.gd:137)
       [8] _capture (res://V2021VisualRuntimeQa.gd:406)
       [9] _grab_viewport_image (res://V2021VisualRuntimeQa.gd:426)
SCRIPT ERROR: Invalid call. Nonexistent function 'objective_icon_role' in base 'GDScript'.
   at: _add_objective_row_v152 (res://MainGame.gd:2181)
   GDScript backtrace (most recent call first):
       [0] _add_objective_row_v152 (res://MainGame.gd:2181)
       [1] _rebuild_quests (res://MainGame.gd:2206)
       [2] _refresh_all (res://MainGame.gd:688)
       [3] _reset_shared_state (res://P0TestHarness.gd:81)
       [4] apply_profile (res://P0TestHarness.gd:33)
       [5] _run_regression_suite (res://V2021VisualRuntimeQa.gd:268)
       [6] _run_acceptance (res://V2021VisualRuntimeQa.gd:109)
       [7] _run_smoke_flow (res://V2021VisualRuntimeQa.gd:137)
       [8] _capture (res://V2021VisualRuntimeQa.gd:406)
       [9] _grab_viewport_image (res://V2021VisualRuntimeQa.gd:426)
SCRIPT ERROR: Invalid call. Nonexistent function 'objective_icon_role' in base 'GDScript'.
   at: _add_objective_row_v152 (res://MainGame.gd:2181)
   GDScript backtrace (most recent call first):
       [0] _add_objective_row_v152 (res://MainGame.gd:2181)
       [1] _rebuild_quests (res://MainGame.gd:2206)
       [2] _refresh_all (res://MainGame.gd:688)
       [3] _reset_shared_state (res://P0TestHarness.gd:81)
       [4] apply_profile (res://P0TestHarness.gd:33)
       [5] _run_regression_suite (res://V2021VisualRuntimeQa.gd:268)
       [6] _run_acceptance (res://V2021VisualRuntimeQa.gd:109)
       [7] _run_smoke_flow (res://V2021VisualRuntimeQa.gd:137)
       [8] _capture (res://V2021VisualRuntimeQa.gd:406)
       [9] _grab_viewport_image (res://V2021VisualRuntimeQa.gd:426)
SCRIPT ERROR: Invalid call. Nonexistent function 'objective_icon_role' in base 'GDScript'.
   at: _add_objective_row_v152 (res://MainGame.gd:2181)
   GDScript backtrace (most recent call first):
       [0] _add_objective_row_v152 (res://MainGame.gd:2181)
       [1] _rebuild_quests (res://MainGame.gd:2206)
       [2] _refresh_all (res://MainGame.gd:688)
       [3] _reset_shared_state (res://P0TestHarness.gd:81)
       [4] apply_profile (res://P0TestHarness.gd:33)
       [5] _run_regression_suite (res://V2021VisualRuntimeQa.gd:268)
       [6] _run_acceptance (res://V2021VisualRuntimeQa.gd:109)
       [7] _run_smoke_flow (res://V2021VisualRuntimeQa.gd:137)
       [8] _capture (res://V2021VisualRuntimeQa.gd:406)
       [9] _grab_viewport_image (res://V2021VisualRuntimeQa.gd:426)
SCRIPT ERROR: Invalid call. Nonexistent function 'style_objective_header' in base 'GDScript'.
   at: _add_objective_header_v152 (res://MainGame.gd:2166)
   GDScript backtrace (most recent call first):
       [0] _add_objective_header_v152 (res://MainGame.gd:2166)
       [1] _rebuild_quests (res://MainGame.gd:2205)
       [2] _refresh_all (res://MainGame.gd:688)
       [3] _reset_shared_state (res://P0TestHarness.gd:81)
       [4] apply_profile (res://P0TestHarness.gd:33)
       [5] _run_regression_suite (res://V2021VisualRuntimeQa.gd:268)
       [6] _run_acceptance (res://V2021VisualRuntimeQa.gd:109)
       [7] _run_smoke_flow (res://V2021VisualRuntimeQa.gd:137)
       [8] _capture (res://V2021VisualRuntimeQa.gd:406)
       [9] _grab_viewport_image (res://V2021VisualRuntimeQa.gd:426)
SCRIPT ERROR: Invalid call. Nonexistent function 'objective_icon_role' in base 'GDScript'.
   at: _add_objective_row_v152 (res://MainGame.gd:2181)
   GDScript backtrace (most recent call first):
       [0] _add_objective_row_v152 (res://MainGame.gd:2181)
       [1] _rebuild_quests (res://MainGame.gd:2206)
       [2] _refresh_all (res://MainGame.gd:688)
       [3] _reset_shared_state (res://P0TestHarness.gd:81)
       [4] apply_profile (res://P0TestHarness.gd:33)
       [5] _run_regression_suite (res://V2021VisualRuntimeQa.gd:268)
       [6] _run_acceptance (res://V2021VisualRuntimeQa.gd:109)
       [7] _run_smoke_flow (res://V2021VisualRuntimeQa.gd:137)
       [8] _capture (res://V2021VisualRuntimeQa.gd:406)
       [9] _grab_viewport_image (res://V2021VisualRuntimeQa.gd:426)
SCRIPT ERROR: Invalid call. Nonexistent function 'objective_icon_role' in base 'GDScript'.
   at: _add_objective_row_v152 (res://MainGame.gd:2181)
   GDScript backtrace (most recent call first):
       [0] _add_objective_row_v152 (res://MainGame.gd:2181)
       [1] _rebuild_quests (res://MainGame.gd:2206)
       [2] _refresh_all (res://MainGame.gd:688)
       [3] _reset_shared_state (res://P0TestHarness.gd:81)
       [4] apply_profile (res://P0TestHarness.gd:33)
       [5] _run_regression_suite (res://V2021VisualRuntimeQa.gd:268)
       [6] _run_acceptance (res://V2021VisualRuntimeQa.gd:109)
       [7] _run_smoke_flow (res://V2021VisualRuntimeQa.gd:137)
       [8] _capture (res://V2021VisualRuntimeQa.gd:406)
       [9] _grab_viewport_image (res://V2021VisualRuntimeQa.gd:426)
SCRIPT ERROR: Invalid call. Nonexistent function 'objective_icon_role' in base 'GDScript'.
   at: _add_objective_row_v152 (res://MainGame.gd:2181)
   GDScript backtrace (most recent call first):
       [0] _add_objective_row_v152 (res://MainGame.gd:2181)
       [1] _rebuild_quests (res://MainGame.gd:2206)
       [2] _refresh_all (res://MainGame.gd:688)
       [3] _reset_shared_state (res://P0TestHarness.gd:81)
       [4] apply_profile (res://P0TestHarness.gd:33)
       [5] _run_regression_suite (res://V2021VisualRuntimeQa.gd:268)
       [6] _run_acceptance (res://V2021VisualRuntimeQa.gd:109)
       [7] _run_smoke_flow (res://V2021VisualRuntimeQa.gd:137)
       [8] _capture (res://V2021VisualRuntimeQa.gd:406)
       [9] _grab_viewport_image (res://V2021VisualRuntimeQa.gd:426)
SCRIPT ERROR: Invalid call. Nonexistent function 'style_objective_header' in base 'GDScript'.
   at: _add_objective_header_v152 (res://MainGame.gd:2166)
   GDScript backtrace (most recent call first):
       [0] _add_objective_header_v152 (res://MainGame.gd:2166)
       [1] _rebuild_quests (res://MainGame.gd:2205)
       [2] _refresh_all (res://MainGame.gd:688)
       [3] _reset_shared_state (res://P0TestHarness.gd:81)
       [4] apply_profile (res://P0TestHarness.gd:33)
       [5] _run_regression_suite (res://V2021VisualRuntimeQa.gd:268)
       [6] _run_acceptance (res://V2021VisualRuntimeQa.gd:109)
       [7] _run_smoke_flow (res://V2021VisualRuntimeQa.gd:137)
       [8] _capture (res://V2021VisualRuntimeQa.gd:406)
       [9] _grab_viewport_image (res://V2021VisualRuntimeQa.gd:426)
SCRIPT ERROR: Invalid call. Nonexistent function 'objective_icon_role' in base 'GDScript'.
   at: _add_objective_row_v152 (res://MainGame.gd:2181)
   GDScript backtrace (most recent call first):
       [0] _add_objective_row_v152 (res://MainGame.gd:2181)
       [1] _rebuild_quests (res://MainGame.gd:2206)
       [2] _refresh_all (res://MainGame.gd:688)
       [3] _reset_shared_state (res://P0TestHarness.gd:81)
       [4] apply_profile (res://P0TestHarness.gd:33)
       [5] _run_regression_suite (res://V2021VisualRuntimeQa.gd:268)
       [6] _run_acceptance (res://V2021VisualRuntimeQa.gd:109)
       [7] _run_smoke_flow (res://V2021VisualRuntimeQa.gd:137)
       [8] _capture (res://V2021VisualRuntimeQa.gd:406)
       [9] _grab_viewport_image (res://V2021VisualRuntimeQa.gd:426)
SCRIPT ERROR: Invalid call. Nonexistent function 'objective_icon_role' in base 'GDScript'.
   at: _add_objective_row_v152 (res://MainGame.gd:2181)
   GDScript backtrace (most recent call first):
       [0] _add_objective_row_v152 (res://MainGame.gd:2181)
       [1] _rebuild_quests (res://MainGame.gd:2206)
       [2] _refresh_all (res://MainGame.gd:688)
       [3] _reset_shared_state (res://P0TestHarness.gd:81)
       [4] apply_profile (res://P0TestHarness.gd:33)
       [5] _run_regression_suite (res://V2021VisualRuntimeQa.gd:268)
       [6] _run_acceptance (res://V2021VisualRuntimeQa.gd:109)
       [7] _run_smoke_flow (res://V2021VisualRuntimeQa.gd:137)
       [8] _capture (res://V2021VisualRuntimeQa.gd:406)
       [9] _grab_viewport_image (res://V2021VisualRuntimeQa.gd:426)
SCRIPT ERROR: Invalid call. Nonexistent function 'objective_icon_role' in base 'GDScript'.
   at: _add_objective_row_v152 (res://MainGame.gd:2181)
   GDScript backtrace (most recent call first):
       [0] _add_objective_row_v152 (res://MainGame.gd:2181)
       [1] _rebuild_quests (res://MainGame.gd:2206)
       [2] _refresh_all (res://MainGame.gd:688)
       [3] _reset_shared_state (res://P0TestHarness.gd:81)
       [4] apply_profile (res://P0TestHarness.gd:33)
       [5] _run_regression_suite (res://V2021VisualRuntimeQa.gd:268)
       [6] _run_acceptance (res://V2021VisualRuntimeQa.gd:109)
       [7] _run_smoke_flow (res://V2021VisualRuntimeQa.gd:137)
       [8] _capture (res://V2021VisualRuntimeQa.gd:406)
       [9] _grab_viewport_image (res://V2021VisualRuntimeQa.gd:426)
SCRIPT ERROR: Invalid call. Nonexistent function 'objective_icon_role' in base 'GDScript'.
   at: _add_objective_row_v152 (res://MainGame.gd:2181)
   GDScript backtrace (most recent call first):
       [0] _add_objective_row_v152 (res://MainGame.gd:2181)
       [1] _rebuild_quests (res://MainGame.gd:2206)
       [2] _refresh_all (res://MainGame.gd:688)
       [3] _reset_shared_state (res://P0TestHarness.gd:81)
       [4] apply_profile (res://P0TestHarness.gd:33)
       [5] _run_regression_suite (res://V2021VisualRuntimeQa.gd:268)
       [6] _run_acceptance (res://V2021VisualRuntimeQa.gd:109)
       [7] _run_smoke_flow (res://V2021VisualRuntimeQa.gd:137)
       [8] _capture (res://V2021VisualRuntimeQa.gd:406)
       [9] _grab_viewport_image (res://V2021VisualRuntimeQa.gd:426)
SCRIPT ERROR: Invalid call. Nonexistent function 'objective_icon_role' in base 'GDScript'.
   at: _add_objective_row_v152 (res://MainGame.gd:2181)
   GDScript backtrace (most recent call first):
       [0] _add_objective_row_v152 (res://MainGame.gd:2181)
       [1] _rebuild_quests (res://MainGame.gd:2206)
       [2] _refresh_all (res://MainGame.gd:688)
       [3] _reset_shared_state (res://P0TestHarness.gd:81)
       [4] apply_profile (res://P0TestHarness.gd:33)
       [5] _run_regression_suite (res://V2021VisualRuntimeQa.gd:268)
       [6] _run_acceptance (res://V2021VisualRuntimeQa.gd:109)
       [7] _run_smoke_flow (res://V2021VisualRuntimeQa.gd:137)
       [8] _capture (res://V2021VisualRuntimeQa.gd:406)
       [9] _grab_viewport_image (res://V2021VisualRuntimeQa.gd:426)
SCRIPT ERROR: Invalid call. Nonexistent function 'style_objective_header' in base 'GDScript'.
   at: _add_objective_header_v152 (res://MainGame.gd:2166)
   GDScript backtrace (most recent call first):
       [0] _add_objective_header_v152 (res://MainGame.gd:2166)
       [1] _rebuild_quests (res://MainGame.gd:2207)
       [2] _refresh_all (res://MainGame.gd:688)
       [3] _reset_shared_state (res://P0TestHarness.gd:81)
       [4] apply_profile (res://P0TestHarness.gd:33)
       [5] _run_regression_suite (res://V2021VisualRuntimeQa.gd:268)
       [6] _run_acceptance (res://V2021VisualRuntimeQa.gd:109)
       [7] _run_smoke_flow (res://V2021VisualRuntimeQa.gd:137)
       [8] _capture (res://V2021VisualRuntimeQa.gd:406)
       [9] _grab_viewport_image (res://V2021VisualRuntimeQa.gd:426)
SCRIPT ERROR: Invalid call. Nonexistent function 'objective_icon_role' in base 'GDScript'.
   at: _rebuild_quests (res://MainGame.gd:2214)
   GDScript backtrace (most recent call first):
       [0] _rebuild_quests (res://MainGame.gd:2214)
       [1] _refresh_all (res://MainGame.gd:688)
       [2] _reset_shared_state (res://P0TestHarness.gd:81)
       [3] apply_profile (res://P0TestHarness.gd:33)
       [4] _run_regression_suite (res://V2021VisualRuntimeQa.gd:268)
       [5] _run_acceptance (res://V2021VisualRuntimeQa.gd:109)
       [6] _run_smoke_flow (res://V2021VisualRuntimeQa.gd:137)
       [7] _capture (res://V2021VisualRuntimeQa.gd:406)
       [8] _grab_viewport_image (res://V2021VisualRuntimeQa.gd:426)
SCRIPT ERROR: Invalid call. Nonexistent function 'refresh_progression_state' in base 'GDScript'.
   at: _refresh_progression_p0 (res://MainGame.gd:2903)
   GDScript backtrace (most recent call first):
       [0] _refresh_progression_p0 (res://MainGame.gd:2903)
       [1] _refresh_all (res://MainGame.gd:696)
       [2] _reset_shared_state (res://P0TestHarness.gd:81)
       [3] apply_profile (res://P0TestHarness.gd:33)
       [4] _run_regression_suite (res://V2021VisualRuntimeQa.gd:268)
       [5] _run_acceptance (res://V2021VisualRuntimeQa.gd:109)
       [6] _run_smoke_flow (res://V2021VisualRuntimeQa.gd:137)
       [7] _capture (res://V2021VisualRuntimeQa.gd:406)
       [8] _grab_viewport_image (res://V2021VisualRuntimeQa.gd:426)
SCRIPT ERROR: Invalid call. Nonexistent function 'refresh_shop_state' in base 'GDScript'.
   at: _refresh_shop_p0 (res://MainGame.gd:2810)
   GDScript backtrace (most recent call first):
       [0] _refresh_shop_p0 (res://MainGame.gd:2810)
       [1] _refresh_all (res://MainGame.gd:697)
       [2] _reset_shared_state (res://P0TestHarness.gd:81)
       [3] apply_profile (res://P0TestHarness.gd:33)
       [4] _run_regression_suite (res://V2021VisualRuntimeQa.gd:268)
       [5] _run_acceptance (res://V2021VisualRuntimeQa.gd:109)
       [6] _run_smoke_flow (res://V2021VisualRuntimeQa.gd:137)
       [7] _capture (res://V2021VisualRuntimeQa.gd:406)
       [8] _grab_viewport_image (res://V2021VisualRuntimeQa.gd:426)
SCRIPT ERROR: Invalid call. Nonexistent function 'refresh_afk_state' in base 'GDScript'.
   at: _refresh_afk_p0 (res://MainGame.gd:2910)
   GDScript backtrace (most recent call first):
       [0] _refresh_afk_p0 (res://MainGame.gd:2910)
       [1] _refresh_all (res://MainGame.gd:698)
       [2] _reset_shared_state (res://P0TestHarness.gd:81)
       [3] apply_profile (res://P0TestHarness.gd:33)
       [4] _run_regression_suite (res://V2021VisualRuntimeQa.gd:268)
       [5] _run_acceptance (res://V2021VisualRuntimeQa.gd:109)
       [6] _run_smoke_flow (res://V2021VisualRuntimeQa.gd:137)
       [7] _capture (res://V2021VisualRuntimeQa.gd:406)
       [8] _grab_viewport_image (res://V2021VisualRuntimeQa.gd:426)
SCRIPT ERROR: Invalid call. Nonexistent function 'refresh_home_loop_state' in base 'GDScript'.
   at: _update_monster_ui (res://MainGame.gd:1219)
   GDScript backtrace (most recent call first):
       [0] _update_monster_ui (res://MainGame.gd:1219)
       [1] _reset_shared_state (res://P0TestHarness.gd:82)
       [2] apply_profile (res://P0TestHarness.gd:33)
       [3] _run_regression_suite (res://V2021VisualRuntimeQa.gd:268)
       [4] _run_acceptance (res://V2021VisualRuntimeQa.gd:109)
       [5] _run_smoke_flow (res://V2021VisualRuntimeQa.gd:137)
       [6] _capture (res://V2021VisualRuntimeQa.gd:406)
       [7] _grab_viewport_image (res://V2021VisualRuntimeQa.gd:426)
SCRIPT ERROR: Invalid call. Nonexistent function 'refresh_home_loop_state' in base 'GDScript'.
   at: _update_monster_ui (res://MainGame.gd:1219)
   GDScript backtrace (most recent call first):
       [0] _update_monster_ui (res://MainGame.gd:1219)
       [1] _refresh_all (res://MainGame.gd:675)
       [2] _reset_shared_state (res://P0TestHarness.gd:83)
       [3] apply_profile (res://P0TestHarness.gd:33)
       [4] _run_regression_suite (res://V2021VisualRuntimeQa.gd:268)
       [5] _run_acceptance (res://V2021VisualRuntimeQa.gd:109)
       [6] _run_smoke_flow (res://V2021VisualRuntimeQa.gd:137)
       [7] _capture (res://V2021VisualRuntimeQa.gd:406)
       [8] _grab_viewport_image (res://V2021VisualRuntimeQa.gd:426)
SCRIPT ERROR: Invalid call. Nonexistent function 'refresh_village_loop_state' in base 'GDScript'.
   at: _refresh_p0_village (res://MainGame.gd:2410)
   GDScript backtrace (most recent call first):
       [0] _refresh_p0_village (res://MainGame.gd:2410)
       [1] _refresh_all (res://MainGame.gd:680)
       [2] _reset_shared_state (res://P0TestHarness.gd:83)
       [3] apply_profile (res://P0TestHarness.gd:33)
       [4] _run_regression_suite (res://V2021VisualRuntimeQa.gd:268)
       [5] _run_acceptance (res://V2021VisualRuntimeQa.gd:109)
       [6] _run_smoke_flow (res://V2021VisualRuntimeQa.gd:137)
       [7] _capture (res://V2021VisualRuntimeQa.gd:406)
       [8] _grab_viewport_image (res://V2021VisualRuntimeQa.gd:426)
SCRIPT ERROR: Invalid call. Nonexistent function 'refresh_reward_session_state' in base 'GDScript'.
   at: _refresh_meta_ui (res://MainGame.gd:1004)
   GDScript backtrace (most recent call first):
       [0] _refresh_meta_ui (res://MainGame.gd:1004)
       [1] _refresh_all (res://MainGame.gd:683)
       [2] _reset_shared_state (res://P0TestHarness.gd:83)
       [3] apply_profile (res://P0TestHarness.gd:33)
       [4] _run_regression_suite (res://V2021VisualRuntimeQa.gd:268)
       [5] _run_acceptance (res://V2021VisualRuntimeQa.gd:109)
       [6] _run_smoke_flow (res://V2021VisualRuntimeQa.gd:137)
       [7] _capture (res://V2021VisualRuntimeQa.gd:406)
       [8] _grab_viewport_image (res://V2021VisualRuntimeQa.gd:426)
SCRIPT ERROR: Invalid call. Nonexistent function 'style_objective_header' in base 'GDScript'.
   at: _add_objective_header_v152 (res://MainGame.gd:2166)
   GDScript backtrace (most recent call first):
       [0] _add_objective_header_v152 (res://MainGame.gd:2166)
       [1] _rebuild_quests (res://MainGame.gd:2205)
       [2] _refresh_all (res://MainGame.gd:688)
       [3] _reset_shared_state (res://P0TestHarness.gd:83)
       [4] apply_profile (res://P0TestHarness.gd:33)
       [5] _run_regression_suite (res://V2021VisualRuntimeQa.gd:268)
       [6] _run_acceptance (res://V2021VisualRuntimeQa.gd:109)
       [7] _run_smoke_flow (res://V2021VisualRuntimeQa.gd:137)
       [8] _capture (res://V2021VisualRuntimeQa.gd:406)
       [9] _grab_viewport_image (res://V2021VisualRuntimeQa.gd:426)
SCRIPT ERROR: Invalid call. Nonexistent function 'objective_icon_role' in base 'GDScript'.
   at: _add_objective_row_v152 (res://MainGame.gd:2181)
   GDScript backtrace (most recent call first):
       [0] _add_objective_row_v152 (res://MainGame.gd:2181)
       [1] _rebuild_quests (res://MainGame.gd:2206)
       [2] _refresh_all (res://MainGame.gd:688)
       [3] _reset_shared_state (res://P0TestHarness.gd:83)
       [4] apply_profile (res://P0TestHarness.gd:33)
       [5] _run_regression_suite (res://V2021VisualRuntimeQa.gd:268)
       [6] _run_acceptance (res://V2021VisualRuntimeQa.gd:109)
       [7] _run_smoke_flow (res://V2021VisualRuntimeQa.gd:137)
       [8] _capture (res://V2021VisualRuntimeQa.gd:406)
       [9] _grab_viewport_image (res://V2021VisualRuntimeQa.gd:426)
SCRIPT ERROR: Invalid call. Nonexistent function 'objective_icon_role' in base 'GDScript'.
   at: _add_objective_row_v152 (res://MainGame.gd:2181)
   GDScript backtrace (most recent call first):
       [0] _add_objective_row_v152 (res://MainGame.gd:2181)
       [1] _rebuild_quests (res://MainGame.gd:2206)
       [2] _refresh_all (res://MainGame.gd:688)
       [3] _reset_shared_state (res://P0TestHarness.gd:83)
       [4] apply_profile (res://P0TestHarness.gd:33)
       [5] _run_regression_suite (res://V2021VisualRuntimeQa.gd:268)
       [6] _run_acceptance (res://V2021VisualRuntimeQa.gd:109)
       [7] _run_smoke_flow (res://V2021VisualRuntimeQa.gd:137)
       [8] _capture (res://V2021VisualRuntimeQa.gd:406)
       [9] _grab_viewport_image (res://V2021VisualRuntimeQa.gd:426)
SCRIPT ERROR: Invalid call. Nonexistent function 'objective_icon_role' in base 'GDScript'.
   at: _add_objective_row_v152 (res://MainGame.gd:2181)
   GDScript backtrace (most recent call first):
       [0] _add_objective_row_v152 (res://MainGame.gd:2181)
       [1] _rebuild_quests (res://MainGame.gd:2206)
       [2] _refresh_all (res://MainGame.gd:688)
       [3] _reset_shared_state (res://P0TestHarness.gd:83)
       [4] apply_profile (res://P0TestHarness.gd:33)
       [5] _run_regression_suite (res://V2021VisualRuntimeQa.gd:268)
       [6] _run_acceptance (res://V2021VisualRuntimeQa.gd:109)
       [7] _run_smoke_flow (res://V2021VisualRuntimeQa.gd:137)
       [8] _capture (res://V2021VisualRuntimeQa.gd:406)
       [9] _grab_viewport_image (res://V2021VisualRuntimeQa.gd:426)
SCRIPT ERROR: Invalid call. Nonexistent function 'style_objective_header' in base 'GDScript'.
   at: _add_objective_header_v152 (res://MainGame.gd:2166)
   GDScript backtrace (most recent call first):
       [0] _add_objective_header_v152 (res://MainGame.gd:2166)
       [1] _rebuild_quests (res://MainGame.gd:2205)
       [2] _refresh_all (res://MainGame.gd:688)
       [3] _reset_shared_state (res://P0TestHarness.gd:83)
       [4] apply_profile (res://P0TestHarness.gd:33)
       [5] _run_regression_suite (res://V2021VisualRuntimeQa.gd:268)
       [6] _run_acceptance (res://V2021VisualRuntimeQa.gd:109)
       [7] _run_smoke_flow (res://V2021VisualRuntimeQa.gd:137)
       [8] _capture (res://V2021VisualRuntimeQa.gd:406)
       [9] _grab_viewport_image (res://V2021VisualRuntimeQa.gd:426)
SCRIPT ERROR: Invalid call. Nonexistent function 'objective_icon_role' in base 'GDScript'.
   at: _add_objective_row_v152 (res://MainGame.gd:2181)
   GDScript backtrace (most recent call first):
       [0] _add_objective_row_v152 (res://MainGame.gd:2181)
       [1] _rebuild_quests (res://MainGame.gd:2206)
       [2] _refresh_all (res://MainGame.gd:688)
       [3] _reset_shared_state (res://P0TestHarness.gd:83)
       [4] apply_profile (res://P0TestHarness.gd:33)
       [5] _run_regression_suite (res://V2021VisualRuntimeQa.gd:268)
       [6] _run_acceptance (res://V2021VisualRuntimeQa.gd:109)
       [7] _run_smoke_flow (res://V2021VisualRuntimeQa.gd:137)
       [8] _capture (res://V2021VisualRuntimeQa.gd:406)
       [9] _grab_viewport_image (res://V2021VisualRuntimeQa.gd:426)
SCRIPT ERROR: Invalid call. Nonexistent function 'objective_icon_role' in base 'GDScript'.
   at: _add_objective_row_v152 (res://MainGame.gd:2181)
   GDScript backtrace (most recent call first):
       [0] _add_objective_row_v152 (res://MainGame.gd:2181)
       [1] _rebuild_quests (res://MainGame.gd:2206)
       [2] _refresh_all (res://MainGame.gd:688)
       [3] _reset_shared_state (res://P0TestHarness.gd:83)
       [4] apply_profile (res://P0TestHarness.gd:33)
       [5] _run_regression_suite (res://V2021VisualRuntimeQa.gd:268)
       [6] _run_acceptance (res://V2021VisualRuntimeQa.gd:109)
       [7] _run_smoke_flow (res://V2021VisualRuntimeQa.gd:137)
       [8] _capture (res://V2021VisualRuntimeQa.gd:406)
       [9] _grab_viewport_image (res://V2021VisualRuntimeQa.gd:426)
SCRIPT ERROR: Invalid call. Nonexistent function 'objective_icon_role' in base 'GDScript'.
   at: _add_objective_row_v152 (res://MainGame.gd:2181)
   GDScript backtrace (most recent call first):
       [0] _add_objective_row_v152 (res://MainGame.gd:2181)
       [1] _rebuild_quests (res://MainGame.gd:2206)
       [2] _refresh_all (res://MainGame.gd:688)
       [3] _reset_shared_state (res://P0TestHarness.gd:83)
       [4] apply_profile (res://P0TestHarness.gd:33)
       [5] _run_regression_suite (res://V2021VisualRuntimeQa.gd:268)
       [6] _run_acceptance (res://V2021VisualRuntimeQa.gd:109)
       [7] _run_smoke_flow (res://V2021VisualRuntimeQa.gd:137)
       [8] _capture (res://V2021VisualRuntimeQa.gd:406)
       [9] _grab_viewport_image (res://V2021VisualRuntimeQa.gd:426)
SCRIPT ERROR: Invalid call. Nonexistent function 'style_objective_header' in base 'GDScript'.
   at: _add_objective_header_v152 (res://MainGame.gd:2166)
   GDScript backtrace (most recent call first):
       [0] _add_objective_header_v152 (res://MainGame.gd:2166)
       [1] _rebuild_quests (res://MainGame.gd:2205)
       [2] _refresh_all (res://MainGame.gd:688)
       [3] _reset_shared_state (res://P0TestHarness.gd:83)
       [4] apply_profile (res://P0TestHarness.gd:33)
       [5] _run_regression_suite (res://V2021VisualRuntimeQa.gd:268)
       [6] _run_acceptance (res://V2021VisualRuntimeQa.gd:109)
       [7] _run_smoke_flow (res://V2021VisualRuntimeQa.gd:137)
       [8] _capture (res://V2021VisualRuntimeQa.gd:406)
       [9] _grab_viewport_image (res://V2021VisualRuntimeQa.gd:426)
SCRIPT ERROR: Invalid call. Nonexistent function 'objective_icon_role' in base 'GDScript'.
   at: _add_objective_row_v152 (res://MainGame.gd:2181)
   GDScript backtrace (most recent call first):
       [0] _add_objective_row_v152 (res://MainGame.gd:2181)
       [1] _rebuild_quests (res://MainGame.gd:2206)
       [2] _refresh_all (res://MainGame.gd:688)
       [3] _reset_shared_state (res://P0TestHarness.gd:83)
       [4] apply_profile (res://P0TestHarness.gd:33)
       [5] _run_regression_suite (res://V2021VisualRuntimeQa.gd:268)
       [6] _run_acceptance (res://V2021VisualRuntimeQa.gd:109)
       [7] _run_smoke_flow (res://V2021VisualRuntimeQa.gd:137)
       [8] _capture (res://V2021VisualRuntimeQa.gd:406)
       [9] _grab_viewport_image (res://V2021VisualRuntimeQa.gd:426)
SCRIPT ERROR: Invalid call. Nonexistent function 'objective_icon_role' in base 'GDScript'.
   at: _add_objective_row_v152 (res://MainGame.gd:2181)
   GDScript backtrace (most recent call first):
       [0] _add_objective_row_v152 (res://MainGame.gd:2181)
       [1] _rebuild_quests (res://MainGame.gd:2206)
       [2] _refresh_all (res://MainGame.gd:688)
       [3] _reset_shared_state (res://P0TestHarness.gd:83)
       [4] apply_profile (res://P0TestHarness.gd:33)
       [5] _run_regression_suite (res://V2021VisualRuntimeQa.gd:268)
       [6] _run_acceptance (res://V2021VisualRuntimeQa.gd:109)
       [7] _run_smoke_flow (res://V2021VisualRuntimeQa.gd:137)
       [8] _capture (res://V2021VisualRuntimeQa.gd:406)
       [9] _grab_viewport_image (res://V2021VisualRuntimeQa.gd:426)
SCRIPT ERROR: Invalid call. Nonexistent function 'objective_icon_role' in base 'GDScript'.
   at: _add_objective_row_v152 (res://MainGame.gd:2181)
   GDScript backtrace (most recent call first):
       [0] _add_objective_row_v152 (res://MainGame.gd:2181)
       [1] _rebuild_quests (res://MainGame.gd:2206)
       [2] _refresh_all (res://MainGame.gd:688)
       [3] _reset_shared_state (res://P0TestHarness.gd:83)
       [4] apply_profile (res://P0TestHarness.gd:33)
       [5] _run_regression_suite (res://V2021VisualRuntimeQa.gd:268)
       [6] _run_acceptance (res://V2021VisualRuntimeQa.gd:109)
       [7] _run_smoke_flow (res://V2021VisualRuntimeQa.gd:137)
       [8] _capture (res://V2021VisualRuntimeQa.gd:406)
       [9] _grab_viewport_image (res://V2021VisualRuntimeQa.gd:426)
SCRIPT ERROR: Invalid call. Nonexistent function 'objective_icon_role' in base 'GDScript'.
   at: _add_objective_row_v152 (res://MainGame.gd:2181)
   GDScript backtrace (most recent call first):
       [0] _add_objective_row_v152 (res://MainGame.gd:2181)
       [1] _rebuild_quests (res://MainGame.gd:2206)
       [2] _refresh_all (res://MainGame.gd:688)
       [3] _reset_shared_state (res://P0TestHarness.gd:83)
       [4] apply_profile (res://P0TestHarness.gd:33)
       [5] _run_regression_suite (res://V2021VisualRuntimeQa.gd:268)
       [6] _run_acceptance (res://V2021VisualRuntimeQa.gd:109)
       [7] _run_smoke_flow (res://V2021VisualRuntimeQa.gd:137)
       [8] _capture (res://V2021VisualRuntimeQa.gd:406)
       [9] _grab_viewport_image (res://V2021VisualRuntimeQa.gd:426)
SCRIPT ERROR: Invalid call. Nonexistent function 'objective_icon_role' in base 'GDScript'.
   at: _add_objective_row_v152 (res://MainGame.gd:2181)
   GDScript backtrace (most recent call first):
       [0] _add_objective_row_v152 (res://MainGame.gd:2181)
       [1] _rebuild_quests (res://MainGame.gd:2206)
       [2] _refresh_all (res://MainGame.gd:688)
       [3] _reset_shared_state (res://P0TestHarness.gd:83)
       [4] apply_profile (res://P0TestHarness.gd:33)
       [5] _run_regression_suite (res://V2021VisualRuntimeQa.gd:268)
       [6] _run_acceptance (res://V2021VisualRuntimeQa.gd:109)
       [7] _run_smoke_flow (res://V2021VisualRuntimeQa.gd:137)
       [8] _capture (res://V2021VisualRuntimeQa.gd:406)
       [9] _grab_viewport_image (res://V2021VisualRuntimeQa.gd:426)
SCRIPT ERROR: Invalid call. Nonexistent function 'style_objective_header' in base 'GDScript'.
   at: _add_objective_header_v152 (res://MainGame.gd:2166)
   GDScript backtrace (most recent call first):
       [0] _add_objective_header_v152 (res://MainGame.gd:2166)
       [1] _rebuild_quests (res://MainGame.gd:2207)
       [2] _refresh_all (res://MainGame.gd:688)
       [3] _reset_shared_state (res://P0TestHarness.gd:83)
       [4] apply_profile (res://P0TestHarness.gd:33)
       [5] _run_regression_suite (res://V2021VisualRuntimeQa.gd:268)
       [6] _run_acceptance (res://V2021VisualRuntimeQa.gd:109)
       [7] _run_smoke_flow (res://V2021VisualRuntimeQa.gd:137)
       [8] _capture (res://V2021VisualRuntimeQa.gd:406)
       [9] _grab_viewport_image (res://V2021VisualRuntimeQa.gd:426)
SCRIPT ERROR: Invalid call. Nonexistent function 'objective_icon_role' in base 'GDScript'.
   at: _rebuild_quests (res://MainGame.gd:2214)
   GDScript backtrace (most recent call first):
       [0] _rebuild_quests (res://MainGame.gd:2214)
       [1] _refresh_all (res://MainGame.gd:688)
       [2] _reset_shared_state (res://P0TestHarness.gd:83)
       [3] apply_profile (res://P0TestHarness.gd:33)
       [4] _run_regression_suite (res://V2021VisualRuntimeQa.gd:268)
       [5] _run_acceptance (res://V2021VisualRuntimeQa.gd:109)
       [6] _run_smoke_flow (res://V2021VisualRuntimeQa.gd:137)
       [7] _capture (res://V2021VisualRuntimeQa.gd:406)
       [8] _grab_viewport_image (res://V2021VisualRuntimeQa.gd:426)
SCRIPT ERROR: Invalid call. Nonexistent function 'refresh_progression_state' in base 'GDScript'.
   at: _refresh_progression_p0 (res://MainGame.gd:2903)
   GDScript backtrace (most recent call first):
       [0] _refresh_progression_p0 (res://MainGame.gd:2903)
       [1] _refresh_all (res://MainGame.gd:696)
       [2] _reset_shared_state (res://P0TestHarness.gd:83)
       [3] apply_profile (res://P0TestHarness.gd:33)
       [4] _run_regression_suite (res://V2021VisualRuntimeQa.gd:268)
       [5] _run_acceptance (res://V2021VisualRuntimeQa.gd:109)
       [6] _run_smoke_flow (res://V2021VisualRuntimeQa.gd:137)
       [7] _capture (res://V2021VisualRuntimeQa.gd:406)
       [8] _grab_viewport_image (res://V2021VisualRuntimeQa.gd:426)
SCRIPT ERROR: Invalid call. Nonexistent function 'refresh_shop_state' in base 'GDScript'.
   at: _refresh_shop_p0 (res://MainGame.gd:2810)
   GDScript backtrace (most recent call first):
       [0] _refresh_shop_p0 (res://MainGame.gd:2810)
       [1] _refresh_all (res://MainGame.gd:697)
       [2] _reset_shared_state (res://P0TestHarness.gd:83)
       [3] apply_profile (res://P0TestHarness.gd:33)
       [4] _run_regression_suite (res://V2021VisualRuntimeQa.gd:268)
       [5] _run_acceptance (res://V2021VisualRuntimeQa.gd:109)
       [6] _run_smoke_flow (res://V2021VisualRuntimeQa.gd:137)
       [7] _capture (res://V2021VisualRuntimeQa.gd:406)
       [8] _grab_viewport_image (res://V2021VisualRuntimeQa.gd:426)
SCRIPT ERROR: Invalid call. Nonexistent function 'refresh_afk_state' in base 'GDScript'.
   at: _refresh_afk_p0 (res://MainGame.gd:2910)
   GDScript backtrace (most recent call first):
       [0] _refresh_afk_p0 (res://MainGame.gd:2910)
       [1] _refresh_all (res://MainGame.gd:698)
       [2] _reset_shared_state (res://P0TestHarness.gd:83)
       [3] apply_profile (res://P0TestHarness.gd:33)
       [4] _run_regression_suite (res://V2021VisualRuntimeQa.gd:268)
       [5] _run_acceptance (res://V2021VisualRuntimeQa.gd:109)
       [6] _run_smoke_flow (res://V2021VisualRuntimeQa.gd:137)
       [7] _capture (res://V2021VisualRuntimeQa.gd:406)
       [8] _grab_viewport_image (res://V2021VisualRuntimeQa.gd:426)
SCRIPT ERROR: Invalid call. Nonexistent function 'refresh_village_loop_state' in base 'GDScript'.
   at: _refresh_p0_village (res://MainGame.gd:2410)
   GDScript backtrace (most recent call first):
       [0] _refresh_p0_village (res://MainGame.gd:2410)
       [1] _reset_shared_state (res://P0TestHarness.gd:84)
       [2] apply_profile (res://P0TestHarness.gd:33)
       [3] _run_regression_suite (res://V2021VisualRuntimeQa.gd:268)
       [4] _run_acceptance (res://V2021VisualRuntimeQa.gd:109)
       [5] _run_smoke_flow (res://V2021VisualRuntimeQa.gd:137)
       [6] _capture (res://V2021VisualRuntimeQa.gd:406)
       [7] _grab_viewport_image (res://V2021VisualRuntimeQa.gd:426)
[CORE_ANALYTICS] {"event":"test_profile_applied","payload":{"profile":"fresh"},"time_unix":1789104325.516}
[CORE_ANALYTICS] {"event":"game_start","payload":{},"time_unix":1789104325.621}
SCRIPT ERROR: Invalid call. Nonexistent function 'refresh_home_loop_state' in base 'GDScript'.
   at: _update_monster_ui (res://MainGame.gd:1219)
   GDScript backtrace (most recent call first):
       [0] _update_monster_ui (res://MainGame.gd:1219)
       [1] _refresh_all (res://MainGame.gd:675)
       [2] @shields_setter (res://PlayerData.gd:14)
       [3] apply_save_data (res://PlayerData.gd:150)
       [4] load_game (res://SaveGame.gd:150)
       [5] _ready (res://MainGame.gd:515)
SCRIPT ERROR: Invalid call. Nonexistent function 'refresh_village_loop_state' in base 'GDScript'.
   at: _refresh_p0_village (res://MainGame.gd:2410)
   GDScript backtrace (most recent call first):
       [0] _refresh_p0_village (res://MainGame.gd:2410)
       [1] _refresh_all (res://MainGame.gd:680)
       [2] @shields_setter (res://PlayerData.gd:14)
       [3] apply_save_data (res://PlayerData.gd:150)
       [4] load_game (res://SaveGame.gd:150)
       [5] _ready (res://MainGame.gd:515)
SCRIPT ERROR: Invalid call. Nonexistent function 'refresh_reward_session_state' in base 'GDScript'.
   at: _refresh_meta_ui (res://MainGame.gd:1004)
   GDScript backtrace (most recent call first):
       [0] _refresh_meta_ui (res://MainGame.gd:1004)
       [1] _refresh_all (res://MainGame.gd:683)
       [2] @shields_setter (res://PlayerData.gd:14)
       [3] apply_save_data (res://PlayerData.gd:150)
       [4] load_game (res://SaveGame.gd:150)
       [5] _ready (res://MainGame.gd:515)
SCRIPT ERROR: Invalid call. Nonexistent function 'style_objective_header' in base 'GDScript'.
   at: _add_objective_header_v152 (res://MainGame.gd:2166)
   GDScript backtrace (most recent call first):
       [0] _add_objective_header_v152 (res://MainGame.gd:2166)
       [1] _rebuild_quests (res://MainGame.gd:2205)
       [2] _refresh_all (res://MainGame.gd:688)
       [3] @shields_setter (res://PlayerData.gd:14)
       [4] apply_save_data (res://PlayerData.gd:150)
       [5] load_game (res://SaveGame.gd:150)
       [6] _ready (res://MainGame.gd:515)
SCRIPT ERROR: Invalid call. Nonexistent function 'objective_icon_role' in base 'GDScript'.
   at: _add_objective_row_v152 (res://MainGame.gd:2181)
   GDScript backtrace (most recent call first):
       [0] _add_objective_row_v152 (res://MainGame.gd:2181)
       [1] _rebuild_quests (res://MainGame.gd:2206)
       [2] _refresh_all (res://MainGame.gd:688)
       [3] @shields_setter (res://PlayerData.gd:14)
       [4] apply_save_data (res://PlayerData.gd:150)
       [5] load_game (res://SaveGame.gd:150)
       [6] _ready (res://MainGame.gd:515)
SCRIPT ERROR: Invalid call. Nonexistent function 'objective_icon_role' in base 'GDScript'.
   at: _add_objective_row_v152 (res://MainGame.gd:2181)
   GDScript backtrace (most recent call first):
       [0] _add_objective_row_v152 (res://MainGame.gd:2181)
       [1] _rebuild_quests (res://MainGame.gd:2206)
       [2] _refresh_all (res://MainGame.gd:688)
       [3] @shields_setter (res://PlayerData.gd:14)
       [4] apply_save_data (res://PlayerData.gd:150)
       [5] load_game (res://SaveGame.gd:150)
       [6] _ready (res://MainGame.gd:515)
SCRIPT ERROR: Invalid call. Nonexistent function 'objective_icon_role' in base 'GDScript'.
   at: _add_objective_row_v152 (res://MainGame.gd:2181)
   GDScript backtrace (most recent call first):
       [0] _add_objective_row_v152 (res://MainGame.gd:2181)
       [1] _rebuild_quests (res://MainGame.gd:2206)
       [2] _refresh_all (res://MainGame.gd:688)
       [3] @shields_setter (res://PlayerData.gd:14)
       [4] apply_save_data (res://PlayerData.gd:150)
       [5] load_game (res://SaveGame.gd:150)
       [6] _ready (res://MainGame.gd:515)
SCRIPT ERROR: Invalid call. Nonexistent function 'style_objective_header' in base 'GDScript'.
   at: _add_objective_header_v152 (res://MainGame.gd:2166)
   GDScript backtrace (most recent call first):
       [0] _add_objective_header_v152 (res://MainGame.gd:2166)
       [1] _rebuild_quests (res://MainGame.gd:2205)
       [2] _refresh_all (res://MainGame.gd:688)
       [3] @shields_setter (res://PlayerData.gd:14)
       [4] apply_save_data (res://PlayerData.gd:150)
       [5] load_game (res://SaveGame.gd:150)
       [6] _ready (res://MainGame.gd:515)
SCRIPT ERROR: Invalid call. Nonexistent function 'objective_icon_role' in base 'GDScript'.
   at: _add_objective_row_v152 (res://MainGame.gd:2181)
   GDScript backtrace (most recent call first):
       [0] _add_objective_row_v152 (res://MainGame.gd:2181)
       [1] _rebuild_quests (res://MainGame.gd:2206)
       [2] _refresh_all (res://MainGame.gd:688)
       [3] @shields_setter (res://PlayerData.gd:14)
       [4] apply_save_data (res://PlayerData.gd:150)
       [5] load_game (res://SaveGame.gd:150)
       [6] _ready (res://MainGame.gd:515)
SCRIPT ERROR: Invalid call. Nonexistent function 'objective_icon_role' in base 'GDScript'.
   at: _add_objective_row_v152 (res://MainGame.gd:2181)
   GDScript backtrace (most recent call first):
       [0] _add_objective_row_v152 (res://MainGame.gd:2181)
       [1] _rebuild_quests (res://MainGame.gd:2206)
       [2] _refresh_all (res://MainGame.gd:688)
       [3] @shields_setter (res://PlayerData.gd:14)
       [4] apply_save_data (res://PlayerData.gd:150)
       [5] load_game (res://SaveGame.gd:150)
       [6] _ready (res://MainGame.gd:515)
SCRIPT ERROR: Invalid call. Nonexistent function 'objective_icon_role' in base 'GDScript'.
   at: _add_objective_row_v152 (res://MainGame.gd:2181)
   GDScript backtrace (most recent call first):
       [0] _add_objective_row_v152 (res://MainGame.gd:2181)
       [1] _rebuild_quests (res://MainGame.gd:2206)
       [2] _refresh_all (res://MainGame.gd:688)
       [3] @shields_setter (res://PlayerData.gd:14)
       [4] apply_save_data (res://PlayerData.gd:150)
       [5] load_game (res://SaveGame.gd:150)
       [6] _ready (res://MainGame.gd:515)
SCRIPT ERROR: Invalid call. Nonexistent function 'style_objective_header' in base 'GDScript'.
   at: _add_objective_header_v152 (res://MainGame.gd:2166)
   GDScript backtrace (most recent call first):
       [0] _add_objective_header_v152 (res://MainGame.gd:2166)
       [1] _rebuild_quests (res://MainGame.gd:2205)
       [2] _refresh_all (res://MainGame.gd:688)
       [3] @shields_setter (res://PlayerData.gd:14)
       [4] apply_save_data (res://PlayerData.gd:150)
       [5] load_game (res://SaveGame.gd:150)
       [6] _ready (res://MainGame.gd:515)
SCRIPT ERROR: Invalid call. Nonexistent function 'objective_icon_role' in base 'GDScript'.
   at: _add_objective_row_v152 (res://MainGame.gd:2181)
   GDScript backtrace (most recent call first):
       [0] _add_objective_row_v152 (res://MainGame.gd:2181)
       [1] _rebuild_quests (res://MainGame.gd:2206)
       [2] _refresh_all (res://MainGame.gd:688)
       [3] @shields_setter (res://PlayerData.gd:14)
       [4] apply_save_data (res://PlayerData.gd:150)
       [5] load_game (res://SaveGame.gd:150)
       [6] _ready (res://MainGame.gd:515)
SCRIPT ERROR: Invalid call. Nonexistent function 'objective_icon_role' in base 'GDScript'.
   at: _add_objective_row_v152 (res://MainGame.gd:2181)
   GDScript backtrace (most recent call first):
       [0] _add_objective_row_v152 (res://MainGame.gd:2181)
       [1] _rebuild_quests (res://MainGame.gd:2206)
       [2] _refresh_all (res://MainGame.gd:688)
       [3] @shields_setter (res://PlayerData.gd:14)
       [4] apply_save_data (res://PlayerData.gd:150)
       [5] load_game (res://SaveGame.gd:150)
       [6] _ready (res://MainGame.gd:515)
SCRIPT ERROR: Invalid call. Nonexistent function 'objective_icon_role' in base 'GDScript'.
   at: _add_objective_row_v152 (res://MainGame.gd:2181)
   GDScript backtrace (most recent call first):
       [0] _add_objective_row_v152 (res://MainGame.gd:2181)
       [1] _rebuild_quests (res://MainGame.gd:2206)
       [2] _refresh_all (res://MainGame.gd:688)
       [3] @shields_setter (res://PlayerData.gd:14)
       [4] apply_save_data (res://PlayerData.gd:150)
       [5] load_game (res://SaveGame.gd:150)
       [6] _ready (res://MainGame.gd:515)
SCRIPT ERROR: Invalid call. Nonexistent function 'objective_icon_role' in base 'GDScript'.
   at: _add_objective_row_v152 (res://MainGame.gd:2181)
   GDScript backtrace (most recent call first):
       [0] _add_objective_row_v152 (res://MainGame.gd:2181)
       [1] _rebuild_quests (res://MainGame.gd:2206)
       [2] _refresh_all (res://MainGame.gd:688)
       [3] @shields_setter (res://PlayerData.gd:14)
       [4] apply_save_data (res://PlayerData.gd:150)
       [5] load_game (res://SaveGame.gd:150)
       [6] _ready (res://MainGame.gd:515)
SCRIPT ERROR: Invalid call. Nonexistent function 'objective_icon_role' in base 'GDScript'.
   at: _add_objective_row_v152 (res://MainGame.gd:2181)
   GDScript backtrace (most recent call first):
       [0] _add_objective_row_v152 (res://MainGame.gd:2181)
       [1] _rebuild_quests (res://MainGame.gd:2206)
       [2] _refresh_all (res://MainGame.gd:688)
       [3] @shields_setter (res://PlayerData.gd:14)
       [4] apply_save_data (res://PlayerData.gd:150)
       [5] load_game (res://SaveGame.gd:150)
       [6] _ready (res://MainGame.gd:515)
SCRIPT ERROR: Invalid call. Nonexistent function 'style_objective_header' in base 'GDScript'.
   at: _add_objective_header_v152 (res://MainGame.gd:2166)
   GDScript backtrace (most recent call first):
       [0] _add_objective_header_v152 (res://MainGame.gd:2166)
       [1] _rebuild_quests (res://MainGame.gd:2207)
       [2] _refresh_all (res://MainGame.gd:688)
       [3] @shields_setter (res://PlayerData.gd:14)
       [4] apply_save_data (res://PlayerData.gd:150)
       [5] load_game (res://SaveGame.gd:150)
       [6] _ready (res://MainGame.gd:515)
SCRIPT ERROR: Invalid call. Nonexistent function 'objective_icon_role' in base 'GDScript'.
   at: _rebuild_quests (res://MainGame.gd:2214)
   GDScript backtrace (most recent call first):
       [0] _rebuild_quests (res://MainGame.gd:2214)
       [1] _refresh_all (res://MainGame.gd:688)
       [2] @shields_setter (res://PlayerData.gd:14)
       [3] apply_save_data (res://PlayerData.gd:150)
       [4] load_game (res://SaveGame.gd:150)
       [5] _ready (res://MainGame.gd:515)
SCRIPT ERROR: Invalid call. Nonexistent function 'refresh_progression_state' in base 'GDScript'.
   at: _refresh_progression_p0 (res://MainGame.gd:2903)
   GDScript backtrace (most recent call first):
       [0] _refresh_progression_p0 (res://MainGame.gd:2903)
       [1] _refresh_all (res://MainGame.gd:696)
       [2] @shields_setter (res://PlayerData.gd:14)
       [3] apply_save_data (res://PlayerData.gd:150)
       [4] load_game (res://SaveGame.gd:150)
       [5] _ready (res://MainGame.gd:515)
SCRIPT ERROR: Invalid call. Nonexistent function 'refresh_shop_state' in base 'GDScript'.
   at: _refresh_shop_p0 (res://MainGame.gd:2810)
   GDScript backtrace (most recent call first):
       [0] _refresh_shop_p0 (res://MainGame.gd:2810)
       [1] _refresh_all (res://MainGame.gd:697)
       [2] @shields_setter (res://PlayerData.gd:14)
       [3] apply_save_data (res://PlayerData.gd:150)
       [4] load_game (res://SaveGame.gd:150)
       [5] _ready (res://MainGame.gd:515)
SCRIPT ERROR: Invalid call. Nonexistent function 'refresh_afk_state' in base 'GDScript'.
   at: _refresh_afk_p0 (res://MainGame.gd:2910)
   GDScript backtrace (most recent call first):
       [0] _refresh_afk_p0 (res://MainGame.gd:2910)
       [1] _refresh_all (res://MainGame.gd:698)
       [2] @shields_setter (res://PlayerData.gd:14)
       [3] apply_save_data (res://PlayerData.gd:150)
       [4] load_game (res://SaveGame.gd:150)
       [5] _ready (res://MainGame.gd:515)
SCRIPT ERROR: Invalid call. Nonexistent function 'refresh_home_loop_state' in base 'GDScript'.
   at: _update_monster_ui (res://MainGame.gd:1219)
   GDScript backtrace (most recent call first):
       [0] _update_monster_ui (res://MainGame.gd:1219)
       [1] _refresh_all (res://MainGame.gd:675)
       [2] apply_save_data (res://PlayerData.gd:163)
       [3] load_game (res://SaveGame.gd:150)
       [4] _ready (res://MainGame.gd:515)
SCRIPT ERROR: Invalid call. Nonexistent function 'refresh_village_loop_state' in base 'GDScript'.
   at: _refresh_p0_village (res://MainGame.gd:2410)
   GDScript backtrace (most recent call first):
       [0] _refresh_p0_village (res://MainGame.gd:2410)
       [1] _refresh_all (res://MainGame.gd:680)
       [2] apply_save_data (res://PlayerData.gd:163)
       [3] load_game (res://SaveGame.gd:150)
       [4] _ready (res://MainGame.gd:515)
SCRIPT ERROR: Invalid call. Nonexistent function 'refresh_reward_session_state' in base 'GDScript'.
   at: _refresh_meta_ui (res://MainGame.gd:1004)
   GDScript backtrace (most recent call first):
       [0] _refresh_meta_ui (res://MainGame.gd:1004)
       [1] _refresh_all (res://MainGame.gd:683)
       [2] apply_save_data (res://PlayerData.gd:163)
       [3] load_game (res://SaveGame.gd:150)
       [4] _ready (res://MainGame.gd:515)
SCRIPT ERROR: Invalid call. Nonexistent function 'style_objective_header' in base 'GDScript'.
   at: _add_objective_header_v152 (res://MainGame.gd:2166)
   GDScript backtrace (most recent call first):
       [0] _add_objective_header_v152 (res://MainGame.gd:2166)
       [1] _rebuild_quests (res://MainGame.gd:2205)
       [2] _refresh_all (res://MainGame.gd:688)
       [3] apply_save_data (res://PlayerData.gd:163)
       [4] load_game (res://SaveGame.gd:150)
       [5] _ready (res://MainGame.gd:515)
SCRIPT ERROR: Invalid call. Nonexistent function 'objective_icon_role' in base 'GDScript'.
   at: _add_objective_row_v152 (res://MainGame.gd:2181)
   GDScript backtrace (most recent call first):
       [0] _add_objective_row_v152 (res://MainGame.gd:2181)
       [1] _rebuild_quests (res://MainGame.gd:2206)
       [2] _refresh_all (res://MainGame.gd:688)
       [3] apply_save_data (res://PlayerData.gd:163)
       [4] load_game (res://SaveGame.gd:150)
       [5] _ready (res://MainGame.gd:515)
SCRIPT ERROR: Invalid call. Nonexistent function 'objective_icon_role' in base 'GDScript'.
   at: _add_objective_row_v152 (res://MainGame.gd:2181)
   GDScript backtrace (most recent call first):
       [0] _add_objective_row_v152 (res://MainGame.gd:2181)
       [1] _rebuild_quests (res://MainGame.gd:2206)
       [2] _refresh_all (res://MainGame.gd:688)
       [3] apply_save_data (res://PlayerData.gd:163)
       [4] load_game (res://SaveGame.gd:150)
       [5] _ready (res://MainGame.gd:515)
SCRIPT ERROR: Invalid call. Nonexistent function 'objective_icon_role' in base 'GDScript'.
   at: _add_objective_row_v152 (res://MainGame.gd:2181)
   GDScript backtrace (most recent call first):
       [0] _add_objective_row_v152 (res://MainGame.gd:2181)
       [1] _rebuild_quests (res://MainGame.gd:2206)
       [2] _refresh_all (res://MainGame.gd:688)
       [3] apply_save_data (res://PlayerData.gd:163)
       [4] load_game (res://SaveGame.gd:150)
       [5] _ready (res://MainGame.gd:515)
SCRIPT ERROR: Invalid call. Nonexistent function 'style_objective_header' in base 'GDScript'.
   at: _add_objective_header_v152 (res://MainGame.gd:2166)
   GDScript backtrace (most recent call first):
       [0] _add_objective_header_v152 (res://MainGame.gd:2166)
       [1] _rebuild_quests (res://MainGame.gd:2205)
       [2] _refresh_all (res://MainGame.gd:688)
       [3] apply_save_data (res://PlayerData.gd:163)
       [4] load_game (res://SaveGame.gd:150)
       [5] _ready (res://MainGame.gd:515)
SCRIPT ERROR: Invalid call. Nonexistent function 'objective_icon_role' in base 'GDScript'.
   at: _add_objective_row_v152 (res://MainGame.gd:2181)
   GDScript backtrace (most recent call first):
       [0] _add_objective_row_v152 (res://MainGame.gd:2181)
       [1] _rebuild_quests (res://MainGame.gd:2206)
       [2] _refresh_all (res://MainGame.gd:688)
       [3] apply_save_data (res://PlayerData.gd:163)
       [4] load_game (res://SaveGame.gd:150)
       [5] _ready (res://MainGame.gd:515)
SCRIPT ERROR: Invalid call. Nonexistent function 'objective_icon_role' in base 'GDScript'.
   at: _add_objective_row_v152 (res://MainGame.gd:2181)
   GDScript backtrace (most recent call first):
       [0] _add_objective_row_v152 (res://MainGame.gd:2181)
       [1] _rebuild_quests (res://MainGame.gd:2206)
       [2] _refresh_all (res://MainGame.gd:688)
       [3] apply_save_data (res://PlayerData.gd:163)
       [4] load_game (res://SaveGame.gd:150)
       [5] _ready (res://MainGame.gd:515)
SCRIPT ERROR: Invalid call. Nonexistent function 'objective_icon_role' in base 'GDScript'.
   at: _add_objective_row_v152 (res://MainGame.gd:2181)
   GDScript backtrace (most recent call first):
       [0] _add_objective_row_v152 (res://MainGame.gd:2181)
       [1] _rebuild_quests (res://MainGame.gd:2206)
       [2] _refresh_all (res://MainGame.gd:688)
       [3] apply_save_data (res://PlayerData.gd:163)
       [4] load_game (res://SaveGame.gd:150)
       [5] _ready (res://MainGame.gd:515)
SCRIPT ERROR: Invalid call. Nonexistent function 'style_objective_header' in base 'GDScript'.
   at: _add_objective_header_v152 (res://MainGame.gd:2166)
   GDScript backtrace (most recent call first):
       [0] _add_objective_header_v152 (res://MainGame.gd:2166)
       [1] _rebuild_quests (res://MainGame.gd:2205)
       [2] _refresh_all (res://MainGame.gd:688)
       [3] apply_save_data (res://PlayerData.gd:163)
       [4] load_game (res://SaveGame.gd:150)
       [5] _ready (res://MainGame.gd:515)
SCRIPT ERROR: Invalid call. Nonexistent function 'objective_icon_role' in base 'GDScript'.
   at: _add_objective_row_v152 (res://MainGame.gd:2181)
   GDScript backtrace (most recent call first):
       [0] _add_objective_row_v152 (res://MainGame.gd:2181)
       [1] _rebuild_quests (res://MainGame.gd:2206)
       [2] _refresh_all (res://MainGame.gd:688)
       [3] apply_save_data (res://PlayerData.gd:163)
       [4] load_game (res://SaveGame.gd:150)
       [5] _ready (res://MainGame.gd:515)
SCRIPT ERROR: Invalid call. Nonexistent function 'objective_icon_role' in base 'GDScript'.
   at: _add_objective_row_v152 (res://MainGame.gd:2181)
   GDScript backtrace (most recent call first):
       [0] _add_objective_row_v152 (res://MainGame.gd:2181)
       [1] _rebuild_quests (res://MainGame.gd:2206)
       [2] _refresh_all (res://MainGame.gd:688)
       [3] apply_save_data (res://PlayerData.gd:163)
       [4] load_game (res://SaveGame.gd:150)
       [5] _ready (res://MainGame.gd:515)
SCRIPT ERROR: Invalid call. Nonexistent function 'objective_icon_role' in base 'GDScript'.
   at: _add_objective_row_v152 (res://MainGame.gd:2181)
   GDScript backtrace (most recent call first):
       [0] _add_objective_row_v152 (res://MainGame.gd:2181)
       [1] _rebuild_quests (res://MainGame.gd:2206)
       [2] _refresh_all (res://MainGame.gd:688)
       [3] apply_save_data (res://PlayerData.gd:163)
       [4] load_game (res://SaveGame.gd:150)
       [5] _ready (res://MainGame.gd:515)
SCRIPT ERROR: Invalid call. Nonexistent function 'objective_icon_role' in base 'GDScript'.
   at: _add_objective_row_v152 (res://MainGame.gd:2181)
   GDScript backtrace (most recent call first):
       [0] _add_objective_row_v152 (res://MainGame.gd:2181)
       [1] _rebuild_quests (res://MainGame.gd:2206)
       [2] _refresh_all (res://MainGame.gd:688)
       [3] apply_save_data (res://PlayerData.gd:163)
       [4] load_game (res://SaveGame.gd:150)
       [5] _ready (res://MainGame.gd:515)
SCRIPT ERROR: Invalid call. Nonexistent function 'objective_icon_role' in base 'GDScript'.
   at: _add_objective_row_v152 (res://MainGame.gd:2181)
   GDScript backtrace (most recent call first):
       [0] _add_objective_row_v152 (res://MainGame.gd:2181)
       [1] _rebuild_quests (res://MainGame.gd:2206)
       [2] _refresh_all (res://MainGame.gd:688)
       [3] apply_save_data (res://PlayerData.gd:163)
       [4] load_game (res://SaveGame.gd:150)
       [5] _ready (res://MainGame.gd:515)
SCRIPT ERROR: Invalid call. Nonexistent function 'style_objective_header' in base 'GDScript'.
   at: _add_objective_header_v152 (res://MainGame.gd:2166)
   GDScript backtrace (most recent call first):
       [0] _add_objective_header_v152 (res://MainGame.gd:2166)
       [1] _rebuild_quests (res://MainGame.gd:2207)
       [2] _refresh_all (res://MainGame.gd:688)
       [3] apply_save_data (res://PlayerData.gd:163)
       [4] load_game (res://SaveGame.gd:150)
       [5] _ready (res://MainGame.gd:515)
SCRIPT ERROR: Invalid call. Nonexistent function 'objective_icon_role' in base 'GDScript'.
   at: _rebuild_quests (res://MainGame.gd:2214)
   GDScript backtrace (most recent call first):
       [0] _rebuild_quests (res://MainGame.gd:2214)
       [1] _refresh_all (res://MainGame.gd:688)
       [2] apply_save_data (res://PlayerData.gd:163)
       [3] load_game (res://SaveGame.gd:150)
       [4] _ready (res://MainGame.gd:515)
SCRIPT ERROR: Invalid call. Nonexistent function 'refresh_progression_state' in base 'GDScript'.
   at: _refresh_progression_p0 (res://MainGame.gd:2903)
   GDScript backtrace (most recent call first):
       [0] _refresh_progression_p0 (res://MainGame.gd:2903)
       [1] _refresh_all (res://MainGame.gd:696)
       [2] apply_save_data (res://PlayerData.gd:163)
       [3] load_game (res://SaveGame.gd:150)
       [4] _ready (res://MainGame.gd:515)
SCRIPT ERROR: Invalid call. Nonexistent function 'refresh_shop_state' in base 'GDScript'.
   at: _refresh_shop_p0 (res://MainGame.gd:2810)
   GDScript backtrace (most recent call first):
       [0] _refresh_shop_p0 (res://MainGame.gd:2810)
       [1] _refresh_all (res://MainGame.gd:697)
       [2] apply_save_data (res://PlayerData.gd:163)
       [3] load_game (res://SaveGame.gd:150)
       [4] _ready (res://MainGame.gd:515)
SCRIPT ERROR: Invalid call. Nonexistent function 'refresh_afk_state' in base 'GDScript'.
   at: _refresh_afk_p0 (res://MainGame.gd:2910)
   GDScript backtrace (most recent call first):
       [0] _refresh_afk_p0 (res://MainGame.gd:2910)
       [1] _refresh_all (res://MainGame.gd:698)
       [2] apply_save_data (res://PlayerData.gd:163)
       [3] load_game (res://SaveGame.gd:150)
       [4] _ready (res://MainGame.gd:515)
SCRIPT ERROR: Invalid call. Nonexistent function 'refresh_home_loop_state' in base 'GDScript'.
   at: _update_monster_ui (res://MainGame.gd:1219)
   GDScript backtrace (most recent call first):
       [0] _update_monster_ui (res://MainGame.gd:1219)
       [1] apply_save_data (res://PlayerData.gd:164)
       [2] load_game (res://SaveGame.gd:150)
       [3] _ready (res://MainGame.gd:515)
SCRIPT ERROR: Invalid call. Nonexistent function 'refresh_home_loop_state' in base 'GDScript'.
   at: _update_monster_ui (res://MainGame.gd:1219)
   GDScript backtrace (most recent call first):
       [0] _update_monster_ui (res://MainGame.gd:1219)
       [1] _refresh_all (res://MainGame.gd:675)
       [2] apply_save_data (res://PlayerData.gd:165)
       [3] load_game (res://SaveGame.gd:150)
       [4] _ready (res://MainGame.gd:515)
SCRIPT ERROR: Invalid call. Nonexistent function 'refresh_village_loop_state' in base 'GDScript'.
   at: _refresh_p0_village (res://MainGame.gd:2410)
   GDScript backtrace (most recent call first):
       [0] _refresh_p0_village (res://MainGame.gd:2410)
       [1] _refresh_all (res://MainGame.gd:680)
       [2] apply_save_data (res://PlayerData.gd:165)
       [3] load_game (res://SaveGame.gd:150)
       [4] _ready (res://MainGame.gd:515)
SCRIPT ERROR: Invalid call. Nonexistent function 'refresh_reward_session_state' in base 'GDScript'.
   at: _refresh_meta_ui (res://MainGame.gd:1004)
   GDScript backtrace (most recent call first):
       [0] _refresh_meta_ui (res://MainGame.gd:1004)
       [1] _refresh_all (res://MainGame.gd:683)
       [2] apply_save_data (res://PlayerData.gd:165)
       [3] load_game (res://SaveGame.gd:150)
       [4] _ready (res://MainGame.gd:515)
SCRIPT ERROR: Invalid call. Nonexistent function 'style_objective_header' in base 'GDScript'.
   at: _add_objective_header_v152 (res://MainGame.gd:2166)
   GDScript backtrace (most recent call first):
       [0] _add_objective_header_v152 (res://MainGame.gd:2166)
       [1] _rebuild_quests (res://MainGame.gd:2205)
       [2] _refresh_all (res://MainGame.gd:688)
       [3] apply_save_data (res://PlayerData.gd:165)
       [4] load_game (res://SaveGame.gd:150)
       [5] _ready (res://MainGame.gd:515)
SCRIPT ERROR: Invalid call. Nonexistent function 'objective_icon_role' in base 'GDScript'.
   at: _add_objective_row_v152 (res://MainGame.gd:2181)
   GDScript backtrace (most recent call first):
       [0] _add_objective_row_v152 (res://MainGame.gd:2181)
       [1] _rebuild_quests (res://MainGame.gd:2206)
       [2] _refresh_all (res://MainGame.gd:688)
       [3] apply_save_data (res://PlayerData.gd:165)
       [4] load_game (res://SaveGame.gd:150)
       [5] _ready (res://MainGame.gd:515)
SCRIPT ERROR: Invalid call. Nonexistent function 'objective_icon_role' in base 'GDScript'.
   at: _add_objective_row_v152 (res://MainGame.gd:2181)
   GDScript backtrace (most recent call first):
       [0] _add_objective_row_v152 (res://MainGame.gd:2181)
       [1] _rebuild_quests (res://MainGame.gd:2206)
       [2] _refresh_all (res://MainGame.gd:688)
       [3] apply_save_data (res://PlayerData.gd:165)
       [4] load_game (res://SaveGame.gd:150)
       [5] _ready (res://MainGame.gd:515)
SCRIPT ERROR: Invalid call. Nonexistent function 'objective_icon_role' in base 'GDScript'.
   at: _add_objective_row_v152 (res://MainGame.gd:2181)
   GDScript backtrace (most recent call first):
       [0] _add_objective_row_v152 (res://MainGame.gd:2181)
       [1] _rebuild_quests (res://MainGame.gd:2206)
       [2] _refresh_all (res://MainGame.gd:688)
       [3] apply_save_data (res://PlayerData.gd:165)
       [4] load_game (res://SaveGame.gd:150)
       [5] _ready (res://MainGame.gd:515)
SCRIPT ERROR: Invalid call. Nonexistent function 'style_objective_header' in base 'GDScript'.
   at: _add_objective_header_v152 (res://MainGame.gd:2166)
   GDScript backtrace (most recent call first):
       [0] _add_objective_header_v152 (res://MainGame.gd:2166)
       [1] _rebuild_quests (res://MainGame.gd:2205)
       [2] _refresh_all (res://MainGame.gd:688)
       [3] apply_save_data (res://PlayerData.gd:165)
       [4] load_game (res://SaveGame.gd:150)
       [5] _ready (res://MainGame.gd:515)
SCRIPT ERROR: Invalid call. Nonexistent function 'objective_icon_role' in base 'GDScript'.
   at: _add_objective_row_v152 (res://MainGame.gd:2181)
   GDScript backtrace (most recent call first):
       [0] _add_objective_row_v152 (res://MainGame.gd:2181)
       [1] _rebuild_quests (res://MainGame.gd:2206)
       [2] _refresh_all (res://MainGame.gd:688)
       [3] apply_save_data (res://PlayerData.gd:165)
       [4] load_game (res://SaveGame.gd:150)
       [5] _ready (res://MainGame.gd:515)
SCRIPT ERROR: Invalid call. Nonexistent function 'objective_icon_role' in base 'GDScript'.
   at: _add_objective_row_v152 (res://MainGame.gd:2181)
   GDScript backtrace (most recent call first):
       [0] _add_objective_row_v152 (res://MainGame.gd:2181)
       [1] _rebuild_quests (res://MainGame.gd:2206)
       [2] _refresh_all (res://MainGame.gd:688)
       [3] apply_save_data (res://PlayerData.gd:165)
       [4] load_game (res://SaveGame.gd:150)
       [5] _ready (res://MainGame.gd:515)
SCRIPT ERROR: Invalid call. Nonexistent function 'objective_icon_role' in base 'GDScript'.
   at: _add_objective_row_v152 (res://MainGame.gd:2181)
   GDScript backtrace (most recent call first):
       [0] _add_objective_row_v152 (res://MainGame.gd:2181)
       [1] _rebuild_quests (res://MainGame.gd:2206)
       [2] _refresh_all (res://MainGame.gd:688)
       [3] apply_save_data (res://PlayerData.gd:165)
       [4] load_game (res://SaveGame.gd:150)
       [5] _ready (res://MainGame.gd:515)
SCRIPT ERROR: Invalid call. Nonexistent function 'style_objective_header' in base 'GDScript'.
   at: _add_objective_header_v152 (res://MainGame.gd:2166)
   GDScript backtrace (most recent call first):
       [0] _add_objective_header_v152 (res://MainGame.gd:2166)
       [1] _rebuild_quests (res://MainGame.gd:2205)
       [2] _refresh_all (res://MainGame.gd:688)
       [3] apply_save_data (res://PlayerData.gd:165)
       [4] load_game (res://SaveGame.gd:150)
       [5] _ready (res://MainGame.gd:515)
SCRIPT ERROR: Invalid call. Nonexistent function 'objective_icon_role' in base 'GDScript'.
   at: _add_objective_row_v152 (res://MainGame.gd:2181)
   GDScript backtrace (most recent call first):
       [0] _add_objective_row_v152 (res://MainGame.gd:2181)
       [1] _rebuild_quests (res://MainGame.gd:2206)
       [2] _refresh_all (res://MainGame.gd:688)
       [3] apply_save_data (res://PlayerData.gd:165)
       [4] load_game (res://SaveGame.gd:150)
       [5] _ready (res://MainGame.gd:515)
SCRIPT ERROR: Invalid call. Nonexistent function 'objective_icon_role' in base 'GDScript'.
   at: _add_objective_row_v152 (res://MainGame.gd:2181)
   GDScript backtrace (most recent call first):
       [0] _add_objective_row_v152 (res://MainGame.gd:2181)
       [1] _rebuild_quests (res://MainGame.gd:2206)
       [2] _refresh_all (res://MainGame.gd:688)
       [3] apply_save_data (res://PlayerData.gd:165)
       [4] load_game (res://SaveGame.gd:150)
       [5] _ready (res://MainGame.gd:515)
SCRIPT ERROR: Invalid call. Nonexistent function 'objective_icon_role' in base 'GDScript'.
   at: _add_objective_row_v152 (res://MainGame.gd:2181)
   GDScript backtrace (most recent call first):
       [0] _add_objective_row_v152 (res://MainGame.gd:2181)
       [1] _rebuild_quests (res://MainGame.gd:2206)
       [2] _refresh_all (res://MainGame.gd:688)
       [3] apply_save_data (res://PlayerData.gd:165)
       [4] load_game (res://SaveGame.gd:150)
       [5] _ready (res://MainGame.gd:515)
SCRIPT ERROR: Invalid call. Nonexistent function 'objective_icon_role' in base 'GDScript'.
   at: _add_objective_row_v152 (res://MainGame.gd:2181)
   GDScript backtrace (most recent call first):
       [0] _add_objective_row_v152 (res://MainGame.gd:2181)
       [1] _rebuild_quests (res://MainGame.gd:2206)
       [2] _refresh_all (res://MainGame.gd:688)
       [3] apply_save_data (res://PlayerData.gd:165)
       [4] load_game (res://SaveGame.gd:150)
       [5] _ready (res://MainGame.gd:515)
SCRIPT ERROR: Invalid call. Nonexistent function 'objective_icon_role' in base 'GDScript'.
   at: _add_objective_row_v152 (res://MainGame.gd:2181)
   GDScript backtrace (most recent call first):
       [0] _add_objective_row_v152 (res://MainGame.gd:2181)
       [1] _rebuild_quests (res://MainGame.gd:2206)
       [2] _refresh_all (res://MainGame.gd:688)
       [3] apply_save_data (res://PlayerData.gd:165)
       [4] load_game (res://SaveGame.gd:150)
       [5] _ready (res://MainGame.gd:515)
SCRIPT ERROR: Invalid call. Nonexistent function 'style_objective_header' in base 'GDScript'.
   at: _add_objective_header_v152 (res://MainGame.gd:2166)
   GDScript backtrace (most recent call first):
       [0] _add_objective_header_v152 (res://MainGame.gd:2166)
       [1] _rebuild_quests (res://MainGame.gd:2207)
       [2] _refresh_all (res://MainGame.gd:688)
       [3] apply_save_data (res://PlayerData.gd:165)
       [4] load_game (res://SaveGame.gd:150)
       [5] _ready (res://MainGame.gd:515)
SCRIPT ERROR: Invalid call. Nonexistent function 'objective_icon_role' in base 'GDScript'.
   at: _rebuild_quests (res://MainGame.gd:2214)
   GDScript backtrace (most recent call first):
       [0] _rebuild_quests (res://MainGame.gd:2214)
       [1] _refresh_all (res://MainGame.gd:688)
       [2] apply_save_data (res://PlayerData.gd:165)
       [3] load_game (res://SaveGame.gd:150)
       [4] _ready (res://MainGame.gd:515)
SCRIPT ERROR: Invalid call. Nonexistent function 'refresh_progression_state' in base 'GDScript'.
   at: _refresh_progression_p0 (res://MainGame.gd:2903)
   GDScript backtrace (most recent call first):
       [0] _refresh_progression_p0 (res://MainGame.gd:2903)
       [1] _refresh_all (res://MainGame.gd:696)
       [2] apply_save_data (res://PlayerData.gd:165)
       [3] load_game (res://SaveGame.gd:150)
       [4] _ready (res://MainGame.gd:515)
SCRIPT ERROR: Invalid call. Nonexistent function 'refresh_shop_state' in base 'GDScript'.
   at: _refresh_shop_p0 (res://MainGame.gd:2810)
   GDScript backtrace (most recent call first):
       [0] _refresh_shop_p0 (res://MainGame.gd:2810)
       [1] _refresh_all (res://MainGame.gd:697)
       [2] apply_save_data (res://PlayerData.gd:165)
       [3] load_game (res://SaveGame.gd:150)
       [4] _ready (res://MainGame.gd:515)
SCRIPT ERROR: Invalid call. Nonexistent function 'refresh_afk_state' in base 'GDScript'.
   at: _refresh_afk_p0 (res://MainGame.gd:2910)
   GDScript backtrace (most recent call first):
       [0] _refresh_afk_p0 (res://MainGame.gd:2910)
       [1] _refresh_all (res://MainGame.gd:698)
       [2] apply_save_data (res://PlayerData.gd:165)
       [3] load_game (res://SaveGame.gd:150)
       [4] _ready (res://MainGame.gd:515)
SCRIPT ERROR: Invalid call. Nonexistent function 'style_objective_header' in base 'GDScript'.
   at: _add_objective_header_v152 (res://MainGame.gd:2166)
   GDScript backtrace (most recent call first):
       [0] _add_objective_header_v152 (res://MainGame.gd:2166)
       [1] _rebuild_quests (res://MainGame.gd:2205)
       [2] apply_save_data (res://QuestSystem.gd:105)
       [3] load_game (res://SaveGame.gd:153)
       [4] _ready (res://MainGame.gd:515)
SCRIPT ERROR: Invalid call. Nonexistent function 'objective_icon_role' in base 'GDScript'.
   at: _add_objective_row_v152 (res://MainGame.gd:2181)
   GDScript backtrace (most recent call first):
       [0] _add_objective_row_v152 (res://MainGame.gd:2181)
       [1] _rebuild_quests (res://MainGame.gd:2206)
       [2] apply_save_data (res://QuestSystem.gd:105)
       [3] load_game (res://SaveGame.gd:153)
       [4] _ready (res://MainGame.gd:515)
SCRIPT ERROR: Invalid call. Nonexistent function 'objective_icon_role' in base 'GDScript'.
   at: _add_objective_row_v152 (res://MainGame.gd:2181)
   GDScript backtrace (most recent call first):
       [0] _add_objective_row_v152 (res://MainGame.gd:2181)
       [1] _rebuild_quests (res://MainGame.gd:2206)
       [2] apply_save_data (res://QuestSystem.gd:105)
       [3] load_game (res://SaveGame.gd:153)
       [4] _ready (res://MainGame.gd:515)
SCRIPT ERROR: Invalid call. Nonexistent function 'objective_icon_role' in base 'GDScript'.
   at: _add_objective_row_v152 (res://MainGame.gd:2181)
   GDScript backtrace (most recent call first):
       [0] _add_objective_row_v152 (res://MainGame.gd:2181)
       [1] _rebuild_quests (res://MainGame.gd:2206)
       [2] apply_save_data (res://QuestSystem.gd:105)
       [3] load_game (res://SaveGame.gd:153)
       [4] _ready (res://MainGame.gd:515)
SCRIPT ERROR: Invalid call. Nonexistent function 'style_objective_header' in base 'GDScript'.
   at: _add_objective_header_v152 (res://MainGame.gd:2166)
   GDScript backtrace (most recent call first):
       [0] _add_objective_header_v152 (res://MainGame.gd:2166)
       [1] _rebuild_quests (res://MainGame.gd:2205)
       [2] apply_save_data (res://QuestSystem.gd:105)
       [3] load_game (res://SaveGame.gd:153)
       [4] _ready (res://MainGame.gd:515)
SCRIPT ERROR: Invalid call. Nonexistent function 'objective_icon_role' in base 'GDScript'.
   at: _add_objective_row_v152 (res://MainGame.gd:2181)
   GDScript backtrace (most recent call first):
       [0] _add_objective_row_v152 (res://MainGame.gd:2181)
       [1] _rebuild_quests (res://MainGame.gd:2206)
       [2] apply_save_data (res://QuestSystem.gd:105)
       [3] load_game (res://SaveGame.gd:153)
       [4] _ready (res://MainGame.gd:515)
SCRIPT ERROR: Invalid call. Nonexistent function 'objective_icon_role' in base 'GDScript'.
   at: _add_objective_row_v152 (res://MainGame.gd:2181)
   GDScript backtrace (most recent call first):
       [0] _add_objective_row_v152 (res://MainGame.gd:2181)
       [1] _rebuild_quests (res://MainGame.gd:2206)
       [2] apply_save_data (res://QuestSystem.gd:105)
       [3] load_game (res://SaveGame.gd:153)
       [4] _ready (res://MainGame.gd:515)
SCRIPT ERROR: Invalid call. Nonexistent function 'objective_icon_role' in base 'GDScript'.
   at: _add_objective_row_v152 (res://MainGame.gd:2181)
   GDScript backtrace (most recent call first):
       [0] _add_objective_row_v152 (res://MainGame.gd:2181)
       [1] _rebuild_quests (res://MainGame.gd:2206)
       [2] apply_save_data (res://QuestSystem.gd:105)
       [3] load_game (res://SaveGame.gd:153)
       [4] _ready (res://MainGame.gd:515)
SCRIPT ERROR: Invalid call. Nonexistent function 'style_objective_header' in base 'GDScript'.
   at: _add_objective_header_v152 (res://MainGame.gd:2166)
   GDScript backtrace (most recent call first):
       [0] _add_objective_header_v152 (res://MainGame.gd:2166)
       [1] _rebuild_quests (res://MainGame.gd:2205)
       [2] apply_save_data (res://QuestSystem.gd:105)
       [3] load_game (res://SaveGame.gd:153)
       [4] _ready (res://MainGame.gd:515)
SCRIPT ERROR: Invalid call. Nonexistent function 'objective_icon_role' in base 'GDScript'.
   at: _add_objective_row_v152 (res://MainGame.gd:2181)
   GDScript backtrace (most recent call first):
       [0] _add_objective_row_v152 (res://MainGame.gd:2181)
       [1] _rebuild_quests (res://MainGame.gd:2206)
       [2] apply_save_data (res://QuestSystem.gd:105)
       [3] load_game (res://SaveGame.gd:153)
       [4] _ready (res://MainGame.gd:515)
SCRIPT ERROR: Invalid call. Nonexistent function 'objective_icon_role' in base 'GDScript'.
   at: _add_objective_row_v152 (res://MainGame.gd:2181)
   GDScript backtrace (most recent call first):
       [0] _add_objective_row_v152 (res://MainGame.gd:2181)
       [1] _rebuild_quests (res://MainGame.gd:2206)
       [2] apply_save_data (res://QuestSystem.gd:105)
       [3] load_game (res://SaveGame.gd:153)
       [4] _ready (res://MainGame.gd:515)
SCRIPT ERROR: Invalid call. Nonexistent function 'objective_icon_role' in base 'GDScript'.
   at: _add_objective_row_v152 (res://MainGame.gd:2181)
   GDScript backtrace (most recent call first):
       [0] _add_objective_row_v152 (res://MainGame.gd:2181)
       [1] _rebuild_quests (res://MainGame.gd:2206)
       [2] apply_save_data (res://QuestSystem.gd:105)
       [3] load_game (res://SaveGame.gd:153)
       [4] _ready (res://MainGame.gd:515)
SCRIPT ERROR: Invalid call. Nonexistent function 'objective_icon_role' in base 'GDScript'.
   at: _add_objective_row_v152 (res://MainGame.gd:2181)
   GDScript backtrace (most recent call first):
       [0] _add_objective_row_v152 (res://MainGame.gd:2181)
       [1] _rebuild_quests (res://MainGame.gd:2206)
       [2] apply_save_data (res://QuestSystem.gd:105)
       [3] load_game (res://SaveGame.gd:153)
       [4] _ready (res://MainGame.gd:515)
SCRIPT ERROR: Invalid call. Nonexistent function 'objective_icon_role' in base 'GDScript'.
   at: _add_objective_row_v152 (res://MainGame.gd:2181)
   GDScript backtrace (most recent call first):
       [0] _add_objective_row_v152 (res://MainGame.gd:2181)
       [1] _rebuild_quests (res://MainGame.gd:2206)
       [2] apply_save_data (res://QuestSystem.gd:105)
       [3] load_game (res://SaveGame.gd:153)
       [4] _ready (res://MainGame.gd:515)
SCRIPT ERROR: Invalid call. Nonexistent function 'style_objective_header' in base 'GDScript'.
   at: _add_objective_header_v152 (res://MainGame.gd:2166)
   GDScript backtrace (most recent call first):
       [0] _add_objective_header_v152 (res://MainGame.gd:2166)
       [1] _rebuild_quests (res://MainGame.gd:2207)
       [2] apply_save_data (res://QuestSystem.gd:105)
       [3] load_game (res://SaveGame.gd:153)
       [4] _ready (res://MainGame.gd:515)
SCRIPT ERROR: Invalid call. Nonexistent function 'objective_icon_role' in base 'GDScript'.
   at: _rebuild_quests (res://MainGame.gd:2214)
   GDScript backtrace (most recent call first):
       [0] _rebuild_quests (res://MainGame.gd:2214)
       [1] apply_save_data (res://QuestSystem.gd:105)
       [2] load_game (res://SaveGame.gd:153)
       [3] _ready (res://MainGame.gd:515)
SCRIPT ERROR: Invalid call. Nonexistent function 'refresh_village_loop_state' in base 'GDScript'.
   at: _refresh_p0_village (res://MainGame.gd:2410)
   GDScript backtrace (most recent call first):
       [0] _refresh_p0_village (res://MainGame.gd:2410)
       [1] apply_save_data (res://P0VillageSystem.gd:233)
       [2] load_game (res://SaveGame.gd:154)
       [3] _ready (res://MainGame.gd:515)
SCRIPT ERROR: Invalid call. Nonexistent function 'refresh_village_loop_state' in base 'GDScript'.
   at: _refresh_p0_village (res://MainGame.gd:2410)
   GDScript backtrace (most recent call first):
       [0] _refresh_p0_village (res://MainGame.gd:2410)
       [1] apply_save_data (res://VillageProgressionSystem.gd:179)
       [2] load_game (res://SaveGame.gd:155)
       [3] _ready (res://MainGame.gd:515)
SCRIPT ERROR: Invalid call. Nonexistent function 'refresh_reward_session_state' in base 'GDScript'.
   at: _refresh_meta_ui (res://MainGame.gd:1004)
   GDScript backtrace (most recent call first):
       [0] _refresh_meta_ui (res://MainGame.gd:1004)
       [1] apply_save_data (res://MetaProgressSystem.gd:137)
       [2] load_game (res://SaveGame.gd:162)
       [3] _ready (res://MainGame.gd:515)
SCRIPT ERROR: Trying to assign an array of type "Array" to a variable of type "Array[int]".
   at: apply_save_data (res://PuzzleSystem.gd:162)
   GDScript backtrace (most recent call first):
       [0] apply_save_data (res://PuzzleSystem.gd:162)
       [1] load_game (res://SaveGame.gd:164)
       [2] _ready (res://MainGame.gd:515)
SCRIPT ERROR: Invalid call. Nonexistent function 'style_objective_header' in base 'GDScript'.
   at: _add_objective_header_v152 (res://MainGame.gd:2166)
   GDScript backtrace (most recent call first):
       [0] _add_objective_header_v152 (res://MainGame.gd:2166)
       [1] _rebuild_quests (res://MainGame.gd:2205)
       [2] apply_save_data (res://ObjectiveSystem.gd:127)
       [3] load_game (res://SaveGame.gd:169)
       [4] _ready (res://MainGame.gd:515)
SCRIPT ERROR: Invalid call. Nonexistent function 'objective_icon_role' in base 'GDScript'.
   at: _add_objective_row_v152 (res://MainGame.gd:2181)
   GDScript backtrace (most recent call first):
       [0] _add_objective_row_v152 (res://MainGame.gd:2181)
       [1] _rebuild_quests (res://MainGame.gd:2206)
       [2] apply_save_data (res://ObjectiveSystem.gd:127)
       [3] load_game (res://SaveGame.gd:169)
       [4] _ready (res://MainGame.gd:515)
SCRIPT ERROR: Invalid call. Nonexistent function 'objective_icon_role' in base 'GDScript'.
   at: _add_objective_row_v152 (res://MainGame.gd:2181)
   GDScript backtrace (most recent call first):
       [0] _add_objective_row_v152 (res://MainGame.gd:2181)
       [1] _rebuild_quests (res://MainGame.gd:2206)
       [2] apply_save_data (res://ObjectiveSystem.gd:127)
       [3] load_game (res://SaveGame.gd:169)
       [4] _ready (res://MainGame.gd:515)
SCRIPT ERROR: Invalid call. Nonexistent function 'objective_icon_role' in base 'GDScript'.
   at: _add_objective_row_v152 (res://MainGame.gd:2181)
   GDScript backtrace (most recent call first):
       [0] _add_objective_row_v152 (res://MainGame.gd:2181)
       [1] _rebuild_quests (res://MainGame.gd:2206)
       [2] apply_save_data (res://ObjectiveSystem.gd:127)
       [3] load_game (res://SaveGame.gd:169)
       [4] _ready (res://MainGame.gd:515)
SCRIPT ERROR: Invalid call. Nonexistent function 'style_objective_header' in base 'GDScript'.
   at: _add_objective_header_v152 (res://MainGame.gd:2166)
   GDScript backtrace (most recent call first):
       [0] _add_objective_header_v152 (res://MainGame.gd:2166)
       [1] _rebuild_quests (res://MainGame.gd:2205)
       [2] apply_save_data (res://ObjectiveSystem.gd:127)
       [3] load_game (res://SaveGame.gd:169)
       [4] _ready (res://MainGame.gd:515)
SCRIPT ERROR: Invalid call. Nonexistent function 'objective_icon_role' in base 'GDScript'.
   at: _add_objective_row_v152 (res://MainGame.gd:2181)
   GDScript backtrace (most recent call first):
       [0] _add_objective_row_v152 (res://MainGame.gd:2181)
       [1] _rebuild_quests (res://MainGame.gd:2206)
       [2] apply_save_data (res://ObjectiveSystem.gd:127)
       [3] load_game (res://SaveGame.gd:169)
       [4] _ready (res://MainGame.gd:515)
SCRIPT ERROR: Invalid call. Nonexistent function 'objective_icon_role' in base 'GDScript'.
   at: _add_objective_row_v152 (res://MainGame.gd:2181)
   GDScript backtrace (most recent call first):
       [0] _add_objective_row_v152 (res://MainGame.gd:2181)
       [1] _rebuild_quests (res://MainGame.gd:2206)
       [2] apply_save_data (res://ObjectiveSystem.gd:127)
       [3] load_game (res://SaveGame.gd:169)
       [4] _ready (res://MainGame.gd:515)
SCRIPT ERROR: Invalid call. Nonexistent function 'objective_icon_role' in base 'GDScript'.
   at: _add_objective_row_v152 (res://MainGame.gd:2181)
   GDScript backtrace (most recent call first):
       [0] _add_objective_row_v152 (res://MainGame.gd:2181)
       [1] _rebuild_quests (res://MainGame.gd:2206)
       [2] apply_save_data (res://ObjectiveSystem.gd:127)
       [3] load_game (res://SaveGame.gd:169)
       [4] _ready (res://MainGame.gd:515)
SCRIPT ERROR: Invalid call. Nonexistent function 'style_objective_header' in base 'GDScript'.
   at: _add_objective_header_v152 (res://MainGame.gd:2166)
   GDScript backtrace (most recent call first):
       [0] _add_objective_header_v152 (res://MainGame.gd:2166)
       [1] _rebuild_quests (res://MainGame.gd:2205)
       [2] apply_save_data (res://ObjectiveSystem.gd:127)
       [3] load_game (res://SaveGame.gd:169)
       [4] _ready (res://MainGame.gd:515)
SCRIPT ERROR: Invalid call. Nonexistent function 'objective_icon_role' in base 'GDScript'.
   at: _add_objective_row_v152 (res://MainGame.gd:2181)
   GDScript backtrace (most recent call first):
       [0] _add_objective_row_v152 (res://MainGame.gd:2181)
       [1] _rebuild_quests (res://MainGame.gd:2206)
       [2] apply_save_data (res://ObjectiveSystem.gd:127)
       [3] load_game (res://SaveGame.gd:169)
       [4] _ready (res://MainGame.gd:515)
SCRIPT ERROR: Invalid call. Nonexistent function 'objective_icon_role' in base 'GDScript'.
   at: _add_objective_row_v152 (res://MainGame.gd:2181)
   GDScript backtrace (most recent call first):
       [0] _add_objective_row_v152 (res://MainGame.gd:2181)
       [1] _rebuild_quests (res://MainGame.gd:2206)
       [2] apply_save_data (res://ObjectiveSystem.gd:127)
       [3] load_game (res://SaveGame.gd:169)
       [4] _ready (res://MainGame.gd:515)
SCRIPT ERROR: Invalid call. Nonexistent function 'objective_icon_role' in base 'GDScript'.
   at: _add_objective_row_v152 (res://MainGame.gd:2181)
   GDScript backtrace (most recent call first):
       [0] _add_objective_row_v152 (res://MainGame.gd:2181)
       [1] _rebuild_quests (res://MainGame.gd:2206)
       [2] apply_save_data (res://ObjectiveSystem.gd:127)
       [3] load_game (res://SaveGame.gd:169)
       [4] _ready (res://MainGame.gd:515)
SCRIPT ERROR: Invalid call. Nonexistent function 'objective_icon_role' in base 'GDScript'.
   at: _add_objective_row_v152 (res://MainGame.gd:2181)
   GDScript backtrace (most recent call first):
       [0] _add_objective_row_v152 (res://MainGame.gd:2181)
       [1] _rebuild_quests (res://MainGame.gd:2206)
       [2] apply_save_data (res://ObjectiveSystem.gd:127)
       [3] load_game (res://SaveGame.gd:169)
       [4] _ready (res://MainGame.gd:515)
SCRIPT ERROR: Invalid call. Nonexistent function 'objective_icon_role' in base 'GDScript'.
   at: _add_objective_row_v152 (res://MainGame.gd:2181)
   GDScript backtrace (most recent call first):
       [0] _add_objective_row_v152 (res://MainGame.gd:2181)
       [1] _rebuild_quests (res://MainGame.gd:2206)
       [2] apply_save_data (res://ObjectiveSystem.gd:127)
       [3] load_game (res://SaveGame.gd:169)
       [4] _ready (res://MainGame.gd:515)
SCRIPT ERROR: Invalid call. Nonexistent function 'style_objective_header' in base 'GDScript'.
   at: _add_objective_header_v152 (res://MainGame.gd:2166)
   GDScript backtrace (most recent call first):
       [0] _add_objective_header_v152 (res://MainGame.gd:2166)
       [1] _rebuild_quests (res://MainGame.gd:2207)
       [2] apply_save_data (res://ObjectiveSystem.gd:127)
       [3] load_game (res://SaveGame.gd:169)
       [4] _ready (res://MainGame.gd:515)
SCRIPT ERROR: Invalid call. Nonexistent function 'objective_icon_role' in base 'GDScript'.
   at: _rebuild_quests (res://MainGame.gd:2214)
   GDScript backtrace (most recent call first):
       [0] _rebuild_quests (res://MainGame.gd:2214)
       [1] apply_save_data (res://ObjectiveSystem.gd:127)
       [2] load_game (res://SaveGame.gd:169)
       [3] _ready (res://MainGame.gd:515)
SCRIPT ERROR: Invalid call. Nonexistent function 'refresh_afk_state' in base 'GDScript'.
   at: _refresh_afk_p0 (res://MainGame.gd:2910)
   GDScript backtrace (most recent call first):
       [0] _refresh_afk_p0 (res://MainGame.gd:2910)
       [1] apply_save_data (res://AfkRewardSystem.gd:73)
       [2] load_game (res://SaveGame.gd:172)
       [3] _ready (res://MainGame.gd:515)
ERROR: P0 violation: Daily visible
   at: push_error (core/variant/variant_utility.cpp:1023)
   GDScript backtrace (most recent call first):
       [0] log_contract_status (res://CoreAcceptanceService.gd:52)
       [1] _ready (res://MainGame.gd:526)
[CORE_ANALYTICS] {"event":"core_session_start","payload":{"gold":300,"monster_level":1,"save_recovered":false,"seconds_away":0,"spins":10},"time_unix":1789104325.745}
ERROR: P0 violation: Quests visible
   at: push_error (core/variant/variant_utility.cpp:1023)
   GDScript backtrace (most recent call first):
       [0] log_contract_status (res://CoreAcceptanceService.gd:52)
       [1] _ready (res://MainGame.gd:526)
ERROR: P0 violation: Heroes visible
   at: push_error (core/variant/variant_utility.cpp:1023)
   GDScript backtrace (most recent call first):
       [0] log_contract_status (res://CoreAcceptanceService.gd:52)
       [1] _ready (res://MainGame.gd:526)
ERROR: P0 violation: Hero Auto-DPS active
   at: push_error (core/variant/variant_utility.cpp:1023)
   GDScript backtrace (most recent call first):
       [0] log_contract_status (res://CoreAcceptanceService.gd:52)
       [1] _ready (res://MainGame.gd:526)
[CORE_ANALYTICS] {"event":"core_contract_fail","payload":{"errors":["P0 violation: Daily visible","P0 violation: Quests visible","P0 violation: Heroes visible","P0 violation: Hero Auto-DPS active"]},"time_unix":1789104325.748}
SCRIPT ERROR: Invalid call. Nonexistent function 'refresh_home_loop_state' in base 'GDScript'.
   at: _update_monster_ui (res://MainGame.gd:1219)
   GDScript backtrace (most recent call first):
       [0] _update_monster_ui (res://MainGame.gd:1219)
       [1] _refresh_all (res://MainGame.gd:675)
       [2] _ready (res://MainGame.gd:530)
SCRIPT ERROR: Invalid call. Nonexistent function 'refresh_village_loop_state' in base 'GDScript'.
   at: _refresh_p0_village (res://MainGame.gd:2410)
   GDScript backtrace (most recent call first):
       [0] _refresh_p0_village (res://MainGame.gd:2410)
       [1] _refresh_all (res://MainGame.gd:680)
       [2] _ready (res://MainGame.gd:530)
SCRIPT ERROR: Invalid call. Nonexistent function 'refresh_reward_session_state' in base 'GDScript'.
   at: _refresh_meta_ui (res://MainGame.gd:1004)
   GDScript backtrace (most recent call first):
       [0] _refresh_meta_ui (res://MainGame.gd:1004)
       [1] _refresh_all (res://MainGame.gd:683)
       [2] _ready (res://MainGame.gd:530)
SCRIPT ERROR: Invalid call. Nonexistent function 'style_objective_header' in base 'GDScript'.
   at: _add_objective_header_v152 (res://MainGame.gd:2166)
   GDScript backtrace (most recent call first):
       [0] _add_objective_header_v152 (res://MainGame.gd:2166)
       [1] _rebuild_quests (res://MainGame.gd:2205)
       [2] _refresh_all (res://MainGame.gd:688)
       [3] _ready (res://MainGame.gd:530)
SCRIPT ERROR: Invalid call. Nonexistent function 'objective_icon_role' in base 'GDScript'.
   at: _add_objective_row_v152 (res://MainGame.gd:2181)
   GDScript backtrace (most recent call first):
       [0] _add_objective_row_v152 (res://MainGame.gd:2181)
       [1] _rebuild_quests (res://MainGame.gd:2206)
       [2] _refresh_all (res://MainGame.gd:688)
       [3] _ready (res://MainGame.gd:530)
SCRIPT ERROR: Invalid call. Nonexistent function 'objective_icon_role' in base 'GDScript'.
   at: _add_objective_row_v152 (res://MainGame.gd:2181)
   GDScript backtrace (most recent call first):
       [0] _add_objective_row_v152 (res://MainGame.gd:2181)
       [1] _rebuild_quests (res://MainGame.gd:2206)
       [2] _refresh_all (res://MainGame.gd:688)
       [3] _ready (res://MainGame.gd:530)
SCRIPT ERROR: Invalid call. Nonexistent function 'objective_icon_role' in base 'GDScript'.
   at: _add_objective_row_v152 (res://MainGame.gd:2181)
   GDScript backtrace (most recent call first):
       [0] _add_objective_row_v152 (res://MainGame.gd:2181)
       [1] _rebuild_quests (res://MainGame.gd:2206)
       [2] _refresh_all (res://MainGame.gd:688)
       [3] _ready (res://MainGame.gd:530)
SCRIPT ERROR: Invalid call. Nonexistent function 'style_objective_header' in base 'GDScript'.
   at: _add_objective_header_v152 (res://MainGame.gd:2166)
   GDScript backtrace (most recent call first):
       [0] _add_objective_header_v152 (res://MainGame.gd:2166)
       [1] _rebuild_quests (res://MainGame.gd:2205)
       [2] _refresh_all (res://MainGame.gd:688)
       [3] _ready (res://MainGame.gd:530)
SCRIPT ERROR: Invalid call. Nonexistent function 'objective_icon_role' in base 'GDScript'.
   at: _add_objective_row_v152 (res://MainGame.gd:2181)
   GDScript backtrace (most recent call first):
       [0] _add_objective_row_v152 (res://MainGame.gd:2181)
       [1] _rebuild_quests (res://MainGame.gd:2206)
       [2] _refresh_all (res://MainGame.gd:688)
       [3] _ready (res://MainGame.gd:530)
SCRIPT ERROR: Invalid call. Nonexistent function 'objective_icon_role' in base 'GDScript'.
   at: _add_objective_row_v152 (res://MainGame.gd:2181)
   GDScript backtrace (most recent call first):
       [0] _add_objective_row_v152 (res://MainGame.gd:2181)
       [1] _rebuild_quests (res://MainGame.gd:2206)
       [2] _refresh_all (res://MainGame.gd:688)
       [3] _ready (res://MainGame.gd:530)
SCRIPT ERROR: Invalid call. Nonexistent function 'objective_icon_role' in base 'GDScript'.
   at: _add_objective_row_v152 (res://MainGame.gd:2181)
   GDScript backtrace (most recent call first):
       [0] _add_objective_row_v152 (res://MainGame.gd:2181)
       [1] _rebuild_quests (res://MainGame.gd:2206)
       [2] _refresh_all (res://MainGame.gd:688)
       [3] _ready (res://MainGame.gd:530)
SCRIPT ERROR: Invalid call. Nonexistent function 'style_objective_header' in base 'GDScript'.
   at: _add_objective_header_v152 (res://MainGame.gd:2166)
   GDScript backtrace (most recent call first):
       [0] _add_objective_header_v152 (res://MainGame.gd:2166)
       [1] _rebuild_quests (res://MainGame.gd:2205)
       [2] _refresh_all (res://MainGame.gd:688)
       [3] _ready (res://MainGame.gd:530)
SCRIPT ERROR: Invalid call. Nonexistent function 'objective_icon_role' in base 'GDScript'.
   at: _add_objective_row_v152 (res://MainGame.gd:2181)
   GDScript backtrace (most recent call first):
       [0] _add_objective_row_v152 (res://MainGame.gd:2181)
       [1] _rebuild_quests (res://MainGame.gd:2206)
       [2] _refresh_all (res://MainGame.gd:688)
       [3] _ready (res://MainGame.gd:530)
SCRIPT ERROR: Invalid call. Nonexistent function 'objective_icon_role' in base 'GDScript'.
   at: _add_objective_row_v152 (res://MainGame.gd:2181)
   GDScript backtrace (most recent call first):
       [0] _add_objective_row_v152 (res://MainGame.gd:2181)
       [1] _rebuild_quests (res://MainGame.gd:2206)
       [2] _refresh_all (res://MainGame.gd:688)
       [3] _ready (res://MainGame.gd:530)
SCRIPT ERROR: Invalid call. Nonexistent function 'objective_icon_role' in base 'GDScript'.
   at: _add_objective_row_v152 (res://MainGame.gd:2181)
   GDScript backtrace (most recent call first):
       [0] _add_objective_row_v152 (res://MainGame.gd:2181)
       [1] _rebuild_quests (res://MainGame.gd:2206)
       [2] _refresh_all (res://MainGame.gd:688)
       [3] _ready (res://MainGame.gd:530)
SCRIPT ERROR: Invalid call. Nonexistent function 'objective_icon_role' in base 'GDScript'.
   at: _add_objective_row_v152 (res://MainGame.gd:2181)
   GDScript backtrace (most recent call first):
       [0] _add_objective_row_v152 (res://MainGame.gd:2181)
       [1] _rebuild_quests (res://MainGame.gd:2206)
       [2] _refresh_all (res://MainGame.gd:688)
       [3] _ready (res://MainGame.gd:530)
SCRIPT ERROR: Invalid call. Nonexistent function 'objective_icon_role' in base 'GDScript'.
   at: _add_objective_row_v152 (res://MainGame.gd:2181)
   GDScript backtrace (most recent call first):
       [0] _add_objective_row_v152 (res://MainGame.gd:2181)
       [1] _rebuild_quests (res://MainGame.gd:2206)
       [2] _refresh_all (res://MainGame.gd:688)
       [3] _ready (res://MainGame.gd:530)
SCRIPT ERROR: Invalid call. Nonexistent function 'style_objective_header' in base 'GDScript'.
   at: _add_objective_header_v152 (res://MainGame.gd:2166)
   GDScript backtrace (most recent call first):
       [0] _add_objective_header_v152 (res://MainGame.gd:2166)
       [1] _rebuild_quests (res://MainGame.gd:2207)
       [2] _refresh_all (res://MainGame.gd:688)
       [3] _ready (res://MainGame.gd:530)
SCRIPT ERROR: Invalid call. Nonexistent function 'objective_icon_role' in base 'GDScript'.
   at: _rebuild_quests (res://MainGame.gd:2214)
   GDScript backtrace (most recent call first):
       [0] _rebuild_quests (res://MainGame.gd:2214)
       [1] _refresh_all (res://MainGame.gd:688)
       [2] _ready (res://MainGame.gd:530)
SCRIPT ERROR: Invalid call. Nonexistent function 'refresh_progression_state' in base 'GDScript'.
   at: _refresh_progression_p0 (res://MainGame.gd:2903)
   GDScript backtrace (most recent call first):
       [0] _refresh_progression_p0 (res://MainGame.gd:2903)
       [1] _refresh_all (res://MainGame.gd:696)
       [2] _ready (res://MainGame.gd:530)
SCRIPT ERROR: Invalid call. Nonexistent function 'refresh_shop_state' in base 'GDScript'.
   at: _refresh_shop_p0 (res://MainGame.gd:2810)
   GDScript backtrace (most recent call first):
       [0] _refresh_shop_p0 (res://MainGame.gd:2810)
       [1] _refresh_all (res://MainGame.gd:697)
       [2] _ready (res://MainGame.gd:530)
SCRIPT ERROR: Invalid call. Nonexistent function 'refresh_afk_state' in base 'GDScript'.
   at: _refresh_afk_p0 (res://MainGame.gd:2910)
   GDScript backtrace (most recent call first):
       [0] _refresh_afk_p0 (res://MainGame.gd:2910)
       [1] _refresh_all (res://MainGame.gd:698)
       [2] _ready (res://MainGame.gd:530)
SCRIPT ERROR: Invalid call. Nonexistent function 'style_objective_header' in base 'GDScript'.
   at: _add_objective_header_v152 (res://MainGame.gd:2166)
   GDScript backtrace (most recent call first):
       [0] _add_objective_header_v152 (res://MainGame.gd:2166)
       [1] _rebuild_quests (res://MainGame.gd:2205)
       [2] _ready (res://MainGame.gd:532)
SCRIPT ERROR: Invalid call. Nonexistent function 'objective_icon_role' in base 'GDScript'.
   at: _add_objective_row_v152 (res://MainGame.gd:2181)
   GDScript backtrace (most recent call first):
       [0] _add_objective_row_v152 (res://MainGame.gd:2181)
       [1] _rebuild_quests (res://MainGame.gd:2206)
       [2] _ready (res://MainGame.gd:532)
SCRIPT ERROR: Invalid call. Nonexistent function 'objective_icon_role' in base 'GDScript'.
   at: _add_objective_row_v152 (res://MainGame.gd:2181)
   GDScript backtrace (most recent call first):
       [0] _add_objective_row_v152 (res://MainGame.gd:2181)
       [1] _rebuild_quests (res://MainGame.gd:2206)
       [2] _ready (res://MainGame.gd:532)
SCRIPT ERROR: Invalid call. Nonexistent function 'objective_icon_role' in base 'GDScript'.
   at: _add_objective_row_v152 (res://MainGame.gd:2181)
   GDScript backtrace (most recent call first):
       [0] _add_objective_row_v152 (res://MainGame.gd:2181)
       [1] _rebuild_quests (res://MainGame.gd:2206)
       [2] _ready (res://MainGame.gd:532)
SCRIPT ERROR: Invalid call. Nonexistent function 'style_objective_header' in base 'GDScript'.
   at: _add_objective_header_v152 (res://MainGame.gd:2166)
   GDScript backtrace (most recent call first):
       [0] _add_objective_header_v152 (res://MainGame.gd:2166)
       [1] _rebuild_quests (res://MainGame.gd:2205)
       [2] _ready (res://MainGame.gd:532)
SCRIPT ERROR: Invalid call. Nonexistent function 'objective_icon_role' in base 'GDScript'.
   at: _add_objective_row_v152 (res://MainGame.gd:2181)
   GDScript backtrace (most recent call first):
       [0] _add_objective_row_v152 (res://MainGame.gd:2181)
       [1] _rebuild_quests (res://MainGame.gd:2206)
       [2] _ready (res://MainGame.gd:532)
SCRIPT ERROR: Invalid call. Nonexistent function 'objective_icon_role' in base 'GDScript'.
   at: _add_objective_row_v152 (res://MainGame.gd:2181)
   GDScript backtrace (most recent call first):
       [0] _add_objective_row_v152 (res://MainGame.gd:2181)
       [1] _rebuild_quests (res://MainGame.gd:2206)
       [2] _ready (res://MainGame.gd:532)
SCRIPT ERROR: Invalid call. Nonexistent function 'objective_icon_role' in base 'GDScript'.
   at: _add_objective_row_v152 (res://MainGame.gd:2181)
   GDScript backtrace (most recent call first):
       [0] _add_objective_row_v152 (res://MainGame.gd:2181)
       [1] _rebuild_quests (res://MainGame.gd:2206)
       [2] _ready (res://MainGame.gd:532)
SCRIPT ERROR: Invalid call. Nonexistent function 'style_objective_header' in base 'GDScript'.
   at: _add_objective_header_v152 (res://MainGame.gd:2166)
   GDScript backtrace (most recent call first):
       [0] _add_objective_header_v152 (res://MainGame.gd:2166)
       [1] _rebuild_quests (res://MainGame.gd:2205)
       [2] _ready (res://MainGame.gd:532)
SCRIPT ERROR: Invalid call. Nonexistent function 'objective_icon_role' in base 'GDScript'.
   at: _add_objective_row_v152 (res://MainGame.gd:2181)
   GDScript backtrace (most recent call first):
       [0] _add_objective_row_v152 (res://MainGame.gd:2181)
       [1] _rebuild_quests (res://MainGame.gd:2206)
       [2] _ready (res://MainGame.gd:532)
SCRIPT ERROR: Invalid call. Nonexistent function 'objective_icon_role' in base 'GDScript'.
   at: _add_objective_row_v152 (res://MainGame.gd:2181)
   GDScript backtrace (most recent call first):
       [0] _add_objective_row_v152 (res://MainGame.gd:2181)
       [1] _rebuild_quests (res://MainGame.gd:2206)
       [2] _ready (res://MainGame.gd:532)
SCRIPT ERROR: Invalid call. Nonexistent function 'objective_icon_role' in base 'GDScript'.
   at: _add_objective_row_v152 (res://MainGame.gd:2181)
   GDScript backtrace (most recent call first):
       [0] _add_objective_row_v152 (res://MainGame.gd:2181)
       [1] _rebuild_quests (res://MainGame.gd:2206)
       [2] _ready (res://MainGame.gd:532)
SCRIPT ERROR: Invalid call. Nonexistent function 'objective_icon_role' in base 'GDScript'.
   at: _add_objective_row_v152 (res://MainGame.gd:2181)
   GDScript backtrace (most recent call first):
       [0] _add_objective_row_v152 (res://MainGame.gd:2181)
       [1] _rebuild_quests (res://MainGame.gd:2206)
       [2] _ready (res://MainGame.gd:532)
SCRIPT ERROR: Invalid call. Nonexistent function 'objective_icon_role' in base 'GDScript'.
   at: _add_objective_row_v152 (res://MainGame.gd:2181)
   GDScript backtrace (most recent call first):
       [0] _add_objective_row_v152 (res://MainGame.gd:2181)
       [1] _rebuild_quests (res://MainGame.gd:2206)
       [2] _ready (res://MainGame.gd:532)
SCRIPT ERROR: Invalid call. Nonexistent function 'style_objective_header' in base 'GDScript'.
   at: _add_objective_header_v152 (res://MainGame.gd:2166)
   GDScript backtrace (most recent call first):
       [0] _add_objective_header_v152 (res://MainGame.gd:2166)
       [1] _rebuild_quests (res://MainGame.gd:2207)
       [2] _ready (res://MainGame.gd:532)
SCRIPT ERROR: Invalid call. Nonexistent function 'objective_icon_role' in base 'GDScript'.
   at: _rebuild_quests (res://MainGame.gd:2214)
   GDScript backtrace (most recent call first):
       [0] _rebuild_quests (res://MainGame.gd:2214)
       [1] _ready (res://MainGame.gd:532)
SCRIPT ERROR: Invalid call. Nonexistent function 'set_primary_nav_state' in base 'GDScript'.
   at: _switch_view (res://MainGame.gd:1298)
   GDScript backtrace (most recent call first):
       [0] _switch_view (res://MainGame.gd:1298)
       [1] _ready (res://MainGame.gd:537)
ERROR: [P0_BOOT] Main scene setting drift: res://BootFlow.tscn
   at: push_error (core/variant/variant_utility.cpp:1023)
   GDScript backtrace (most recent call first):
       [0] complete_scene_boot (res://P0BootDiagnostics.gd:79)
       [1] _ready (res://MainGame.gd:540)
ERROR: [P0_BOOT] Core contract: P0 violation: Daily visible
   at: push_error (core/variant/variant_utility.cpp:1023)
   GDScript backtrace (most recent call first):
       [0] complete_scene_boot (res://P0BootDiagnostics.gd:79)
       [1] _ready (res://MainGame.gd:540)
ERROR: [P0_BOOT] Core contract: P0 violation: Quests visible
   at: push_error (core/variant/variant_utility.cpp:1023)
   GDScript backtrace (most recent call first):
       [0] complete_scene_boot (res://P0BootDiagnostics.gd:79)
       [1] _ready (res://MainGame.gd:540)
ERROR: [P0_BOOT] Core contract: P0 violation: Heroes visible
   at: push_error (core/variant/variant_utility.cpp:1023)
   GDScript backtrace (most recent call first):
       [0] complete_scene_boot (res://P0BootDiagnostics.gd:79)
       [1] _ready (res://MainGame.gd:540)
ERROR: [P0_BOOT] Core contract: P0 violation: Hero Auto-DPS active
   at: push_error (core/variant/variant_utility.cpp:1023)
   GDScript backtrace (most recent call first):
       [0] complete_scene_boot (res://P0BootDiagnostics.gd:79)
       [1] _ready (res://MainGame.gd:540)
ERROR: [P0_BOOT] P1 isolation: HeroSystem processing during P0
   at: push_error (core/variant/variant_utility.cpp:1023)
   GDScript backtrace (most recent call first):
       [0] complete_scene_boot (res://P0BootDiagnostics.gd:79)
       [1] _ready (res://MainGame.gd:540)
[CORE_ANALYTICS] {"event":"p0_boot_fail","payload":{"errors":["Main scene setting drift: res://BootFlow.tscn","Core contract: P0 violation: Daily visible","Core contract: P0 violation: Quests visible","Core contract: P0 violation: Heroes visible","Core contract: P0 violation: Hero Auto-DPS active","P1 isolation: HeroSystem processing during P0"]},"time_unix":1789104325.783}
SCRIPT ERROR: Invalid call. Nonexistent function 'apply' in base 'GDScript'.
   at: _apply_mobile_runtime_polish (res://MainGame.gd:552)
   GDScript backtrace (most recent call first):
       [0] _apply_mobile_runtime_polish (res://MainGame.gd:552)
SCRIPT ERROR: Invalid call. Nonexistent function 'apply' in base 'GDScript'.
   at: _apply_mobile_runtime_polish (res://MainGame.gd:552)
   GDScript backtrace (most recent call first):
       [0] _apply_mobile_runtime_polish (res://MainGame.gd:552)
       [1] _wait_until_main_ready (res://V2021VisualRuntimeQa.gd:334)
       [2] _wait_until (res://V2021VisualRuntimeQa.gd:363)
SCRIPT ERROR: Invalid call. Nonexistent function 'set_primary_nav_state' in base 'GDScript'.
   at: _switch_view (res://MainGame.gd:1298)
   GDScript backtrace (most recent call first):
       [0] _switch_view (res://MainGame.gd:1298)
       [1] _prepare_deterministic_tap (res://V2021VisualRuntimeQa.gd:302)
       [2] _run_regression_suite (res://V2021VisualRuntimeQa.gd:281)
       [3] _wait_until_main_ready (res://V2021VisualRuntimeQa.gd:335)
       [4] _wait_render_stable (res://V2021VisualRuntimeQa.gd:358)
SCRIPT ERROR: Invalid call. Nonexistent function 'refresh_home_loop_state' in base 'GDScript'.
   at: _update_monster_ui (res://MainGame.gd:1219)
   GDScript backtrace (most recent call first):
       [0] _update_monster_ui (res://MainGame.gd:1219)
       [1] _refresh_all (res://MainGame.gd:675)
       [2] _close_no_spins_state (res://MainGame.gd:1629)
       [3] _dismiss_overlays (res://V2021VisualRuntimeQa.gd:489)
       [4] _wait_render (res://V2021VisualRuntimeQa.gd:353)
SCRIPT ERROR: Invalid call. Nonexistent function 'refresh_village_loop_state' in base 'GDScript'.
   at: _refresh_p0_village (res://MainGame.gd:2410)
   GDScript backtrace (most recent call first):
       [0] _refresh_p0_village (res://MainGame.gd:2410)
       [1] _refresh_all (res://MainGame.gd:680)
       [2] _close_no_spins_state (res://MainGame.gd:1629)
       [3] _dismiss_overlays (res://V2021VisualRuntimeQa.gd:489)
       [4] _wait_render (res://V2021VisualRuntimeQa.gd:353)
SCRIPT ERROR: Invalid call. Nonexistent function 'refresh_reward_session_state' in base 'GDScript'.
   at: _refresh_meta_ui (res://MainGame.gd:1004)
   GDScript backtrace (most recent call first):
       [0] _refresh_meta_ui (res://MainGame.gd:1004)
       [1] _refresh_all (res://MainGame.gd:683)
       [2] _close_no_spins_state (res://MainGame.gd:1629)
       [3] _dismiss_overlays (res://V2021VisualRuntimeQa.gd:489)
       [4] _wait_render (res://V2021VisualRuntimeQa.gd:353)
SCRIPT ERROR: Invalid call. Nonexistent function 'style_objective_header' in base 'GDScript'.
   at: _add_objective_header_v152 (res://MainGame.gd:2166)
   GDScript backtrace (most recent call first):
       [0] _add_objective_header_v152 (res://MainGame.gd:2166)
       [1] _rebuild_quests (res://MainGame.gd:2205)
       [2] _refresh_all (res://MainGame.gd:688)
       [3] _close_no_spins_state (res://MainGame.gd:1629)
       [4] _dismiss_overlays (res://V2021VisualRuntimeQa.gd:489)
       [5] _wait_render (res://V2021VisualRuntimeQa.gd:353)
SCRIPT ERROR: Invalid call. Nonexistent function 'objective_icon_role' in base 'GDScript'.
   at: _add_objective_row_v152 (res://MainGame.gd:2181)
   GDScript backtrace (most recent call first):
       [0] _add_objective_row_v152 (res://MainGame.gd:2181)
       [1] _rebuild_quests (res://MainGame.gd:2206)
       [2] _refresh_all (res://MainGame.gd:688)
       [3] _close_no_spins_state (res://MainGame.gd:1629)
       [4] _dismiss_overlays (res://V2021VisualRuntimeQa.gd:489)
       [5] _wait_render (res://V2021VisualRuntimeQa.gd:353)
SCRIPT ERROR: Invalid call. Nonexistent function 'objective_icon_role' in base 'GDScript'.
   at: _add_objective_row_v152 (res://MainGame.gd:2181)
   GDScript backtrace (most recent call first):
       [0] _add_objective_row_v152 (res://MainGame.gd:2181)
       [1] _rebuild_quests (res://MainGame.gd:2206)
       [2] _refresh_all (res://MainGame.gd:688)
       [3] _close_no_spins_state (res://MainGame.gd:1629)
       [4] _dismiss_overlays (res://V2021VisualRuntimeQa.gd:489)
       [5] _wait_render (res://V2021VisualRuntimeQa.gd:353)
SCRIPT ERROR: Invalid call. Nonexistent function 'objective_icon_role' in base 'GDScript'.
   at: _add_objective_row_v152 (res://MainGame.gd:2181)
   GDScript backtrace (most recent call first):
       [0] _add_objective_row_v152 (res://MainGame.gd:2181)
       [1] _rebuild_quests (res://MainGame.gd:2206)
       [2] _refresh_all (res://MainGame.gd:688)
       [3] _close_no_spins_state (res://MainGame.gd:1629)
       [4] _dismiss_overlays (res://V2021VisualRuntimeQa.gd:489)
       [5] _wait_render (res://V2021VisualRuntimeQa.gd:353)
SCRIPT ERROR: Invalid call. Nonexistent function 'style_objective_header' in base 'GDScript'.
   at: _add_objective_header_v152 (res://MainGame.gd:2166)
   GDScript backtrace (most recent call first):
       [0] _add_objective_header_v152 (res://MainGame.gd:2166)
       [1] _rebuild_quests (res://MainGame.gd:2205)
       [2] _refresh_all (res://MainGame.gd:688)
       [3] _close_no_spins_state (res://MainGame.gd:1629)
       [4] _dismiss_overlays (res://V2021VisualRuntimeQa.gd:489)
       [5] _wait_render (res://V2021VisualRuntimeQa.gd:353)
SCRIPT ERROR: Invalid call. Nonexistent function 'objective_icon_role' in base 'GDScript'.
   at: _add_objective_row_v152 (res://MainGame.gd:2181)
   GDScript backtrace (most recent call first):
       [0] _add_objective_row_v152 (res://MainGame.gd:2181)
       [1] _rebuild_quests (res://MainGame.gd:2206)
       [2] _refresh_all (res://MainGame.gd:688)
       [3] _close_no_spins_state (res://MainGame.gd:1629)
       [4] _dismiss_overlays (res://V2021VisualRuntimeQa.gd:489)
       [5] _wait_render (res://V2021VisualRuntimeQa.gd:353)
SCRIPT ERROR: Invalid call. Nonexistent function 'objective_icon_role' in base 'GDScript'.
   at: _add_objective_row_v152 (res://MainGame.gd:2181)
   GDScript backtrace (most recent call first):
       [0] _add_objective_row_v152 (res://MainGame.gd:2181)
       [1] _rebuild_quests (res://MainGame.gd:2206)
       [2] _refresh_all (res://MainGame.gd:688)
       [3] _close_no_spins_state (res://MainGame.gd:1629)
       [4] _dismiss_overlays (res://V2021VisualRuntimeQa.gd:489)
       [5] _wait_render (res://V2021VisualRuntimeQa.gd:353)
SCRIPT ERROR: Invalid call. Nonexistent function 'objective_icon_role' in base 'GDScript'.
   at: _add_objective_row_v152 (res://MainGame.gd:2181)
   GDScript backtrace (most recent call first):
       [0] _add_objective_row_v152 (res://MainGame.gd:2181)
       [1] _rebuild_quests (res://MainGame.gd:2206)
       [2] _refresh_all (res://MainGame.gd:688)
       [3] _close_no_spins_state (res://MainGame.gd:1629)
       [4] _dismiss_overlays (res://V2021VisualRuntimeQa.gd:489)
       [5] _wait_render (res://V2021VisualRuntimeQa.gd:353)
SCRIPT ERROR: Invalid call. Nonexistent function 'style_objective_header' in base 'GDScript'.
   at: _add_objective_header_v152 (res://MainGame.gd:2166)
   GDScript backtrace (most recent call first):
       [0] _add_objective_header_v152 (res://MainGame.gd:2166)
       [1] _rebuild_quests (res://MainGame.gd:2205)
       [2] _refresh_all (res://MainGame.gd:688)
       [3] _close_no_spins_state (res://MainGame.gd:1629)
       [4] _dismiss_overlays (res://V2021VisualRuntimeQa.gd:489)
       [5] _wait_render (res://V2021VisualRuntimeQa.gd:353)
SCRIPT ERROR: Invalid call. Nonexistent function 'objective_icon_role' in base 'GDScript'.
   at: _add_objective_row_v152 (res://MainGame.gd:2181)
   GDScript backtrace (most recent call first):
       [0] _add_objective_row_v152 (res://MainGame.gd:2181)
       [1] _rebuild_quests (res://MainGame.gd:2206)
       [2] _refresh_all (res://MainGame.gd:688)
       [3] _close_no_spins_state (res://MainGame.gd:1629)
       [4] _dismiss_overlays (res://V2021VisualRuntimeQa.gd:489)
       [5] _wait_render (res://V2021VisualRuntimeQa.gd:353)
SCRIPT ERROR: Invalid call. Nonexistent function 'objective_icon_role' in base 'GDScript'.
   at: _add_objective_row_v152 (res://MainGame.gd:2181)
   GDScript backtrace (most recent call first):
       [0] _add_objective_row_v152 (res://MainGame.gd:2181)
       [1] _rebuild_quests (res://MainGame.gd:2206)
       [2] _refresh_all (res://MainGame.gd:688)
       [3] _close_no_spins_state (res://MainGame.gd:1629)
       [4] _dismiss_overlays (res://V2021VisualRuntimeQa.gd:489)
       [5] _wait_render (res://V2021VisualRuntimeQa.gd:353)
SCRIPT ERROR: Invalid call. Nonexistent function 'objective_icon_role' in base 'GDScript'.
   at: _add_objective_row_v152 (res://MainGame.gd:2181)
   GDScript backtrace (most recent call first):
       [0] _add_objective_row_v152 (res://MainGame.gd:2181)
       [1] _rebuild_quests (res://MainGame.gd:2206)
       [2] _refresh_all (res://MainGame.gd:688)
       [3] _close_no_spins_state (res://MainGame.gd:1629)
       [4] _dismiss_overlays (res://V2021VisualRuntimeQa.gd:489)
       [5] _wait_render (res://V2021VisualRuntimeQa.gd:353)
SCRIPT ERROR: Invalid call. Nonexistent function 'objective_icon_role' in base 'GDScript'.
   at: _add_objective_row_v152 (res://MainGame.gd:2181)
   GDScript backtrace (most recent call first):
       [0] _add_objective_row_v152 (res://MainGame.gd:2181)
       [1] _rebuild_quests (res://MainGame.gd:2206)
       [2] _refresh_all (res://MainGame.gd:688)
       [3] _close_no_spins_state (res://MainGame.gd:1629)
       [4] _dismiss_overlays (res://V2021VisualRuntimeQa.gd:489)
       [5] _wait_render (res://V2021VisualRuntimeQa.gd:353)
SCRIPT ERROR: Invalid call. Nonexistent function 'objective_icon_role' in base 'GDScript'.
   at: _add_objective_row_v152 (res://MainGame.gd:2181)
   GDScript backtrace (most recent call first):
       [0] _add_objective_row_v152 (res://MainGame.gd:2181)
       [1] _rebuild_quests (res://MainGame.gd:2206)
       [2] _refresh_all (res://MainGame.gd:688)
       [3] _close_no_spins_state (res://MainGame.gd:1629)
       [4] _dismiss_overlays (res://V2021VisualRuntimeQa.gd:489)
       [5] _wait_render (res://V2021VisualRuntimeQa.gd:353)
SCRIPT ERROR: Invalid call. Nonexistent function 'style_objective_header' in base 'GDScript'.
   at: _add_objective_header_v152 (res://MainGame.gd:2166)
   GDScript backtrace (most recent call first):
       [0] _add_objective_header_v152 (res://MainGame.gd:2166)
       [1] _rebuild_quests (res://MainGame.gd:2207)
       [2] _refresh_all (res://MainGame.gd:688)
       [3] _close_no_spins_state (res://MainGame.gd:1629)
       [4] _dismiss_overlays (res://V2021VisualRuntimeQa.gd:489)
       [5] _wait_render (res://V2021VisualRuntimeQa.gd:353)
SCRIPT ERROR: Invalid call. Nonexistent function 'objective_icon_role' in base 'GDScript'.
   at: _rebuild_quests (res://MainGame.gd:2214)
   GDScript backtrace (most recent call first):
       [0] _rebuild_quests (res://MainGame.gd:2214)
       [1] _refresh_all (res://MainGame.gd:688)
       [2] _close_no_spins_state (res://MainGame.gd:1629)
       [3] _dismiss_overlays (res://V2021VisualRuntimeQa.gd:489)
       [4] _wait_render (res://V2021VisualRuntimeQa.gd:353)
SCRIPT ERROR: Invalid call. Nonexistent function 'refresh_progression_state' in base 'GDScript'.
   at: _refresh_progression_p0 (res://MainGame.gd:2903)
   GDScript backtrace (most recent call first):
       [0] _refresh_progression_p0 (res://MainGame.gd:2903)
       [1] _refresh_all (res://MainGame.gd:696)
       [2] _close_no_spins_state (res://MainGame.gd:1629)
       [3] _dismiss_overlays (res://V2021VisualRuntimeQa.gd:489)
       [4] _wait_render (res://V2021VisualRuntimeQa.gd:353)
SCRIPT ERROR: Invalid call. Nonexistent function 'refresh_shop_state' in base 'GDScript'.
   at: _refresh_shop_p0 (res://MainGame.gd:2810)
   GDScript backtrace (most recent call first):
       [0] _refresh_shop_p0 (res://MainGame.gd:2810)
       [1] _refresh_all (res://MainGame.gd:697)
       [2] _close_no_spins_state (res://MainGame.gd:1629)
       [3] _dismiss_overlays (res://V2021VisualRuntimeQa.gd:489)
       [4] _wait_render (res://V2021VisualRuntimeQa.gd:353)
SCRIPT ERROR: Invalid call. Nonexistent function 'refresh_afk_state' in base 'GDScript'.
   at: _refresh_afk_p0 (res://MainGame.gd:2910)
   GDScript backtrace (most recent call first):
       [0] _refresh_afk_p0 (res://MainGame.gd:2910)
       [1] _refresh_all (res://MainGame.gd:698)
       [2] _close_no_spins_state (res://MainGame.gd:1629)
       [3] _dismiss_overlays (res://V2021VisualRuntimeQa.gd:489)
       [4] _wait_render (res://V2021VisualRuntimeQa.gd:353)
SCRIPT ERROR: Invalid call. Nonexistent function 'refresh_home_loop_state' in base 'GDScript'.
   at: _update_monster_ui (res://MainGame.gd:1219)
   GDScript backtrace (most recent call first):
       [0] _update_monster_ui (res://MainGame.gd:1219)
       [1] _refresh_all (res://MainGame.gd:675)
       [2] _prepare_deterministic_tap (res://V2021VisualRuntimeQa.gd:307)
       [3] _wait_render_stable (res://V2021VisualRuntimeQa.gd:358)
SCRIPT ERROR: Invalid call. Nonexistent function 'refresh_village_loop_state' in base 'GDScript'.
   at: _refresh_p0_village (res://MainGame.gd:2410)
   GDScript backtrace (most recent call first):
       [0] _refresh_p0_village (res://MainGame.gd:2410)
       [1] _refresh_all (res://MainGame.gd:680)
       [2] _prepare_deterministic_tap (res://V2021VisualRuntimeQa.gd:307)
       [3] _wait_render_stable (res://V2021VisualRuntimeQa.gd:358)
SCRIPT ERROR: Invalid call. Nonexistent function 'refresh_reward_session_state' in base 'GDScript'.
   at: _refresh_meta_ui (res://MainGame.gd:1004)
   GDScript backtrace (most recent call first):
       [0] _refresh_meta_ui (res://MainGame.gd:1004)
       [1] _refresh_all (res://MainGame.gd:683)
       [2] _prepare_deterministic_tap (res://V2021VisualRuntimeQa.gd:307)
       [3] _wait_render_stable (res://V2021VisualRuntimeQa.gd:358)
SCRIPT ERROR: Invalid call. Nonexistent function 'style_objective_header' in base 'GDScript'.
   at: _add_objective_header_v152 (res://MainGame.gd:2166)
   GDScript backtrace (most recent call first):
       [0] _add_objective_header_v152 (res://MainGame.gd:2166)
       [1] _rebuild_quests (res://MainGame.gd:2205)
       [2] _refresh_all (res://MainGame.gd:688)
       [3] _prepare_deterministic_tap (res://V2021VisualRuntimeQa.gd:307)
       [4] _wait_render_stable (res://V2021VisualRuntimeQa.gd:358)
SCRIPT ERROR: Invalid call. Nonexistent function 'objective_icon_role' in base 'GDScript'.
   at: _add_objective_row_v152 (res://MainGame.gd:2181)
   GDScript backtrace (most recent call first):
       [0] _add_objective_row_v152 (res://MainGame.gd:2181)
       [1] _rebuild_quests (res://MainGame.gd:2206)
       [2] _refresh_all (res://MainGame.gd:688)
       [3] _prepare_deterministic_tap (res://V2021VisualRuntimeQa.gd:307)
       [4] _wait_render_stable (res://V2021VisualRuntimeQa.gd:358)
SCRIPT ERROR: Invalid call. Nonexistent function 'objective_icon_role' in base 'GDScript'.
   at: _add_objective_row_v152 (res://MainGame.gd:2181)
   GDScript backtrace (most recent call first):
       [0] _add_objective_row_v152 (res://MainGame.gd:2181)
       [1] _rebuild_quests (res://MainGame.gd:2206)
       [2] _refresh_all (res://MainGame.gd:688)
       [3] _prepare_deterministic_tap (res://V2021VisualRuntimeQa.gd:307)
       [4] _wait_render_stable (res://V2021VisualRuntimeQa.gd:358)
SCRIPT ERROR: Invalid call. Nonexistent function 'objective_icon_role' in base 'GDScript'.
   at: _add_objective_row_v152 (res://MainGame.gd:2181)
   GDScript backtrace (most recent call first):
       [0] _add_objective_row_v152 (res://MainGame.gd:2181)
       [1] _rebuild_quests (res://MainGame.gd:2206)
       [2] _refresh_all (res://MainGame.gd:688)
       [3] _prepare_deterministic_tap (res://V2021VisualRuntimeQa.gd:307)
       [4] _wait_render_stable (res://V2021VisualRuntimeQa.gd:358)
SCRIPT ERROR: Invalid call. Nonexistent function 'style_objective_header' in base 'GDScript'.
   at: _add_objective_header_v152 (res://MainGame.gd:2166)
   GDScript backtrace (most recent call first):
       [0] _add_objective_header_v152 (res://MainGame.gd:2166)
       [1] _rebuild_quests (res://MainGame.gd:2205)
       [2] _refresh_all (res://MainGame.gd:688)
       [3] _prepare_deterministic_tap (res://V2021VisualRuntimeQa.gd:307)
       [4] _wait_render_stable (res://V2021VisualRuntimeQa.gd:358)
SCRIPT ERROR: Invalid call. Nonexistent function 'objective_icon_role' in base 'GDScript'.
   at: _add_objective_row_v152 (res://MainGame.gd:2181)
   GDScript backtrace (most recent call first):
       [0] _add_objective_row_v152 (res://MainGame.gd:2181)
       [1] _rebuild_quests (res://MainGame.gd:2206)
       [2] _refresh_all (res://MainGame.gd:688)
       [3] _prepare_deterministic_tap (res://V2021VisualRuntimeQa.gd:307)
       [4] _wait_render_stable (res://V2021VisualRuntimeQa.gd:358)
SCRIPT ERROR: Invalid call. Nonexistent function 'objective_icon_role' in base 'GDScript'.
   at: _add_objective_row_v152 (res://MainGame.gd:2181)
   GDScript backtrace (most recent call first):
       [0] _add_objective_row_v152 (res://MainGame.gd:2181)
       [1] _rebuild_quests (res://MainGame.gd:2206)
       [2] _refresh_all (res://MainGame.gd:688)
       [3] _prepare_deterministic_tap (res://V2021VisualRuntimeQa.gd:307)
       [4] _wait_render_stable (res://V2021VisualRuntimeQa.gd:358)
SCRIPT ERROR: Invalid call. Nonexistent function 'objective_icon_role' in base 'GDScript'.
   at: _add_objective_row_v152 (res://MainGame.gd:2181)
   GDScript backtrace (most recent call first):
       [0] _add_objective_row_v152 (res://MainGame.gd:2181)
       [1] _rebuild_quests (res://MainGame.gd:2206)
       [2] _refresh_all (res://MainGame.gd:688)
       [3] _prepare_deterministic_tap (res://V2021VisualRuntimeQa.gd:307)
       [4] _wait_render_stable (res://V2021VisualRuntimeQa.gd:358)
SCRIPT ERROR: Invalid call. Nonexistent function 'style_objective_header' in base 'GDScript'.
   at: _add_objective_header_v152 (res://MainGame.gd:2166)
   GDScript backtrace (most recent call first):
       [0] _add_objective_header_v152 (res://MainGame.gd:2166)
       [1] _rebuild_quests (res://MainGame.gd:2205)
       [2] _refresh_all (res://MainGame.gd:688)
       [3] _prepare_deterministic_tap (res://V2021VisualRuntimeQa.gd:307)
       [4] _wait_render_stable (res://V2021VisualRuntimeQa.gd:358)
SCRIPT ERROR: Invalid call. Nonexistent function 'objective_icon_role' in base 'GDScript'.
   at: _add_objective_row_v152 (res://MainGame.gd:2181)
   GDScript backtrace (most recent call first):
       [0] _add_objective_row_v152 (res://MainGame.gd:2181)
       [1] _rebuild_quests (res://MainGame.gd:2206)
       [2] _refresh_all (res://MainGame.gd:688)
       [3] _prepare_deterministic_tap (res://V2021VisualRuntimeQa.gd:307)
       [4] _wait_render_stable (res://V2021VisualRuntimeQa.gd:358)
SCRIPT ERROR: Invalid call. Nonexistent function 'objective_icon_role' in base 'GDScript'.
   at: _add_objective_row_v152 (res://MainGame.gd:2181)
   GDScript backtrace (most recent call first):
       [0] _add_objective_row_v152 (res://MainGame.gd:2181)
       [1] _rebuild_quests (res://MainGame.gd:2206)
       [2] _refresh_all (res://MainGame.gd:688)
       [3] _prepare_deterministic_tap (res://V2021VisualRuntimeQa.gd:307)
       [4] _wait_render_stable (res://V2021VisualRuntimeQa.gd:358)
SCRIPT ERROR: Invalid call. Nonexistent function 'objective_icon_role' in base 'GDScript'.
   at: _add_objective_row_v152 (res://MainGame.gd:2181)
   GDScript backtrace (most recent call first):
       [0] _add_objective_row_v152 (res://MainGame.gd:2181)
       [1] _rebuild_quests (res://MainGame.gd:2206)
       [2] _refresh_all (res://MainGame.gd:688)
       [3] _prepare_deterministic_tap (res://V2021VisualRuntimeQa.gd:307)
       [4] _wait_render_stable (res://V2021VisualRuntimeQa.gd:358)
SCRIPT ERROR: Invalid call. Nonexistent function 'objective_icon_role' in base 'GDScript'.
   at: _add_objective_row_v152 (res://MainGame.gd:2181)
   GDScript backtrace (most recent call first):
       [0] _add_objective_row_v152 (res://MainGame.gd:2181)
       [1] _rebuild_quests (res://MainGame.gd:2206)
       [2] _refresh_all (res://MainGame.gd:688)
       [3] _prepare_deterministic_tap (res://V2021VisualRuntimeQa.gd:307)
       [4] _wait_render_stable (res://V2021VisualRuntimeQa.gd:358)
SCRIPT ERROR: Invalid call. Nonexistent function 'objective_icon_role' in base 'GDScript'.
   at: _add_objective_row_v152 (res://MainGame.gd:2181)
   GDScript backtrace (most recent call first):
       [0] _add_objective_row_v152 (res://MainGame.gd:2181)
       [1] _rebuild_quests (res://MainGame.gd:2206)
       [2] _refresh_all (res://MainGame.gd:688)
       [3] _prepare_deterministic_tap (res://V2021VisualRuntimeQa.gd:307)
       [4] _wait_render_stable (res://V2021VisualRuntimeQa.gd:358)
SCRIPT ERROR: Invalid call. Nonexistent function 'style_objective_header' in base 'GDScript'.
   at: _add_objective_header_v152 (res://MainGame.gd:2166)
   GDScript backtrace (most recent call first):
       [0] _add_objective_header_v152 (res://MainGame.gd:2166)
       [1] _rebuild_quests (res://MainGame.gd:2207)
       [2] _refresh_all (res://MainGame.gd:688)
       [3] _prepare_deterministic_tap (res://V2021VisualRuntimeQa.gd:307)
       [4] _wait_render_stable (res://V2021VisualRuntimeQa.gd:358)
SCRIPT ERROR: Invalid call. Nonexistent function 'objective_icon_role' in base 'GDScript'.
   at: _rebuild_quests (res://MainGame.gd:2214)
   GDScript backtrace (most recent call first):
       [0] _rebuild_quests (res://MainGame.gd:2214)
       [1] _refresh_all (res://MainGame.gd:688)
       [2] _prepare_deterministic_tap (res://V2021VisualRuntimeQa.gd:307)
       [3] _wait_render_stable (res://V2021VisualRuntimeQa.gd:358)
SCRIPT ERROR: Invalid call. Nonexistent function 'refresh_progression_state' in base 'GDScript'.
   at: _refresh_progression_p0 (res://MainGame.gd:2903)
   GDScript backtrace (most recent call first):
       [0] _refresh_progression_p0 (res://MainGame.gd:2903)
       [1] _refresh_all (res://MainGame.gd:696)
       [2] _prepare_deterministic_tap (res://V2021VisualRuntimeQa.gd:307)
       [3] _wait_render_stable (res://V2021VisualRuntimeQa.gd:358)
SCRIPT ERROR: Invalid call. Nonexistent function 'refresh_shop_state' in base 'GDScript'.
   at: _refresh_shop_p0 (res://MainGame.gd:2810)
   GDScript backtrace (most recent call first):
       [0] _refresh_shop_p0 (res://MainGame.gd:2810)
       [1] _refresh_all (res://MainGame.gd:697)
       [2] _prepare_deterministic_tap (res://V2021VisualRuntimeQa.gd:307)
       [3] _wait_render_stable (res://V2021VisualRuntimeQa.gd:358)
SCRIPT ERROR: Invalid call. Nonexistent function 'refresh_afk_state' in base 'GDScript'.
   at: _refresh_afk_p0 (res://MainGame.gd:2910)
   GDScript backtrace (most recent call first):
       [0] _refresh_afk_p0 (res://MainGame.gd:2910)
       [1] _refresh_all (res://MainGame.gd:698)
       [2] _prepare_deterministic_tap (res://V2021VisualRuntimeQa.gd:307)
       [3] _wait_render_stable (res://V2021VisualRuntimeQa.gd:358)
SCRIPT ERROR: Invalid call. Nonexistent function 'set_primary_nav_state' in base 'GDScript'.
   at: _switch_view (res://MainGame.gd:1298)
   GDScript backtrace (most recent call first):
       [0] _switch_view (res://MainGame.gd:1298)
       [1] _open_core_view (res://MainGame.gd:3024)
       [2] <anonymous lambda> (res://MainGame.gd:433)
       [3] _press_button (res://V2021VisualRuntimeQa.gd:480)
       [4] _press_nav (res://V2021VisualRuntimeQa.gd:475)
       [5] _run_regression_suite (res://V2021VisualRuntimeQa.gd:282)
       [6] _prepare_deterministic_tap (res://V2021VisualRuntimeQa.gd:307)
       [7] _wait_render_stable (res://V2021VisualRuntimeQa.gd:358)
[CORE_ANALYTICS] {"event":"wheel_open","payload":{},"time_unix":1789104326.477}
SCRIPT ERROR: Invalid call. Nonexistent function 'refresh_home_loop_state' in base 'GDScript'.
   at: _update_monster_ui (res://MainGame.gd:1219)
   GDScript backtrace (most recent call first):
       [0] _update_monster_ui (res://MainGame.gd:1219)
       [1] _refresh_all (res://MainGame.gd:675)
       [2] commit_spin_local (res://EconomyAuthorityService.gd:31)
       [3] spin (res://WheelSystem.gd:149)
       [4] _on_spin_pressed (res://MainGame.gd:1483)
       [5] _press_button (res://V2021VisualRuntimeQa.gd:480)
       [6] _run_regression_suite (res://V2021VisualRuntimeQa.gd:287)
       [7] _press_nav (res://V2021VisualRuntimeQa.gd:475)
       [8] _press_button (res://V2021VisualRuntimeQa.gd:481)
       [9] _wait_render (res://V2021VisualRuntimeQa.gd:353)
SCRIPT ERROR: Invalid call. Nonexistent function 'refresh_village_loop_state' in base 'GDScript'.
   at: _refresh_p0_village (res://MainGame.gd:2410)
   GDScript backtrace (most recent call first):
       [0] _refresh_p0_village (res://MainGame.gd:2410)
       [1] _refresh_all (res://MainGame.gd:680)
       [2] commit_spin_local (res://EconomyAuthorityService.gd:31)
       [3] spin (res://WheelSystem.gd:149)
       [4] _on_spin_pressed (res://MainGame.gd:1483)
       [5] _press_button (res://V2021VisualRuntimeQa.gd:480)
       [6] _run_regression_suite (res://V2021VisualRuntimeQa.gd:287)
       [7] _press_nav (res://V2021VisualRuntimeQa.gd:475)
       [8] _press_button (res://V2021VisualRuntimeQa.gd:481)
       [9] _wait_render (res://V2021VisualRuntimeQa.gd:353)
SCRIPT ERROR: Invalid call. Nonexistent function 'refresh_reward_session_state' in base 'GDScript'.
   at: _refresh_meta_ui (res://MainGame.gd:1004)
   GDScript backtrace (most recent call first):
       [0] _refresh_meta_ui (res://MainGame.gd:1004)
       [1] _refresh_all (res://MainGame.gd:683)
       [2] commit_spin_local (res://EconomyAuthorityService.gd:31)
       [3] spin (res://WheelSystem.gd:149)
       [4] _on_spin_pressed (res://MainGame.gd:1483)
       [5] _press_button (res://V2021VisualRuntimeQa.gd:480)
       [6] _run_regression_suite (res://V2021VisualRuntimeQa.gd:287)
       [7] _press_nav (res://V2021VisualRuntimeQa.gd:475)
       [8] _press_button (res://V2021VisualRuntimeQa.gd:481)
       [9] _wait_render (res://V2021VisualRuntimeQa.gd:353)
SCRIPT ERROR: Invalid call. Nonexistent function 'style_objective_header' in base 'GDScript'.
   at: _add_objective_header_v152 (res://MainGame.gd:2166)
   GDScript backtrace (most recent call first):
       [0] _add_objective_header_v152 (res://MainGame.gd:2166)
       [1] _rebuild_quests (res://MainGame.gd:2205)
       [2] _refresh_all (res://MainGame.gd:688)
       [3] commit_spin_local (res://EconomyAuthorityService.gd:31)
       [4] spin (res://WheelSystem.gd:149)
       [5] _on_spin_pressed (res://MainGame.gd:1483)
       [6] _press_button (res://V2021VisualRuntimeQa.gd:480)
       [7] _run_regression_suite (res://V2021VisualRuntimeQa.gd:287)
       [8] _press_nav (res://V2021VisualRuntimeQa.gd:475)
       [9] _press_button (res://V2021VisualRuntimeQa.gd:481)
       [10] _wait_render (res://V2021VisualRuntimeQa.gd:353)
SCRIPT ERROR: Invalid call. Nonexistent function 'objective_icon_role' in base 'GDScript'.
   at: _add_objective_row_v152 (res://MainGame.gd:2181)
   GDScript backtrace (most recent call first):
       [0] _add_objective_row_v152 (res://MainGame.gd:2181)
       [1] _rebuild_quests (res://MainGame.gd:2206)
       [2] _refresh_all (res://MainGame.gd:688)
       [3] commit_spin_local (res://EconomyAuthorityService.gd:31)
       [4] spin (res://WheelSystem.gd:149)
       [5] _on_spin_pressed (res://MainGame.gd:1483)
       [6] _press_button (res://V2021VisualRuntimeQa.gd:480)
       [7] _run_regression_suite (res://V2021VisualRuntimeQa.gd:287)
       [8] _press_nav (res://V2021VisualRuntimeQa.gd:475)
       [9] _press_button (res://V2021VisualRuntimeQa.gd:481)
       [10] _wait_render (res://V2021VisualRuntimeQa.gd:353)
SCRIPT ERROR: Invalid call. Nonexistent function 'objective_icon_role' in base 'GDScript'.
   at: _add_objective_row_v152 (res://MainGame.gd:2181)
   GDScript backtrace (most recent call first):
       [0] _add_objective_row_v152 (res://MainGame.gd:2181)
       [1] _rebuild_quests (res://MainGame.gd:2206)
       [2] _refresh_all (res://MainGame.gd:688)
       [3] commit_spin_local (res://EconomyAuthorityService.gd:31)
       [4] spin (res://WheelSystem.gd:149)
       [5] _on_spin_pressed (res://MainGame.gd:1483)
       [6] _press_button (res://V2021VisualRuntimeQa.gd:480)
       [7] _run_regression_suite (res://V2021VisualRuntimeQa.gd:287)
       [8] _press_nav (res://V2021VisualRuntimeQa.gd:475)
       [9] _press_button (res://V2021VisualRuntimeQa.gd:481)
       [10] _wait_render (res://V2021VisualRuntimeQa.gd:353)
SCRIPT ERROR: Invalid call. Nonexistent function 'objective_icon_role' in base 'GDScript'.
   at: _add_objective_row_v152 (res://MainGame.gd:2181)
   GDScript backtrace (most recent call first):
       [0] _add_objective_row_v152 (res://MainGame.gd:2181)
       [1] _rebuild_quests (res://MainGame.gd:2206)
       [2] _refresh_all (res://MainGame.gd:688)
       [3] commit_spin_local (res://EconomyAuthorityService.gd:31)
       [4] spin (res://WheelSystem.gd:149)
       [5] _on_spin_pressed (res://MainGame.gd:1483)
       [6] _press_button (res://V2021VisualRuntimeQa.gd:480)
       [7] _run_regression_suite (res://V2021VisualRuntimeQa.gd:287)
       [8] _press_nav (res://V2021VisualRuntimeQa.gd:475)
       [9] _press_button (res://V2021VisualRuntimeQa.gd:481)
       [10] _wait_render (res://V2021VisualRuntimeQa.gd:353)
SCRIPT ERROR: Invalid call. Nonexistent function 'style_objective_header' in base 'GDScript'.
   at: _add_objective_header_v152 (res://MainGame.gd:2166)
   GDScript backtrace (most recent call first):
       [0] _add_objective_header_v152 (res://MainGame.gd:2166)
       [1] _rebuild_quests (res://MainGame.gd:2205)
       [2] _refresh_all (res://MainGame.gd:688)
       [3] commit_spin_local (res://EconomyAuthorityService.gd:31)
       [4] spin (res://WheelSystem.gd:149)
       [5] _on_spin_pressed (res://MainGame.gd:1483)
       [6] _press_button (res://V2021VisualRuntimeQa.gd:480)
       [7] _run_regression_suite (res://V2021VisualRuntimeQa.gd:287)
       [8] _press_nav (res://V2021VisualRuntimeQa.gd:475)
       [9] _press_button (res://V2021VisualRuntimeQa.gd:481)
       [10] _wait_render (res://V2021VisualRuntimeQa.gd:353)
SCRIPT ERROR: Invalid call. Nonexistent function 'objective_icon_role' in base 'GDScript'.
   at: _add_objective_row_v152 (res://MainGame.gd:2181)
   GDScript backtrace (most recent call first):
       [0] _add_objective_row_v152 (res://MainGame.gd:2181)
       [1] _rebuild_quests (res://MainGame.gd:2206)
       [2] _refresh_all (res://MainGame.gd:688)
       [3] commit_spin_local (res://EconomyAuthorityService.gd:31)
       [4] spin (res://WheelSystem.gd:149)
       [5] _on_spin_pressed (res://MainGame.gd:1483)
       [6] _press_button (res://V2021VisualRuntimeQa.gd:480)
       [7] _run_regression_suite (res://V2021VisualRuntimeQa.gd:287)
       [8] _press_nav (res://V2021VisualRuntimeQa.gd:475)
       [9] _press_button (res://V2021VisualRuntimeQa.gd:481)
       [10] _wait_render (res://V2021VisualRuntimeQa.gd:353)
SCRIPT ERROR: Invalid call. Nonexistent function 'objective_icon_role' in base 'GDScript'.
   at: _add_objective_row_v152 (res://MainGame.gd:2181)
   GDScript backtrace (most recent call first):
       [0] _add_objective_row_v152 (res://MainGame.gd:2181)
       [1] _rebuild_quests (res://MainGame.gd:2206)
       [2] _refresh_all (res://MainGame.gd:688)
       [3] commit_spin_local (res://EconomyAuthorityService.gd:31)
       [4] spin (res://WheelSystem.gd:149)
       [5] _on_spin_pressed (res://MainGame.gd:1483)
       [6] _press_button (res://V2021VisualRuntimeQa.gd:480)
       [7] _run_regression_suite (res://V2021VisualRuntimeQa.gd:287)
       [8] _press_nav (res://V2021VisualRuntimeQa.gd:475)
       [9] _press_button (res://V2021VisualRuntimeQa.gd:481)
       [10] _wait_render (res://V2021VisualRuntimeQa.gd:353)
SCRIPT ERROR: Invalid call. Nonexistent function 'objective_icon_role' in base 'GDScript'.
   at: _add_objective_row_v152 (res://MainGame.gd:2181)
   GDScript backtrace (most recent call first):
       [0] _add_objective_row_v152 (res://MainGame.gd:2181)
       [1] _rebuild_quests (res://MainGame.gd:2206)
       [2] _refresh_all (res://MainGame.gd:688)
       [3] commit_spin_local (res://EconomyAuthorityService.gd:31)
       [4] spin (res://WheelSystem.gd:149)
       [5] _on_spin_pressed (res://MainGame.gd:1483)
       [6] _press_button (res://V2021VisualRuntimeQa.gd:480)
       [7] _run_regression_suite (res://V2021VisualRuntimeQa.gd:287)
       [8] _press_nav (res://V2021VisualRuntimeQa.gd:475)
       [9] _press_button (res://V2021VisualRuntimeQa.gd:481)
       [10] _wait_render (res://V2021VisualRuntimeQa.gd:353)
SCRIPT ERROR: Invalid call. Nonexistent function 'style_objective_header' in base 'GDScript'.
   at: _add_objective_header_v152 (res://MainGame.gd:2166)
   GDScript backtrace (most recent call first):
       [0] _add_objective_header_v152 (res://MainGame.gd:2166)
       [1] _rebuild_quests (res://MainGame.gd:2205)
       [2] _refresh_all (res://MainGame.gd:688)
       [3] commit_spin_local (res://EconomyAuthorityService.gd:31)
       [4] spin (res://WheelSystem.gd:149)
       [5] _on_spin_pressed (res://MainGame.gd:1483)
       [6] _press_button (res://V2021VisualRuntimeQa.gd:480)
       [7] _run_regression_suite (res://V2021VisualRuntimeQa.gd:287)
       [8] _press_nav (res://V2021VisualRuntimeQa.gd:475)
       [9] _press_button (res://V2021VisualRuntimeQa.gd:481)
       [10] _wait_render (res://V2021VisualRuntimeQa.gd:353)
SCRIPT ERROR: Invalid call. Nonexistent function 'objective_icon_role' in base 'GDScript'.
   at: _add_objective_row_v152 (res://MainGame.gd:2181)
   GDScript backtrace (most recent call first):
       [0] _add_objective_row_v152 (res://MainGame.gd:2181)
       [1] _rebuild_quests (res://MainGame.gd:2206)
       [2] _refresh_all (res://MainGame.gd:688)
       [3] commit_spin_local (res://EconomyAuthorityService.gd:31)
       [4] spin (res://WheelSystem.gd:149)
       [5] _on_spin_pressed (res://MainGame.gd:1483)
       [6] _press_button (res://V2021VisualRuntimeQa.gd:480)
       [7] _run_regression_suite (res://V2021VisualRuntimeQa.gd:287)
       [8] _press_nav (res://V2021VisualRuntimeQa.gd:475)
       [9] _press_button (res://V2021VisualRuntimeQa.gd:481)
       [10] _wait_render (res://V2021VisualRuntimeQa.gd:353)
SCRIPT ERROR: Invalid call. Nonexistent function 'objective_icon_role' in base 'GDScript'.
   at: _add_objective_row_v152 (res://MainGame.gd:2181)
   GDScript backtrace (most recent call first):
       [0] _add_objective_row_v152 (res://MainGame.gd:2181)
       [1] _rebuild_quests (res://MainGame.gd:2206)
       [2] _refresh_all (res://MainGame.gd:688)
       [3] commit_spin_local (res://EconomyAuthorityService.gd:31)
       [4] spin (res://WheelSystem.gd:149)
       [5] _on_spin_pressed (res://MainGame.gd:1483)
       [6] _press_button (res://V2021VisualRuntimeQa.gd:480)
       [7] _run_regression_suite (res://V2021VisualRuntimeQa.gd:287)
       [8] _press_nav (res://V2021VisualRuntimeQa.gd:475)
       [9] _press_button (res://V2021VisualRuntimeQa.gd:481)
       [10] _wait_render (res://V2021VisualRuntimeQa.gd:353)
SCRIPT ERROR: Invalid call. Nonexistent function 'objective_icon_role' in base 'GDScript'.
   at: _add_objective_row_v152 (res://MainGame.gd:2181)
   GDScript backtrace (most recent call first):
       [0] _add_objective_row_v152 (res://MainGame.gd:2181)
       [1] _rebuild_quests (res://MainGame.gd:2206)
       [2] _refresh_all (res://MainGame.gd:688)
       [3] commit_spin_local (res://EconomyAuthorityService.gd:31)
       [4] spin (res://WheelSystem.gd:149)
       [5] _on_spin_pressed (res://MainGame.gd:1483)
       [6] _press_button (res://V2021VisualRuntimeQa.gd:480)
       [7] _run_regression_suite (res://V2021VisualRuntimeQa.gd:287)
       [8] _press_nav (res://V2021VisualRuntimeQa.gd:475)
       [9] _press_button (res://V2021VisualRuntimeQa.gd:481)
       [10] _wait_render (res://V2021VisualRuntimeQa.gd:353)
SCRIPT ERROR: Invalid call. Nonexistent function 'objective_icon_role' in base 'GDScript'.
   at: _add_objective_row_v152 (res://MainGame.gd:2181)
   GDScript backtrace (most recent call first):
       [0] _add_objective_row_v152 (res://MainGame.gd:2181)
       [1] _rebuild_quests (res://MainGame.gd:2206)
       [2] _refresh_all (res://MainGame.gd:688)
       [3] commit_spin_local (res://EconomyAuthorityService.gd:31)
       [4] spin (res://WheelSystem.gd:149)
       [5] _on_spin_pressed (res://MainGame.gd:1483)
       [6] _press_button (res://V2021VisualRuntimeQa.gd:480)
       [7] _run_regression_suite (res://V2021VisualRuntimeQa.gd:287)
       [8] _press_nav (res://V2021VisualRuntimeQa.gd:475)
       [9] _press_button (res://V2021VisualRuntimeQa.gd:481)
       [10] _wait_render (res://V2021VisualRuntimeQa.gd:353)
SCRIPT ERROR: Invalid call. Nonexistent function 'objective_icon_role' in base 'GDScript'.
   at: _add_objective_row_v152 (res://MainGame.gd:2181)
   GDScript backtrace (most recent call first):
       [0] _add_objective_row_v152 (res://MainGame.gd:2181)
       [1] _rebuild_quests (res://MainGame.gd:2206)
       [2] _refresh_all (res://MainGame.gd:688)
       [3] commit_spin_local (res://EconomyAuthorityService.gd:31)
       [4] spin (res://WheelSystem.gd:149)
       [5] _on_spin_pressed (res://MainGame.gd:1483)
       [6] _press_button (res://V2021VisualRuntimeQa.gd:480)
       [7] _run_regression_suite (res://V2021VisualRuntimeQa.gd:287)
       [8] _press_nav (res://V2021VisualRuntimeQa.gd:475)
       [9] _press_button (res://V2021VisualRuntimeQa.gd:481)
       [10] _wait_render (res://V2021VisualRuntimeQa.gd:353)
SCRIPT ERROR: Invalid call. Nonexistent function 'style_objective_header' in base 'GDScript'.
   at: _add_objective_header_v152 (res://MainGame.gd:2166)
   GDScript backtrace (most recent call first):
       [0] _add_objective_header_v152 (res://MainGame.gd:2166)
       [1] _rebuild_quests (res://MainGame.gd:2207)
       [2] _refresh_all (res://MainGame.gd:688)
       [3] commit_spin_local (res://EconomyAuthorityService.gd:31)
       [4] spin (res://WheelSystem.gd:149)
       [5] _on_spin_pressed (res://MainGame.gd:1483)
       [6] _press_button (res://V2021VisualRuntimeQa.gd:480)
       [7] _run_regression_suite (res://V2021VisualRuntimeQa.gd:287)
       [8] _press_nav (res://V2021VisualRuntimeQa.gd:475)
       [9] _press_button (res://V2021VisualRuntimeQa.gd:481)
       [10] _wait_render (res://V2021VisualRuntimeQa.gd:353)
SCRIPT ERROR: Invalid call. Nonexistent function 'objective_icon_role' in base 'GDScript'.
   at: _rebuild_quests (res://MainGame.gd:2214)
   GDScript backtrace (most recent call first):
       [0] _rebuild_quests (res://MainGame.gd:2214)
       [1] _refresh_all (res://MainGame.gd:688)
       [2] commit_spin_local (res://EconomyAuthorityService.gd:31)
       [3] spin (res://WheelSystem.gd:149)
       [4] _on_spin_pressed (res://MainGame.gd:1483)
       [5] _press_button (res://V2021VisualRuntimeQa.gd:480)
       [6] _run_regression_suite (res://V2021VisualRuntimeQa.gd:287)
       [7] _press_nav (res://V2021VisualRuntimeQa.gd:475)
       [8] _press_button (res://V2021VisualRuntimeQa.gd:481)
       [9] _wait_render (res://V2021VisualRuntimeQa.gd:353)
SCRIPT ERROR: Invalid call. Nonexistent function 'refresh_progression_state' in base 'GDScript'.
   at: _refresh_progression_p0 (res://MainGame.gd:2903)
   GDScript backtrace (most recent call first):
       [0] _refresh_progression_p0 (res://MainGame.gd:2903)
       [1] _refresh_all (res://MainGame.gd:696)
       [2] commit_spin_local (res://EconomyAuthorityService.gd:31)
       [3] spin (res://WheelSystem.gd:149)
       [4] _on_spin_pressed (res://MainGame.gd:1483)
       [5] _press_button (res://V2021VisualRuntimeQa.gd:480)
       [6] _run_regression_suite (res://V2021VisualRuntimeQa.gd:287)
       [7] _press_nav (res://V2021VisualRuntimeQa.gd:475)
       [8] _press_button (res://V2021VisualRuntimeQa.gd:481)
       [9] _wait_render (res://V2021VisualRuntimeQa.gd:353)
SCRIPT ERROR: Invalid call. Nonexistent function 'refresh_shop_state' in base 'GDScript'.
   at: _refresh_shop_p0 (res://MainGame.gd:2810)
   GDScript backtrace (most recent call first):
       [0] _refresh_shop_p0 (res://MainGame.gd:2810)
       [1] _refresh_all (res://MainGame.gd:697)
       [2] commit_spin_local (res://EconomyAuthorityService.gd:31)
       [3] spin (res://WheelSystem.gd:149)
       [4] _on_spin_pressed (res://MainGame.gd:1483)
       [5] _press_button (res://V2021VisualRuntimeQa.gd:480)
       [6] _run_regression_suite (res://V2021VisualRuntimeQa.gd:287)
       [7] _press_nav (res://V2021VisualRuntimeQa.gd:475)
       [8] _press_button (res://V2021VisualRuntimeQa.gd:481)
       [9] _wait_render (res://V2021VisualRuntimeQa.gd:353)
SCRIPT ERROR: Invalid call. Nonexistent function 'refresh_afk_state' in base 'GDScript'.
   at: _refresh_afk_p0 (res://MainGame.gd:2910)
   GDScript backtrace (most recent call first):
       [0] _refresh_afk_p0 (res://MainGame.gd:2910)
       [1] _refresh_all (res://MainGame.gd:698)
       [2] commit_spin_local (res://EconomyAuthorityService.gd:31)
       [3] spin (res://WheelSystem.gd:149)
       [4] _on_spin_pressed (res://MainGame.gd:1483)
       [5] _press_button (res://V2021VisualRuntimeQa.gd:480)
       [6] _run_regression_suite (res://V2021VisualRuntimeQa.gd:287)
       [7] _press_nav (res://V2021VisualRuntimeQa.gd:475)
       [8] _press_button (res://V2021VisualRuntimeQa.gd:481)
       [9] _wait_render (res://V2021VisualRuntimeQa.gd:353)
[CORE_ANALYTICS] {"event":"spin_request","payload":{"config_version":"v2.0-3reel-p0-06","presentation":"three_reel_machine","spins_after_cost":9},"time_unix":1789104326.518}
SCRIPT ERROR: Invalid call. Nonexistent function 'style_objective_header' in base 'GDScript'.
   at: _add_objective_header_v152 (res://MainGame.gd:2166)
   GDScript backtrace (most recent call first):
       [0] _add_objective_header_v152 (res://MainGame.gd:2166)
       [1] _rebuild_quests (res://MainGame.gd:2205)
       [2] register_action (res://ObjectiveSystem.gd:60)
       [3] _on_spin_pressed (res://MainGame.gd:1502)
       [4] _press_button (res://V2021VisualRuntimeQa.gd:480)
       [5] _run_regression_suite (res://V2021VisualRuntimeQa.gd:287)
       [6] _press_nav (res://V2021VisualRuntimeQa.gd:475)
       [7] _press_button (res://V2021VisualRuntimeQa.gd:481)
       [8] _wait_render (res://V2021VisualRuntimeQa.gd:353)
SCRIPT ERROR: Invalid call. Nonexistent function 'objective_icon_role' in base 'GDScript'.
   at: _add_objective_row_v152 (res://MainGame.gd:2181)
   GDScript backtrace (most recent call first):
       [0] _add_objective_row_v152 (res://MainGame.gd:2181)
       [1] _rebuild_quests (res://MainGame.gd:2206)
       [2] register_action (res://ObjectiveSystem.gd:60)
       [3] _on_spin_pressed (res://MainGame.gd:1502)
       [4] _press_button (res://V2021VisualRuntimeQa.gd:480)
       [5] _run_regression_suite (res://V2021VisualRuntimeQa.gd:287)
       [6] _press_nav (res://V2021VisualRuntimeQa.gd:475)
       [7] _press_button (res://V2021VisualRuntimeQa.gd:481)
       [8] _wait_render (res://V2021VisualRuntimeQa.gd:353)
SCRIPT ERROR: Invalid call. Nonexistent function 'objective_icon_role' in base 'GDScript'.
   at: _add_objective_row_v152 (res://MainGame.gd:2181)
   GDScript backtrace (most recent call first):
       [0] _add_objective_row_v152 (res://MainGame.gd:2181)
       [1] _rebuild_quests (res://MainGame.gd:2206)
       [2] register_action (res://ObjectiveSystem.gd:60)
       [3] _on_spin_pressed (res://MainGame.gd:1502)
       [4] _press_button (res://V2021VisualRuntimeQa.gd:480)
       [5] _run_regression_suite (res://V2021VisualRuntimeQa.gd:287)
       [6] _press_nav (res://V2021VisualRuntimeQa.gd:475)
       [7] _press_button (res://V2021VisualRuntimeQa.gd:481)
       [8] _wait_render (res://V2021VisualRuntimeQa.gd:353)
SCRIPT ERROR: Invalid call. Nonexistent function 'objective_icon_role' in base 'GDScript'.
   at: _add_objective_row_v152 (res://MainGame.gd:2181)
   GDScript backtrace (most recent call first):
       [0] _add_objective_row_v152 (res://MainGame.gd:2181)
       [1] _rebuild_quests (res://MainGame.gd:2206)
       [2] register_action (res://ObjectiveSystem.gd:60)
       [3] _on_spin_pressed (res://MainGame.gd:1502)
       [4] _press_button (res://V2021VisualRuntimeQa.gd:480)
       [5] _run_regression_suite (res://V2021VisualRuntimeQa.gd:287)
       [6] _press_nav (res://V2021VisualRuntimeQa.gd:475)
       [7] _press_button (res://V2021VisualRuntimeQa.gd:481)
       [8] _wait_render (res://V2021VisualRuntimeQa.gd:353)
SCRIPT ERROR: Invalid call. Nonexistent function 'style_objective_header' in base 'GDScript'.
   at: _add_objective_header_v152 (res://MainGame.gd:2166)
   GDScript backtrace (most recent call first):
       [0] _add_objective_header_v152 (res://MainGame.gd:2166)
       [1] _rebuild_quests (res://MainGame.gd:2205)
       [2] register_action (res://ObjectiveSystem.gd:60)
       [3] _on_spin_pressed (res://MainGame.gd:1502)
       [4] _press_button (res://V2021VisualRuntimeQa.gd:480)
       [5] _run_regression_suite (res://V2021VisualRuntimeQa.gd:287)
       [6] _press_nav (res://V2021VisualRuntimeQa.gd:475)
       [7] _press_button (res://V2021VisualRuntimeQa.gd:481)
       [8] _wait_render (res://V2021VisualRuntimeQa.gd:353)
SCRIPT ERROR: Invalid call. Nonexistent function 'objective_icon_role' in base 'GDScript'.
   at: _add_objective_row_v152 (res://MainGame.gd:2181)
   GDScript backtrace (most recent call first):
       [0] _add_objective_row_v152 (res://MainGame.gd:2181)
       [1] _rebuild_quests (res://MainGame.gd:2206)
       [2] register_action (res://ObjectiveSystem.gd:60)
       [3] _on_spin_pressed (res://MainGame.gd:1502)
       [4] _press_button (res://V2021VisualRuntimeQa.gd:480)
       [5] _run_regression_suite (res://V2021VisualRuntimeQa.gd:287)
       [6] _press_nav (res://V2021VisualRuntimeQa.gd:475)
       [7] _press_button (res://V2021VisualRuntimeQa.gd:481)
       [8] _wait_render (res://V2021VisualRuntimeQa.gd:353)
SCRIPT ERROR: Invalid call. Nonexistent function 'objective_icon_role' in base 'GDScript'.
   at: _add_objective_row_v152 (res://MainGame.gd:2181)
   GDScript backtrace (most recent call first):
       [0] _add_objective_row_v152 (res://MainGame.gd:2181)
       [1] _rebuild_quests (res://MainGame.gd:2206)
       [2] register_action (res://ObjectiveSystem.gd:60)
       [3] _on_spin_pressed (res://MainGame.gd:1502)
       [4] _press_button (res://V2021VisualRuntimeQa.gd:480)
       [5] _run_regression_suite (res://V2021VisualRuntimeQa.gd:287)
       [6] _press_nav (res://V2021VisualRuntimeQa.gd:475)
       [7] _press_button (res://V2021VisualRuntimeQa.gd:481)
       [8] _wait_render (res://V2021VisualRuntimeQa.gd:353)
SCRIPT ERROR: Invalid call. Nonexistent function 'objective_icon_role' in base 'GDScript'.
   at: _add_objective_row_v152 (res://MainGame.gd:2181)
   GDScript backtrace (most recent call first):
       [0] _add_objective_row_v152 (res://MainGame.gd:2181)
       [1] _rebuild_quests (res://MainGame.gd:2206)
       [2] register_action (res://ObjectiveSystem.gd:60)
       [3] _on_spin_pressed (res://MainGame.gd:1502)
       [4] _press_button (res://V2021VisualRuntimeQa.gd:480)
       [5] _run_regression_suite (res://V2021VisualRuntimeQa.gd:287)
       [6] _press_nav (res://V2021VisualRuntimeQa.gd:475)
       [7] _press_button (res://V2021VisualRuntimeQa.gd:481)
       [8] _wait_render (res://V2021VisualRuntimeQa.gd:353)
SCRIPT ERROR: Invalid call. Nonexistent function 'style_objective_header' in base 'GDScript'.
   at: _add_objective_header_v152 (res://MainGame.gd:2166)
   GDScript backtrace (most recent call first):
       [0] _add_objective_header_v152 (res://MainGame.gd:2166)
       [1] _rebuild_quests (res://MainGame.gd:2205)
       [2] register_action (res://ObjectiveSystem.gd:60)
       [3] _on_spin_pressed (res://MainGame.gd:1502)
       [4] _press_button (res://V2021VisualRuntimeQa.gd:480)
       [5] _run_regression_suite (res://V2021VisualRuntimeQa.gd:287)
       [6] _press_nav (res://V2021VisualRuntimeQa.gd:475)
       [7] _press_button (res://V2021VisualRuntimeQa.gd:481)
       [8] _wait_render (res://V2021VisualRuntimeQa.gd:353)
SCRIPT ERROR: Invalid call. Nonexistent function 'objective_icon_role' in base 'GDScript'.
   at: _add_objective_row_v152 (res://MainGame.gd:2181)
   GDScript backtrace (most recent call first):
       [0] _add_objective_row_v152 (res://MainGame.gd:2181)
       [1] _rebuild_quests (res://MainGame.gd:2206)
       [2] register_action (res://ObjectiveSystem.gd:60)
       [3] _on_spin_pressed (res://MainGame.gd:1502)
       [4] _press_button (res://V2021VisualRuntimeQa.gd:480)
       [5] _run_regression_suite (res://V2021VisualRuntimeQa.gd:287)
       [6] _press_nav (res://V2021VisualRuntimeQa.gd:475)
       [7] _press_button (res://V2021VisualRuntimeQa.gd:481)
       [8] _wait_render (res://V2021VisualRuntimeQa.gd:353)
SCRIPT ERROR: Invalid call. Nonexistent function 'objective_icon_role' in base 'GDScript'.
   at: _add_objective_row_v152 (res://MainGame.gd:2181)
   GDScript backtrace (most recent call first):
       [0] _add_objective_row_v152 (res://MainGame.gd:2181)
       [1] _rebuild_quests (res://MainGame.gd:2206)
       [2] register_action (res://ObjectiveSystem.gd:60)
       [3] _on_spin_pressed (res://MainGame.gd:1502)
       [4] _press_button (res://V2021VisualRuntimeQa.gd:480)
       [5] _run_regression_suite (res://V2021VisualRuntimeQa.gd:287)
       [6] _press_nav (res://V2021VisualRuntimeQa.gd:475)
       [7] _press_button (res://V2021VisualRuntimeQa.gd:481)
       [8] _wait_render (res://V2021VisualRuntimeQa.gd:353)
SCRIPT ERROR: Invalid call. Nonexistent function 'objective_icon_role' in base 'GDScript'.
   at: _add_objective_row_v152 (res://MainGame.gd:2181)
   GDScript backtrace (most recent call first):
       [0] _add_objective_row_v152 (res://MainGame.gd:2181)
       [1] _rebuild_quests (res://MainGame.gd:2206)
       [2] register_action (res://ObjectiveSystem.gd:60)
       [3] _on_spin_pressed (res://MainGame.gd:1502)
       [4] _press_button (res://V2021VisualRuntimeQa.gd:480)
       [5] _run_regression_suite (res://V2021VisualRuntimeQa.gd:287)
       [6] _press_nav (res://V2021VisualRuntimeQa.gd:475)
       [7] _press_button (res://V2021VisualRuntimeQa.gd:481)
       [8] _wait_render (res://V2021VisualRuntimeQa.gd:353)
SCRIPT ERROR: Invalid call. Nonexistent function 'objective_icon_role' in base 'GDScript'.
   at: _add_objective_row_v152 (res://MainGame.gd:2181)
   GDScript backtrace (most recent call first):
       [0] _add_objective_row_v152 (res://MainGame.gd:2181)
       [1] _rebuild_quests (res://MainGame.gd:2206)
       [2] register_action (res://ObjectiveSystem.gd:60)
       [3] _on_spin_pressed (res://MainGame.gd:1502)
       [4] _press_button (res://V2021VisualRuntimeQa.gd:480)
       [5] _run_regression_suite (res://V2021VisualRuntimeQa.gd:287)
       [6] _press_nav (res://V2021VisualRuntimeQa.gd:475)
       [7] _press_button (res://V2021VisualRuntimeQa.gd:481)
       [8] _wait_render (res://V2021VisualRuntimeQa.gd:353)
SCRIPT ERROR: Invalid call. Nonexistent function 'objective_icon_role' in base 'GDScript'.
   at: _add_objective_row_v152 (res://MainGame.gd:2181)
   GDScript backtrace (most recent call first):
       [0] _add_objective_row_v152 (res://MainGame.gd:2181)
       [1] _rebuild_quests (res://MainGame.gd:2206)
       [2] register_action (res://ObjectiveSystem.gd:60)
       [3] _on_spin_pressed (res://MainGame.gd:1502)
       [4] _press_button (res://V2021VisualRuntimeQa.gd:480)
       [5] _run_regression_suite (res://V2021VisualRuntimeQa.gd:287)
       [6] _press_nav (res://V2021VisualRuntimeQa.gd:475)
       [7] _press_button (res://V2021VisualRuntimeQa.gd:481)
       [8] _wait_render (res://V2021VisualRuntimeQa.gd:353)
SCRIPT ERROR: Invalid call. Nonexistent function 'style_objective_header' in base 'GDScript'.
   at: _add_objective_header_v152 (res://MainGame.gd:2166)
   GDScript backtrace (most recent call first):
       [0] _add_objective_header_v152 (res://MainGame.gd:2166)
       [1] _rebuild_quests (res://MainGame.gd:2207)
       [2] register_action (res://ObjectiveSystem.gd:60)
       [3] _on_spin_pressed (res://MainGame.gd:1502)
       [4] _press_button (res://V2021VisualRuntimeQa.gd:480)
       [5] _run_regression_suite (res://V2021VisualRuntimeQa.gd:287)
       [6] _press_nav (res://V2021VisualRuntimeQa.gd:475)
       [7] _press_button (res://V2021VisualRuntimeQa.gd:481)
       [8] _wait_render (res://V2021VisualRuntimeQa.gd:353)
SCRIPT ERROR: Invalid call. Nonexistent function 'objective_icon_role' in base 'GDScript'.
   at: _rebuild_quests (res://MainGame.gd:2214)
   GDScript backtrace (most recent call first):
       [0] _rebuild_quests (res://MainGame.gd:2214)
       [1] register_action (res://ObjectiveSystem.gd:60)
       [2] _on_spin_pressed (res://MainGame.gd:1502)
       [3] _press_button (res://V2021VisualRuntimeQa.gd:480)
       [4] _run_regression_suite (res://V2021VisualRuntimeQa.gd:287)
       [5] _press_nav (res://V2021VisualRuntimeQa.gd:475)
       [6] _press_button (res://V2021VisualRuntimeQa.gd:481)
       [7] _wait_render (res://V2021VisualRuntimeQa.gd:353)
SCRIPT ERROR: Invalid call. Nonexistent function 'style_objective_header' in base 'GDScript'.
   at: _add_objective_header_v152 (res://MainGame.gd:2166)
   GDScript backtrace (most recent call first):
       [0] _add_objective_header_v152 (res://MainGame.gd:2166)
       [1] _rebuild_quests (res://MainGame.gd:2205)
       [2] add_progress (res://QuestSystem.gd:35)
       [3] _on_spin_pressed (res://MainGame.gd:1504)
       [4] _press_button (res://V2021VisualRuntimeQa.gd:480)
       [5] _run_regression_suite (res://V2021VisualRuntimeQa.gd:287)
       [6] _press_nav (res://V2021VisualRuntimeQa.gd:475)
       [7] _press_button (res://V2021VisualRuntimeQa.gd:481)
       [8] _wait_render (res://V2021VisualRuntimeQa.gd:353)
SCRIPT ERROR: Invalid call. Nonexistent function 'objective_icon_role' in base 'GDScript'.
   at: _add_objective_row_v152 (res://MainGame.gd:2181)
   GDScript backtrace (most recent call first):
       [0] _add_objective_row_v152 (res://MainGame.gd:2181)
       [1] _rebuild_quests (res://MainGame.gd:2206)
       [2] add_progress (res://QuestSystem.gd:35)
       [3] _on_spin_pressed (res://MainGame.gd:1504)
       [4] _press_button (res://V2021VisualRuntimeQa.gd:480)
       [5] _run_regression_suite (res://V2021VisualRuntimeQa.gd:287)
       [6] _press_nav (res://V2021VisualRuntimeQa.gd:475)
       [7] _press_button (res://V2021VisualRuntimeQa.gd:481)
       [8] _wait_render (res://V2021VisualRuntimeQa.gd:353)
SCRIPT ERROR: Invalid call. Nonexistent function 'objective_icon_role' in base 'GDScript'.
   at: _add_objective_row_v152 (res://MainGame.gd:2181)
   GDScript backtrace (most recent call first):
       [0] _add_objective_row_v152 (res://MainGame.gd:2181)
       [1] _rebuild_quests (res://MainGame.gd:2206)
       [2] add_progress (res://QuestSystem.gd:35)
       [3] _on_spin_pressed (res://MainGame.gd:1504)
       [4] _press_button (res://V2021VisualRuntimeQa.gd:480)
       [5] _run_regression_suite (res://V2021VisualRuntimeQa.gd:287)
       [6] _press_nav (res://V2021VisualRuntimeQa.gd:475)
       [7] _press_button (res://V2021VisualRuntimeQa.gd:481)
       [8] _wait_render (res://V2021VisualRuntimeQa.gd:353)
SCRIPT ERROR: Invalid call. Nonexistent function 'objective_icon_role' in base 'GDScript'.
   at: _add_objective_row_v152 (res://MainGame.gd:2181)
   GDScript backtrace (most recent call first):
       [0] _add_objective_row_v152 (res://MainGame.gd:2181)
       [1] _rebuild_quests (res://MainGame.gd:2206)
       [2] add_progress (res://QuestSystem.gd:35)
       [3] _on_spin_pressed (res://MainGame.gd:1504)
       [4] _press_button (res://V2021VisualRuntimeQa.gd:480)
       [5] _run_regression_suite (res://V2021VisualRuntimeQa.gd:287)
       [6] _press_nav (res://V2021VisualRuntimeQa.gd:475)
       [7] _press_button (res://V2021VisualRuntimeQa.gd:481)
       [8] _wait_render (res://V2021VisualRuntimeQa.gd:353)
SCRIPT ERROR: Invalid call. Nonexistent function 'style_objective_header' in base 'GDScript'.
   at: _add_objective_header_v152 (res://MainGame.gd:2166)
   GDScript backtrace (most recent call first):
       [0] _add_objective_header_v152 (res://MainGame.gd:2166)
       [1] _rebuild_quests (res://MainGame.gd:2205)
       [2] add_progress (res://QuestSystem.gd:35)
       [3] _on_spin_pressed (res://MainGame.gd:1504)
       [4] _press_button (res://V2021VisualRuntimeQa.gd:480)
       [5] _run_regression_suite (res://V2021VisualRuntimeQa.gd:287)
       [6] _press_nav (res://V2021VisualRuntimeQa.gd:475)
       [7] _press_button (res://V2021VisualRuntimeQa.gd:481)
       [8] _wait_render (res://V2021VisualRuntimeQa.gd:353)
SCRIPT ERROR: Invalid call. Nonexistent function 'objective_icon_role' in base 'GDScript'.
   at: _add_objective_row_v152 (res://MainGame.gd:2181)
   GDScript backtrace (most recent call first):
       [0] _add_objective_row_v152 (res://MainGame.gd:2181)
       [1] _rebuild_quests (res://MainGame.gd:2206)
       [2] add_progress (res://QuestSystem.gd:35)
       [3] _on_spin_pressed (res://MainGame.gd:1504)
       [4] _press_button (res://V2021VisualRuntimeQa.gd:480)
       [5] _run_regression_suite (res://V2021VisualRuntimeQa.gd:287)
       [6] _press_nav (res://V2021VisualRuntimeQa.gd:475)
       [7] _press_button (res://V2021VisualRuntimeQa.gd:481)
       [8] _wait_render (res://V2021VisualRuntimeQa.gd:353)
SCRIPT ERROR: Invalid call. Nonexistent function 'objective_icon_role' in base 'GDScript'.
   at: _add_objective_row_v152 (res://MainGame.gd:2181)
   GDScript backtrace (most recent call first):
       [0] _add_objective_row_v152 (res://MainGame.gd:2181)
       [1] _rebuild_quests (res://MainGame.gd:2206)
       [2] add_progress (res://QuestSystem.gd:35)
       [3] _on_spin_pressed (res://MainGame.gd:1504)
       [4] _press_button (res://V2021VisualRuntimeQa.gd:480)
       [5] _run_regression_suite (res://V2021VisualRuntimeQa.gd:287)
       [6] _press_nav (res://V2021VisualRuntimeQa.gd:475)
       [7] _press_button (res://V2021VisualRuntimeQa.gd:481)
       [8] _wait_render (res://V2021VisualRuntimeQa.gd:353)
SCRIPT ERROR: Invalid call. Nonexistent function 'objective_icon_role' in base 'GDScript'.
   at: _add_objective_row_v152 (res://MainGame.gd:2181)
   GDScript backtrace (most recent call first):
       [0] _add_objective_row_v152 (res://MainGame.gd:2181)
       [1] _rebuild_quests (res://MainGame.gd:2206)
       [2] add_progress (res://QuestSystem.gd:35)
       [3] _on_spin_pressed (res://MainGame.gd:1504)
       [4] _press_button (res://V2021VisualRuntimeQa.gd:480)
       [5] _run_regression_suite (res://V2021VisualRuntimeQa.gd:287)
       [6] _press_nav (res://V2021VisualRuntimeQa.gd:475)
       [7] _press_button (res://V2021VisualRuntimeQa.gd:481)
       [8] _wait_render (res://V2021VisualRuntimeQa.gd:353)
SCRIPT ERROR: Invalid call. Nonexistent function 'style_objective_header' in base 'GDScript'.
   at: _add_objective_header_v152 (res://MainGame.gd:2166)
   GDScript backtrace (most recent call first):
       [0] _add_objective_header_v152 (res://MainGame.gd:2166)
       [1] _rebuild_quests (res://MainGame.gd:2205)
       [2] add_progress (res://QuestSystem.gd:35)
       [3] _on_spin_pressed (res://MainGame.gd:1504)
       [4] _press_button (res://V2021VisualRuntimeQa.gd:480)
       [5] _run_regression_suite (res://V2021VisualRuntimeQa.gd:287)
       [6] _press_nav (res://V2021VisualRuntimeQa.gd:475)
       [7] _press_button (res://V2021VisualRuntimeQa.gd:481)
       [8] _wait_render (res://V2021VisualRuntimeQa.gd:353)
SCRIPT ERROR: Invalid call. Nonexistent function 'objective_icon_role' in base 'GDScript'.
   at: _add_objective_row_v152 (res://MainGame.gd:2181)
   GDScript backtrace (most recent call first):
       [0] _add_objective_row_v152 (res://MainGame.gd:2181)
       [1] _rebuild_quests (res://MainGame.gd:2206)
       [2] add_progress (res://QuestSystem.gd:35)
       [3] _on_spin_pressed (res://MainGame.gd:1504)
       [4] _press_button (res://V2021VisualRuntimeQa.gd:480)
       [5] _run_regression_suite (res://V2021VisualRuntimeQa.gd:287)
       [6] _press_nav (res://V2021VisualRuntimeQa.gd:475)
       [7] _press_button (res://V2021VisualRuntimeQa.gd:481)
       [8] _wait_render (res://V2021VisualRuntimeQa.gd:353)
SCRIPT ERROR: Invalid call. Nonexistent function 'objective_icon_role' in base 'GDScript'.
   at: _add_objective_row_v152 (res://MainGame.gd:2181)
   GDScript backtrace (most recent call first):
       [0] _add_objective_row_v152 (res://MainGame.gd:2181)
       [1] _rebuild_quests (res://MainGame.gd:2206)
       [2] add_progress (res://QuestSystem.gd:35)
       [3] _on_spin_pressed (res://MainGame.gd:1504)
       [4] _press_button (res://V2021VisualRuntimeQa.gd:480)
       [5] _run_regression_suite (res://V2021VisualRuntimeQa.gd:287)
       [6] _press_nav (res://V2021VisualRuntimeQa.gd:475)
       [7] _press_button (res://V2021VisualRuntimeQa.gd:481)
       [8] _wait_render (res://V2021VisualRuntimeQa.gd:353)
SCRIPT ERROR: Invalid call. Nonexistent function 'objective_icon_role' in base 'GDScript'.
   at: _add_objective_row_v152 (res://MainGame.gd:2181)
   GDScript backtrace (most recent call first):
       [0] _add_objective_row_v152 (res://MainGame.gd:2181)
       [1] _rebuild_quests (res://MainGame.gd:2206)
       [2] add_progress (res://QuestSystem.gd:35)
       [3] _on_spin_pressed (res://MainGame.gd:1504)
       [4] _press_button (res://V2021VisualRuntimeQa.gd:480)
       [5] _run_regression_suite (res://V2021VisualRuntimeQa.gd:287)
       [6] _press_nav (res://V2021VisualRuntimeQa.gd:475)
       [7] _press_button (res://V2021VisualRuntimeQa.gd:481)
       [8] _wait_render (res://V2021VisualRuntimeQa.gd:353)
SCRIPT ERROR: Invalid call. Nonexistent function 'objective_icon_role' in base 'GDScript'.
   at: _add_objective_row_v152 (res://MainGame.gd:2181)
   GDScript backtrace (most recent call first):
       [0] _add_objective_row_v152 (res://MainGame.gd:2181)
       [1] _rebuild_quests (res://MainGame.gd:2206)
       [2] add_progress (res://QuestSystem.gd:35)
       [3] _on_spin_pressed (res://MainGame.gd:1504)
       [4] _press_button (res://V2021VisualRuntimeQa.gd:480)
       [5] _run_regression_suite (res://V2021VisualRuntimeQa.gd:287)
       [6] _press_nav (res://V2021VisualRuntimeQa.gd:475)
       [7] _press_button (res://V2021VisualRuntimeQa.gd:481)
       [8] _wait_render (res://V2021VisualRuntimeQa.gd:353)
SCRIPT ERROR: Invalid call. Nonexistent function 'objective_icon_role' in base 'GDScript'.
   at: _add_objective_row_v152 (res://MainGame.gd:2181)
   GDScript backtrace (most recent call first):
       [0] _add_objective_row_v152 (res://MainGame.gd:2181)
       [1] _rebuild_quests (res://MainGame.gd:2206)
       [2] add_progress (res://QuestSystem.gd:35)
       [3] _on_spin_pressed (res://MainGame.gd:1504)
       [4] _press_button (res://V2021VisualRuntimeQa.gd:480)
       [5] _run_regression_suite (res://V2021VisualRuntimeQa.gd:287)
       [6] _press_nav (res://V2021VisualRuntimeQa.gd:475)
       [7] _press_button (res://V2021VisualRuntimeQa.gd:481)
       [8] _wait_render (res://V2021VisualRuntimeQa.gd:353)
SCRIPT ERROR: Invalid call. Nonexistent function 'style_objective_header' in base 'GDScript'.
   at: _add_objective_header_v152 (res://MainGame.gd:2166)
   GDScript backtrace (most recent call first):
       [0] _add_objective_header_v152 (res://MainGame.gd:2166)
       [1] _rebuild_quests (res://MainGame.gd:2207)
       [2] add_progress (res://QuestSystem.gd:35)
       [3] _on_spin_pressed (res://MainGame.gd:1504)
       [4] _press_button (res://V2021VisualRuntimeQa.gd:480)
       [5] _run_regression_suite (res://V2021VisualRuntimeQa.gd:287)
       [6] _press_nav (res://V2021VisualRuntimeQa.gd:475)
       [7] _press_button (res://V2021VisualRuntimeQa.gd:481)
       [8] _wait_render (res://V2021VisualRuntimeQa.gd:353)
SCRIPT ERROR: Invalid call. Nonexistent function 'objective_icon_role' in base 'GDScript'.
   at: _rebuild_quests (res://MainGame.gd:2214)
   GDScript backtrace (most recent call first):
       [0] _rebuild_quests (res://MainGame.gd:2214)
       [1] add_progress (res://QuestSystem.gd:35)
       [2] _on_spin_pressed (res://MainGame.gd:1504)
       [3] _press_button (res://V2021VisualRuntimeQa.gd:480)
       [4] _run_regression_suite (res://V2021VisualRuntimeQa.gd:287)
       [5] _press_nav (res://V2021VisualRuntimeQa.gd:475)
       [6] _press_button (res://V2021VisualRuntimeQa.gd:481)
       [7] _wait_render (res://V2021VisualRuntimeQa.gd:353)
[CORE_ANALYTICS] {"event":"spin_result","payload":{"authority_request_id":"realm_spin_13768973_2857650359","authority_revision":1,"config_version":"v2.0-3reel-p0-06","payline_match":true,"reel_stop_ids":["reel_1_stop_1_gold_medium","reel_2_stop_1_gold_medium","reel_3_stop_1_gold_medium"],"reel_stops":[1,1,1],"result_id":"spin_1789104326_1_1789109707082064","reward_id":"gold_medium","reward_type":"gold","reward_value":269,"segment_id":"gold_medium","visual_seed":1789109711675027},"time_unix":1789104326.574}
SCRIPT ERROR: Invalid call. Nonexistent function 'refresh_home_loop_state' in base 'GDScript'.
   at: _update_monster_ui (res://MainGame.gd:1219)
   GDScript backtrace (most recent call first):
       [0] _update_monster_ui (res://MainGame.gd:1219)
       [1] _refresh_all (res://MainGame.gd:675)
       [2] @shields_setter (res://PlayerData.gd:14)
       [3] apply_save_data (res://PlayerData.gd:150)
       [4] load_game (res://SaveGame.gd:150)
       [5] _run_regression_suite (res://V2021VisualRuntimeQa.gd:293)
       [6] _wait_spin_complete (res://V2021VisualRuntimeQa.gd:369)
       [7] _wait_render_stable (res://V2021VisualRuntimeQa.gd:358)
SCRIPT ERROR: Invalid call. Nonexistent function 'refresh_village_loop_state' in base 'GDScript'.
   at: _refresh_p0_village (res://MainGame.gd:2410)
   GDScript backtrace (most recent call first):
       [0] _refresh_p0_village (res://MainGame.gd:2410)
       [1] _refresh_all (res://MainGame.gd:680)
       [2] @shields_setter (res://PlayerData.gd:14)
       [3] apply_save_data (res://PlayerData.gd:150)
       [4] load_game (res://SaveGame.gd:150)
       [5] _run_regression_suite (res://V2021VisualRuntimeQa.gd:293)
       [6] _wait_spin_complete (res://V2021VisualRuntimeQa.gd:369)
       [7] _wait_render_stable (res://V2021VisualRuntimeQa.gd:358)
SCRIPT ERROR: Invalid call. Nonexistent function 'refresh_reward_session_state' in base 'GDScript'.
   at: _refresh_meta_ui (res://MainGame.gd:1004)
   GDScript backtrace (most recent call first):
       [0] _refresh_meta_ui (res://MainGame.gd:1004)
       [1] _refresh_all (res://MainGame.gd:683)
       [2] @shields_setter (res://PlayerData.gd:14)
       [3] apply_save_data (res://PlayerData.gd:150)
       [4] load_game (res://SaveGame.gd:150)
       [5] _run_regression_suite (res://V2021VisualRuntimeQa.gd:293)
       [6] _wait_spin_complete (res://V2021VisualRuntimeQa.gd:369)
       [7] _wait_render_stable (res://V2021VisualRuntimeQa.gd:358)
SCRIPT ERROR: Invalid call. Nonexistent function 'style_objective_header' in base 'GDScript'.
   at: _add_objective_header_v152 (res://MainGame.gd:2166)
   GDScript backtrace (most recent call first):
       [0] _add_objective_header_v152 (res://MainGame.gd:2166)
       [1] _rebuild_quests (res://MainGame.gd:2205)
       [2] _refresh_all (res://MainGame.gd:688)
       [3] @shields_setter (res://PlayerData.gd:14)
       [4] apply_save_data (res://PlayerData.gd:150)
       [5] load_game (res://SaveGame.gd:150)
       [6] _run_regression_suite (res://V2021VisualRuntimeQa.gd:293)
       [7] _wait_spin_complete (res://V2021VisualRuntimeQa.gd:369)
       [8] _wait_render_stable (res://V2021VisualRuntimeQa.gd:358)
SCRIPT ERROR: Invalid call. Nonexistent function 'objective_icon_role' in base 'GDScript'.
   at: _add_objective_row_v152 (res://MainGame.gd:2181)
   GDScript backtrace (most recent call first):
       [0] _add_objective_row_v152 (res://MainGame.gd:2181)
       [1] _rebuild_quests (res://MainGame.gd:2206)
       [2] _refresh_all (res://MainGame.gd:688)
       [3] @shields_setter (res://PlayerData.gd:14)
       [4] apply_save_data (res://PlayerData.gd:150)
       [5] load_game (res://SaveGame.gd:150)
       [6] _run_regression_suite (res://V2021VisualRuntimeQa.gd:293)
       [7] _wait_spin_complete (res://V2021VisualRuntimeQa.gd:369)
       [8] _wait_render_stable (res://V2021VisualRuntimeQa.gd:358)
SCRIPT ERROR: Invalid call. Nonexistent function 'objective_icon_role' in base 'GDScript'.
   at: _add_objective_row_v152 (res://MainGame.gd:2181)
   GDScript backtrace (most recent call first):
       [0] _add_objective_row_v152 (res://MainGame.gd:2181)
       [1] _rebuild_quests (res://MainGame.gd:2206)
       [2] _refresh_all (res://MainGame.gd:688)
       [3] @shields_setter (res://PlayerData.gd:14)
       [4] apply_save_data (res://PlayerData.gd:150)
       [5] load_game (res://SaveGame.gd:150)
       [6] _run_regression_suite (res://V2021VisualRuntimeQa.gd:293)
       [7] _wait_spin_complete (res://V2021VisualRuntimeQa.gd:369)
       [8] _wait_render_stable (res://V2021VisualRuntimeQa.gd:358)
SCRIPT ERROR: Invalid call. Nonexistent function 'objective_icon_role' in base 'GDScript'.
   at: _add_objective_row_v152 (res://MainGame.gd:2181)
   GDScript backtrace (most recent call first):
       [0] _add_objective_row_v152 (res://MainGame.gd:2181)
       [1] _rebuild_quests (res://MainGame.gd:2206)
       [2] _refresh_all (res://MainGame.gd:688)
       [3] @shields_setter (res://PlayerData.gd:14)
       [4] apply_save_data (res://PlayerData.gd:150)
       [5] load_game (res://SaveGame.gd:150)
       [6] _run_regression_suite (res://V2021VisualRuntimeQa.gd:293)
       [7] _wait_spin_complete (res://V2021VisualRuntimeQa.gd:369)
       [8] _wait_render_stable (res://V2021VisualRuntimeQa.gd:358)
SCRIPT ERROR: Invalid call. Nonexistent function 'style_objective_header' in base 'GDScript'.
   at: _add_objective_header_v152 (res://MainGame.gd:2166)
   GDScript backtrace (most recent call first):
       [0] _add_objective_header_v152 (res://MainGame.gd:2166)
       [1] _rebuild_quests (res://MainGame.gd:2205)
       [2] _refresh_all (res://MainGame.gd:688)
       [3] @shields_setter (res://PlayerData.gd:14)
       [4] apply_save_data (res://PlayerData.gd:150)
       [5] load_game (res://SaveGame.gd:150)
       [6] _run_regression_suite (res://V2021VisualRuntimeQa.gd:293)
       [7] _wait_spin_complete (res://V2021VisualRuntimeQa.gd:369)
       [8] _wait_render_stable (res://V2021VisualRuntimeQa.gd:358)
SCRIPT ERROR: Invalid call. Nonexistent function 'objective_icon_role' in base 'GDScript'.
   at: _add_objective_row_v152 (res://MainGame.gd:2181)
   GDScript backtrace (most recent call first):
       [0] _add_objective_row_v152 (res://MainGame.gd:2181)
       [1] _rebuild_quests (res://MainGame.gd:2206)
       [2] _refresh_all (res://MainGame.gd:688)
       [3] @shields_setter (res://PlayerData.gd:14)
       [4] apply_save_data (res://PlayerData.gd:150)
       [5] load_game (res://SaveGame.gd:150)
       [6] _run_regression_suite (res://V2021VisualRuntimeQa.gd:293)
       [7] _wait_spin_complete (res://V2021VisualRuntimeQa.gd:369)
       [8] _wait_render_stable (res://V2021VisualRuntimeQa.gd:358)
SCRIPT ERROR: Invalid call. Nonexistent function 'objective_icon_role' in base 'GDScript'.
   at: _add_objective_row_v152 (res://MainGame.gd:2181)
   GDScript backtrace (most recent call first):
       [0] _add_objective_row_v152 (res://MainGame.gd:2181)
       [1] _rebuild_quests (res://MainGame.gd:2206)
       [2] _refresh_all (res://MainGame.gd:688)
       [3] @shields_setter (res://PlayerData.gd:14)
       [4] apply_save_data (res://PlayerData.gd:150)
       [5] load_game (res://SaveGame.gd:150)
       [6] _run_regression_suite (res://V2021VisualRuntimeQa.gd:293)
       [7] _wait_spin_complete (res://V2021VisualRuntimeQa.gd:369)
       [8] _wait_render_stable (res://V2021VisualRuntimeQa.gd:358)
SCRIPT ERROR: Invalid call. Nonexistent function 'objective_icon_role' in base 'GDScript'.
   at: _add_objective_row_v152 (res://MainGame.gd:2181)
   GDScript backtrace (most recent call first):
       [0] _add_objective_row_v152 (res://MainGame.gd:2181)
       [1] _rebuild_quests (res://MainGame.gd:2206)
       [2] _refresh_all (res://MainGame.gd:688)
       [3] @shields_setter (res://PlayerData.gd:14)
       [4] apply_save_data (res://PlayerData.gd:150)
       [5] load_game (res://SaveGame.gd:150)
       [6] _run_regression_suite (res://V2021VisualRuntimeQa.gd:293)
       [7] _wait_spin_complete (res://V2021VisualRuntimeQa.gd:369)
       [8] _wait_render_stable (res://V2021VisualRuntimeQa.gd:358)
SCRIPT ERROR: Invalid call. Nonexistent function 'style_objective_header' in base 'GDScript'.
   at: _add_objective_header_v152 (res://MainGame.gd:2166)
   GDScript backtrace (most recent call first):
       [0] _add_objective_header_v152 (res://MainGame.gd:2166)
       [1] _rebuild_quests (res://MainGame.gd:2205)
       [2] _refresh_all (res://MainGame.gd:688)
       [3] @shields_setter (res://PlayerData.gd:14)
       [4] apply_save_data (res://PlayerData.gd:150)
       [5] load_game (res://SaveGame.gd:150)
       [6] _run_regression_suite (res://V2021VisualRuntimeQa.gd:293)
       [7] _wait_spin_complete (res://V2021VisualRuntimeQa.gd:369)
       [8] _wait_render_stable (res://V2021VisualRuntimeQa.gd:358)
SCRIPT ERROR: Invalid call. Nonexistent function 'objective_icon_role' in base 'GDScript'.
   at: _add_objective_row_v152 (res://MainGame.gd:2181)
   GDScript backtrace (most recent call first):
       [0] _add_objective_row_v152 (res://MainGame.gd:2181)
       [1] _rebuild_quests (res://MainGame.gd:2206)
       [2] _refresh_all (res://MainGame.gd:688)
       [3] @shields_setter (res://PlayerData.gd:14)
       [4] apply_save_data (res://PlayerData.gd:150)
       [5] load_game (res://SaveGame.gd:150)
       [6] _run_regression_suite (res://V2021VisualRuntimeQa.gd:293)
       [7] _wait_spin_complete (res://V2021VisualRuntimeQa.gd:369)
       [8] _wait_render_stable (res://V2021VisualRuntimeQa.gd:358)
SCRIPT ERROR: Invalid call. Nonexistent function 'objective_icon_role' in base 'GDScript'.
   at: _add_objective_row_v152 (res://MainGame.gd:2181)
   GDScript backtrace (most recent call first):
       [0] _add_objective_row_v152 (res://MainGame.gd:2181)
       [1] _rebuild_quests (res://MainGame.gd:2206)
       [2] _refresh_all (res://MainGame.gd:688)
       [3] @shields_setter (res://PlayerData.gd:14)
       [4] apply_save_data (res://PlayerData.gd:150)
       [5] load_game (res://SaveGame.gd:150)
       [6] _run_regression_suite (res://V2021VisualRuntimeQa.gd:293)
       [7] _wait_spin_complete (res://V2021VisualRuntimeQa.gd:369)
       [8] _wait_render_stable (res://V2021VisualRuntimeQa.gd:358)
SCRIPT ERROR: Invalid call. Nonexistent function 'objective_icon_role' in base 'GDScript'.
   at: _add_objective_row_v152 (res://MainGame.gd:2181)
   GDScript backtrace (most recent call first):
       [0] _add_objective_row_v152 (res://MainGame.gd:2181)
       [1] _rebuild_quests (res://MainGame.gd:2206)
       [2] _refresh_all (res://MainGame.gd:688)
       [3] @shields_setter (res://PlayerData.gd:14)
       [4] apply_save_data (res://PlayerData.gd:150)
       [5] load_game (res://SaveGame.gd:150)
       [6] _run_regression_suite (res://V2021VisualRuntimeQa.gd:293)
       [7] _wait_spin_complete (res://V2021VisualRuntimeQa.gd:369)
       [8] _wait_render_stable (res://V2021VisualRuntimeQa.gd:358)
SCRIPT ERROR: Invalid call. Nonexistent function 'objective_icon_role' in base 'GDScript'.
   at: _add_objective_row_v152 (res://MainGame.gd:2181)
   GDScript backtrace (most recent call first):
       [0] _add_objective_row_v152 (res://MainGame.gd:2181)
       [1] _rebuild_quests (res://MainGame.gd:2206)
       [2] _refresh_all (res://MainGame.gd:688)
       [3] @shields_setter (res://PlayerData.gd:14)
       [4] apply_save_data (res://PlayerData.gd:150)
       [5] load_game (res://SaveGame.gd:150)
       [6] _run_regression_suite (res://V2021VisualRuntimeQa.gd:293)
       [7] _wait_spin_complete (res://V2021VisualRuntimeQa.gd:369)
       [8] _wait_render_stable (res://V2021VisualRuntimeQa.gd:358)
SCRIPT ERROR: Invalid call. Nonexistent function 'objective_icon_role' in base 'GDScript'.
   at: _add_objective_row_v152 (res://MainGame.gd:2181)
   GDScript backtrace (most recent call first):
       [0] _add_objective_row_v152 (res://MainGame.gd:2181)
       [1] _rebuild_quests (res://MainGame.gd:2206)
       [2] _refresh_all (res://MainGame.gd:688)
       [3] @shields_setter (res://PlayerData.gd:14)
       [4] apply_save_data (res://PlayerData.gd:150)
       [5] load_game (res://SaveGame.gd:150)
       [6] _run_regression_suite (res://V2021VisualRuntimeQa.gd:293)
       [7] _wait_spin_complete (res://V2021VisualRuntimeQa.gd:369)
       [8] _wait_render_stable (res://V2021VisualRuntimeQa.gd:358)
SCRIPT ERROR: Invalid call. Nonexistent function 'style_objective_header' in base 'GDScript'.
   at: _add_objective_header_v152 (res://MainGame.gd:2166)
   GDScript backtrace (most recent call first):
       [0] _add_objective_header_v152 (res://MainGame.gd:2166)
       [1] _rebuild_quests (res://MainGame.gd:2207)
       [2] _refresh_all (res://MainGame.gd:688)
       [3] @shields_setter (res://PlayerData.gd:14)
       [4] apply_save_data (res://PlayerData.gd:150)
       [5] load_game (res://SaveGame.gd:150)
       [6] _run_regression_suite (res://V2021VisualRuntimeQa.gd:293)
       [7] _wait_spin_complete (res://V2021VisualRuntimeQa.gd:369)
       [8] _wait_render_stable (res://V2021VisualRuntimeQa.gd:358)
SCRIPT ERROR: Invalid call. Nonexistent function 'objective_icon_role' in base 'GDScript'.
   at: _rebuild_quests (res://MainGame.gd:2214)
   GDScript backtrace (most recent call first):
       [0] _rebuild_quests (res://MainGame.gd:2214)
       [1] _refresh_all (res://MainGame.gd:688)
       [2] @shields_setter (res://PlayerData.gd:14)
       [3] apply_save_data (res://PlayerData.gd:150)
       [4] load_game (res://SaveGame.gd:150)
       [5] _run_regression_suite (res://V2021VisualRuntimeQa.gd:293)
       [6] _wait_spin_complete (res://V2021VisualRuntimeQa.gd:369)
       [7] _wait_render_stable (res://V2021VisualRuntimeQa.gd:358)
SCRIPT ERROR: Invalid call. Nonexistent function 'refresh_progression_state' in base 'GDScript'.
   at: _refresh_progression_p0 (res://MainGame.gd:2903)
   GDScript backtrace (most recent call first):
       [0] _refresh_progression_p0 (res://MainGame.gd:2903)
       [1] _refresh_all (res://MainGame.gd:696)
       [2] @shields_setter (res://PlayerData.gd:14)
       [3] apply_save_data (res://PlayerData.gd:150)
       [4] load_game (res://SaveGame.gd:150)
       [5] _run_regression_suite (res://V2021VisualRuntimeQa.gd:293)
       [6] _wait_spin_complete (res://V2021VisualRuntimeQa.gd:369)
       [7] _wait_render_stable (res://V2021VisualRuntimeQa.gd:358)
SCRIPT ERROR: Invalid call. Nonexistent function 'refresh_shop_state' in base 'GDScript'.
   at: _refresh_shop_p0 (res://MainGame.gd:2810)
   GDScript backtrace (most recent call first):
       [0] _refresh_shop_p0 (res://MainGame.gd:2810)
       [1] _refresh_all (res://MainGame.gd:697)
       [2] @shields_setter (res://PlayerData.gd:14)
       [3] apply_save_data (res://PlayerData.gd:150)
       [4] load_game (res://SaveGame.gd:150)
       [5] _run_regression_suite (res://V2021VisualRuntimeQa.gd:293)
       [6] _wait_spin_complete (res://V2021VisualRuntimeQa.gd:369)
       [7] _wait_render_stable (res://V2021VisualRuntimeQa.gd:358)
SCRIPT ERROR: Invalid call. Nonexistent function 'refresh_afk_state' in base 'GDScript'.
   at: _refresh_afk_p0 (res://MainGame.gd:2910)
   GDScript backtrace (most recent call first):
       [0] _refresh_afk_p0 (res://MainGame.gd:2910)
       [1] _refresh_all (res://MainGame.gd:698)
       [2] @shields_setter (res://PlayerData.gd:14)
       [3] apply_save_data (res://PlayerData.gd:150)
       [4] load_game (res://SaveGame.gd:150)
       [5] _run_regression_suite (res://V2021VisualRuntimeQa.gd:293)
       [6] _wait_spin_complete (res://V2021VisualRuntimeQa.gd:369)
       [7] _wait_render_stable (res://V2021VisualRuntimeQa.gd:358)
SCRIPT ERROR: Invalid call. Nonexistent function 'refresh_home_loop_state' in base 'GDScript'.
   at: _update_monster_ui (res://MainGame.gd:1219)
   GDScript backtrace (most recent call first):
       [0] _update_monster_ui (res://MainGame.gd:1219)
       [1] _refresh_all (res://MainGame.gd:675)
       [2] apply_save_data (res://PlayerData.gd:163)
       [3] load_game (res://SaveGame.gd:150)
       [4] _run_regression_suite (res://V2021VisualRuntimeQa.gd:293)
       [5] _wait_spin_complete (res://V2021VisualRuntimeQa.gd:369)
       [6] _wait_render_stable (res://V2021VisualRuntimeQa.gd:358)
SCRIPT ERROR: Invalid call. Nonexistent function 'refresh_village_loop_state' in base 'GDScript'.
   at: _refresh_p0_village (res://MainGame.gd:2410)
   GDScript backtrace (most recent call first):
       [0] _refresh_p0_village (res://MainGame.gd:2410)
       [1] _refresh_all (res://MainGame.gd:680)
       [2] apply_save_data (res://PlayerData.gd:163)
       [3] load_game (res://SaveGame.gd:150)
       [4] _run_regression_suite (res://V2021VisualRuntimeQa.gd:293)
       [5] _wait_spin_complete (res://V2021VisualRuntimeQa.gd:369)
       [6] _wait_render_stable (res://V2021VisualRuntimeQa.gd:358)
SCRIPT ERROR: Invalid call. Nonexistent function 'refresh_reward_session_state' in base 'GDScript'.
   at: _refresh_meta_ui (res://MainGame.gd:1004)
   GDScript backtrace (most recent call first):
       [0] _refresh_meta_ui (res://MainGame.gd:1004)
       [1] _refresh_all (res://MainGame.gd:683)
       [2] apply_save_data (res://PlayerData.gd:163)
       [3] load_game (res://SaveGame.gd:150)
       [4] _run_regression_suite (res://V2021VisualRuntimeQa.gd:293)
       [5] _wait_spin_complete (res://V2021VisualRuntimeQa.gd:369)
       [6] _wait_render_stable (res://V2021VisualRuntimeQa.gd:358)
SCRIPT ERROR: Invalid call. Nonexistent function 'style_objective_header' in base 'GDScript'.
   at: _add_objective_header_v152 (res://MainGame.gd:2166)
   GDScript backtrace (most recent call first):
       [0] _add_objective_header_v152 (res://MainGame.gd:2166)
       [1] _rebuild_quests (res://MainGame.gd:2205)
       [2] _refresh_all (res://MainGame.gd:688)
       [3] apply_save_data (res://PlayerData.gd:163)
       [4] load_game (res://SaveGame.gd:150)
       [5] _run_regression_suite (res://V2021VisualRuntimeQa.gd:293)
       [6] _wait_spin_complete (res://V2021VisualRuntimeQa.gd:369)
       [7] _wait_render_stable (res://V2021VisualRuntimeQa.gd:358)
SCRIPT ERROR: Invalid call. Nonexistent function 'objective_icon_role' in base 'GDScript'.
   at: _add_objective_row_v152 (res://MainGame.gd:2181)
   GDScript backtrace (most recent call first):
       [0] _add_objective_row_v152 (res://MainGame.gd:2181)
       [1] _rebuild_quests (res://MainGame.gd:2206)
       [2] _refresh_all (res://MainGame.gd:688)
       [3] apply_save_data (res://PlayerData.gd:163)
       [4] load_game (res://SaveGame.gd:150)
       [5] _run_regression_suite (res://V2021VisualRuntimeQa.gd:293)
       [6] _wait_spin_complete (res://V2021VisualRuntimeQa.gd:369)
       [7] _wait_render_stable (res://V2021VisualRuntimeQa.gd:358)
SCRIPT ERROR: Invalid call. Nonexistent function 'objective_icon_role' in base 'GDScript'.
   at: _add_objective_row_v152 (res://MainGame.gd:2181)
   GDScript backtrace (most recent call first):
       [0] _add_objective_row_v152 (res://MainGame.gd:2181)
       [1] _rebuild_quests (res://MainGame.gd:2206)
       [2] _refresh_all (res://MainGame.gd:688)
       [3] apply_save_data (res://PlayerData.gd:163)
       [4] load_game (res://SaveGame.gd:150)
       [5] _run_regression_suite (res://V2021VisualRuntimeQa.gd:293)
       [6] _wait_spin_complete (res://V2021VisualRuntimeQa.gd:369)
       [7] _wait_render_stable (res://V2021VisualRuntimeQa.gd:358)
SCRIPT ERROR: Invalid call. Nonexistent function 'objective_icon_role' in base 'GDScript'.
   at: _add_objective_row_v152 (res://MainGame.gd:2181)
   GDScript backtrace (most recent call first):
       [0] _add_objective_row_v152 (res://MainGame.gd:2181)
       [1] _rebuild_quests (res://MainGame.gd:2206)
       [2] _refresh_all (res://MainGame.gd:688)
       [3] apply_save_data (res://PlayerData.gd:163)
       [4] load_game (res://SaveGame.gd:150)
       [5] _run_regression_suite (res://V2021VisualRuntimeQa.gd:293)
       [6] _wait_spin_complete (res://V2021VisualRuntimeQa.gd:369)
       [7] _wait_render_stable (res://V2021VisualRuntimeQa.gd:358)
SCRIPT ERROR: Invalid call. Nonexistent function 'style_objective_header' in base 'GDScript'.
   at: _add_objective_header_v152 (res://MainGame.gd:2166)
   GDScript backtrace (most recent call first):
       [0] _add_objective_header_v152 (res://MainGame.gd:2166)
       [1] _rebuild_quests (res://MainGame.gd:2205)
       [2] _refresh_all (res://MainGame.gd:688)
       [3] apply_save_data (res://PlayerData.gd:163)
       [4] load_game (res://SaveGame.gd:150)
       [5] _run_regression_suite (res://V2021VisualRuntimeQa.gd:293)
       [6] _wait_spin_complete (res://V2021VisualRuntimeQa.gd:369)
       [7] _wait_render_stable (res://V2021VisualRuntimeQa.gd:358)
SCRIPT ERROR: Invalid call. Nonexistent function 'objective_icon_role' in base 'GDScript'.
   at: _add_objective_row_v152 (res://MainGame.gd:2181)
   GDScript backtrace (most recent call first):
       [0] _add_objective_row_v152 (res://MainGame.gd:2181)
       [1] _rebuild_quests (res://MainGame.gd:2206)
       [2] _refresh_all (res://MainGame.gd:688)
       [3] apply_save_data (res://PlayerData.gd:163)
       [4] load_game (res://SaveGame.gd:150)
       [5] _run_regression_suite (res://V2021VisualRuntimeQa.gd:293)
       [6] _wait_spin_complete (res://V2021VisualRuntimeQa.gd:369)
       [7] _wait_render_stable (res://V2021VisualRuntimeQa.gd:358)
SCRIPT ERROR: Invalid call. Nonexistent function 'objective_icon_role' in base 'GDScript'.
   at: _add_objective_row_v152 (res://MainGame.gd:2181)
   GDScript backtrace (most recent call first):
       [0] _add_objective_row_v152 (res://MainGame.gd:2181)
       [1] _rebuild_quests (res://MainGame.gd:2206)
       [2] _refresh_all (res://MainGame.gd:688)
       [3] apply_save_data (res://PlayerData.gd:163)
       [4] load_game (res://SaveGame.gd:150)
       [5] _run_regression_suite (res://V2021VisualRuntimeQa.gd:293)
       [6] _wait_spin_complete (res://V2021VisualRuntimeQa.gd:369)
       [7] _wait_render_stable (res://V2021VisualRuntimeQa.gd:358)
SCRIPT ERROR: Invalid call. Nonexistent function 'objective_icon_role' in base 'GDScript'.
   at: _add_objective_row_v152 (res://MainGame.gd:2181)
   GDScript backtrace (most recent call first):
       [0] _add_objective_row_v152 (res://MainGame.gd:2181)
       [1] _rebuild_quests (res://MainGame.gd:2206)
       [2] _refresh_all (res://MainGame.gd:688)
       [3] apply_save_data (res://PlayerData.gd:163)
       [4] load_game (res://SaveGame.gd:150)
       [5] _run_regression_suite (res://V2021VisualRuntimeQa.gd:293)
       [6] _wait_spin_complete (res://V2021VisualRuntimeQa.gd:369)
       [7] _wait_render_stable (res://V2021VisualRuntimeQa.gd:358)
SCRIPT ERROR: Invalid call. Nonexistent function 'style_objective_header' in base 'GDScript'.
   at: _add_objective_header_v152 (res://MainGame.gd:2166)
   GDScript backtrace (most recent call first):
       [0] _add_objective_header_v152 (res://MainGame.gd:2166)
       [1] _rebuild_quests (res://MainGame.gd:2205)
       [2] _refresh_all (res://MainGame.gd:688)
       [3] apply_save_data (res://PlayerData.gd:163)
       [4] load_game (res://SaveGame.gd:150)
       [5] _run_regression_suite (res://V2021VisualRuntimeQa.gd:293)
       [6] _wait_spin_complete (res://V2021VisualRuntimeQa.gd:369)
       [7] _wait_render_stable (res://V2021VisualRuntimeQa.gd:358)
SCRIPT ERROR: Invalid call. Nonexistent function 'objective_icon_role' in base 'GDScript'.
   at: _add_objective_row_v152 (res://MainGame.gd:2181)
   GDScript backtrace (most recent call first):
       [0] _add_objective_row_v152 (res://MainGame.gd:2181)
       [1] _rebuild_quests (res://MainGame.gd:2206)
       [2] _refresh_all (res://MainGame.gd:688)
       [3] apply_save_data (res://PlayerData.gd:163)
       [4] load_game (res://SaveGame.gd:150)
       [5] _run_regression_suite (res://V2021VisualRuntimeQa.gd:293)
       [6] _wait_spin_complete (res://V2021VisualRuntimeQa.gd:369)
       [7] _wait_render_stable (res://V2021VisualRuntimeQa.gd:358)
SCRIPT ERROR: Invalid call. Nonexistent function 'objective_icon_role' in base 'GDScript'.
   at: _add_objective_row_v152 (res://MainGame.gd:2181)
   GDScript backtrace (most recent call first):
       [0] _add_objective_row_v152 (res://MainGame.gd:2181)
       [1] _rebuild_quests (res://MainGame.gd:2206)
       [2] _refresh_all (res://MainGame.gd:688)
       [3] apply_save_data (res://PlayerData.gd:163)
       [4] load_game (res://SaveGame.gd:150)
       [5] _run_regression_suite (res://V2021VisualRuntimeQa.gd:293)
       [6] _wait_spin_complete (res://V2021VisualRuntimeQa.gd:369)
       [7] _wait_render_stable (res://V2021VisualRuntimeQa.gd:358)
SCRIPT ERROR: Invalid call. Nonexistent function 'objective_icon_role' in base 'GDScript'.
   at: _add_objective_row_v152 (res://MainGame.gd:2181)
   GDScript backtrace (most recent call first):
       [0] _add_objective_row_v152 (res://MainGame.gd:2181)
       [1] _rebuild_quests (res://MainGame.gd:2206)
       [2] _refresh_all (res://MainGame.gd:688)
       [3] apply_save_data (res://PlayerData.gd:163)
       [4] load_game (res://SaveGame.gd:150)
       [5] _run_regression_suite (res://V2021VisualRuntimeQa.gd:293)
       [6] _wait_spin_complete (res://V2021VisualRuntimeQa.gd:369)
       [7] _wait_render_stable (res://V2021VisualRuntimeQa.gd:358)
SCRIPT ERROR: Invalid call. Nonexistent function 'objective_icon_role' in base 'GDScript'.
   at: _add_objective_row_v152 (res://MainGame.gd:2181)
   GDScript backtrace (most recent call first):
       [0] _add_objective_row_v152 (res://MainGame.gd:2181)
       [1] _rebuild_quests (res://MainGame.gd:2206)
       [2] _refresh_all (res://MainGame.gd:688)
       [3] apply_save_data (res://PlayerData.gd:163)
       [4] load_game (res://SaveGame.gd:150)
       [5] _run_regression_suite (res://V2021VisualRuntimeQa.gd:293)
       [6] _wait_spin_complete (res://V2021VisualRuntimeQa.gd:369)
       [7] _wait_render_stable (res://V2021VisualRuntimeQa.gd:358)
SCRIPT ERROR: Invalid call. Nonexistent function 'objective_icon_role' in base 'GDScript'.
   at: _add_objective_row_v152 (res://MainGame.gd:2181)
   GDScript backtrace (most recent call first):
       [0] _add_objective_row_v152 (res://MainGame.gd:2181)
       [1] _rebuild_quests (res://MainGame.gd:2206)
       [2] _refresh_all (res://MainGame.gd:688)
       [3] apply_save_data (res://PlayerData.gd:163)
       [4] load_game (res://SaveGame.gd:150)
       [5] _run_regression_suite (res://V2021VisualRuntimeQa.gd:293)
       [6] _wait_spin_complete (res://V2021VisualRuntimeQa.gd:369)
       [7] _wait_render_stable (res://V2021VisualRuntimeQa.gd:358)
SCRIPT ERROR: Invalid call. Nonexistent function 'style_objective_header' in base 'GDScript'.
   at: _add_objective_header_v152 (res://MainGame.gd:2166)
   GDScript backtrace (most recent call first):
       [0] _add_objective_header_v152 (res://MainGame.gd:2166)
       [1] _rebuild_quests (res://MainGame.gd:2207)
       [2] _refresh_all (res://MainGame.gd:688)
       [3] apply_save_data (res://PlayerData.gd:163)
       [4] load_game (res://SaveGame.gd:150)
       [5] _run_regression_suite (res://V2021VisualRuntimeQa.gd:293)
       [6] _wait_spin_complete (res://V2021VisualRuntimeQa.gd:369)
       [7] _wait_render_stable (res://V2021VisualRuntimeQa.gd:358)
SCRIPT ERROR: Invalid call. Nonexistent function 'objective_icon_role' in base 'GDScript'.
   at: _rebuild_quests (res://MainGame.gd:2214)
   GDScript backtrace (most recent call first):
       [0] _rebuild_quests (res://MainGame.gd:2214)
       [1] _refresh_all (res://MainGame.gd:688)
       [2] apply_save_data (res://PlayerData.gd:163)
       [3] load_game (res://SaveGame.gd:150)
       [4] _run_regression_suite (res://V2021VisualRuntimeQa.gd:293)
       [5] _wait_spin_complete (res://V2021VisualRuntimeQa.gd:369)
       [6] _wait_render_stable (res://V2021VisualRuntimeQa.gd:358)
SCRIPT ERROR: Invalid call. Nonexistent function 'refresh_progression_state' in base 'GDScript'.
   at: _refresh_progression_p0 (res://MainGame.gd:2903)
   GDScript backtrace (most recent call first):
       [0] _refresh_progression_p0 (res://MainGame.gd:2903)
       [1] _refresh_all (res://MainGame.gd:696)
       [2] apply_save_data (res://PlayerData.gd:163)
       [3] load_game (res://SaveGame.gd:150)
       [4] _run_regression_suite (res://V2021VisualRuntimeQa.gd:293)
       [5] _wait_spin_complete (res://V2021VisualRuntimeQa.gd:369)
       [6] _wait_render_stable (res://V2021VisualRuntimeQa.gd:358)
SCRIPT ERROR: Invalid call. Nonexistent function 'refresh_shop_state' in base 'GDScript'.
   at: _refresh_shop_p0 (res://MainGame.gd:2810)
   GDScript backtrace (most recent call first):
       [0] _refresh_shop_p0 (res://MainGame.gd:2810)
       [1] _refresh_all (res://MainGame.gd:697)
       [2] apply_save_data (res://PlayerData.gd:163)
       [3] load_game (res://SaveGame.gd:150)
       [4] _run_regression_suite (res://V2021VisualRuntimeQa.gd:293)
       [5] _wait_spin_complete (res://V2021VisualRuntimeQa.gd:369)
       [6] _wait_render_stable (res://V2021VisualRuntimeQa.gd:358)
SCRIPT ERROR: Invalid call. Nonexistent function 'refresh_afk_state' in base 'GDScript'.
   at: _refresh_afk_p0 (res://MainGame.gd:2910)
   GDScript backtrace (most recent call first):
       [0] _refresh_afk_p0 (res://MainGame.gd:2910)
       [1] _refresh_all (res://MainGame.gd:698)
       [2] apply_save_data (res://PlayerData.gd:163)
       [3] load_game (res://SaveGame.gd:150)
       [4] _run_regression_suite (res://V2021VisualRuntimeQa.gd:293)
       [5] _wait_spin_complete (res://V2021VisualRuntimeQa.gd:369)
       [6] _wait_render_stable (res://V2021VisualRuntimeQa.gd:358)
SCRIPT ERROR: Invalid call. Nonexistent function 'refresh_home_loop_state' in base 'GDScript'.
   at: _update_monster_ui (res://MainGame.gd:1219)
   GDScript backtrace (most recent call first):
       [0] _update_monster_ui (res://MainGame.gd:1219)
       [1] apply_save_data (res://PlayerData.gd:164)
       [2] load_game (res://SaveGame.gd:150)
       [3] _run_regression_suite (res://V2021VisualRuntimeQa.gd:293)
       [4] _wait_spin_complete (res://V2021VisualRuntimeQa.gd:369)
       [5] _wait_render_stable (res://V2021VisualRuntimeQa.gd:358)
SCRIPT ERROR: Invalid call. Nonexistent function 'refresh_home_loop_state' in base 'GDScript'.
   at: _update_monster_ui (res://MainGame.gd:1219)
   GDScript backtrace (most recent call first):
       [0] _update_monster_ui (res://MainGame.gd:1219)
       [1] _refresh_all (res://MainGame.gd:675)
       [2] apply_save_data (res://PlayerData.gd:165)
       [3] load_game (res://SaveGame.gd:150)
       [4] _run_regression_suite (res://V2021VisualRuntimeQa.gd:293)
       [5] _wait_spin_complete (res://V2021VisualRuntimeQa.gd:369)
       [6] _wait_render_stable (res://V2021VisualRuntimeQa.gd:358)
SCRIPT ERROR: Invalid call. Nonexistent function 'refresh_village_loop_state' in base 'GDScript'.
   at: _refresh_p0_village (res://MainGame.gd:2410)
   GDScript backtrace (most recent call first):
       [0] _refresh_p0_village (res://MainGame.gd:2410)
       [1] _refresh_all (res://MainGame.gd:680)
       [2] apply_save_data (res://PlayerData.gd:165)
       [3] load_game (res://SaveGame.gd:150)
       [4] _run_regression_suite (res://V2021VisualRuntimeQa.gd:293)
       [5] _wait_spin_complete (res://V2021VisualRuntimeQa.gd:369)
       [6] _wait_render_stable (res://V2021VisualRuntimeQa.gd:358)
SCRIPT ERROR: Invalid call. Nonexistent function 'refresh_reward_session_state' in base 'GDScript'.
   at: _refresh_meta_ui (res://MainGame.gd:1004)
   GDScript backtrace (most recent call first):
       [0] _refresh_meta_ui (res://MainGame.gd:1004)
       [1] _refresh_all (res://MainGame.gd:683)
       [2] apply_save_data (res://PlayerData.gd:165)
       [3] load_game (res://SaveGame.gd:150)
       [4] _run_regression_suite (res://V2021VisualRuntimeQa.gd:293)
       [5] _wait_spin_complete (res://V2021VisualRuntimeQa.gd:369)
       [6] _wait_render_stable (res://V2021VisualRuntimeQa.gd:358)
SCRIPT ERROR: Invalid call. Nonexistent function 'style_objective_header' in base 'GDScript'.
   at: _add_objective_header_v152 (res://MainGame.gd:2166)
   GDScript backtrace (most recent call first):
       [0] _add_objective_header_v152 (res://MainGame.gd:2166)
       [1] _rebuild_quests (res://MainGame.gd:2205)
       [2] _refresh_all (res://MainGame.gd:688)
       [3] apply_save_data (res://PlayerData.gd:165)
       [4] load_game (res://SaveGame.gd:150)
       [5] _run_regression_suite (res://V2021VisualRuntimeQa.gd:293)
       [6] _wait_spin_complete (res://V2021VisualRuntimeQa.gd:369)
       [7] _wait_render_stable (res://V2021VisualRuntimeQa.gd:358)
SCRIPT ERROR: Invalid call. Nonexistent function 'objective_icon_role' in base 'GDScript'.
   at: _add_objective_row_v152 (res://MainGame.gd:2181)
   GDScript backtrace (most recent call first):
       [0] _add_objective_row_v152 (res://MainGame.gd:2181)
       [1] _rebuild_quests (res://MainGame.gd:2206)
       [2] _refresh_all (res://MainGame.gd:688)
       [3] apply_save_data (res://PlayerData.gd:165)
       [4] load_game (res://SaveGame.gd:150)
       [5] _run_regression_suite (res://V2021VisualRuntimeQa.gd:293)
       [6] _wait_spin_complete (res://V2021VisualRuntimeQa.gd:369)
       [7] _wait_render_stable (res://V2021VisualRuntimeQa.gd:358)
SCRIPT ERROR: Invalid call. Nonexistent function 'objective_icon_role' in base 'GDScript'.
   at: _add_objective_row_v152 (res://MainGame.gd:2181)
   GDScript backtrace (most recent call first):
       [0] _add_objective_row_v152 (res://MainGame.gd:2181)
       [1] _rebuild_quests (res://MainGame.gd:2206)
       [2] _refresh_all (res://MainGame.gd:688)
       [3] apply_save_data (res://PlayerData.gd:165)
       [4] load_game (res://SaveGame.gd:150)
       [5] _run_regression_suite (res://V2021VisualRuntimeQa.gd:293)
       [6] _wait_spin_complete (res://V2021VisualRuntimeQa.gd:369)
       [7] _wait_render_stable (res://V2021VisualRuntimeQa.gd:358)
SCRIPT ERROR: Invalid call. Nonexistent function 'objective_icon_role' in base 'GDScript'.
   at: _add_objective_row_v152 (res://MainGame.gd:2181)
   GDScript backtrace (most recent call first):
       [0] _add_objective_row_v152 (res://MainGame.gd:2181)
       [1] _rebuild_quests (res://MainGame.gd:2206)
       [2] _refresh_all (res://MainGame.gd:688)
       [3] apply_save_data (res://PlayerData.gd:165)
       [4] load_game (res://SaveGame.gd:150)
       [5] _run_regression_suite (res://V2021VisualRuntimeQa.gd:293)
       [6] _wait_spin_complete (res://V2021VisualRuntimeQa.gd:369)
       [7] _wait_render_stable (res://V2021VisualRuntimeQa.gd:358)
SCRIPT ERROR: Invalid call. Nonexistent function 'style_objective_header' in base 'GDScript'.
   at: _add_objective_header_v152 (res://MainGame.gd:2166)
   GDScript backtrace (most recent call first):
       [0] _add_objective_header_v152 (res://MainGame.gd:2166)
       [1] _rebuild_quests (res://MainGame.gd:2205)
       [2] _refresh_all (res://MainGame.gd:688)
       [3] apply_save_data (res://PlayerData.gd:165)
       [4] load_game (res://SaveGame.gd:150)
       [5] _run_regression_suite (res://V2021VisualRuntimeQa.gd:293)
       [6] _wait_spin_complete (res://V2021VisualRuntimeQa.gd:369)
       [7] _wait_render_stable (res://V2021VisualRuntimeQa.gd:358)
SCRIPT ERROR: Invalid call. Nonexistent function 'objective_icon_role' in base 'GDScript'.
   at: _add_objective_row_v152 (res://MainGame.gd:2181)
   GDScript backtrace (most recent call first):
       [0] _add_objective_row_v152 (res://MainGame.gd:2181)
       [1] _rebuild_quests (res://MainGame.gd:2206)
       [2] _refresh_all (res://MainGame.gd:688)
       [3] apply_save_data (res://PlayerData.gd:165)
       [4] load_game (res://SaveGame.gd:150)
       [5] _run_regression_suite (res://V2021VisualRuntimeQa.gd:293)
       [6] _wait_spin_complete (res://V2021VisualRuntimeQa.gd:369)
       [7] _wait_render_stable (res://V2021VisualRuntimeQa.gd:358)
SCRIPT ERROR: Invalid call. Nonexistent function 'objective_icon_role' in base 'GDScript'.
   at: _add_objective_row_v152 (res://MainGame.gd:2181)
   GDScript backtrace (most recent call first):
       [0] _add_objective_row_v152 (res://MainGame.gd:2181)
       [1] _rebuild_quests (res://MainGame.gd:2206)
       [2] _refresh_all (res://MainGame.gd:688)
       [3] apply_save_data (res://PlayerData.gd:165)
       [4] load_game (res://SaveGame.gd:150)
       [5] _run_regression_suite (res://V2021VisualRuntimeQa.gd:293)
       [6] _wait_spin_complete (res://V2021VisualRuntimeQa.gd:369)
       [7] _wait_render_stable (res://V2021VisualRuntimeQa.gd:358)
SCRIPT ERROR: Invalid call. Nonexistent function 'objective_icon_role' in base 'GDScript'.
   at: _add_objective_row_v152 (res://MainGame.gd:2181)
   GDScript backtrace (most recent call first):
       [0] _add_objective_row_v152 (res://MainGame.gd:2181)
       [1] _rebuild_quests (res://MainGame.gd:2206)
       [2] _refresh_all (res://MainGame.gd:688)
       [3] apply_save_data (res://PlayerData.gd:165)
       [4] load_game (res://SaveGame.gd:150)
       [5] _run_regression_suite (res://V2021VisualRuntimeQa.gd:293)
       [6] _wait_spin_complete (res://V2021VisualRuntimeQa.gd:369)
       [7] _wait_render_stable (res://V2021VisualRuntimeQa.gd:358)
SCRIPT ERROR: Invalid call. Nonexistent function 'style_objective_header' in base 'GDScript'.
   at: _add_objective_header_v152 (res://MainGame.gd:2166)
   GDScript backtrace (most recent call first):
       [0] _add_objective_header_v152 (res://MainGame.gd:2166)
       [1] _rebuild_quests (res://MainGame.gd:2205)
       [2] _refresh_all (res://MainGame.gd:688)
       [3] apply_save_data (res://PlayerData.gd:165)
       [4] load_game (res://SaveGame.gd:150)
       [5] _run_regression_suite (res://V2021VisualRuntimeQa.gd:293)
       [6] _wait_spin_complete (res://V2021VisualRuntimeQa.gd:369)
       [7] _wait_render_stable (res://V2021VisualRuntimeQa.gd:358)
SCRIPT ERROR: Invalid call. Nonexistent function 'objective_icon_role' in base 'GDScript'.
   at: _add_objective_row_v152 (res://MainGame.gd:2181)
   GDScript backtrace (most recent call first):
       [0] _add_objective_row_v152 (res://MainGame.gd:2181)
       [1] _rebuild_quests (res://MainGame.gd:2206)
       [2] _refresh_all (res://MainGame.gd:688)
       [3] apply_save_data (res://PlayerData.gd:165)
       [4] load_game (res://SaveGame.gd:150)
       [5] _run_regression_suite (res://V2021VisualRuntimeQa.gd:293)
       [6] _wait_spin_complete (res://V2021VisualRuntimeQa.gd:369)
       [7] _wait_render_stable (res://V2021VisualRuntimeQa.gd:358)
SCRIPT ERROR: Invalid call. Nonexistent function 'objective_icon_role' in base 'GDScript'.
   at: _add_objective_row_v152 (res://MainGame.gd:2181)
   GDScript backtrace (most recent call first):
       [0] _add_objective_row_v152 (res://MainGame.gd:2181)
       [1] _rebuild_quests (res://MainGame.gd:2206)
       [2] _refresh_all (res://MainGame.gd:688)
       [3] apply_save_data (res://PlayerData.gd:165)
       [4] load_game (res://SaveGame.gd:150)
       [5] _run_regression_suite (res://V2021VisualRuntimeQa.gd:293)
       [6] _wait_spin_complete (res://V2021VisualRuntimeQa.gd:369)
       [7] _wait_render_stable (res://V2021VisualRuntimeQa.gd:358)
SCRIPT ERROR: Invalid call. Nonexistent function 'objective_icon_role' in base 'GDScript'.
   at: _add_objective_row_v152 (res://MainGame.gd:2181)
   GDScript backtrace (most recent call first):
       [0] _add_objective_row_v152 (res://MainGame.gd:2181)
       [1] _rebuild_quests (res://MainGame.gd:2206)
       [2] _refresh_all (res://MainGame.gd:688)
       [3] apply_save_data (res://PlayerData.gd:165)
       [4] load_game (res://SaveGame.gd:150)
       [5] _run_regression_suite (res://V2021VisualRuntimeQa.gd:293)
       [6] _wait_spin_complete (res://V2021VisualRuntimeQa.gd:369)
       [7] _wait_render_stable (res://V2021VisualRuntimeQa.gd:358)
SCRIPT ERROR: Invalid call. Nonexistent function 'objective_icon_role' in base 'GDScript'.
   at: _add_objective_row_v152 (res://MainGame.gd:2181)
   GDScript backtrace (most recent call first):
       [0] _add_objective_row_v152 (res://MainGame.gd:2181)
       [1] _rebuild_quests (res://MainGame.gd:2206)
       [2] _refresh_all (res://MainGame.gd:688)
       [3] apply_save_data (res://PlayerData.gd:165)
       [4] load_game (res://SaveGame.gd:150)
       [5] _run_regression_suite (res://V2021VisualRuntimeQa.gd:293)
       [6] _wait_spin_complete (res://V2021VisualRuntimeQa.gd:369)
       [7] _wait_render_stable (res://V2021VisualRuntimeQa.gd:358)
SCRIPT ERROR: Invalid call. Nonexistent function 'objective_icon_role' in base 'GDScript'.
   at: _add_objective_row_v152 (res://MainGame.gd:2181)
   GDScript backtrace (most recent call first):
       [0] _add_objective_row_v152 (res://MainGame.gd:2181)
       [1] _rebuild_quests (res://MainGame.gd:2206)
       [2] _refresh_all (res://MainGame.gd:688)
       [3] apply_save_data (res://PlayerData.gd:165)
       [4] load_game (res://SaveGame.gd:150)
       [5] _run_regression_suite (res://V2021VisualRuntimeQa.gd:293)
       [6] _wait_spin_complete (res://V2021VisualRuntimeQa.gd:369)
       [7] _wait_render_stable (res://V2021VisualRuntimeQa.gd:358)
SCRIPT ERROR: Invalid call. Nonexistent function 'style_objective_header' in base 'GDScript'.
   at: _add_objective_header_v152 (res://MainGame.gd:2166)
   GDScript backtrace (most recent call first):
       [0] _add_objective_header_v152 (res://MainGame.gd:2166)
       [1] _rebuild_quests (res://MainGame.gd:2207)
       [2] _refresh_all (res://MainGame.gd:688)
       [3] apply_save_data (res://PlayerData.gd:165)
       [4] load_game (res://SaveGame.gd:150)
       [5] _run_regression_suite (res://V2021VisualRuntimeQa.gd:293)
       [6] _wait_spin_complete (res://V2021VisualRuntimeQa.gd:369)
       [7] _wait_render_stable (res://V2021VisualRuntimeQa.gd:358)
SCRIPT ERROR: Invalid call. Nonexistent function 'objective_icon_role' in base 'GDScript'.
   at: _rebuild_quests (res://MainGame.gd:2214)
   GDScript backtrace (most recent call first):
       [0] _rebuild_quests (res://MainGame.gd:2214)
       [1] _refresh_all (res://MainGame.gd:688)
       [2] apply_save_data (res://PlayerData.gd:165)
       [3] load_game (res://SaveGame.gd:150)
       [4] _run_regression_suite (res://V2021VisualRuntimeQa.gd:293)
       [5] _wait_spin_complete (res://V2021VisualRuntimeQa.gd:369)
       [6] _wait_render_stable (res://V2021VisualRuntimeQa.gd:358)
SCRIPT ERROR: Invalid call. Nonexistent function 'refresh_progression_state' in base 'GDScript'.
   at: _refresh_progression_p0 (res://MainGame.gd:2903)
   GDScript backtrace (most recent call first):
       [0] _refresh_progression_p0 (res://MainGame.gd:2903)
       [1] _refresh_all (res://MainGame.gd:696)
       [2] apply_save_data (res://PlayerData.gd:165)
       [3] load_game (res://SaveGame.gd:150)
       [4] _run_regression_suite (res://V2021VisualRuntimeQa.gd:293)
       [5] _wait_spin_complete (res://V2021VisualRuntimeQa.gd:369)
       [6] _wait_render_stable (res://V2021VisualRuntimeQa.gd:358)
SCRIPT ERROR: Invalid call. Nonexistent function 'refresh_shop_state' in base 'GDScript'.
   at: _refresh_shop_p0 (res://MainGame.gd:2810)
   GDScript backtrace (most recent call first):
       [0] _refresh_shop_p0 (res://MainGame.gd:2810)
       [1] _refresh_all (res://MainGame.gd:697)
       [2] apply_save_data (res://PlayerData.gd:165)
       [3] load_game (res://SaveGame.gd:150)
       [4] _run_regression_suite (res://V2021VisualRuntimeQa.gd:293)
       [5] _wait_spin_complete (res://V2021VisualRuntimeQa.gd:369)
       [6] _wait_render_stable (res://V2021VisualRuntimeQa.gd:358)
SCRIPT ERROR: Invalid call. Nonexistent function 'refresh_afk_state' in base 'GDScript'.
   at: _refresh_afk_p0 (res://MainGame.gd:2910)
   GDScript backtrace (most recent call first):
       [0] _refresh_afk_p0 (res://MainGame.gd:2910)
       [1] _refresh_all (res://MainGame.gd:698)
       [2] apply_save_data (res://PlayerData.gd:165)
       [3] load_game (res://SaveGame.gd:150)
       [4] _run_regression_suite (res://V2021VisualRuntimeQa.gd:293)
       [5] _wait_spin_complete (res://V2021VisualRuntimeQa.gd:369)
       [6] _wait_render_stable (res://V2021VisualRuntimeQa.gd:358)
SCRIPT ERROR: Invalid call. Nonexistent function 'style_objective_header' in base 'GDScript'.
   at: _add_objective_header_v152 (res://MainGame.gd:2166)
   GDScript backtrace (most recent call first):
       [0] _add_objective_header_v152 (res://MainGame.gd:2166)
       [1] _rebuild_quests (res://MainGame.gd:2205)
       [2] apply_save_data (res://QuestSystem.gd:105)
       [3] load_game (res://SaveGame.gd:153)
       [4] _run_regression_suite (res://V2021VisualRuntimeQa.gd:293)
       [5] _wait_spin_complete (res://V2021VisualRuntimeQa.gd:369)
       [6] _wait_render_stable (res://V2021VisualRuntimeQa.gd:358)
SCRIPT ERROR: Invalid call. Nonexistent function 'objective_icon_role' in base 'GDScript'.
   at: _add_objective_row_v152 (res://MainGame.gd:2181)
   GDScript backtrace (most recent call first):
       [0] _add_objective_row_v152 (res://MainGame.gd:2181)
       [1] _rebuild_quests (res://MainGame.gd:2206)
       [2] apply_save_data (res://QuestSystem.gd:105)
       [3] load_game (res://SaveGame.gd:153)
       [4] _run_regression_suite (res://V2021VisualRuntimeQa.gd:293)
       [5] _wait_spin_complete (res://V2021VisualRuntimeQa.gd:369)
       [6] _wait_render_stable (res://V2021VisualRuntimeQa.gd:358)
SCRIPT ERROR: Invalid call. Nonexistent function 'objective_icon_role' in base 'GDScript'.
   at: _add_objective_row_v152 (res://MainGame.gd:2181)
   GDScript backtrace (most recent call first):
       [0] _add_objective_row_v152 (res://MainGame.gd:2181)
       [1] _rebuild_quests (res://MainGame.gd:2206)
       [2] apply_save_data (res://QuestSystem.gd:105)
       [3] load_game (res://SaveGame.gd:153)
       [4] _run_regression_suite (res://V2021VisualRuntimeQa.gd:293)
       [5] _wait_spin_complete (res://V2021VisualRuntimeQa.gd:369)
       [6] _wait_render_stable (res://V2021VisualRuntimeQa.gd:358)
SCRIPT ERROR: Invalid call. Nonexistent function 'objective_icon_role' in base 'GDScript'.
   at: _add_objective_row_v152 (res://MainGame.gd:2181)
   GDScript backtrace (most recent call first):
       [0] _add_objective_row_v152 (res://MainGame.gd:2181)
       [1] _rebuild_quests (res://MainGame.gd:2206)
       [2] apply_save_data (res://QuestSystem.gd:105)
       [3] load_game (res://SaveGame.gd:153)
       [4] _run_regression_suite (res://V2021VisualRuntimeQa.gd:293)
       [5] _wait_spin_complete (res://V2021VisualRuntimeQa.gd:369)
       [6] _wait_render_stable (res://V2021VisualRuntimeQa.gd:358)
SCRIPT ERROR: Invalid call. Nonexistent function 'style_objective_header' in base 'GDScript'.
   at: _add_objective_header_v152 (res://MainGame.gd:2166)
   GDScript backtrace (most recent call first):
       [0] _add_objective_header_v152 (res://MainGame.gd:2166)
       [1] _rebuild_quests (res://MainGame.gd:2205)
       [2] apply_save_data (res://QuestSystem.gd:105)
       [3] load_game (res://SaveGame.gd:153)
       [4] _run_regression_suite (res://V2021VisualRuntimeQa.gd:293)
       [5] _wait_spin_complete (res://V2021VisualRuntimeQa.gd:369)
       [6] _wait_render_stable (res://V2021VisualRuntimeQa.gd:358)
SCRIPT ERROR: Invalid call. Nonexistent function 'objective_icon_role' in base 'GDScript'.
   at: _add_objective_row_v152 (res://MainGame.gd:2181)
   GDScript backtrace (most recent call first):
       [0] _add_objective_row_v152 (res://MainGame.gd:2181)
       [1] _rebuild_quests (res://MainGame.gd:2206)
       [2] apply_save_data (res://QuestSystem.gd:105)
       [3] load_game (res://SaveGame.gd:153)
       [4] _run_regression_suite (res://V2021VisualRuntimeQa.gd:293)
       [5] _wait_spin_complete (res://V2021VisualRuntimeQa.gd:369)
       [6] _wait_render_stable (res://V2021VisualRuntimeQa.gd:358)
SCRIPT ERROR: Invalid call. Nonexistent function 'objective_icon_role' in base 'GDScript'.
   at: _add_objective_row_v152 (res://MainGame.gd:2181)
   GDScript backtrace (most recent call first):
       [0] _add_objective_row_v152 (res://MainGame.gd:2181)
       [1] _rebuild_quests (res://MainGame.gd:2206)
       [2] apply_save_data (res://QuestSystem.gd:105)
       [3] load_game (res://SaveGame.gd:153)
       [4] _run_regression_suite (res://V2021VisualRuntimeQa.gd:293)
       [5] _wait_spin_complete (res://V2021VisualRuntimeQa.gd:369)
       [6] _wait_render_stable (res://V2021VisualRuntimeQa.gd:358)
SCRIPT ERROR: Invalid call. Nonexistent function 'objective_icon_role' in base 'GDScript'.
   at: _add_objective_row_v152 (res://MainGame.gd:2181)
   GDScript backtrace (most recent call first):
       [0] _add_objective_row_v152 (res://MainGame.gd:2181)
       [1] _rebuild_quests (res://MainGame.gd:2206)
       [2] apply_save_data (res://QuestSystem.gd:105)
       [3] load_game (res://SaveGame.gd:153)
       [4] _run_regression_suite (res://V2021VisualRuntimeQa.gd:293)
       [5] _wait_spin_complete (res://V2021VisualRuntimeQa.gd:369)
       [6] _wait_render_stable (res://V2021VisualRuntimeQa.gd:358)
SCRIPT ERROR: Invalid call. Nonexistent function 'style_objective_header' in base 'GDScript'.
   at: _add_objective_header_v152 (res://MainGame.gd:2166)
   GDScript backtrace (most recent call first):
       [0] _add_objective_header_v152 (res://MainGame.gd:2166)
       [1] _rebuild_quests (res://MainGame.gd:2205)
       [2] apply_save_data (res://QuestSystem.gd:105)
       [3] load_game (res://SaveGame.gd:153)
       [4] _run_regression_suite (res://V2021VisualRuntimeQa.gd:293)
       [5] _wait_spin_complete (res://V2021VisualRuntimeQa.gd:369)
       [6] _wait_render_stable (res://V2021VisualRuntimeQa.gd:358)
SCRIPT ERROR: Invalid call. Nonexistent function 'objective_icon_role' in base 'GDScript'.
   at: _add_objective_row_v152 (res://MainGame.gd:2181)
   GDScript backtrace (most recent call first):
       [0] _add_objective_row_v152 (res://MainGame.gd:2181)
       [1] _rebuild_quests (res://MainGame.gd:2206)
       [2] apply_save_data (res://QuestSystem.gd:105)
       [3] load_game (res://SaveGame.gd:153)
       [4] _run_regression_suite (res://V2021VisualRuntimeQa.gd:293)
       [5] _wait_spin_complete (res://V2021VisualRuntimeQa.gd:369)
       [6] _wait_render_stable (res://V2021VisualRuntimeQa.gd:358)
SCRIPT ERROR: Invalid call. Nonexistent function 'objective_icon_role' in base 'GDScript'.
   at: _add_objective_row_v152 (res://MainGame.gd:2181)
   GDScript backtrace (most recent call first):
       [0] _add_objective_row_v152 (res://MainGame.gd:2181)
       [1] _rebuild_quests (res://MainGame.gd:2206)
       [2] apply_save_data (res://QuestSystem.gd:105)
       [3] load_game (res://SaveGame.gd:153)
       [4] _run_regression_suite (res://V2021VisualRuntimeQa.gd:293)
       [5] _wait_spin_complete (res://V2021VisualRuntimeQa.gd:369)
       [6] _wait_render_stable (res://V2021VisualRuntimeQa.gd:358)
SCRIPT ERROR: Invalid call. Nonexistent function 'objective_icon_role' in base 'GDScript'.
   at: _add_objective_row_v152 (res://MainGame.gd:2181)
   GDScript backtrace (most recent call first):
       [0] _add_objective_row_v152 (res://MainGame.gd:2181)
       [1] _rebuild_quests (res://MainGame.gd:2206)
       [2] apply_save_data (res://QuestSystem.gd:105)
       [3] load_game (res://SaveGame.gd:153)
       [4] _run_regression_suite (res://V2021VisualRuntimeQa.gd:293)
       [5] _wait_spin_complete (res://V2021VisualRuntimeQa.gd:369)
       [6] _wait_render_stable (res://V2021VisualRuntimeQa.gd:358)
SCRIPT ERROR: Invalid call. Nonexistent function 'objective_icon_role' in base 'GDScript'.
   at: _add_objective_row_v152 (res://MainGame.gd:2181)
   GDScript backtrace (most recent call first):
       [0] _add_objective_row_v152 (res://MainGame.gd:2181)
       [1] _rebuild_quests (res://MainGame.gd:2206)
       [2] apply_save_data (res://QuestSystem.gd:105)
       [3] load_game (res://SaveGame.gd:153)
       [4] _run_regression_suite (res://V2021VisualRuntimeQa.gd:293)
       [5] _wait_spin_complete (res://V2021VisualRuntimeQa.gd:369)
       [6] _wait_render_stable (res://V2021VisualRuntimeQa.gd:358)
SCRIPT ERROR: Invalid call. Nonexistent function 'objective_icon_role' in base 'GDScript'.
   at: _add_objective_row_v152 (res://MainGame.gd:2181)
   GDScript backtrace (most recent call first):
       [0] _add_objective_row_v152 (res://MainGame.gd:2181)
       [1] _rebuild_quests (res://MainGame.gd:2206)
       [2] apply_save_data (res://QuestSystem.gd:105)
       [3] load_game (res://SaveGame.gd:153)
       [4] _run_regression_suite (res://V2021VisualRuntimeQa.gd:293)
       [5] _wait_spin_complete (res://V2021VisualRuntimeQa.gd:369)
       [6] _wait_render_stable (res://V2021VisualRuntimeQa.gd:358)
SCRIPT ERROR: Invalid call. Nonexistent function 'style_objective_header' in base 'GDScript'.
   at: _add_objective_header_v152 (res://MainGame.gd:2166)
   GDScript backtrace (most recent call first):
       [0] _add_objective_header_v152 (res://MainGame.gd:2166)
       [1] _rebuild_quests (res://MainGame.gd:2207)
       [2] apply_save_data (res://QuestSystem.gd:105)
       [3] load_game (res://SaveGame.gd:153)
       [4] _run_regression_suite (res://V2021VisualRuntimeQa.gd:293)
       [5] _wait_spin_complete (res://V2021VisualRuntimeQa.gd:369)
       [6] _wait_render_stable (res://V2021VisualRuntimeQa.gd:358)
SCRIPT ERROR: Invalid call. Nonexistent function 'objective_icon_role' in base 'GDScript'.
   at: _rebuild_quests (res://MainGame.gd:2214)
   GDScript backtrace (most recent call first):
       [0] _rebuild_quests (res://MainGame.gd:2214)
       [1] apply_save_data (res://QuestSystem.gd:105)
       [2] load_game (res://SaveGame.gd:153)
       [3] _run_regression_suite (res://V2021VisualRuntimeQa.gd:293)
       [4] _wait_spin_complete (res://V2021VisualRuntimeQa.gd:369)
       [5] _wait_render_stable (res://V2021VisualRuntimeQa.gd:358)
SCRIPT ERROR: Invalid call. Nonexistent function 'refresh_village_loop_state' in base 'GDScript'.
   at: _refresh_p0_village (res://MainGame.gd:2410)
   GDScript backtrace (most recent call first):
       [0] _refresh_p0_village (res://MainGame.gd:2410)
       [1] apply_save_data (res://P0VillageSystem.gd:233)
       [2] load_game (res://SaveGame.gd:154)
       [3] _run_regression_suite (res://V2021VisualRuntimeQa.gd:293)
       [4] _wait_spin_complete (res://V2021VisualRuntimeQa.gd:369)
       [5] _wait_render_stable (res://V2021VisualRuntimeQa.gd:358)
SCRIPT ERROR: Invalid call. Nonexistent function 'refresh_village_loop_state' in base 'GDScript'.
   at: _refresh_p0_village (res://MainGame.gd:2410)
   GDScript backtrace (most recent call first):
       [0] _refresh_p0_village (res://MainGame.gd:2410)
       [1] apply_save_data (res://VillageProgressionSystem.gd:179)
       [2] load_game (res://SaveGame.gd:155)
       [3] _run_regression_suite (res://V2021VisualRuntimeQa.gd:293)
       [4] _wait_spin_complete (res://V2021VisualRuntimeQa.gd:369)
       [5] _wait_render_stable (res://V2021VisualRuntimeQa.gd:358)
SCRIPT ERROR: Invalid call. Nonexistent function 'refresh_reward_session_state' in base 'GDScript'.
   at: _refresh_meta_ui (res://MainGame.gd:1004)
   GDScript backtrace (most recent call first):
       [0] _refresh_meta_ui (res://MainGame.gd:1004)
       [1] apply_save_data (res://MetaProgressSystem.gd:137)
       [2] load_game (res://SaveGame.gd:162)
       [3] _run_regression_suite (res://V2021VisualRuntimeQa.gd:293)
       [4] _wait_spin_complete (res://V2021VisualRuntimeQa.gd:369)
       [5] _wait_render_stable (res://V2021VisualRuntimeQa.gd:358)
SCRIPT ERROR: Trying to assign an array of type "Array" to a variable of type "Array[int]".
   at: apply_save_data (res://PuzzleSystem.gd:162)
   GDScript backtrace (most recent call first):
       [0] apply_save_data (res://PuzzleSystem.gd:162)
       [1] load_game (res://SaveGame.gd:164)
       [2] _run_regression_suite (res://V2021VisualRuntimeQa.gd:293)
       [3] _wait_spin_complete (res://V2021VisualRuntimeQa.gd:369)
       [4] _wait_render_stable (res://V2021VisualRuntimeQa.gd:358)
SCRIPT ERROR: Invalid call. Nonexistent function 'style_objective_header' in base 'GDScript'.
   at: _add_objective_header_v152 (res://MainGame.gd:2166)
   GDScript backtrace (most recent call first):
       [0] _add_objective_header_v152 (res://MainGame.gd:2166)
       [1] _rebuild_quests (res://MainGame.gd:2205)
       [2] apply_save_data (res://ObjectiveSystem.gd:127)
       [3] load_game (res://SaveGame.gd:169)
       [4] _run_regression_suite (res://V2021VisualRuntimeQa.gd:293)
       [5] _wait_spin_complete (res://V2021VisualRuntimeQa.gd:369)
       [6] _wait_render_stable (res://V2021VisualRuntimeQa.gd:358)
SCRIPT ERROR: Invalid call. Nonexistent function 'objective_icon_role' in base 'GDScript'.
   at: _add_objective_row_v152 (res://MainGame.gd:2181)
   GDScript backtrace (most recent call first):
       [0] _add_objective_row_v152 (res://MainGame.gd:2181)
       [1] _rebuild_quests (res://MainGame.gd:2206)
       [2] apply_save_data (res://ObjectiveSystem.gd:127)
       [3] load_game (res://SaveGame.gd:169)
       [4] _run_regression_suite (res://V2021VisualRuntimeQa.gd:293)
       [5] _wait_spin_complete (res://V2021VisualRuntimeQa.gd:369)
       [6] _wait_render_stable (res://V2021VisualRuntimeQa.gd:358)
SCRIPT ERROR: Invalid call. Nonexistent function 'objective_icon_role' in base 'GDScript'.
   at: _add_objective_row_v152 (res://MainGame.gd:2181)
   GDScript backtrace (most recent call first):
       [0] _add_objective_row_v152 (res://MainGame.gd:2181)
       [1] _rebuild_quests (res://MainGame.gd:2206)
       [2] apply_save_data (res://ObjectiveSystem.gd:127)
       [3] load_game (res://SaveGame.gd:169)
       [4] _run_regression_suite (res://V2021VisualRuntimeQa.gd:293)
       [5] _wait_spin_complete (res://V2021VisualRuntimeQa.gd:369)
       [6] _wait_render_stable (res://V2021VisualRuntimeQa.gd:358)
SCRIPT ERROR: Invalid call. Nonexistent function 'objective_icon_role' in base 'GDScript'.
   at: _add_objective_row_v152 (res://MainGame.gd:2181)
   GDScript backtrace (most recent call first):
       [0] _add_objective_row_v152 (res://MainGame.gd:2181)
       [1] _rebuild_quests (res://MainGame.gd:2206)
       [2] apply_save_data (res://ObjectiveSystem.gd:127)
       [3] load_game (res://SaveGame.gd:169)
       [4] _run_regression_suite (res://V2021VisualRuntimeQa.gd:293)
       [5] _wait_spin_complete (res://V2021VisualRuntimeQa.gd:369)
       [6] _wait_render_stable (res://V2021VisualRuntimeQa.gd:358)
SCRIPT ERROR: Invalid call. Nonexistent function 'style_objective_header' in base 'GDScript'.
   at: _add_objective_header_v152 (res://MainGame.gd:2166)
   GDScript backtrace (most recent call first):
       [0] _add_objective_header_v152 (res://MainGame.gd:2166)
       [1] _rebuild_quests (res://MainGame.gd:2205)
       [2] apply_save_data (res://ObjectiveSystem.gd:127)
       [3] load_game (res://SaveGame.gd:169)
       [4] _run_regression_suite (res://V2021VisualRuntimeQa.gd:293)
       [5] _wait_spin_complete (res://V2021VisualRuntimeQa.gd:369)
       [6] _wait_render_stable (res://V2021VisualRuntimeQa.gd:358)
SCRIPT ERROR: Invalid call. Nonexistent function 'objective_icon_role' in base 'GDScript'.
   at: _add_objective_row_v152 (res://MainGame.gd:2181)
   GDScript backtrace (most recent call first):
       [0] _add_objective_row_v152 (res://MainGame.gd:2181)
       [1] _rebuild_quests (res://MainGame.gd:2206)
       [2] apply_save_data (res://ObjectiveSystem.gd:127)
       [3] load_game (res://SaveGame.gd:169)
       [4] _run_regression_suite (res://V2021VisualRuntimeQa.gd:293)
       [5] _wait_spin_complete (res://V2021VisualRuntimeQa.gd:369)
       [6] _wait_render_stable (res://V2021VisualRuntimeQa.gd:358)
SCRIPT ERROR: Invalid call. Nonexistent function 'objective_icon_role' in base 'GDScript'.
   at: _add_objective_row_v152 (res://MainGame.gd:2181)
   GDScript backtrace (most recent call first):
       [0] _add_objective_row_v152 (res://MainGame.gd:2181)
       [1] _rebuild_quests (res://MainGame.gd:2206)
       [2] apply_save_data (res://ObjectiveSystem.gd:127)
       [3] load_game (res://SaveGame.gd:169)
       [4] _run_regression_suite (res://V2021VisualRuntimeQa.gd:293)
       [5] _wait_spin_complete (res://V2021VisualRuntimeQa.gd:369)
       [6] _wait_render_stable (res://V2021VisualRuntimeQa.gd:358)
SCRIPT ERROR: Invalid call. Nonexistent function 'objective_icon_role' in base 'GDScript'.
   at: _add_objective_row_v152 (res://MainGame.gd:2181)
   GDScript backtrace (most recent call first):
       [0] _add_objective_row_v152 (res://MainGame.gd:2181)
       [1] _rebuild_quests (res://MainGame.gd:2206)
       [2] apply_save_data (res://ObjectiveSystem.gd:127)
       [3] load_game (res://SaveGame.gd:169)
       [4] _run_regression_suite (res://V2021VisualRuntimeQa.gd:293)
       [5] _wait_spin_complete (res://V2021VisualRuntimeQa.gd:369)
       [6] _wait_render_stable (res://V2021VisualRuntimeQa.gd:358)
SCRIPT ERROR: Invalid call. Nonexistent function 'style_objective_header' in base 'GDScript'.
   at: _add_objective_header_v152 (res://MainGame.gd:2166)
   GDScript backtrace (most recent call first):
       [0] _add_objective_header_v152 (res://MainGame.gd:2166)
       [1] _rebuild_quests (res://MainGame.gd:2205)
       [2] apply_save_data (res://ObjectiveSystem.gd:127)
       [3] load_game (res://SaveGame.gd:169)
       [4] _run_regression_suite (res://V2021VisualRuntimeQa.gd:293)
       [5] _wait_spin_complete (res://V2021VisualRuntimeQa.gd:369)
       [6] _wait_render_stable (res://V2021VisualRuntimeQa.gd:358)
SCRIPT ERROR: Invalid call. Nonexistent function 'objective_icon_role' in base 'GDScript'.
   at: _add_objective_row_v152 (res://MainGame.gd:2181)
   GDScript backtrace (most recent call first):
       [0] _add_objective_row_v152 (res://MainGame.gd:2181)
       [1] _rebuild_quests (res://MainGame.gd:2206)
       [2] apply_save_data (res://ObjectiveSystem.gd:127)
       [3] load_game (res://SaveGame.gd:169)
       [4] _run_regression_suite (res://V2021VisualRuntimeQa.gd:293)
       [5] _wait_spin_complete (res://V2021VisualRuntimeQa.gd:369)
       [6] _wait_render_stable (res://V2021VisualRuntimeQa.gd:358)
SCRIPT ERROR: Invalid call. Nonexistent function 'objective_icon_role' in base 'GDScript'.
   at: _add_objective_row_v152 (res://MainGame.gd:2181)
   GDScript backtrace (most recent call first):
       [0] _add_objective_row_v152 (res://MainGame.gd:2181)
       [1] _rebuild_quests (res://MainGame.gd:2206)
       [2] apply_save_data (res://ObjectiveSystem.gd:127)
       [3] load_game (res://SaveGame.gd:169)
       [4] _run_regression_suite (res://V2021VisualRuntimeQa.gd:293)
       [5] _wait_spin_complete (res://V2021VisualRuntimeQa.gd:369)
       [6] _wait_render_stable (res://V2021VisualRuntimeQa.gd:358)
SCRIPT ERROR: Invalid call. Nonexistent function 'objective_icon_role' in base 'GDScript'.
   at: _add_objective_row_v152 (res://MainGame.gd:2181)
   GDScript backtrace (most recent call first):
       [0] _add_objective_row_v152 (res://MainGame.gd:2181)
       [1] _rebuild_quests (res://MainGame.gd:2206)
       [2] apply_save_data (res://ObjectiveSystem.gd:127)
       [3] load_game (res://SaveGame.gd:169)
       [4] _run_regression_suite (res://V2021VisualRuntimeQa.gd:293)
       [5] _wait_spin_complete (res://V2021VisualRuntimeQa.gd:369)
       [6] _wait_render_stable (res://V2021VisualRuntimeQa.gd:358)
SCRIPT ERROR: Invalid call. Nonexistent function 'objective_icon_role' in base 'GDScript'.
   at: _add_objective_row_v152 (res://MainGame.gd:2181)
   GDScript backtrace (most recent call first):
       [0] _add_objective_row_v152 (res://MainGame.gd:2181)
       [1] _rebuild_quests (res://MainGame.gd:2206)
       [2] apply_save_data (res://ObjectiveSystem.gd:127)
       [3] load_game (res://SaveGame.gd:169)
       [4] _run_regression_suite (res://V2021VisualRuntimeQa.gd:293)
       [5] _wait_spin_complete (res://V2021VisualRuntimeQa.gd:369)
       [6] _wait_render_stable (res://V2021VisualRuntimeQa.gd:358)
SCRIPT ERROR: Invalid call. Nonexistent function 'objective_icon_role' in base 'GDScript'.
   at: _add_objective_row_v152 (res://MainGame.gd:2181)
   GDScript backtrace (most recent call first):
       [0] _add_objective_row_v152 (res://MainGame.gd:2181)
       [1] _rebuild_quests (res://MainGame.gd:2206)
       [2] apply_save_data (res://ObjectiveSystem.gd:127)
       [3] load_game (res://SaveGame.gd:169)
       [4] _run_regression_suite (res://V2021VisualRuntimeQa.gd:293)
       [5] _wait_spin_complete (res://V2021VisualRuntimeQa.gd:369)
       [6] _wait_render_stable (res://V2021VisualRuntimeQa.gd:358)
SCRIPT ERROR: Invalid call. Nonexistent function 'style_objective_header' in base 'GDScript'.
   at: _add_objective_header_v152 (res://MainGame.gd:2166)
   GDScript backtrace (most recent call first):
       [0] _add_objective_header_v152 (res://MainGame.gd:2166)
       [1] _rebuild_quests (res://MainGame.gd:2207)
       [2] apply_save_data (res://ObjectiveSystem.gd:127)
       [3] load_game (res://SaveGame.gd:169)
       [4] _run_regression_suite (res://V2021VisualRuntimeQa.gd:293)
       [5] _wait_spin_complete (res://V2021VisualRuntimeQa.gd:369)
       [6] _wait_render_stable (res://V2021VisualRuntimeQa.gd:358)
SCRIPT ERROR: Invalid call. Nonexistent function 'objective_icon_role' in base 'GDScript'.
   at: _rebuild_quests (res://MainGame.gd:2214)
   GDScript backtrace (most recent call first):
       [0] _rebuild_quests (res://MainGame.gd:2214)
       [1] apply_save_data (res://ObjectiveSystem.gd:127)
       [2] load_game (res://SaveGame.gd:169)
       [3] _run_regression_suite (res://V2021VisualRuntimeQa.gd:293)
       [4] _wait_spin_complete (res://V2021VisualRuntimeQa.gd:369)
       [5] _wait_render_stable (res://V2021VisualRuntimeQa.gd:358)
SCRIPT ERROR: Invalid call. Nonexistent function 'refresh_afk_state' in base 'GDScript'.
   at: _refresh_afk_p0 (res://MainGame.gd:2910)
   GDScript backtrace (most recent call first):
       [0] _refresh_afk_p0 (res://MainGame.gd:2910)
       [1] apply_save_data (res://AfkRewardSystem.gd:73)
       [2] load_game (res://SaveGame.gd:172)
       [3] _run_regression_suite (res://V2021VisualRuntimeQa.gd:293)
       [4] _wait_spin_complete (res://V2021VisualRuntimeQa.gd:369)
       [5] _wait_render_stable (res://V2021VisualRuntimeQa.gd:358)
{"elapsed_sec":11.403,"status":"PASS","tap":{"pass":true,"pass_count":3,"required":3,"runs":[{"hp_after":90,"hp_before":100,"monster_max_hp":100,"pass":true,"reason":"","run":1},{"hp_after":90,"hp_before":100,"monster_max_hp":100,"pass":true,"reason":"","run":2},{"hp_after":89,"hp_before":100,"monster_max_hp":100,"pass":true,"reason":"","run":3}]}}
WARNING: 3588 RIDs of type "CanvasItem" were leaked.
   at: _free_rids (servers/rendering/renderer_canvas_cull.cpp:2735)
ERROR: Texture with GL ID of 78: leaked 5810816 bytes.
   at: ~Utilities (drivers/gles3/storage/utilities.cpp:82)
ERROR: Texture with GL ID of 86: leaked 174762 bytes.
   at: ~Utilities (drivers/gles3/storage/utilities.cpp:82)
ERROR: Texture with GL ID of 31: leaked 699050 bytes.
   at: ~Utilities (drivers/gles3/storage/utilities.cpp:82)
ERROR: Texture with GL ID of 32: leaked 174762 bytes.
   at: ~Utilities (drivers/gles3/storage/utilities.cpp:82)
ERROR: Texture with GL ID of 90: leaked 174762 bytes.
   at: ~Utilities (drivers/gles3/storage/utilities.cpp:82)
ERROR: Texture with GL ID of 91: leaked 174762 bytes.
   at: ~Utilities (drivers/gles3/storage/utilities.cpp:82)
ERROR: Texture with GL ID of 92: leaked 174762 bytes.
   at: ~Utilities (drivers/gles3/storage/utilities.cpp:82)
ERROR: Texture with GL ID of 93: leaked 699050 bytes.
   at: ~Utilities (drivers/gles3/storage/utilities.cpp:82)
ERROR: Texture with GL ID of 94: leaked 131072 bytes.
   at: ~Utilities (drivers/gles3/storage/utilities.cpp:82)
ERROR: Texture with GL ID of 95: leaked 174762 bytes.
   at: ~Utilities (drivers/gles3/storage/utilities.cpp:82)
ERROR: Texture with GL ID of 96: leaked 699050 bytes.
   at: ~Utilities (drivers/gles3/storage/utilities.cpp:82)
ERROR: Texture with GL ID of 97: leaked 174762 bytes.
   at: ~Utilities (drivers/gles3/storage/utilities.cpp:82)
ERROR: Texture with GL ID of 98: leaked 174762 bytes.
   at: ~Utilities (drivers/gles3/storage/utilities.cpp:82)
ERROR: Texture with GL ID of 99: leaked 131072 bytes.
   at: ~Utilities (drivers/gles3/storage/utilities.cpp:82)
ERROR: Texture with GL ID of 166: leaked 131072 bytes.
   at: ~Utilities (drivers/gles3/storage/utilities.cpp:82)
ERROR: Texture with GL ID of 167: leaked 131072 bytes.
   at: ~Utilities (drivers/gles3/storage/utilities.cpp:82)
ERROR: Texture with GL ID of 168: leaked 131072 bytes.
   at: ~Utilities (drivers/gles3/storage/utilities.cpp:82)
ERROR: Texture with GL ID of 169: leaked 174762 bytes.
   at: ~Utilities (drivers/gles3/storage/utilities.cpp:82)
ERROR: Texture with GL ID of 170: leaked 131072 bytes.
   at: ~Utilities (drivers/gles3/storage/utilities.cpp:82)
ERROR: Texture with GL ID of 171: leaked 131072 bytes.
   at: ~Utilities (drivers/gles3/storage/utilities.cpp:82)
ERROR: Texture with GL ID of 172: leaked 174762 bytes.
   at: ~Utilities (drivers/gles3/storage/utilities.cpp:82)
ERROR: Texture with GL ID of 173: leaked 131072 bytes.
   at: ~Utilities (drivers/gles3/storage/utilities.cpp:82)
ERROR: Texture with GL ID of 174: leaked 131072 bytes.
   at: ~Utilities (drivers/gles3/storage/utilities.cpp:82)
ERROR: Texture with GL ID of 175: leaked 524288 bytes.
   at: ~Utilities (drivers/gles3/storage/utilities.cpp:82)
ERROR: Texture with GL ID of 177: leaked 524288 bytes.
   at: ~Utilities (drivers/gles3/storage/utilities.cpp:82)
ERROR: Texture with GL ID of 178: leaked 131072 bytes.
   at: ~Utilities (drivers/gles3/storage/utilities.cpp:82)
ERROR: Texture with GL ID of 179: leaked 174762 bytes.
   at: ~Utilities (drivers/gles3/storage/utilities.cpp:82)
ERROR: Texture with GL ID of 180: leaked 131072 bytes.
   at: ~Utilities (drivers/gles3/storage/utilities.cpp:82)
ERROR: Texture with GL ID of 181: leaked 131072 bytes.
   at: ~Utilities (drivers/gles3/storage/utilities.cpp:82)
ERROR: Texture with GL ID of 57: leaked 524288 bytes.
   at: ~Utilities (drivers/gles3/storage/utilities.cpp:82)
ERROR: Texture with GL ID of 58: leaked 699050 bytes.
   at: ~Utilities (drivers/gles3/storage/utilities.cpp:82)
ERROR: Texture with GL ID of 59: leaked 524288 bytes.
   at: ~Utilities (drivers/gles3/storage/utilities.cpp:82)
ERROR: Texture with GL ID of 60: leaked 699050 bytes.
   at: ~Utilities (drivers/gles3/storage/utilities.cpp:82)
ERROR: Texture with GL ID of 61: leaked 131072 bytes.
   at: ~Utilities (drivers/gles3/storage/utilities.cpp:82)
ERROR: Texture with GL ID of 62: leaked 174762 bytes.
   at: ~Utilities (drivers/gles3/storage/utilities.cpp:82)
WARNING: 9173 ObjectDB instances were leaked at exit (run with `--verbose` for details).
   at: cleanup (core/object/object.cpp:2536)
ERROR: 2 resources still in use at exit (run with --verbose for details).
   at: clear (core/io/resource.cpp:822)
ERROR: 35 RID allocations of type 'N5GLES37TextureE' were leaked at exit.
ERROR: 1 RID allocations of type 'PN18TextServerAdvanced12FontAdvancedE' were leaked at exit.
